scenario,mode,quantile,latency_ms,n
normal,always_on,0.0,162.24100000000908,58
normal,always_on,0.005,163.11538000000473,58
normal,always_on,0.01,163.9897600000004,58
normal,always_on,0.015,164.86413999999604,58
normal,always_on,0.02,167.45953999999472,58
normal,always_on,0.025,171.83742499999647,58
normal,always_on,0.03,176.21530999999825,58
normal,always_on,0.035,180.59319500000004,58
normal,always_on,0.04,181.43579999999972,58
normal,always_on,0.045,182.21527499999937,58
normal,always_on,0.05,182.99474999999902,58
normal,always_on,0.055,184.0870199999983,58
normal,always_on,0.06,185.52683999999718,58
normal,always_on,0.065,186.96665999999604,58
normal,always_on,0.07,188.40647999999493,58
normal,always_on,0.075,189.19234999999563,58
normal,always_on,0.08,189.9544399999964,58
normal,always_on,0.085,190.71652999999716,58
normal,always_on,0.09,193.1068699999981,58
normal,always_on,0.095,197.4385849999993,58
normal,always_on,0.1,201.7703000000005,58
normal,always_on,0.105,206.10201500000167,58
normal,always_on,0.11,207.58064000000115,58
normal,always_on,0.115,208.90076000000053,58
normal,always_on,0.12,210.22087999999988,58
normal,always_on,0.125,211.48412499999995,58
normal,always_on,0.13,212.6745700000009,58
normal,always_on,0.135,213.86501500000185,58
normal,always_on,0.14,215.0554600000028,58
normal,always_on,0.145,218.11919000000213,58
normal,always_on,0.15,221.3243000000014,58
normal,always_on,0.155,224.52941000000064,58
normal,always_on,0.16,226.4125999999991,58
normal,always_on,0.165,226.47814999999636,58
normal,always_on,0.17,226.54369999999363,58
normal,always_on,0.17500000000000002,226.60924999999094,58
normal,always_on,0.18,226.65763999999558,58
normal,always_on,0.185,226.70438000000095,58
normal,always_on,0.19,226.75112000000635,58
normal,always_on,0.195,227.71004000000846,58
normal,always_on,0.2,230.01740000000572,58
normal,always_on,0.20500000000000002,232.324760000003,58
normal,always_on,0.21,234.63212000000027,58
normal,always_on,0.215,235.52397500000328,58
normal,always_on,0.22,236.2493000000069,58
normal,always_on,0.225,236.97462500001058,58
normal,always_on,0.23,239.53717000001137,58
normal,always_on,0.23500000000000001,245.02256500000755,58
normal,always_on,0.24,250.50796000000372,58
normal,always_on,0.245,255.99335499999992,58
normal,always_on,0.25,256.9079999999981,58
normal,always_on,0.255,257.1827399999965,58
normal,always_on,0.26,257.4574799999949,58
normal,always_on,0.265,258.0683249999946,58
normal,always_on,0.27,259.25534999999644,58
normal,always_on,0.275,260.4423749999982,58
normal,always_on,0.28,261.62940000000003,58
normal,always_on,0.28500000000000003,261.9795049999998,58
normal,always_on,0.29,262.1929699999992,58
normal,always_on,0.295,262.4064349999986,58
normal,always_on,0.3,262.9753999999986,58
normal,always_on,0.305,264.20203999999967,58
normal,always_on,0.31,265.4286800000007,58
normal,always_on,0.315,266.65532000000184,58
normal,always_on,0.32,267.76364000000234,58
normal,always_on,0.325,268.8497750000028,58
normal,always_on,0.33,269.9359100000032,58
normal,always_on,0.335,270.8466750000032,58
normal,always_on,0.34,271.40670000000216,58
normal,always_on,0.34500000000000003,271.9667250000012,58
normal,always_on,0.35000000000000003,272.52675000000016,58
normal,always_on,0.355,273.0813700000006,58
normal,always_on,0.36,273.6348400000014,58
normal,always_on,0.365,274.1883100000022,58
normal,always_on,0.37,275.46907000000283,58
normal,always_on,0.375,278.32562500000313,58
normal,always_on,0.38,281.1821800000034,58
normal,always_on,0.385,284.0387350000037,58
normal,always_on,0.39,284.77952000000056,58
normal,always_on,0.395,285.01435999999654,58
normal,always_on,0.4,285.2491999999926,58
normal,always_on,0.405,286.7615049999906,58
normal,always_on,0.41000000000000003,291.2796099999935,58
normal,always_on,0.41500000000000004,295.79771499999634,58
normal,always_on,0.42,300.3158199999992,58
normal,always_on,0.425,301.85064999999963,58
normal,always_on,0.43,302.5899399999994,58
normal,always_on,0.435,303.32922999999914,58
normal,always_on,0.44,304.05027999999896,58
normal,always_on,0.445,304.72458999999895,58
normal,always_on,0.45,305.39889999999895,58
normal,always_on,0.455,306.07320999999894,58
normal,always_on,0.46,306.36647999999917,58
normal,always_on,0.465,306.5471699999994,58
normal,always_on,0.47000000000000003,306.7278599999997,58
normal,always_on,0.47500000000000003,307.10309999999987,58
normal,always_on,0.48,308.0230799999999,58
normal,always_on,0.485,308.9430599999999,58
normal,always_on,0.49,309.86303999999996,58
normal,always_on,0.495,310.7045449999999,58
normal,always_on,0.5,311.52049999999986,58
normal,always_on,0.505,312.33645499999983,58
normal,always_on,0.51,313.0985799999994,58
normal,always_on,0.515,313.69536999999804,58
normal,always_on,0.52,314.2921599999966,58
normal,always_on,0.525,314.8889499999952,58
normal,always_on,0.53,315.6738999999944,58
normal,always_on,0.535,316.5260499999938,58
normal,always_on,0.54,317.3781999999932,58
normal,always_on,0.545,318.13232999999326,58
normal,always_on,0.55,318.5546999999953,58
normal,always_on,0.555,318.9770699999974,58
normal,always_on,0.56,319.39943999999946,58
normal,always_on,0.5650000000000001,321.14959499999986,58
normal,always_on,0.5700000000000001,323.4179099999995,58
normal,always_on,0.5750000000000001,325.68622499999924,58
normal,always_on,0.58,327.5161799999993,58
normal,always_on,0.585,327.7022850000009,58
normal,always_on,0.59,327.8883900000025,58
normal,always_on,0.595,328.07449500000416,58
normal,always_on,0.6,329.26200000000244,58
normal,always_on,0.605,330.8750999999993,58
normal,always_on,0.61,332.48819999999614,58
normal,always_on,0.615,333.9663849999941,58
normal,always_on,0.62,334.8803799999968,58
normal,always_on,0.625,335.7943749999995,58
normal,always_on,0.63,336.70837000000216,58
normal,always_on,0.635,338.09660500000217,58
normal,always_on,0.64,339.70372000000094,58
normal,always_on,0.645,341.31083499999966,58
normal,always_on,0.65,342.87799999999993,58
normal,always_on,0.655,344.2574000000072,58
normal,always_on,0.66,345.6368000000145,58
normal,always_on,0.665,347.0162000000218,58
normal,always_on,0.67,348.0933100000197,58
normal,always_on,0.675,349.0192750000129,58
normal,always_on,0.68,349.9452400000061,58
normal,always_on,0.685,350.7499750000003,58
normal,always_on,0.6900000000000001,350.90814999999986,58
normal,always_on,0.6950000000000001,351.06632499999944,58
normal,always_on,0.7000000000000001,351.224499999999,58
normal,always_on,0.705,351.6248399999991,58
normal,always_on,0.71,352.15607999999946,58
normal,always_on,0.715,352.6873199999999,58
normal,always_on,0.72,353.3218000000005,58
normal,always_on,0.725,354.5886250000025,58
normal,always_on,0.73,355.8554500000045,58
normal,always_on,0.735,357.1222750000065,58
normal,always_on,0.74,358.27624000000577,58
normal,always_on,0.745,359.3643700000035,58
normal,always_on,0.75,360.45250000000124,58
normal,always_on,0.755,361.6170699999998,58
normal,always_on,0.76,363.327640000004,58
normal,always_on,0.765,365.0382100000083,58
normal,always_on,0.77,366.7487800000126,58
normal,always_on,0.775,368.27420000001223,58
normal,always_on,0.78,369.68324000000894,58
normal,always_on,0.785,371.0922800000057,58
normal,always_on,0.79,372.470210000003,58
normal,always_on,0.795,373.58370500000484,58
normal,always_on,0.8,374.6972000000067,58
normal,always_on,0.805,375.8106950000086,58
normal,always_on,0.81,377.6296900000094,58
normal,always_on,0.8150000000000001,379.9259350000097,58
normal,always_on,0.8200000000000001,382.22218000000987,58
normal,always_on,0.8250000000000001,384.68387500001,58
normal,always_on,0.8300000000000001,388.8662500000087,58
normal,always_on,0.835,393.0486250000074,58
normal,always_on,0.84,397.2310000000061,58
normal,always_on,0.845,399.4318900000046,58
normal,always_on,0.85,400.19170000000287,58
normal,always_on,0.855,400.95151000000106,58
normal,always_on,0.86,401.68347999999946,58
normal,always_on,0.865,402.0465699999998,58
normal,always_on,0.87,402.4096600000002,58
normal,always_on,0.875,402.77275000000054,58
normal,always_on,0.88,404.82815999999997,58
normal,always_on,0.885,408.2056949999985,58
normal,always_on,0.89,411.5832299999972,58
normal,always_on,0.895,414.8253449999959,58
normal,always_on,0.9,415.629899999997,58
normal,always_on,0.905,416.43445499999814,58
normal,always_on,0.91,417.23900999999927,58
normal,always_on,0.915,425.5632349999999,58
normal,always_on,0.92,440.1942800000002,58
normal,always_on,0.925,454.82532500000013,58
normal,always_on,0.93,468.97084000000024,58
normal,always_on,0.935,469.76427999999987,58
normal,always_on,0.9400000000000001,470.5577199999995,58
normal,always_on,0.9450000000000001,471.35115999999914,58
normal,always_on,0.9500000000000001,472.8374499999999,58
normal,always_on,0.9550000000000001,474.94730500000145,58
normal,always_on,0.96,477.057160000003,58
normal,always_on,0.965,479.1724100000046,58
normal,always_on,0.97,481.58978000000303,58
normal,always_on,0.975,484.00715000000145,58
normal,always_on,0.98,486.4245199999999,58
normal,always_on,0.985,488.7389399999993,58
normal,always_on,0.99,490.95395999999954,58
normal,always_on,0.995,493.16897999999975,58
normal,always_on,1.0,495.384,58
normal,motion_only,0.0,241.03600000000006,23
normal,motion_only,0.005,241.04128000000034,23
normal,motion_only,0.01,241.0465600000006,23
normal,motion_only,0.015,241.05184000000088,23
normal,motion_only,0.02,241.05712000000116,23
normal,motion_only,0.025,241.06240000000145,23
normal,motion_only,0.03,241.0676800000017,23
normal,motion_only,0.035,241.07296000000198,23
normal,motion_only,0.04,241.07824000000227,23
normal,motion_only,0.045,241.08352000000252,23
normal,motion_only,0.05,241.79540000000233,23
normal,motion_only,0.055,242.5779400000021,23
normal,motion_only,0.06,243.36048000000184,23
normal,motion_only,0.065,244.1430200000016,23
normal,motion_only,0.07,244.92556000000135,23
normal,motion_only,0.075,245.7081000000011,23
normal,motion_only,0.08,246.49064000000087,23
normal,motion_only,0.085,247.27318000000062,23
normal,motion_only,0.09,248.05572000000038,23
normal,motion_only,0.095,248.29457000000102,23
normal,motion_only,0.1,248.41260000000185,23
normal,motion_only,0.105,248.53063000000267,23
normal,motion_only,0.11,248.6486600000035,23
normal,motion_only,0.115,248.76669000000436,23
normal,motion_only,0.12,248.8847200000052,23
normal,motion_only,0.125,249.00275000000602,23
normal,motion_only,0.13,249.12078000000685,23
normal,motion_only,0.135,249.23881000000767,23
normal,motion_only,0.14,249.58804000000717,23
normal,motion_only,0.145,250.02397000000613,23
normal,motion_only,0.15,250.45990000000512,23
normal,motion_only,0.155,250.89583000000408,23
normal,motion_only,0.16,251.33176000000304,23
normal,motion_only,0.165,251.76769000000203,23
normal,motion_only,0.17,252.203620000001,23
normal,motion_only,0.17500000000000002,252.63954999999996,23
normal,motion_only,0.18,253.07547999999895,23
normal,motion_only,0.185,253.3697999999986,23
normal,motion_only,0.19,253.58319999999864,23
normal,motion_only,0.195,253.7965999999987,23
normal,motion_only,0.2,254.00999999999877,23
normal,motion_only,0.20500000000000002,254.22339999999883,23
normal,motion_only,0.21,254.43679999999887,23
normal,motion_only,0.215,254.65019999999893,23
normal,motion_only,0.22,254.863599999999,23
normal,motion_only,0.225,255.07699999999903,23
normal,motion_only,0.23,255.17903999999922,23
normal,motion_only,0.23500000000000001,255.1882799999995,23
normal,motion_only,0.24,255.1975199999998,23
normal,motion_only,0.245,255.20676000000006,23
normal,motion_only,0.25,255.21600000000035,23
normal,motion_only,0.255,255.22524000000064,23
normal,motion_only,0.26,255.2344800000009,23
normal,motion_only,0.265,255.2437200000012,23
normal,motion_only,0.27,255.25296000000148,23
normal,motion_only,0.275,255.28435000000172,23
normal,motion_only,0.28,255.34232000000193,23
normal,motion_only,0.28500000000000003,255.40029000000214,23
normal,motion_only,0.29,255.45826000000233,23
normal,motion_only,0.295,255.51623000000254,23
normal,motion_only,0.3,255.57420000000275,23
normal,motion_only,0.305,255.63217000000296,23
normal,motion_only,0.31,255.69014000000317,23
normal,motion_only,0.315,255.74811000000335,23
normal,motion_only,0.32,255.82816000000335,23
normal,motion_only,0.325,255.94685000000297,23
normal,motion_only,0.33,256.0655400000026,23
normal,motion_only,0.335,256.18423000000223,23
normal,motion_only,0.34,256.30292000000185,23
normal,motion_only,0.34500000000000003,256.42161000000146,23
normal,motion_only,0.35000000000000003,256.5403000000011,23
normal,motion_only,0.355,256.6589900000007,23
normal,motion_only,0.36,256.7776800000003,23
normal,motion_only,0.365,256.8661600000001,23
normal,motion_only,0.37,256.8740800000002,23
normal,motion_only,0.375,256.8820000000004,23
normal,motion_only,0.38,256.8899200000006,23
normal,motion_only,0.385,256.8978400000007,23
normal,motion_only,0.39,256.9057600000009,23
normal,motion_only,0.395,256.9136800000011,23
normal,motion_only,0.4,256.9216000000012,23
normal,motion_only,0.405,256.9295200000014,23
normal,motion_only,0.41000000000000003,256.9477800000014,23
normal,motion_only,0.41500000000000004,257.01257000000055,23
normal,motion_only,0.42,257.07735999999977,23
normal,motion_only,0.425,257.14214999999894,23
normal,motion_only,0.43,257.20693999999816,23
normal,motion_only,0.435,257.2717299999973,23
normal,motion_only,0.44,257.33651999999654,23
normal,motion_only,0.445,257.4013099999957,23
normal,motion_only,0.45,257.4660999999949,23
normal,motion_only,0.455,257.5536399999942,23
normal,motion_only,0.46,257.86867999999436,23
normal,motion_only,0.465,258.1837199999945,23
normal,motion_only,0.47000000000000003,258.49875999999466,23
normal,motion_only,0.47500000000000003,258.8137999999948,23
normal,motion_only,0.48,259.12883999999497,23
normal,motion_only,0.485,259.4438799999951,23
normal,motion_only,0.49,259.75891999999527,23
normal,motion_only,0.495,260.07395999999545,23
normal,motion_only,0.5,260.3889999999956,23
normal,motion_only,0.505,260.4961399999958,23
normal,motion_only,0.51,260.603279999996,23
normal,motion_only,0.515,260.71041999999625,23
normal,motion_only,0.52,260.81755999999643,23
normal,motion_only,0.525,260.9246999999967,23
normal,motion_only,0.53,261.03183999999686,23
normal,motion_only,0.535,261.1389799999971,23
normal,motion_only,0.54,261.2461199999973,23
normal,motion_only,0.545,261.35325999999753,23
normal,motion_only,0.55,261.6554999999971,23
normal,motion_only,0.555,261.9772499999966,23
normal,motion_only,0.56,262.29899999999617,23
normal,motion_only,0.5650000000000001,262.62074999999567,23
normal,motion_only,0.5700000000000001,262.9424999999952,23
normal,motion_only,0.5750000000000001,263.2642499999947,23
normal,motion_only,0.58,263.5859999999942,23
normal,motion_only,0.585,263.90774999999377,23
normal,motion_only,0.59,264.22949999999327,23
normal,motion_only,0.595,264.3220199999936,23
normal,motion_only,0.6,264.36359999999405,23
normal,motion_only,0.605,264.4051799999945,23
normal,motion_only,0.61,264.446759999995,23
normal,motion_only,0.615,264.48833999999545,23
normal,motion_only,0.62,264.5299199999959,23
normal,motion_only,0.625,264.5714999999964,23
normal,motion_only,0.63,264.61307999999684,23
normal,motion_only,0.635,264.6546599999973,23
normal,motion_only,0.64,265.07231999999726,23
normal,motion_only,0.645,265.63100999999705,23
normal,motion_only,0.65,266.18969999999683,23
normal,motion_only,0.655,266.74838999999656,23
normal,motion_only,0.66,267.30707999999635,23
normal,motion_only,0.665,267.86576999999613,23
normal,motion_only,0.67,268.42445999999586,23
normal,motion_only,0.675,268.98314999999565,23
normal,motion_only,0.68,269.54183999999543,23
normal,motion_only,0.685,269.8530099999957,23
normal,motion_only,0.6900000000000001,270.02273999999625,23
normal,motion_only,0.6950000000000001,270.19246999999683,23
normal,motion_only,0.7000000000000001,270.3621999999974,23
normal,motion_only,0.705,270.53192999999794,23
normal,motion_only,0.71,270.7016599999985,23
normal,motion_only,0.715,270.87138999999905,23
normal,motion_only,0.72,271.04111999999964,23
normal,motion_only,0.725,271.2108500000002,23
normal,motion_only,0.73,271.3928200000004,23
normal,motion_only,0.735,271.58499000000035,23
normal,motion_only,0.74,271.7771600000003,23
normal,motion_only,0.745,271.96933000000024,23
normal,motion_only,0.75,272.16150000000016,23
normal,motion_only,0.755,272.3536700000001,23
normal,motion_only,0.76,272.54584,23
normal,motion_only,0.765,272.73801,23
normal,motion_only,0.77,272.9301799999999,23
normal,motion_only,0.775,273.13164999999987,23
normal,motion_only,0.78,273.34427999999986,23
normal,motion_only,0.785,273.55690999999985,23
normal,motion_only,0.79,273.76953999999984,23
normal,motion_only,0.795,273.9821699999999,23
normal,motion_only,0.8,274.1947999999999,23
normal,motion_only,0.805,274.40742999999986,23
normal,motion_only,0.81,274.62005999999985,23
normal,motion_only,0.8150000000000001,274.83268999999984,23
normal,motion_only,0.8200000000000001,274.99311999999975,23
normal,motion_only,0.8250000000000001,275.0621999999995,23
normal,motion_only,0.8300000000000001,275.1312799999993,23
normal,motion_only,0.835,275.2003599999991,23
normal,motion_only,0.84,275.26943999999884,23
normal,motion_only,0.845,275.3385199999986,23
normal,motion_only,0.85,275.40759999999835,23
normal,motion_only,0.855,275.4766799999981,23
normal,motion_only,0.86,275.54575999999787,23
normal,motion_only,0.865,275.6763999999982,23
normal,motion_only,0.87,275.9711999999998,23
normal,motion_only,0.875,276.26600000000144,23
normal,motion_only,0.88,276.5608000000031,23
normal,motion_only,0.885,276.8556000000047,23
normal,motion_only,0.89,277.15040000000636,23
normal,motion_only,0.895,277.44520000000796,23
normal,motion_only,0.9,277.7400000000096,23
normal,motion_only,0.905,278.0348000000112,23
normal,motion_only,0.91,278.3487800000125,23
normal,motion_only,0.915,278.749070000012,23
normal,motion_only,0.92,279.14936000001154,23
normal,motion_only,0.925,279.549650000011,23
normal,motion_only,0.93,279.94994000001054,23
normal,motion_only,0.935,280.3502300000101,23
normal,motion_only,0.9400000000000001,280.75052000000954,23
normal,motion_only,0.9450000000000001,281.1508100000091,23
normal,motion_only,0.9500000000000001,281.5511000000086,23
normal,motion_only,0.9550000000000001,281.98267000000806,23
normal,motion_only,0.96,282.72704000000715,23
normal,motion_only,0.965,283.47141000000624,23
normal,motion_only,0.97,284.2157800000053,23
normal,motion_only,0.975,284.9601500000044,23
normal,motion_only,0.98,285.70452000000347,23
normal,motion_only,0.985,286.4488900000025,23
normal,motion_only,0.99,287.19326000000166,23
normal,motion_only,0.995,287.9376300000007,23
normal,motion_only,1.0,288.6819999999998,23
normal,fixed_threshold,0.0,241.03600000000006,24
normal,fixed_threshold,0.005,241.04152000000033,24
normal,fixed_threshold,0.01,241.04704000000064,24
normal,fixed_threshold,0.015,241.0525600000009,24
normal,fixed_threshold,0.02,241.0580800000012,24
normal,fixed_threshold,0.025,241.0636000000015,24
normal,fixed_threshold,0.03,241.0691200000018,24
normal,fixed_threshold,0.035,241.07464000000206,24
normal,fixed_threshold,0.04,241.08016000000237,24
normal,fixed_threshold,0.045,241.3329900000025,24
normal,fixed_threshold,0.05,242.15110000000223,24
normal,fixed_threshold,0.055,242.96921000000196,24
normal,fixed_threshold,0.06,243.7873200000017,24
normal,fixed_threshold,0.065,244.60543000000146,24
normal,fixed_threshold,0.07,245.4235400000012,24
normal,fixed_threshold,0.075,246.24165000000093,24
normal,fixed_threshold,0.08,247.05976000000067,24
normal,fixed_threshold,0.085,247.87787000000043,24
normal,fixed_threshold,0.09,248.27311000000086,24
normal,fixed_threshold,0.095,248.39650500000172,24
normal,fixed_threshold,0.1,248.5199000000026,24
normal,fixed_threshold,0.105,248.64329500000346,24
normal,fixed_threshold,0.11,248.76669000000436,24
normal,fixed_threshold,0.115,248.89008500000523,24
normal,fixed_threshold,0.12,249.0134800000061,24
normal,fixed_threshold,0.125,249.13687500000697,24
normal,fixed_threshold,0.13,249.26027000000784,24
normal,fixed_threshold,0.135,249.3044950000067,24
normal,fixed_threshold,0.14,249.3411800000054,24
normal,fixed_threshold,0.145,249.3778650000041,24
normal,fixed_threshold,0.15,249.41455000000278,24
normal,fixed_threshold,0.155,249.45123500000147,24
normal,fixed_threshold,0.16,249.48792000000014,24
normal,fixed_threshold,0.165,249.52460499999884,24
normal,fixed_threshold,0.17,249.56128999999754,24
normal,fixed_threshold,0.17500000000000002,249.72959999999657,24
normal,fixed_threshold,0.18,250.37175999999687,24
normal,fixed_threshold,0.185,251.01391999999717,24
normal,fixed_threshold,0.19,251.65607999999744,24
normal,fixed_threshold,0.195,252.29823999999775,24
normal,fixed_threshold,0.2,252.94039999999805,24
normal,fixed_threshold,0.20500000000000002,253.58255999999835,24
normal,fixed_threshold,0.21,254.22471999999863,24
normal,fixed_threshold,0.215,254.86687999999893,24
normal,fixed_threshold,0.22,255.17903999999922,24
normal,fixed_threshold,0.225,255.18869999999953,24
normal,fixed_threshold,0.23,255.1983599999998,24
normal,fixed_threshold,0.23500000000000001,255.20802000000012,24
normal,fixed_threshold,0.24,255.2176800000004,24
normal,fixed_threshold,0.245,255.2273400000007,24
normal,fixed_threshold,0.25,255.237000000001,24
normal,fixed_threshold,0.255,255.24666000000127,24
normal,fixed_threshold,0.26,255.25632000000158,24
normal,fixed_threshold,0.265,255.32431000000201,24
normal,fixed_threshold,0.27,255.40458000000245,24
normal,fixed_threshold,0.275,255.48485000000292,24
normal,fixed_threshold,0.28,255.56512000000336,24
normal,fixed_threshold,0.28500000000000003,255.64539000000383,24
normal,fixed_threshold,0.29,255.72566000000427,24
normal,fixed_threshold,0.295,255.80593000000474,24
normal,fixed_threshold,0.3,255.8862000000052,24
normal,fixed_threshold,0.305,255.9696200000055,24
normal,fixed_threshold,0.31,256.07404000000486,24
normal,fixed_threshold,0.315,256.17846000000424,24
normal,fixed_threshold,0.32,256.2828800000036,24
normal,fixed_threshold,0.325,256.38730000000294,24
normal,fixed_threshold,0.33,256.4917200000023,24
normal,fixed_threshold,0.335,256.5961400000017,24
normal,fixed_threshold,0.34,256.700560000001,24
normal,fixed_threshold,0.34500000000000003,256.8049800000004,24
normal,fixed_threshold,0.35000000000000003,256.8676000000001,24
normal,fixed_threshold,0.355,256.8758800000003,24
normal,fixed_threshold,0.36,256.88416000000046,24
normal,fixed_threshold,0.365,256.8924400000006,24
normal,fixed_threshold,0.37,256.9007200000008,24
normal,fixed_threshold,0.375,256.90900000000096,24
normal,fixed_threshold,0.38,256.91728000000114,24
normal,fixed_threshold,0.385,256.9255600000013,24
normal,fixed_threshold,0.39,256.93384000000145,24
normal,fixed_threshold,0.395,257.229505000001,24
normal,fixed_threshold,0.4,257.62660000000034,24
normal,fixed_threshold,0.405,258.02369499999963,24
normal,fixed_threshold,0.41000000000000003,258.420789999999,24
normal,fixed_threshold,0.41500000000000004,258.8178849999983,24
normal,fixed_threshold,0.42,259.2149799999976,24
normal,fixed_threshold,0.425,259.61207499999693,24
normal,fixed_threshold,0.43,260.00916999999623,24
normal,fixed_threshold,0.435,260.4001549999956,24
normal,fixed_threshold,0.44,260.6567199999962,24
normal,fixed_threshold,0.445,260.9132849999968,24
normal,fixed_threshold,0.45,261.1698499999974,24
normal,fixed_threshold,0.455,261.42641499999803,24
normal,fixed_threshold,0.46,261.6829799999986,24
normal,fixed_threshold,0.465,261.9395449999992,24
normal,fixed_threshold,0.47000000000000003,262.1961099999998,24
normal,fixed_threshold,0.47500000000000003,262.4526750000004,24
normal,fixed_threshold,0.48,262.6487200000009,24
normal,fixed_threshold,0.485,262.7312900000012,24
normal,fixed_threshold,0.49,262.8138600000015,24
normal,fixed_threshold,0.495,262.89643000000177,24
normal,fixed_threshold,0.5,262.9790000000021,24
normal,fixed_threshold,0.505,263.0615700000024,24
normal,fixed_threshold,0.51,263.14414000000266,24
normal,fixed_threshold,0.515,263.226710000003,24
normal,fixed_threshold,0.52,263.3092800000033,24
normal,fixed_threshold,0.525,263.4092500000026,24
normal,fixed_threshold,0.53,263.51850000000144,24
normal,fixed_threshold,0.535,263.6277500000003,24
normal,fixed_threshold,0.54,263.7369999999991,24
normal,fixed_threshold,0.545,263.84624999999795,24
normal,fixed_threshold,0.55,263.95549999999673,24
normal,fixed_threshold,0.555,264.06474999999557,24
normal,fixed_threshold,0.56,264.1739999999944,24
normal,fixed_threshold,0.5650000000000001,264.28324999999325,24
normal,fixed_threshold,0.5700000000000001,264.32957999999365,24
normal,fixed_threshold,0.5750000000000001,264.3730499999941,24
normal,fixed_threshold,0.58,264.41651999999465,24
normal,fixed_threshold,0.585,264.4599899999951,24
normal,fixed_threshold,0.59,264.5034599999956,24
normal,fixed_threshold,0.595,264.5469299999961,24
normal,fixed_threshold,0.6,264.5903999999966,24
normal,fixed_threshold,0.605,264.6338699999971,24
normal,fixed_threshold,0.61,264.8183699999974,24
normal,fixed_threshold,0.615,265.40245499999713,24
normal,fixed_threshold,0.62,265.9865399999969,24
normal,fixed_threshold,0.625,266.57062499999665,24
normal,fixed_threshold,0.63,267.1547099999964,24
normal,fixed_threshold,0.635,267.7387949999962,24
normal,fixed_threshold,0.64,268.3228799999959,24
normal,fixed_threshold,0.645,268.9069649999957,24
normal,fixed_threshold,0.65,269.4910499999954,24
normal,fixed_threshold,0.655,269.95884999999566,24
normal,fixed_threshold,0.66,270.3371999999962,24
normal,fixed_threshold,0.665,270.71554999999665,24
normal,fixed_threshold,0.67,271.0938999999972,24
normal,fixed_threshold,0.675,271.4722499999977,24
normal,fixed_threshold,0.68,271.8505999999982,24
normal,fixed_threshold,0.685,272.22894999999875,24
normal,fixed_threshold,0.6900000000000001,272.60729999999927,24
normal,fixed_threshold,0.6950000000000001,272.9856499999998,24
normal,fixed_threshold,0.7000000000000001,273.0665000000005,24
normal,fixed_threshold,0.705,273.10272500000116,24
normal,fixed_threshold,0.71,273.13895000000184,24
normal,fixed_threshold,0.715,273.1751750000025,24
normal,fixed_threshold,0.72,273.2114000000032,24
normal,fixed_threshold,0.725,273.2476250000039,24
normal,fixed_threshold,0.73,273.2838500000046,24
normal,fixed_threshold,0.735,273.32007500000526,24
normal,fixed_threshold,0.74,273.3823600000057,24
normal,fixed_threshold,0.745,273.56843000000504,24
normal,fixed_threshold,0.75,273.7545000000043,24
normal,fixed_threshold,0.755,273.9405700000036,24
normal,fixed_threshold,0.76,274.12664000000296,24
normal,fixed_threshold,0.765,274.31271000000226,24
normal,fixed_threshold,0.77,274.4987800000016,24
normal,fixed_threshold,0.775,274.6848500000009,24
normal,fixed_threshold,0.78,274.8709200000002,24
normal,fixed_threshold,0.785,275.1379499999993,24
normal,fixed_threshold,0.79,275.49329999999816,24
normal,fixed_threshold,0.795,275.84864999999706,24
normal,fixed_threshold,0.8,276.2039999999959,24
normal,fixed_threshold,0.805,276.55934999999477,24
normal,fixed_threshold,0.81,276.9146999999937,24
normal,fixed_threshold,0.8150000000000001,277.2700499999925,24
normal,fixed_threshold,0.8200000000000001,277.6253999999914,24
normal,fixed_threshold,0.8250000000000001,277.9807499999902,24
normal,fixed_threshold,0.8300000000000001,278.077619999992,24
normal,fixed_threshold,0.835,278.1026899999946,24
normal,fixed_threshold,0.84,278.12775999999724,24
normal,fixed_threshold,0.845,278.1528299999998,24
normal,fixed_threshold,0.85,278.1779000000024,24
normal,fixed_threshold,0.855,278.202970000005,24
normal,fixed_threshold,0.86,278.2280400000076,24
normal,fixed_threshold,0.865,278.2531100000102,24
normal,fixed_threshold,0.87,278.29987000001245,24
normal,fixed_threshold,0.875,278.57437500001106,24
normal,fixed_threshold,0.88,278.8488800000097,24
normal,fixed_threshold,0.885,279.1233850000083,24
normal,fixed_threshold,0.89,279.3978900000069,24
normal,fixed_threshold,0.895,279.6723950000055,24
normal,fixed_threshold,0.9,279.9469000000041,24
normal,fixed_threshold,0.905,280.22140500000273,24
normal,fixed_threshold,0.91,280.4959100000013,24
normal,fixed_threshold,0.915,281.0238550000004,24
normal,fixed_threshold,0.92,281.9460400000004,24
normal,fixed_threshold,0.925,282.8682250000003,24
normal,fixed_threshold,0.93,283.7904100000002,24
normal,fixed_threshold,0.935,284.71259500000014,24
normal,fixed_threshold,0.9400000000000001,285.63478000000003,24
normal,fixed_threshold,0.9450000000000001,286.556965,24
normal,fixed_threshold,0.9500000000000001,287.4791499999999,24
normal,fixed_threshold,0.9550000000000001,288.40133499999985,24
normal,fixed_threshold,0.96,288.9833600000004,24
normal,fixed_threshold,0.965,289.41656500000136,24
normal,fixed_threshold,0.97,289.84977000000225,24
normal,fixed_threshold,0.975,290.2829750000032,24
normal,fixed_threshold,0.98,290.7161800000041,24
normal,fixed_threshold,0.985,291.14938500000505,24
normal,fixed_threshold,0.99,291.58259000000595,24
normal,fixed_threshold,0.995,292.0157950000069,24
normal,fixed_threshold,1.0,292.4490000000078,24
normal,event,0.0,140.5089999999982,24
normal,event,0.005,140.7646449999984,24
normal,event,0.01,141.0202899999986,24
normal,event,0.015,141.2759349999988,24
normal,event,0.02,141.53157999999902,24
normal,event,0.025,141.7872249999992,24
normal,event,0.03,142.04286999999943,24
normal,event,0.035,142.2985149999996,24
normal,event,0.04,142.55415999999983,24
normal,event,0.045,142.78541000000004,24
normal,event,0.05,142.9609000000002,24
normal,event,0.055,143.1363900000004,24
normal,event,0.06,143.3118800000006,24
normal,event,0.065,143.4873700000008,24
normal,event,0.07,143.662860000001,24
normal,event,0.075,143.83835000000118,24
normal,event,0.08,144.01384000000135,24
normal,event,0.085,144.18933000000155,24
normal,event,0.09,144.62116000000125,24
normal,event,0.095,145.21778000000063,24
normal,event,0.1,145.81440000000003,24
normal,event,0.105,146.4110199999994,24
normal,event,0.11,147.0076399999988,24
normal,event,0.115,147.60425999999816,24
normal,event,0.12,148.20087999999757,24
normal,event,0.125,148.79749999999694,24
normal,event,0.13,149.39411999999632,24
normal,event,0.135,149.46552999999795,24
normal,event,0.14,149.4869199999998,24
normal,event,0.145,149.50831000000164,24
normal,event,0.15,149.52970000000352,24
normal,event,0.155,149.55109000000536,24
normal,event,0.16,149.5724800000072,24
normal,event,0.165,149.59387000000905,24
normal,event,0.17,149.6152600000109,24
normal,event,0.17500000000000002,149.64565000001204,24
normal,event,0.18,149.7084400000106,24
normal,event,0.185,149.77123000000915,24
normal,event,0.19,149.83402000000774,24
normal,event,0.195,149.8968100000063,24
normal,event,0.2,149.95960000000485,24
normal,event,0.20500000000000002,150.02239000000344,24
normal,event,0.21,150.085180000002,24
normal,event,0.215,150.14797000000056,24
normal,event,0.22,150.23008000000002,24
normal,event,0.225,150.32990000000026,24
normal,event,0.23,150.42972000000051,24
normal,event,0.23500000000000001,150.5295400000008,24
normal,event,0.24,150.62936000000104,24
normal,event,0.245,150.7291800000013,24
normal,event,0.25,150.82900000000154,24
normal,event,0.255,150.9288200000018,24
normal,event,0.26,151.02864000000204,24
normal,event,0.265,151.24835000000203,24
normal,event,0.27,151.49330000000194,24
normal,event,0.275,151.73825000000184,24
normal,event,0.28,151.98320000000174,24
normal,event,0.28500000000000003,152.22815000000165,24
normal,event,0.29,152.47310000000155,24
normal,event,0.295,152.71805000000145,24
normal,event,0.3,152.9630000000014,24
normal,event,0.305,153.25407500000128,24
normal,event,0.31,153.8526500000013,24
normal,event,0.315,154.45122500000127,24
normal,event,0.32,155.04980000000128,24
normal,event,0.325,155.64837500000127,24
normal,event,0.33,156.24695000000125,24
normal,event,0.335,156.84552500000123,24
normal,event,0.34,157.44410000000124,24
normal,event,0.34500000000000003,158.04267500000122,24
normal,event,0.35000000000000003,158.39615000000117,24
normal,event,0.355,158.43099500000105,24
normal,event,0.36,158.46584000000092,24
normal,event,0.365,158.50068500000083,24
normal,event,0.37,158.5355300000007,24
normal,event,0.375,158.57037500000058,24
normal,event,0.38,158.60522000000046,24
normal,event,0.385,158.64006500000033,24
normal,event,0.39,158.67491000000024,24
normal,event,0.395,159.76664500000038,24
normal,event,0.4,161.23140000000058,24
normal,event,0.405,162.6961550000008,24
normal,event,0.41000000000000003,164.16091000000102,24
normal,event,0.41500000000000004,165.62566500000125,24
normal,event,0.42,167.09042000000144,24
normal,event,0.425,168.55517500000167,24
normal,event,0.43,170.0199300000019,24
normal,event,0.435,171.46391000000207,24
normal,event,0.44,172.45084000000148,24
normal,event,0.445,173.43777000000088,24
normal,event,0.45,174.4247000000003,24
normal,event,0.455,175.41162999999972,24
normal,event,0.46,176.39855999999912,24
normal,event,0.465,177.38548999999853,24
normal,event,0.47000000000000003,178.37241999999796,24
normal,event,0.47500000000000003,179.35934999999736,24
normal,event,0.48,182.44623999999715,24
normal,event,0.485,189.4705549999978,24
normal,event,0.49,196.49486999999846,24
normal,event,0.495,203.5191849999991,24
normal,event,0.5,210.54349999999977,24
normal,event,0.505,217.56781500000042,24
normal,event,0.51,224.59213000000108,24
normal,event,0.515,231.61644500000173,24
normal,event,0.52,238.6407600000024,24
normal,event,0.525,241.69802500000299,24
normal,event,0.53,242.6395300000036,24
normal,event,0.535,243.58103500000422,24
normal,event,0.54,244.52254000000482,24
normal,event,0.545,245.46404500000543,24
normal,event,0.55,246.40555000000603,24
normal,event,0.555,247.34705500000666,24
normal,event,0.56,248.2885600000073,24
normal,event,0.5650000000000001,249.2300650000079,24
normal,event,0.5700000000000001,249.92033000000694,24
normal,event,0.5750000000000001,250.59917500000594,24
normal,event,0.58,251.27802000000491,24
normal,event,0.585,251.9568650000039,24
normal,event,0.59,252.63571000000286,24
normal,event,0.595,253.31455500000186,24
normal,event,0.6,253.99340000000083,24
normal,event,0.605,254.6722449999998,24
normal,event,0.61,255.19745999999927,24
normal,event,0.615,255.28739000000002,24
normal,event,0.62,255.37732000000076,24
normal,event,0.625,255.4672500000015,24
normal,event,0.63,255.55718000000226,24
normal,event,0.635,255.647110000003,24
normal,event,0.64,255.73704000000376,24
normal,event,0.645,255.8269700000045,24
normal,event,0.65,255.91690000000526,24
normal,event,0.655,256.24414500000495,24
normal,event,0.66,256.7539400000038,24
normal,event,0.665,257.26373500000267,24
normal,event,0.67,257.7735300000015,24
normal,event,0.675,258.28332500000033,24
normal,event,0.68,258.7931199999992,24
normal,event,0.685,259.30291499999805,24
normal,event,0.6900000000000001,259.81270999999686,24
normal,event,0.6950000000000001,260.3225049999957,24
normal,event,0.7000000000000001,260.77889999999536,24
normal,event,0.705,261.22728499999505,24
normal,event,0.71,261.6756699999948,24
normal,event,0.715,262.12405499999454,24
normal,event,0.72,262.57243999999423,24
normal,event,0.725,263.020824999994,24
normal,event,0.73,263.46920999999367,24
normal,event,0.735,263.9175949999934,24
normal,event,0.74,264.29555999999326,24
normal,event,0.745,264.3390299999938,24
normal,event,0.75,264.38249999999425,24
normal,event,0.755,264.4259699999947,24
normal,event,0.76,264.46943999999525,24
normal,event,0.765,264.5129099999957,24
normal,event,0.77,264.5563799999962,24
normal,event,0.775,264.5998499999967,24
normal,event,0.78,264.6433199999972,24
normal,event,0.785,264.9453449999973,24
normal,event,0.79,265.5294299999971,24
normal,event,0.795,266.1135149999968,24
normal,event,0.8,266.6975999999966,24
normal,event,0.805,267.28168499999634,24
normal,event,0.81,267.86576999999613,24
normal,event,0.8150000000000001,268.44985499999586,24
normal,event,0.8200000000000001,269.03393999999565,24
normal,event,0.8250000000000001,269.6180249999954,24
normal,event,0.8300000000000001,270.21506999999576,24
normal,event,0.835,270.81571499999626,24
normal,event,0.84,271.4163599999968,24
normal,event,0.845,272.0170049999973,24
normal,event,0.85,272.6176499999978,24
normal,event,0.855,273.2182949999983,24
normal,event,0.86,273.81893999999886,24
normal,event,0.865,274.41958499999936,24
normal,event,0.87,274.99889999999976,24
normal,event,0.875,275.3542499999986,24
normal,event,0.88,275.70959999999747,24
normal,event,0.885,276.0649499999964,24
normal,event,0.89,276.4202999999952,24
normal,event,0.895,276.7756499999941,24
normal,event,0.9,277.1309999999929,24
normal,event,0.905,277.48634999999183,24
normal,event,0.91,277.8416999999907,24
normal,event,0.915,278.17522499999046,24
normal,event,0.92,278.47479999999166,24
normal,event,0.925,278.77437499999286,24
normal,event,0.93,279.07394999999406,24
normal,event,0.935,279.3735249999953,24
normal,event,0.9400000000000001,279.6730999999965,24
normal,event,0.9450000000000001,279.9726749999977,24
normal,event,0.9500000000000001,280.2722499999989,24
normal,event,0.9550000000000001,280.5718250000001,24
normal,event,0.96,281.3045200000004,24
normal,event,0.965,282.2267050000003,24
normal,event,0.97,283.1488900000002,24
normal,event,0.975,284.0710750000002,24
normal,event,0.98,284.9932600000001,24
normal,event,0.985,285.91544500000003,24
normal,event,0.99,286.83762999999993,24
normal,event,0.995,287.7598149999999,24
normal,event,1.0,288.6819999999998,24
normal,event_no_early_exit,0.0,241.03600000000006,24
normal,event_no_early_exit,0.005,241.04152000000033,24
normal,event_no_early_exit,0.01,241.04704000000064,24
normal,event_no_early_exit,0.015,241.0525600000009,24
normal,event_no_early_exit,0.02,241.0580800000012,24
normal,event_no_early_exit,0.025,241.0636000000015,24
normal,event_no_early_exit,0.03,241.0691200000018,24
normal,event_no_early_exit,0.035,241.07464000000206,24
normal,event_no_early_exit,0.04,241.08016000000237,24
normal,event_no_early_exit,0.045,241.3329900000025,24
normal,event_no_early_exit,0.05,242.15110000000223,24
normal,event_no_early_exit,0.055,242.96921000000196,24
normal,event_no_early_exit,0.06,243.7873200000017,24
normal,event_no_early_exit,0.065,244.60543000000146,24
normal,event_no_early_exit,0.07,245.4235400000012,24
normal,event_no_early_exit,0.075,246.24165000000093,24
normal,event_no_early_exit,0.08,247.05976000000067,24
normal,event_no_early_exit,0.085,247.87787000000043,24
normal,event_no_early_exit,0.09,248.27311000000086,24
normal,event_no_early_exit,0.095,248.39650500000172,24
normal,event_no_early_exit,0.1,248.5199000000026,24
normal,event_no_early_exit,0.105,248.64329500000346,24
normal,event_no_early_exit,0.11,248.76669000000436,24
normal,event_no_early_exit,0.115,248.89008500000523,24
normal,event_no_early_exit,0.12,249.0134800000061,24
normal,event_no_early_exit,0.125,249.13687500000697,24
normal,event_no_early_exit,0.13,249.26027000000784,24
normal,event_no_early_exit,0.135,249.3044950000067,24
normal,event_no_early_exit,0.14,249.3411800000054,24
normal,event_no_early_exit,0.145,249.3778650000041,24
normal,event_no_early_exit,0.15,249.41455000000278,24
normal,event_no_early_exit,0.155,249.45123500000147,24
normal,event_no_early_exit,0.16,249.48792000000014,24
normal,event_no_early_exit,0.165,249.52460499999884,24
normal,event_no_early_exit,0.17,249.56128999999754,24
normal,event_no_early_exit,0.17500000000000002,249.72959999999657,24
normal,event_no_early_exit,0.18,250.37175999999687,24
normal,event_no_early_exit,0.185,251.01391999999717,24
normal,event_no_early_exit,0.19,251.65607999999744,24
normal,event_no_early_exit,0.195,252.29823999999775,24
normal,event_no_early_exit,0.2,252.94039999999805,24
normal,event_no_early_exit,0.20500000000000002,253.58255999999835,24
normal,event_no_early_exit,0.21,254.22471999999863,24
normal,event_no_early_exit,0.215,254.86687999999893,24
normal,event_no_early_exit,0.22,255.17903999999922,24
normal,event_no_early_exit,0.225,255.18869999999953,24
normal,event_no_early_exit,0.23,255.1983599999998,24
normal,event_no_early_exit,0.23500000000000001,255.20802000000012,24
normal,event_no_early_exit,0.24,255.2176800000004,24
normal,event_no_early_exit,0.245,255.2273400000007,24
normal,event_no_early_exit,0.25,255.237000000001,24
normal,event_no_early_exit,0.255,255.24666000000127,24
normal,event_no_early_exit,0.26,255.25632000000158,24
normal,event_no_early_exit,0.265,255.32431000000201,24
normal,event_no_early_exit,0.27,255.40458000000245,24
normal,event_no_early_exit,0.275,255.48485000000292,24
normal,event_no_early_exit,0.28,255.56512000000336,24
normal,event_no_early_exit,0.28500000000000003,255.64539000000383,24
normal,event_no_early_exit,0.29,255.72566000000427,24
normal,event_no_early_exit,0.295,255.80593000000474,24
normal,event_no_early_exit,0.3,255.8862000000052,24
normal,event_no_early_exit,0.305,255.9696200000055,24
normal,event_no_early_exit,0.31,256.07404000000486,24
normal,event_no_early_exit,0.315,256.17846000000424,24
normal,event_no_early_exit,0.32,256.2828800000036,24
normal,event_no_early_exit,0.325,256.38730000000294,24
normal,event_no_early_exit,0.33,256.4917200000023,24
normal,event_no_early_exit,0.335,256.5961400000017,24
normal,event_no_early_exit,0.34,256.700560000001,24
normal,event_no_early_exit,0.34500000000000003,256.8049800000004,24
normal,event_no_early_exit,0.35000000000000003,256.8676000000001,24
normal,event_no_early_exit,0.355,256.8758800000003,24
normal,event_no_early_exit,0.36,256.88416000000046,24
normal,event_no_early_exit,0.365,256.8924400000006,24
normal,event_no_early_exit,0.37,256.9007200000008,24
normal,event_no_early_exit,0.375,256.90900000000096,24
normal,event_no_early_exit,0.38,256.91728000000114,24
normal,event_no_early_exit,0.385,256.9255600000013,24
normal,event_no_early_exit,0.39,256.93384000000145,24
normal,event_no_early_exit,0.395,257.229505000001,24
normal,event_no_early_exit,0.4,257.62660000000034,24
normal,event_no_early_exit,0.405,258.02369499999963,24
normal,event_no_early_exit,0.41000000000000003,258.420789999999,24
normal,event_no_early_exit,0.41500000000000004,258.8178849999983,24
normal,event_no_early_exit,0.42,259.2149799999976,24
normal,event_no_early_exit,0.425,259.61207499999693,24
normal,event_no_early_exit,0.43,260.00916999999623,24
normal,event_no_early_exit,0.435,260.4001549999956,24
normal,event_no_early_exit,0.44,260.6567199999962,24
normal,event_no_early_exit,0.445,260.9132849999968,24
normal,event_no_early_exit,0.45,261.1698499999974,24
normal,event_no_early_exit,0.455,261.42641499999803,24
normal,event_no_early_exit,0.46,261.6829799999986,24
normal,event_no_early_exit,0.465,261.9395449999992,24
normal,event_no_early_exit,0.47000000000000003,262.1961099999998,24
normal,event_no_early_exit,0.47500000000000003,262.4526750000004,24
normal,event_no_early_exit,0.48,262.6487200000009,24
normal,event_no_early_exit,0.485,262.7312900000012,24
normal,event_no_early_exit,0.49,262.8138600000015,24
normal,event_no_early_exit,0.495,262.89643000000177,24
normal,event_no_early_exit,0.5,262.9790000000021,24
normal,event_no_early_exit,0.505,263.0615700000024,24
normal,event_no_early_exit,0.51,263.14414000000266,24
normal,event_no_early_exit,0.515,263.226710000003,24
normal,event_no_early_exit,0.52,263.3092800000033,24
normal,event_no_early_exit,0.525,263.4092500000026,24
normal,event_no_early_exit,0.53,263.51850000000144,24
normal,event_no_early_exit,0.535,263.6277500000003,24
normal,event_no_early_exit,0.54,263.7369999999991,24
normal,event_no_early_exit,0.545,263.84624999999795,24
normal,event_no_early_exit,0.55,263.95549999999673,24
normal,event_no_early_exit,0.555,264.06474999999557,24
normal,event_no_early_exit,0.56,264.1739999999944,24
normal,event_no_early_exit,0.5650000000000001,264.28324999999325,24
normal,event_no_early_exit,0.5700000000000001,264.32957999999365,24
normal,event_no_early_exit,0.5750000000000001,264.3730499999941,24
normal,event_no_early_exit,0.58,264.41651999999465,24
normal,event_no_early_exit,0.585,264.4599899999951,24
normal,event_no_early_exit,0.59,264.5034599999956,24
normal,event_no_early_exit,0.595,264.5469299999961,24
normal,event_no_early_exit,0.6,264.5903999999966,24
normal,event_no_early_exit,0.605,264.6338699999971,24
normal,event_no_early_exit,0.61,264.8183699999974,24
normal,event_no_early_exit,0.615,265.40245499999713,24
normal,event_no_early_exit,0.62,265.9865399999969,24
normal,event_no_early_exit,0.625,266.57062499999665,24
normal,event_no_early_exit,0.63,267.1547099999964,24
normal,event_no_early_exit,0.635,267.7387949999962,24
normal,event_no_early_exit,0.64,268.3228799999959,24
normal,event_no_early_exit,0.645,268.9069649999957,24
normal,event_no_early_exit,0.65,269.4910499999954,24
normal,event_no_early_exit,0.655,269.95884999999566,24
normal,event_no_early_exit,0.66,270.3371999999962,24
normal,event_no_early_exit,0.665,270.71554999999665,24
normal,event_no_early_exit,0.67,271.0938999999972,24
normal,event_no_early_exit,0.675,271.4722499999977,24
normal,event_no_early_exit,0.68,271.8505999999982,24
normal,event_no_early_exit,0.685,272.22894999999875,24
normal,event_no_early_exit,0.6900000000000001,272.60729999999927,24
normal,event_no_early_exit,0.6950000000000001,272.9856499999998,24
normal,event_no_early_exit,0.7000000000000001,273.0665000000005,24
normal,event_no_early_exit,0.705,273.10272500000116,24
normal,event_no_early_exit,0.71,273.13895000000184,24
normal,event_no_early_exit,0.715,273.1751750000025,24
normal,event_no_early_exit,0.72,273.2114000000032,24
normal,event_no_early_exit,0.725,273.2476250000039,24
normal,event_no_early_exit,0.73,273.2838500000046,24
normal,event_no_early_exit,0.735,273.32007500000526,24
normal,event_no_early_exit,0.74,273.3823600000057,24
normal,event_no_early_exit,0.745,273.56843000000504,24
normal,event_no_early_exit,0.75,273.7545000000043,24
normal,event_no_early_exit,0.755,273.9405700000036,24
normal,event_no_early_exit,0.76,274.12664000000296,24
normal,event_no_early_exit,0.765,274.31271000000226,24
normal,event_no_early_exit,0.77,274.4987800000016,24
normal,event_no_early_exit,0.775,274.6848500000009,24
normal,event_no_early_exit,0.78,274.8709200000002,24
normal,event_no_early_exit,0.785,275.1379499999993,24
normal,event_no_early_exit,0.79,275.49329999999816,24
normal,event_no_early_exit,0.795,275.84864999999706,24
normal,event_no_early_exit,0.8,276.2039999999959,24
normal,event_no_early_exit,0.805,276.55934999999477,24
normal,event_no_early_exit,0.81,276.9146999999937,24
normal,event_no_early_exit,0.8150000000000001,277.2700499999925,24
normal,event_no_early_exit,0.8200000000000001,277.6253999999914,24
normal,event_no_early_exit,0.8250000000000001,277.9807499999902,24
normal,event_no_early_exit,0.8300000000000001,278.077619999992,24
normal,event_no_early_exit,0.835,278.1026899999946,24
normal,event_no_early_exit,0.84,278.12775999999724,24
normal,event_no_early_exit,0.845,278.1528299999998,24
normal,event_no_early_exit,0.85,278.1779000000024,24
normal,event_no_early_exit,0.855,278.202970000005,24
normal,event_no_early_exit,0.86,278.2280400000076,24
normal,event_no_early_exit,0.865,278.2531100000102,24
normal,event_no_early_exit,0.87,278.29987000001245,24
normal,event_no_early_exit,0.875,278.57437500001106,24
normal,event_no_early_exit,0.88,278.8488800000097,24
normal,event_no_early_exit,0.885,279.1233850000083,24
normal,event_no_early_exit,0.89,279.3978900000069,24
normal,event_no_early_exit,0.895,279.6723950000055,24
normal,event_no_early_exit,0.9,279.9469000000041,24
normal,event_no_early_exit,0.905,280.22140500000273,24
normal,event_no_early_exit,0.91,280.4959100000013,24
normal,event_no_early_exit,0.915,281.0238550000004,24
normal,event_no_early_exit,0.92,281.9460400000004,24
normal,event_no_early_exit,0.925,282.8682250000003,24
normal,event_no_early_exit,0.93,283.7904100000002,24
normal,event_no_early_exit,0.935,284.71259500000014,24
normal,event_no_early_exit,0.9400000000000001,285.63478000000003,24
normal,event_no_early_exit,0.9450000000000001,286.556965,24
normal,event_no_early_exit,0.9500000000000001,287.4791499999999,24
normal,event_no_early_exit,0.9550000000000001,288.40133499999985,24
normal,event_no_early_exit,0.96,288.9833600000004,24
normal,event_no_early_exit,0.965,289.41656500000136,24
normal,event_no_early_exit,0.97,289.84977000000225,24
normal,event_no_early_exit,0.975,290.2829750000032,24
normal,event_no_early_exit,0.98,290.7161800000041,24
normal,event_no_early_exit,0.985,291.14938500000505,24
normal,event_no_early_exit,0.99,291.58259000000595,24
normal,event_no_early_exit,0.995,292.0157950000069,24
normal,event_no_early_exit,1.0,292.4490000000078,24
normal,secure,0.0,140.90899999999965,23
normal,secure,0.005,141.15352999999965,23
normal,secure,0.01,141.39805999999965,23
normal,secure,0.015,141.64258999999964,23
normal,secure,0.02,141.88711999999964,23
normal,secure,0.025,142.13164999999964,23
normal,secure,0.03,142.37617999999964,23
normal,secure,0.035,142.6207099999996,23
normal,secure,0.04,142.8652399999996,23
normal,secure,0.045,143.1097699999996,23
normal,secure,0.05,143.28459999999959,23
normal,secure,0.055,143.45245999999958,23
normal,secure,0.06,143.62031999999957,23
normal,secure,0.065,143.78817999999953,23
normal,secure,0.07,143.95603999999952,23
normal,secure,0.075,144.1238999999995,23
normal,secure,0.08,144.2917599999995,23
normal,secure,0.085,144.45961999999946,23
normal,secure,0.09,144.62747999999945,23
normal,secure,0.095,145.12491999999995,23
normal,secure,0.1,145.69560000000055,23
normal,secure,0.105,146.26628000000116,23
normal,secure,0.11,146.8369600000018,23
normal,secure,0.115,147.4076400000024,23
normal,secure,0.12,147.978320000003,23
normal,secure,0.125,148.54900000000362,23
normal,secure,0.13,149.11968000000422,23
normal,secure,0.135,149.69036000000483,23
normal,secure,0.14,149.86088000000512,23
normal,secure,0.145,149.88134000000528,23
normal,secure,0.15,149.90180000000547,23
normal,secure,0.155,149.92226000000562,23
normal,secure,0.16,149.9427200000058,23
normal,secure,0.165,149.96318000000596,23
normal,secure,0.17,149.98364000000612,23
normal,secure,0.17500000000000002,150.0041000000063,23
normal,secure,0.18,150.02456000000646,23
normal,secure,0.185,150.07022000000615,23
normal,secure,0.19,150.1302800000056,23
normal,secure,0.195,150.19034000000502,23
normal,secure,0.2,150.25040000000445,23
normal,secure,0.20500000000000002,150.31046000000387,23
normal,secure,0.21,150.3705200000033,23
normal,secure,0.215,150.43058000000275,23
normal,secure,0.22,150.49064000000217,23
normal,secure,0.225,150.5507000000016,23
normal,secure,0.23,150.63008000000104,23
normal,secure,0.23500000000000001,150.72556000000048,23
normal,secure,0.24,150.82103999999993,23
normal,secure,0.245,150.91651999999937,23
normal,secure,0.25,151.0119999999988,23
normal,secure,0.255,151.10747999999825,23
normal,secure,0.26,151.2029599999977,23
normal,secure,0.265,151.29843999999713,23
normal,secure,0.27,151.39391999999657,23
normal,secure,0.275,151.5524999999965,23
normal,secure,0.28,151.78679999999702,23
normal,secure,0.28500000000000003,152.02109999999755,23
normal,secure,0.29,152.25539999999805,23
normal,secure,0.295,152.48969999999855,23
normal,secure,0.3,152.72399999999908,23
normal,secure,0.305,152.95829999999958,23
normal,secure,0.31,153.19260000000008,23
normal,secure,0.315,153.42690000000061,23
normal,secure,0.32,153.78420000000094,23
normal,secure,0.325,154.35675000000091,23
normal,secure,0.33,154.92930000000092,23
normal,secure,0.335,155.5018500000009,23
normal,secure,0.34,156.0744000000009,23
normal,secure,0.34500000000000003,156.64695000000088,23
normal,secure,0.35000000000000003,157.2195000000009,23
normal,secure,0.355,157.79205000000087,23
normal,secure,0.36,158.36460000000088,23
normal,secure,0.365,158.79009000000082,23
normal,secure,0.37,158.8234200000007,23
normal,secure,0.375,158.8567500000006,23
normal,secure,0.38,158.8900800000005,23
normal,secure,0.385,158.9234100000004,23
normal,secure,0.39,158.95674000000025,23
normal,secure,0.395,158.99007000000015,23
normal,secure,0.4,159.02340000000004,23
normal,secure,0.405,159.05672999999993,23
normal,secure,0.41000000000000003,159.33873999999977,23
normal,secure,0.41500000000000004,160.73980999999938,23
normal,secure,0.42,162.140879999999,23
normal,secure,0.425,163.5419499999986,23
normal,secure,0.43,164.94301999999817,23
normal,secure,0.435,166.3440899999978,23
normal,secure,0.44,167.7451599999974,23
normal,secure,0.445,169.14622999999705,23
normal,secure,0.45,170.54729999999662,23
normal,secure,0.455,171.90681999999651,23
normal,secure,0.46,172.85083999999915,23
normal,secure,0.465,173.7948600000018,23
normal,secure,0.47000000000000003,174.73888000000443,23
normal,secure,0.47500000000000003,175.68290000000707,23
normal,secure,0.48,176.6269200000097,23
normal,secure,0.485,177.57094000001234,23
normal,secure,0.49,178.51496000001498,23
normal,secure,0.495,179.45898000001762,23
normal,secure,0.5,180.40300000002026,23
normal,secure,0.505,187.12191000001764,23
normal,secure,0.51,193.84082000001513,23
normal,secure,0.515,200.5597300000125,23
normal,secure,0.52,207.27864000001,23
normal,secure,0.525,213.99755000000738,23
normal,secure,0.53,220.71646000000476,23
normal,secure,0.535,227.43537000000222,23
normal,secure,0.54,234.1542799999996,23
normal,secure,0.545,240.87318999999698,23
normal,secure,0.55,242.3026999999973,23
normal,secure,0.555,243.20326999999787,23
normal,secure,0.56,244.10383999999846,23
normal,secure,0.5650000000000001,245.00440999999907,23
normal,secure,0.5700000000000001,245.90497999999963,23
normal,secure,0.5750000000000001,246.80555000000024,23
normal,secure,0.58,247.7061200000008,23
normal,secure,0.585,248.60669000000138,23
normal,secure,0.59,249.50726000000196,23
normal,secure,0.595,250.2022700000026,23
normal,secure,0.6,250.85160000000323,23
normal,secure,0.605,251.50093000000385,23
normal,secure,0.61,252.1502600000045,23
normal,secure,0.615,252.7995900000051,23
normal,secure,0.62,253.44892000000576,23
normal,secure,0.625,254.09825000000637,23
normal,secure,0.63,254.747580000007,23
normal,secure,0.635,255.39691000000764,23
normal,secure,0.64,255.99120000000693,23
normal,secure,0.645,256.5648500000058,23
normal,secure,0.65,257.13850000000457,23
normal,secure,0.655,257.71215000000336,23
normal,secure,0.66,258.2858000000022,23
normal,secure,0.665,258.859450000001,23
normal,secure,0.67,259.43309999999985,23
normal,secure,0.675,260.00674999999865,23
normal,secure,0.68,260.58039999999744,23
normal,secure,0.685,261.0619299999969,23
normal,secure,0.6900000000000001,261.49081999999663,23
normal,secure,0.6950000000000001,261.91970999999637,23
normal,secure,0.7000000000000001,262.3485999999961,23
normal,secure,0.705,262.7774899999958,23
normal,secure,0.71,263.20637999999553,23
normal,secure,0.715,263.6352699999953,23
normal,secure,0.72,264.064159999995,23
normal,secure,0.725,264.49304999999475,23
normal,secure,0.73,264.71067999999445,23
normal,secure,0.735,264.7522599999941,23
normal,secure,0.74,264.7938399999938,23
normal,secure,0.745,264.83541999999346,23
normal,secure,0.75,264.87699999999313,23
normal,secure,0.755,264.9185799999928,23
normal,secure,0.76,264.96015999999247,23
normal,secure,0.765,265.00173999999214,23
normal,secure,0.77,265.0433199999918,23
normal,secure,0.775,265.31994999999154,23
normal,secure,0.78,265.87863999999126,23
normal,secure,0.785,266.43732999999105,23
normal,secure,0.79,266.99601999999084,23
normal,secure,0.795,267.5547099999906,23
normal,secure,0.8,268.11339999999035,23
normal,secure,0.805,268.67208999999013,23
normal,secure,0.81,269.2307799999899,23
normal,secure,0.8150000000000001,269.78946999998965,23
normal,secure,0.8200000000000001,270.35391999998996,23
normal,secure,0.8250000000000001,270.9284499999912,23
normal,secure,0.8300000000000001,271.50297999999236,23
normal,secure,0.835,272.07750999999354,23
normal,secure,0.84,272.65203999999477,23
normal,secure,0.845,273.22656999999595,23
normal,secure,0.85,273.8010999999971,23
normal,secure,0.855,274.3756299999983,23
normal,secure,0.86,274.9501599999995,23
normal,secure,0.865,275.4606999999999,23
normal,secure,0.87,275.8005999999981,23
normal,secure,0.875,276.14049999999634,23
normal,secure,0.88,276.4803999999946,23
normal,secure,0.885,276.82029999999276,23
normal,secure,0.89,277.160199999991,23
normal,secure,0.895,277.5000999999892,23
normal,secure,0.9,277.8399999999874,23
normal,secure,0.905,278.17989999998565,23
normal,secure,0.91,278.5100999999845,23
normal,secure,0.915,278.79664999998647,23
normal,secure,0.92,279.08319999998844,23
normal,secure,0.925,279.3697499999904,23
normal,secure,0.93,279.6562999999923,23
normal,secure,0.935,279.9428499999943,23
normal,secure,0.9400000000000001,280.22939999999625,23
normal,secure,0.9450000000000001,280.5159499999982,23
normal,secure,0.9500000000000001,280.8025000000001,23
normal,secure,0.9550000000000001,281.14319000000194,23
normal,secure,0.96,282.0252800000016,23
normal,secure,0.965,282.9073700000014,23
normal,secure,0.97,283.7894600000011,23
normal,secure,0.975,284.6715500000008,23
normal,secure,0.98,285.55364000000054,23
normal,secure,0.985,286.43573000000026,23
normal,secure,0.99,287.31782,23
normal,secure,0.995,288.1999099999997,23
normal,secure,1.0,289.0819999999994,23
mixed,always_on,0.0,146.29000000000815,86
mixed,always_on,0.005,148.2602999999952,86
mixed,always_on,0.01,150.23059999998222,86
mixed,always_on,0.015,152.20997499998012,86
mixed,always_on,0.02,154.1942999999839,86
mixed,always_on,0.025,156.42574999998942,86
mixed,always_on,0.03,159.25029999999896,86
mixed,always_on,0.035,162.07485000000852,86
mixed,always_on,0.04,163.46820000000298,86
mixed,always_on,0.045,164.7720999999965,86
mixed,always_on,0.05,166.7824999999939,86
mixed,always_on,0.055,169.28744999999398,86
mixed,always_on,0.06,171.67139999999344,86
mixed,always_on,0.065,173.66209999999083,86
mixed,always_on,0.07,175.6527999999882,86
mixed,always_on,0.075,177.53249999999025,86
mixed,always_on,0.08,179.39739999999293,86
mixed,always_on,0.085,180.36387499999552,86
mixed,always_on,0.09,180.531749999998,86
mixed,always_on,0.095,181.25402499999967,86
mixed,always_on,0.1,184.56349999999748,86
mixed,always_on,0.105,187.87297499999525,86
mixed,always_on,0.11,189.39289999999582,86
mixed,always_on,0.115,190.52934999999698,86
mixed,always_on,0.12,192.5661999999982,86
mixed,always_on,0.125,195.61599999999953,86
mixed,always_on,0.13,198.68685000000042,86
mixed,always_on,0.135,201.915574999998,86
mixed,always_on,0.14,205.14429999999555,86
mixed,always_on,0.145,206.0424499999972,86
mixed,always_on,0.15,206.22350000000006,86
mixed,always_on,0.155,207.14060000000137,86
mixed,always_on,0.16,209.1092000000004,86
mixed,always_on,0.165,211.0664249999996,86
mixed,always_on,0.17,212.84165000000104,86
mixed,always_on,0.17500000000000002,214.61687500000244,86
mixed,always_on,0.18,215.72460000000646,86
mixed,always_on,0.185,216.55420000001158,86
mixed,always_on,0.19,217.70540000001347,86
mixed,always_on,0.195,219.4462000000094,86
mixed,always_on,0.2,221.18700000000536,86
mixed,always_on,0.20500000000000002,223.3961500000032,86
mixed,always_on,0.21,225.60530000000097,86
mixed,always_on,0.215,226.44824999999759,86
mixed,always_on,0.22,226.54599999999354,86
mixed,always_on,0.225,226.63549999999304,86
mixed,always_on,0.23,226.70520000000107,86
mixed,always_on,0.23500000000000001,226.77490000000907,86
mixed,always_on,0.24,227.25620000000345,86
mixed,always_on,0.245,227.76322499999696,86
mixed,always_on,0.25,228.8314999999966,86
mixed,always_on,0.255,230.2926500000005,86
mixed,always_on,0.26,232.01100000000443,86
mixed,always_on,0.265,234.5652500000084,86
mixed,always_on,0.27,237.11950000001235,86
mixed,always_on,0.275,241.36575000000633,86
mixed,always_on,0.28,245.83759999999893,86
mixed,always_on,0.28500000000000003,247.95144999999576,86
mixed,always_on,0.29,247.96929999999628,86
mixed,always_on,0.295,248.08779999999715,86
mixed,always_on,0.3,248.67599999999948,86
mixed,always_on,0.305,249.2642000000018,86
mixed,always_on,0.31,249.69595000000407,86
mixed,always_on,0.315,250.09417500000637,86
mixed,always_on,0.32,251.3274000000034,86
mixed,always_on,0.325,253.49999999999454,86
mixed,always_on,0.33,255.47949999998735,86
mixed,always_on,0.335,256.01074999999275,86
mixed,always_on,0.34,256.5419999999982,86
mixed,always_on,0.34500000000000003,256.98029999999767,86
mixed,always_on,0.35000000000000003,257.3899999999953,86
mixed,always_on,0.355,258.35987499999504,86
mixed,always_on,0.36,260.1299999999977,86
mixed,always_on,0.365,261.81472500000024,86
mixed,always_on,0.37,262.13304999999934,86
mixed,always_on,0.375,262.4513749999985,86
mixed,always_on,0.38,263.83619999999934,86
mixed,always_on,0.385,265.66540000000094,86
mixed,always_on,0.39,268.00670000000207,86
mixed,always_on,0.395,271.28685000000246,86
mixed,always_on,0.4,274.56700000000274,86
mixed,always_on,0.405,274.85727500000155,86
mixed,always_on,0.41000000000000003,275.1475500000004,86
mixed,always_on,0.41500000000000004,275.7793750000008,86
mixed,always_on,0.42,276.597500000002,86
mixed,always_on,0.425,277.4180000000015,86
mixed,always_on,0.43,278.2441999999966,86
mixed,always_on,0.435,279.07039999999176,86
mixed,always_on,0.44,281.3073999999964,86
mixed,always_on,0.445,283.6325750000016,86
mixed,always_on,0.45,284.7960000000003,86
mixed,always_on,0.455,285.14619999999434,86
mixed,always_on,0.46,286.18949999999023,86
mixed,always_on,0.465,289.4853749999922,86
mixed,always_on,0.47000000000000003,292.7812499999942,86
mixed,always_on,0.47500000000000003,295.93799999999646,86
mixed,always_on,0.48,299.0761999999988,86
mixed,always_on,0.485,300.71364999999986,86
mixed,always_on,0.49,301.01709999999986,86
mixed,always_on,0.495,301.46154999999976,86
mixed,always_on,0.5,302.5639999999994,86
mixed,always_on,0.505,303.66644999999903,86
mixed,always_on,0.51,304.689099999999,86
mixed,always_on,0.515,305.69464999999894,86
mixed,always_on,0.52,306.3537999999991,86
mixed,always_on,0.525,306.62324999999953,86
mixed,always_on,0.53,307.0223999999999,86
mixed,always_on,0.535,308.39429999999993,86
mixed,always_on,0.54,309.76619999999997,86
mixed,always_on,0.545,311.0194749999999,86
mixed,always_on,0.55,312.2362499999998,86
mixed,always_on,0.555,313.3184499999989,86
mixed,always_on,0.56,314.2083999999968,86
mixed,always_on,0.5650000000000001,315.15779999999495,86
mixed,always_on,0.5700000000000001,317.05839999999716,86
mixed,always_on,0.5750000000000001,318.95899999999943,86
mixed,always_on,0.58,319.71990000000187,86
mixed,always_on,0.585,320.0059250000045,86
mixed,always_on,0.59,320.7964000000073,86
mixed,always_on,0.595,322.51170000001036,86
mixed,always_on,0.6,324.2270000000135,86
mixed,always_on,0.605,324.2958500000121,86
mixed,always_on,0.61,324.36470000001066,86
mixed,always_on,0.615,325.23820000000705,86
mixed,always_on,0.62,326.5506000000023,86
mixed,always_on,0.625,328.1436249999988,86
mixed,always_on,0.63,330.4101499999982,86
mixed,always_on,0.635,332.6766749999977,86
mixed,always_on,0.64,332.9971999999951,86
mixed,always_on,0.645,333.19609999999227,86
mixed,always_on,0.65,333.40599999999176,86
mixed,always_on,0.655,333.6235999999928,86
mixed,always_on,0.66,334.11069999999455,86
mixed,always_on,0.665,335.4736749999986,86
mixed,always_on,0.67,336.8366500000026,86
mixed,always_on,0.675,337.3386250000003,86
mixed,always_on,0.68,337.72579999999726,86
mixed,always_on,0.685,339.50594999999885,86
mixed,always_on,0.6900000000000001,342.52430000000464,86
mixed,always_on,0.6950000000000001,345.29102500000846,86
mixed,always_on,0.7000000000000001,346.88350000000355,86
mixed,always_on,0.705,348.47597499999864,86
mixed,always_on,0.71,349.44579999999866,86
mixed,always_on,0.715,350.28219999999976,86
mixed,always_on,0.72,350.7797999999995,86
mixed,always_on,0.725,350.89624999999774,86
mixed,always_on,0.73,351.01304999999627,86
mixed,always_on,0.735,351.13247499999744,86
mixed,always_on,0.74,351.25189999999856,86
mixed,always_on,0.745,351.29787499999657,86
mixed,always_on,0.75,351.3212499999936,86
mixed,always_on,0.755,351.41567499998854,86
mixed,always_on,0.76,351.6115999999805,86
mixed,always_on,0.765,351.8296999999737,86
mixed,always_on,0.77,352.4025999999852,86
mixed,always_on,0.775,352.9754999999968,86
mixed,always_on,0.78,354.18649999999326,86
mixed,always_on,0.785,355.6633749999834,86
mixed,always_on,0.79,357.3371999999803,86
mixed,always_on,0.795,359.37209999998976,86
mixed,always_on,0.8,361.40699999999924,86
mixed,always_on,0.805,361.81839999999954,86
mixed,always_on,0.81,362.2297999999999,86
mixed,always_on,0.8150000000000001,365.65272499999855,86
mixed,always_on,0.8200000000000001,370.71829999999613,86
mixed,always_on,0.8250000000000001,374.5397499999963,86
mixed,always_on,0.8300000000000001,375.37530000000265,86
mixed,always_on,0.835,376.2108500000089,86
mixed,always_on,0.84,378.7416000000084,86
mixed,always_on,0.845,381.3783000000076,86
mixed,always_on,0.85,383.73275000000285,86
mixed,always_on,0.855,385.8896249999954,86
mixed,always_on,0.86,388.68429999999125,86
mixed,always_on,0.865,393.5518249999982,86
mixed,always_on,0.87,398.4193500000049,86
mixed,always_on,0.875,399.9917500000033,86
mixed,always_on,0.88,401.1248000000007,86
mixed,always_on,0.885,401.94464999999974,86
mixed,always_on,0.89,402.48610000000025,86
mixed,always_on,0.895,404.6825000000005,86
mixed,always_on,0.9,414.60199999999895,86
mixed,always_on,0.905,424.5214999999974,86
mixed,always_on,0.91,428.41190000000284,86
mixed,always_on,0.915,431.0103500000096,86
mixed,always_on,0.92,439.38580000001247,86
mixed,always_on,0.925,454.26037500001075,86
mixed,always_on,0.93,467.46290000000886,86
mixed,always_on,0.935,468.125050000005,86
mixed,always_on,0.9400000000000001,468.7872000000011,86
mixed,always_on,0.9450000000000001,469.84779999999984,86
mixed,always_on,0.9500000000000001,471.03099999999927,86
mixed,always_on,0.9550000000000001,473.2265749999945,86
mixed,always_on,0.96,476.86839999998335,86
mixed,always_on,0.965,480.4788999999736,86
mixed,always_on,0.97,483.5881999999848,86
mixed,always_on,0.975,486.6974999999959,86
mixed,always_on,0.98,489.9435999999994,86
mixed,always_on,0.985,493.24669999999975,86
mixed,always_on,0.99,500.3434500000002,86
mixed,always_on,0.995,514.3952250000002,86
mixed,always_on,1.0,528.4470000000001,86
mixed,motion_only,0.0,226.9759999999951,35
mixed,motion_only,0.005,229.05730999999548,35
mixed,motion_only,0.01,231.13861999999585,35
mixed,motion_only,0.015,233.21992999999622,35
mixed,motion_only,0.02,235.30123999999662,35
mixed,motion_only,0.025,237.382549999997,35
mixed,motion_only,0.03,239.25533999999737,35
mixed,motion_only,0.035,239.56422999999785,35
mixed,motion_only,0.04,239.8731199999983,35
mixed,motion_only,0.045,240.18200999999877,35
mixed,motion_only,0.05,240.49089999999924,35
mixed,motion_only,0.055,240.7997899999997,35
mixed,motion_only,0.06,241.28320000000008,35
mixed,motion_only,0.065,242.3338000000001,35
mixed,motion_only,0.07,243.38440000000017,35
mixed,motion_only,0.075,244.43500000000023,35
mixed,motion_only,0.08,245.48560000000026,35
mixed,motion_only,0.085,246.53620000000032,35
mixed,motion_only,0.09,247.27492000000035,35
mixed,motion_only,0.095,247.44186000000033,35
mixed,motion_only,0.1,247.60880000000034,35
mixed,motion_only,0.105,247.77574000000033,35
mixed,motion_only,0.11,247.94268000000034,35
mixed,motion_only,0.115,248.10962000000032,35
mixed,motion_only,0.12,248.28384000000094,35
mixed,motion_only,0.125,248.46625000000222,35
mixed,motion_only,0.13,248.6486600000035,35
mixed,motion_only,0.135,248.83107000000481,35
mixed,motion_only,0.14,249.0134800000061,35
mixed,motion_only,0.145,249.19589000000738,35
mixed,motion_only,0.15,249.58090000000666,35
mixed,motion_only,0.155,250.10773000000452,35
mixed,motion_only,0.16,250.63456000000238,35
mixed,motion_only,0.165,251.16139000000024,35
mixed,motion_only,0.17,251.6882199999981,35
mixed,motion_only,0.17500000000000002,252.21504999999598,35
mixed,motion_only,0.18,252.47367999999574,35
mixed,motion_only,0.185,252.6205599999963,35
mixed,motion_only,0.19,252.7674399999968,35
mixed,motion_only,0.195,252.91431999999736,35
mixed,motion_only,0.2,253.0611999999979,35
mixed,motion_only,0.20500000000000002,253.20807999999846,35
mixed,motion_only,0.21,253.50559999999862,35
mixed,motion_only,0.215,253.8353999999987,35
mixed,motion_only,0.22,254.1651999999988,35
mixed,motion_only,0.225,254.4949999999989,35
mixed,motion_only,0.23,254.824799999999,35
mixed,motion_only,0.23500000000000001,255.15459999999905,35
mixed,motion_only,0.24,255.18743999999947,35
mixed,motion_only,0.245,255.2017199999999,35
mixed,motion_only,0.25,255.21600000000035,35
mixed,motion_only,0.255,255.2302800000008,35
mixed,motion_only,0.26,255.24456000000123,35
mixed,motion_only,0.265,255.26327000000165,35
mixed,motion_only,0.27,255.35286000000195,35
mixed,motion_only,0.275,255.44245000000228,35
mixed,motion_only,0.28,255.5320400000026,35
mixed,motion_only,0.28500000000000003,255.6216300000029,35
mixed,motion_only,0.29,255.71122000000324,35
mixed,motion_only,0.295,255.79013000000356,35
mixed,motion_only,0.3,255.81920000000392,35
mixed,motion_only,0.305,255.84827000000428,35
mixed,motion_only,0.31,255.87734000000464,35
mixed,motion_only,0.315,255.90641000000497,35
mixed,motion_only,0.32,255.93548000000533,35
mixed,motion_only,0.325,256.00140000000533,35
mixed,motion_only,0.33,256.15576000000436,35
mixed,motion_only,0.335,256.3101200000034,35
mixed,motion_only,0.34,256.4644800000025,35
mixed,motion_only,0.34500000000000003,256.6188400000015,35
mixed,motion_only,0.35000000000000003,256.7732000000006,35
mixed,motion_only,0.355,256.86904000000015,35
mixed,motion_only,0.36,256.8812800000004,35
mixed,motion_only,0.365,256.89352000000065,35
mixed,motion_only,0.37,256.9057600000009,35
mixed,motion_only,0.375,256.91800000000114,35
mixed,motion_only,0.38,256.9302400000014,35
mixed,motion_only,0.385,257.1032200000009,35
mixed,motion_only,0.39,257.41907999999967,35
mixed,motion_only,0.395,257.73493999999846,35
mixed,motion_only,0.4,258.05079999999725,35
mixed,motion_only,0.405,258.36665999999605,35
mixed,motion_only,0.41000000000000003,258.68251999999484,35
mixed,motion_only,0.41500000000000004,258.96944999999454,35
mixed,motion_only,0.42,259.24059999999474,35
mixed,motion_only,0.425,259.51174999999495,35
mixed,motion_only,0.43,259.78289999999515,35
mixed,motion_only,0.435,260.05404999999536,35
mixed,motion_only,0.44,260.3251999999955,35
mixed,motion_only,0.445,260.5156199999958,35
mixed,motion_only,0.45,260.6811999999962,35
mixed,motion_only,0.455,260.8467799999965,35
mixed,motion_only,0.46,261.0123599999968,35
mixed,motion_only,0.465,261.1779399999972,35
mixed,motion_only,0.47000000000000003,261.3435199999975,35
mixed,motion_only,0.47500000000000003,261.58049999999713,35
mixed,motion_only,0.48,261.82699999999664,35
mixed,motion_only,0.485,262.0734999999961,35
mixed,motion_only,0.49,262.3199999999956,35
mixed,motion_only,0.495,262.56649999999513,35
mixed,motion_only,0.5,262.81299999999464,35
mixed,motion_only,0.505,263.0637499999944,35
mixed,motion_only,0.51,263.31449999999415,35
mixed,motion_only,0.515,263.5652499999939,35
mixed,motion_only,0.52,263.81599999999366,35
mixed,motion_only,0.525,264.0667499999934,35
mixed,motion_only,0.53,264.28949999999355,35
mixed,motion_only,0.535,264.3022499999968,35
mixed,motion_only,0.54,264.315,35
mixed,motion_only,0.545,264.3277500000032,35
mixed,motion_only,0.55,264.34050000000644,35
mixed,motion_only,0.555,264.35325000000967,35
mixed,motion_only,0.56,264.4478000000119,35
mixed,motion_only,0.5650000000000001,264.80820000001114,35
mixed,motion_only,0.5700000000000001,265.1686000000103,35
mixed,motion_only,0.5750000000000001,265.52900000000955,35
mixed,motion_only,0.58,265.8894000000088,35
mixed,motion_only,0.585,266.24980000000795,35
mixed,motion_only,0.59,266.6091200000065,35
mixed,motion_only,0.595,266.96646000000385,35
mixed,motion_only,0.6,267.3238000000012,35
mixed,motion_only,0.605,267.68113999999855,35
mixed,motion_only,0.61,268.0384799999959,35
mixed,motion_only,0.615,268.39581999999325,35
mixed,motion_only,0.62,268.67779999999215,35
mixed,motion_only,0.625,268.8749999999927,35
mixed,motion_only,0.63,269.0721999999933,35
mixed,motion_only,0.635,269.26939999999394,35
mixed,motion_only,0.64,269.4665999999945,35
mixed,motion_only,0.645,269.6637999999951,35
mixed,motion_only,0.65,269.89929999999583,35
mixed,motion_only,0.655,270.1616099999967,35
mixed,motion_only,0.66,270.4239199999976,35
mixed,motion_only,0.665,270.6862299999985,35
mixed,motion_only,0.67,270.94853999999935,35
mixed,motion_only,0.675,271.2108500000002,35
mixed,motion_only,0.68,271.3520800000004,35
mixed,motion_only,0.685,271.4428600000004,35
mixed,motion_only,0.6900000000000001,271.53364000000033,35
mixed,motion_only,0.6950000000000001,271.62442000000027,35
mixed,motion_only,0.7000000000000001,271.7152000000002,35
mixed,motion_only,0.705,271.80598000000015,35
mixed,motion_only,0.71,271.8971800000017,35
mixed,motion_only,0.715,271.9884700000036,35
mixed,motion_only,0.72,272.0797600000055,35
mixed,motion_only,0.725,272.17105000000737,35
mixed,motion_only,0.73,272.26234000000926,35
mixed,motion_only,0.735,272.3536300000112,35
mixed,motion_only,0.74,272.46716000000947,35
mixed,motion_only,0.745,272.5820800000075,35
mixed,motion_only,0.75,272.6970000000056,35
mixed,motion_only,0.755,272.8119200000036,35
mixed,motion_only,0.76,272.9268400000017,35
mixed,motion_only,0.765,273.0543299999999,35
mixed,motion_only,0.77,273.38293999999985,35
mixed,motion_only,0.775,273.7115499999999,35
mixed,motion_only,0.78,274.04015999999984,35
mixed,motion_only,0.785,274.36876999999987,35
mixed,motion_only,0.79,274.69737999999984,35
mixed,motion_only,0.795,274.9868399999998,35
mixed,motion_only,0.8,275.0935999999994,35
mixed,motion_only,0.805,275.2003599999991,35
mixed,motion_only,0.81,275.3071199999987,35
mixed,motion_only,0.8150000000000001,275.41387999999836,35
mixed,motion_only,0.8200000000000001,275.52063999999797,35
mixed,motion_only,0.8250000000000001,275.65234999999774,35
mixed,motion_only,0.8300000000000001,275.8439399999978,35
mixed,motion_only,0.835,276.0355299999979,35
mixed,motion_only,0.84,276.22711999999797,35
mixed,motion_only,0.845,276.41870999999804,35
mixed,motion_only,0.85,276.6102999999981,35
mixed,motion_only,0.855,276.9202599999981,35
mixed,motion_only,0.86,277.39931999999794,35
mixed,motion_only,0.865,277.87837999999783,35
mixed,motion_only,0.87,278.3574399999977,35
mixed,motion_only,0.875,278.8364999999976,35
mixed,motion_only,0.88,279.3155599999975,35
mixed,motion_only,0.885,279.7998399999991,35
mixed,motion_only,0.89,280.28876000000224,35
mixed,motion_only,0.895,280.7776800000054,35
mixed,motion_only,0.9,281.26660000000845,35
mixed,motion_only,0.905,281.7555200000116,35
mixed,motion_only,0.91,282.2444400000147,35
mixed,motion_only,0.915,283.10615000001405,35
mixed,motion_only,0.92,284.17120000001137,35
mixed,motion_only,0.925,285.2362500000086,35
mixed,motion_only,0.93,286.3013000000059,35
mixed,motion_only,0.935,287.3663500000032,35
mixed,motion_only,0.9400000000000001,288.43140000000045,35
mixed,motion_only,0.9450000000000001,288.7837899999994,35
mixed,motion_only,0.9500000000000001,288.9168999999988,35
mixed,motion_only,0.9550000000000001,289.0500099999982,35
mixed,motion_only,0.96,289.1831199999977,35
mixed,motion_only,0.965,289.3162299999971,35
mixed,motion_only,0.97,289.4493399999966,35
mixed,motion_only,0.975,290.4063999999962,35
mixed,motion_only,0.98,291.47331999999585,35
mixed,motion_only,0.985,292.54023999999555,35
mixed,motion_only,0.99,293.6071599999952,35
mixed,motion_only,0.995,294.67407999999483,35
mixed,motion_only,1.0,295.74099999999453,35
mixed,fixed_threshold,0.0,226.9759999999951,37
mixed,fixed_threshold,0.005,229.17973999999552,37
mixed,fixed_threshold,0.01,231.3834799999959,37
mixed,fixed_threshold,0.015,233.5872199999963,37
mixed,fixed_threshold,0.02,235.79095999999672,37
mixed,fixed_threshold,0.025,237.9946999999971,37
mixed,fixed_threshold,0.03,239.36435999999753,37
mixed,fixed_threshold,0.035,239.69141999999803,37
mixed,fixed_threshold,0.04,240.01847999999853,37
mixed,fixed_threshold,0.045,240.345539999999,37
mixed,fixed_threshold,0.05,240.6725999999995,37
mixed,fixed_threshold,0.055,240.99966,37
mixed,fixed_threshold,0.06,241.990400000003,37
mixed,fixed_threshold,0.065,243.06410000000628,37
mixed,fixed_threshold,0.07,244.1378000000096,37
mixed,fixed_threshold,0.075,245.2115000000129,37
mixed,fixed_threshold,0.08,246.2852000000162,37
mixed,fixed_threshold,0.085,247.01390000001732,37
mixed,fixed_threshold,0.09,247.05260000001405,37
mixed,fixed_threshold,0.095,247.09130000001082,37
mixed,fixed_threshold,0.1,247.13000000000756,37
mixed,fixed_threshold,0.105,247.16870000000432,37
mixed,fixed_threshold,0.11,247.20740000000106,37
mixed,fixed_threshold,0.115,247.35348000000033,37
mixed,fixed_threshold,0.12,247.53024000000033,37
mixed,fixed_threshold,0.125,247.70700000000033,37
mixed,fixed_threshold,0.13,247.88376000000034,37
mixed,fixed_threshold,0.135,248.06052000000034,37
mixed,fixed_threshold,0.14,248.2409200000006,37
mixed,fixed_threshold,0.145,248.43406000000198,37
mixed,fixed_threshold,0.15,248.62720000000337,37
mixed,fixed_threshold,0.155,248.82034000000473,37
mixed,fixed_threshold,0.16,249.0134800000061,37
mixed,fixed_threshold,0.165,249.20662000000746,37
mixed,fixed_threshold,0.17,249.30928000000654,37
mixed,fixed_threshold,0.17500000000000002,249.3667000000045,37
mixed,fixed_threshold,0.18,249.42412000000243,37
mixed,fixed_threshold,0.185,249.4815400000004,37
mixed,fixed_threshold,0.19,249.53895999999833,37
mixed,fixed_threshold,0.195,249.67071999999638,37
mixed,fixed_threshold,0.2,250.39719999999505,37
mixed,fixed_threshold,0.20500000000000002,251.12367999999375,37
mixed,fixed_threshold,0.21,251.85015999999246,37
mixed,fixed_threshold,0.215,252.57663999999116,37
mixed,fixed_threshold,0.22,253.30311999998986,37
mixed,fixed_threshold,0.225,253.78079999999028,37
mixed,fixed_threshold,0.23,254.05943999999204,37
mixed,fixed_threshold,0.23500000000000001,254.3380799999938,37
mixed,fixed_threshold,0.24,254.61671999999555,37
mixed,fixed_threshold,0.245,254.8953599999973,37
mixed,fixed_threshold,0.25,255.17399999999907,37
mixed,fixed_threshold,0.255,255.18911999999952,37
mixed,fixed_threshold,0.26,255.20424,37
mixed,fixed_threshold,0.265,255.21936000000045,37
mixed,fixed_threshold,0.27,255.2344800000009,37
mixed,fixed_threshold,0.275,255.24960000000138,37
mixed,fixed_threshold,0.28,255.31384000000196,37
mixed,fixed_threshold,0.28500000000000003,255.43948000000265,37
mixed,fixed_threshold,0.29,255.56512000000336,37
mixed,fixed_threshold,0.295,255.69076000000408,37
mixed,fixed_threshold,0.3,255.8164000000048,37
mixed,fixed_threshold,0.305,255.9420400000055,37
mixed,fixed_threshold,0.31,256.1012800000047,37
mixed,fixed_threshold,0.315,256.2647200000037,37
mixed,fixed_threshold,0.32,256.4281600000027,37
mixed,fixed_threshold,0.325,256.5916000000017,37
mixed,fixed_threshold,0.33,256.7550400000007,37
mixed,fixed_threshold,0.335,256.8683200000001,37
mixed,fixed_threshold,0.34,256.8812800000004,37
mixed,fixed_threshold,0.34500000000000003,256.89424000000065,37
mixed,fixed_threshold,0.35000000000000003,256.9072000000009,37
mixed,fixed_threshold,0.355,256.9201600000012,37
mixed,fixed_threshold,0.36,256.93312000000145,37
mixed,fixed_threshold,0.365,257.1961200000005,37
mixed,fixed_threshold,0.37,257.53055999999924,37
mixed,fixed_threshold,0.375,257.86499999999796,37
mixed,fixed_threshold,0.38,258.1994399999967,37
mixed,fixed_threshold,0.385,258.5338799999954,37
mixed,fixed_threshold,0.39,258.8577999999945,37
mixed,fixed_threshold,0.395,259.14489999999466,37
mixed,fixed_threshold,0.4,259.4319999999949,37
mixed,fixed_threshold,0.405,259.7190999999951,37
mixed,fixed_threshold,0.41000000000000003,260.0061999999953,37
mixed,fixed_threshold,0.41500000000000004,260.2932999999955,37
mixed,fixed_threshold,0.42,260.51091999999596,37
mixed,fixed_threshold,0.425,260.69379999999654,37
mixed,fixed_threshold,0.43,260.8766799999971,37
mixed,fixed_threshold,0.435,261.0595599999977,37
mixed,fixed_threshold,0.44,261.24243999999834,37
mixed,fixed_threshold,0.445,261.4292999999989,37
mixed,fixed_threshold,0.45,261.64799999999923,37
mixed,fixed_threshold,0.455,261.8666999999996,37
mixed,fixed_threshold,0.46,262.08539999999994,37
mixed,fixed_threshold,0.465,262.3041000000003,37
mixed,fixed_threshold,0.47000000000000003,262.52280000000064,37
mixed,fixed_threshold,0.47500000000000003,262.6918000000011,37
mixed,fixed_threshold,0.48,262.8210400000015,37
mixed,fixed_threshold,0.485,262.950280000002,37
mixed,fixed_threshold,0.49,263.07952000000245,37
mixed,fixed_threshold,0.495,263.20876000000294,37
mixed,fixed_threshold,0.5,263.3380000000034,37
mixed,fixed_threshold,0.505,263.50900000000155,37
mixed,fixed_threshold,0.51,263.6799999999997,37
mixed,fixed_threshold,0.515,263.8509999999979,37
mixed,fixed_threshold,0.52,264.02199999999607,37
mixed,fixed_threshold,0.525,264.1929999999942,37
mixed,fixed_threshold,0.53,264.6317599999931,37
mixed,fixed_threshold,0.535,265.4052199999928,37
mixed,fixed_threshold,0.54,266.1786799999926,37
mixed,fixed_threshold,0.545,266.95213999999237,37
mixed,fixed_threshold,0.55,267.72559999999214,37
mixed,fixed_threshold,0.555,268.49905999999186,37
mixed,fixed_threshold,0.56,268.77059999999244,37
mixed,fixed_threshold,0.5650000000000001,268.97939999999306,37
mixed,fixed_threshold,0.5700000000000001,269.1881999999937,37
mixed,fixed_threshold,0.5750000000000001,269.3969999999943,37
mixed,fixed_threshold,0.58,269.60579999999493,37
mixed,fixed_threshold,0.585,269.8696199999956,37
mixed,fixed_threshold,0.59,270.2434799999965,37
mixed,fixed_threshold,0.595,270.61733999999734,37
mixed,fixed_threshold,0.6,270.99119999999823,37
mixed,fixed_threshold,0.605,271.36505999999906,37
mixed,fixed_threshold,0.61,271.73891999999995,37
mixed,fixed_threshold,0.615,271.8971800000017,37
mixed,fixed_threshold,0.62,271.9938400000037,37
mixed,fixed_threshold,0.625,272.0905000000057,37
mixed,fixed_threshold,0.63,272.18716000000774,37
mixed,fixed_threshold,0.635,272.2838200000097,37
mixed,fixed_threshold,0.64,272.38604000001084,37
mixed,fixed_threshold,0.645,272.50772000000876,37
mixed,fixed_threshold,0.65,272.62940000000674,37
mixed,fixed_threshold,0.655,272.75108000000466,37
mixed,fixed_threshold,0.66,272.8727600000026,37
mixed,fixed_threshold,0.665,272.99444000000057,37
mixed,fixed_threshold,0.67,273.26096000000047,37
mixed,fixed_threshold,0.675,273.5999000000014,37
mixed,fixed_threshold,0.68,273.93884000000236,37
mixed,fixed_threshold,0.685,274.27778000000336,37
mixed,fixed_threshold,0.6900000000000001,274.6167200000043,37
mixed,fixed_threshold,0.6950000000000001,274.91900000000504,37
mixed,fixed_threshold,0.7000000000000001,274.9280000000041,37
mixed,fixed_threshold,0.705,274.93700000000314,37
mixed,fixed_threshold,0.71,274.9460000000022,37
mixed,fixed_threshold,0.715,274.95500000000123,37
mixed,fixed_threshold,0.72,274.9640000000003,37
mixed,fixed_threshold,0.725,275.4119999999994,37
mixed,fixed_threshold,0.73,276.2111999999987,37
mixed,fixed_threshold,0.735,277.010399999998,37
mixed,fixed_threshold,0.74,277.80959999999726,37
mixed,fixed_threshold,0.745,278.60879999999656,37
mixed,fixed_threshold,0.75,279.4079999999958,37
mixed,fixed_threshold,0.755,279.4319399999961,37
mixed,fixed_threshold,0.76,279.4558799999964,37
mixed,fixed_threshold,0.765,279.47981999999666,37
mixed,fixed_threshold,0.77,279.503759999997,37
mixed,fixed_threshold,0.775,279.52769999999725,37
mixed,fixed_threshold,0.78,279.6307599999977,37
mixed,fixed_threshold,0.785,279.83271999999823,37
mixed,fixed_threshold,0.79,280.0346799999988,37
mixed,fixed_threshold,0.795,280.23663999999934,37
mixed,fixed_threshold,0.8,280.43859999999984,37
mixed,fixed_threshold,0.805,280.6405600000004,37
mixed,fixed_threshold,0.81,280.68988000000127,37
mixed,fixed_threshold,0.8150000000000001,280.7201200000022,37
mixed,fixed_threshold,0.8200000000000001,280.7503600000031,37
mixed,fixed_threshold,0.8250000000000001,280.78060000000403,37
mixed,fixed_threshold,0.8300000000000001,280.810840000005,37
mixed,fixed_threshold,0.835,280.9261600000062,37
mixed,fixed_threshold,0.84,281.21164000000806,37
mixed,fixed_threshold,0.845,281.4971200000099,37
mixed,fixed_threshold,0.85,281.7826000000117,37
mixed,fixed_threshold,0.855,282.0680800000136,37
mixed,fixed_threshold,0.86,282.3535600000154,37
mixed,fixed_threshold,0.865,283.2941000000136,37
mixed,fixed_threshold,0.87,284.4218000000107,37
mixed,fixed_threshold,0.875,285.5495000000078,37
mixed,fixed_threshold,0.88,286.6772000000049,37
mixed,fixed_threshold,0.885,287.804900000002,37
mixed,fixed_threshold,0.89,288.71331999999967,37
mixed,fixed_threshold,0.895,288.85425999999904,37
mixed,fixed_threshold,0.9,288.9951999999985,37
mixed,fixed_threshold,0.905,289.1361399999979,37
mixed,fixed_threshold,0.91,289.2770799999973,37
mixed,fixed_threshold,0.915,289.4180199999967,37
mixed,fixed_threshold,0.92,289.480839999998,37
mixed,fixed_threshold,0.925,289.5046000000002,37
mixed,fixed_threshold,0.93,289.5283600000024,37
mixed,fixed_threshold,0.935,289.55212000000466,37
mixed,fixed_threshold,0.9400000000000001,289.57588000000686,37
mixed,fixed_threshold,0.9450000000000001,289.6540400000088,37
mixed,fixed_threshold,0.9500000000000001,290.1674000000086,37
mixed,fixed_threshold,0.9550000000000001,290.68076000000843,37
mixed,fixed_threshold,0.96,291.19412000000824,37
mixed,fixed_threshold,0.965,291.7074800000081,37
mixed,fixed_threshold,0.97,292.2208400000079,37
mixed,fixed_threshold,0.975,292.77820000000645,37
mixed,fixed_threshold,0.98,293.3707600000041,37
mixed,fixed_threshold,0.985,293.9633200000017,37
mixed,fixed_threshold,0.99,294.5558799999993,37
mixed,fixed_threshold,0.995,295.1484399999969,37
mixed,fixed_threshold,1.0,295.74099999999453,37
mixed,event,0.0,135.75800000000163,37
mixed,event,0.005,136.4094200000027,37
mixed,event,0.01,137.06084000000382,37
mixed,event,0.015,137.7122600000049,37
mixed,event,0.02,138.36368000000598,37
mixed,event,0.025,139.01510000000707,37
mixed,event,0.03,139.46756000000693,37
mixed,event,0.035,139.6713200000052,37
mixed,event,0.04,139.87508000000352,37
mixed,event,0.045,140.0788400000018,37
mixed,event,0.05,140.2826000000001,37
mixed,event,0.055,140.4863599999984,37
mixed,event,0.06,140.74707999999896,37
mixed,event,0.065,141.01491999999985,37
mixed,event,0.07,141.2827600000007,37
mixed,event,0.075,141.55060000000157,37
mixed,event,0.08,141.81844000000245,37
mixed,event,0.085,142.04110000000284,37
mixed,event,0.09,142.1734000000023,37
mixed,event,0.095,142.30570000000174,37
mixed,event,0.1,142.43800000000118,37
mixed,event,0.105,142.57030000000066,37
mixed,event,0.11,142.7026000000001,37
mixed,event,0.115,142.9456400000002,37
mixed,event,0.12,143.2203200000005,37
mixed,event,0.125,143.4950000000008,37
mixed,event,0.13,143.7696800000011,37
mixed,event,0.135,144.0443600000014,37
mixed,event,0.14,144.30192000000156,37
mixed,event,0.145,144.49956000000122,37
mixed,event,0.15,144.6972000000009,37
mixed,event,0.155,144.89484000000056,37
mixed,event,0.16,145.09248000000022,37
mixed,event,0.165,145.2901199999999,37
mixed,event,0.17,145.45163999999875,37
mixed,event,0.17500000000000002,145.5950999999972,37
mixed,event,0.18,145.73855999999563,37
mixed,event,0.185,145.88201999999407,37
mixed,event,0.19,146.02547999999254,37
mixed,event,0.195,146.21885999999125,37
mixed,event,0.2,146.81159999999218,37
mixed,event,0.20500000000000002,147.4043399999931,37
mixed,event,0.21,147.997079999994,37
mixed,event,0.215,148.58981999999494,37
mixed,event,0.22,149.18255999999587,37
mixed,event,0.225,149.51919999999663,37
mixed,event,0.23,149.6509599999973,37
mixed,event,0.23500000000000001,149.78271999999794,37
mixed,event,0.24,149.91447999999858,37
mixed,event,0.245,150.04623999999924,37
mixed,event,0.25,150.17799999999988,37
mixed,event,0.255,150.33424000000028,37
mixed,event,0.26,150.49048000000067,37
mixed,event,0.265,150.64672000000107,37
mixed,event,0.27,150.80296000000146,37
mixed,event,0.275,150.95920000000189,37
mixed,event,0.28,151.11992000000203,37
mixed,event,0.28500000000000003,151.28624000000187,37
mixed,event,0.29,151.45256000000168,37
mixed,event,0.295,151.61888000000152,37
mixed,event,0.3,151.78520000000134,37
mixed,event,0.305,151.95152000000118,37
mixed,event,0.31,151.97608000000125,37
mixed,event,0.315,151.98292000000131,37
mixed,event,0.32,151.9897600000014,37
mixed,event,0.325,151.99660000000148,37
mixed,event,0.33,152.00344000000158,37
mixed,event,0.335,152.07808000000162,37
mixed,event,0.34,152.28832000000156,37
mixed,event,0.34500000000000003,152.4985600000015,37
mixed,event,0.35000000000000003,152.70880000000142,37
mixed,event,0.355,152.91904000000136,37
mixed,event,0.36,153.1292800000013,37
mixed,event,0.365,153.9047000000013,37
mixed,event,0.37,154.84160000000128,37
mixed,event,0.375,155.77850000000126,37
mixed,event,0.38,156.71540000000124,37
mixed,event,0.385,157.65230000000122,37
mixed,event,0.39,158.39312000000118,37
mixed,event,0.395,158.447660000001,37
mixed,event,0.4,158.5022000000008,37
mixed,event,0.405,158.55674000000062,37
mixed,event,0.41000000000000003,158.61128000000045,37
mixed,event,0.41500000000000004,158.66582000000025,37
mixed,event,0.42,159.11263999999943,37
mixed,event,0.425,159.7555999999983,37
mixed,event,0.43,160.3985599999972,37
mixed,event,0.435,161.04151999999607,37
mixed,event,0.44,161.68447999999495,37
mixed,event,0.445,162.34095999999437,37
mixed,event,0.45,163.10559999999822,37
mixed,event,0.455,163.87024000000207,37
mixed,event,0.46,164.63488000000595,37
mixed,event,0.465,165.3995200000098,37
mixed,event,0.47000000000000003,166.16416000001365,37
mixed,event,0.47500000000000003,166.67100000001375,37
mixed,event,0.48,166.9716000000108,37
mixed,event,0.485,167.27220000000787,37
mixed,event,0.49,167.57280000000495,37
mixed,event,0.495,167.873400000002,37
mixed,event,0.5,168.17399999999907,37
mixed,event,0.505,168.29441999999807,37
mixed,event,0.51,168.41483999999707,37
mixed,event,0.515,168.53525999999604,37
mixed,event,0.52,168.65567999999504,37
mixed,event,0.525,168.77609999999405,37
mixed,event,0.53,169.04923999999417,37
mixed,event,0.535,169.51327999999572,37
mixed,event,0.54,169.97731999999726,37
mixed,event,0.545,170.44135999999884,37
mixed,event,0.55,170.90540000000038,37
mixed,event,0.555,171.36944000000193,37
mixed,event,0.56,172.44228000000237,37
mixed,event,0.5650000000000001,173.59122000000266,37
mixed,event,0.5700000000000001,174.74016000000296,37
mixed,event,0.5750000000000001,175.88910000000325,37
mixed,event,0.58,177.03804000000352,37
mixed,event,0.585,180.75432000000313,37
mixed,event,0.59,189.60528000000158,37
mixed,event,0.595,198.45624,37
mixed,event,0.6,207.30719999999846,37
mixed,event,0.605,216.15815999999705,37
mixed,event,0.61,225.0091199999955,37
mixed,event,0.615,230.09729999999692,37
mixed,event,0.62,234.1103999999992,37
mixed,event,0.625,238.1235000000015,37
mixed,event,0.63,242.13660000000382,37
mixed,event,0.635,246.1497000000061,37
mixed,event,0.64,249.50712000000755,37
mixed,event,0.645,250.56966000000597,37
mixed,event,0.65,251.6322000000044,37
mixed,event,0.655,252.6947400000028,37
mixed,event,0.66,253.7572800000012,37
mixed,event,0.665,254.8198199999996,37
mixed,event,0.67,255.26783999999986,37
mixed,event,0.675,255.40860000000103,37
mixed,event,0.68,255.5493600000022,37
mixed,event,0.685,255.69012000000336,37
mixed,event,0.6900000000000001,255.83088000000456,37
mixed,event,0.6950000000000001,256.0446600000054,37
mixed,event,0.7000000000000001,256.8426000000036,37
mixed,event,0.705,257.6405400000018,37
mixed,event,0.71,258.43847999999997,37
mixed,event,0.715,259.2364199999982,37
mixed,event,0.72,260.03435999999635,37
mixed,event,0.725,260.7788999999953,37
mixed,event,0.73,261.4807199999949,37
mixed,event,0.735,262.1825399999945,37
mixed,event,0.74,262.88435999999405,37
mixed,event,0.745,263.58617999999365,37
mixed,event,0.75,264.2879999999932,37
mixed,event,0.755,265.74077999999645,37
mixed,event,0.76,267.1935599999997,37
mixed,event,0.765,268.64634000000297,37
mixed,event,0.77,270.0991200000062,37
mixed,event,0.775,271.5519000000095,37
mixed,event,0.78,272.5637200000108,37
mixed,event,0.785,273.0243400000097,37
mixed,event,0.79,273.4849600000086,37
mixed,event,0.795,273.94558000000745,37
mixed,event,0.8,274.4062000000064,37
mixed,event,0.805,274.86682000000525,37
mixed,event,0.81,274.92600000000425,37
mixed,event,0.8150000000000001,274.93500000000336,37
mixed,event,0.8200000000000001,274.9440000000024,37
mixed,event,0.8250000000000001,274.95300000000145,37
mixed,event,0.8300000000000001,274.9620000000005,37
mixed,event,0.835,275.2343999999996,37
mixed,event,0.84,276.0335999999989,37
mixed,event,0.845,276.83279999999814,37
mixed,event,0.85,277.6319999999974,37
mixed,event,0.855,278.4311999999967,37
mixed,event,0.86,279.230399999996,37
mixed,event,0.865,279.42661999999603,37
mixed,event,0.87,279.45055999999636,37
mixed,event,0.875,279.4744999999966,37
mixed,event,0.88,279.4984399999969,37
mixed,event,0.885,279.5223799999972,37
mixed,event,0.89,279.5858799999976,37
mixed,event,0.895,279.7878399999981,37
mixed,event,0.9,279.98979999999864,37
mixed,event,0.905,280.1917599999992,37
mixed,event,0.91,280.39371999999975,37
mixed,event,0.915,280.5956800000003,37
mixed,event,0.92,281.62528000000043,37
mixed,event,0.925,283.0687000000003,37
mixed,event,0.93,284.51212000000015,37
mixed,event,0.935,285.95554000000004,37
mixed,event,0.9400000000000001,287.39895999999993,37
mixed,event,0.9450000000000001,288.70029999999997,37
mixed,event,0.9500000000000001,288.8650000000016,37
mixed,event,0.9550000000000001,289.02970000000323,37
mixed,event,0.96,289.19440000000486,37
mixed,event,0.965,289.3591000000065,37
mixed,event,0.97,289.5238000000081,37
mixed,event,0.975,290.2114000000074,37
mixed,event,0.98,291.3173200000048,37
mixed,event,0.985,292.42324000000224,37
mixed,event,0.99,293.5291599999997,37
mixed,event,0.995,294.6350799999971,37
mixed,event,1.0,295.74099999999453,37
mixed,event_no_early_exit,0.0,226.9759999999951,37
mixed,event_no_early_exit,0.005,229.17973999999552,37
mixed,event_no_early_exit,0.01,231.3834799999959,37
mixed,event_no_early_exit,0.015,233.5872199999963,37
mixed,event_no_early_exit,0.02,235.79095999999672,37
mixed,event_no_early_exit,0.025,237.9946999999971,37
mixed,event_no_early_exit,0.03,239.36435999999753,37
mixed,event_no_early_exit,0.035,239.69141999999803,37
mixed,event_no_early_exit,0.04,240.01847999999853,37
mixed,event_no_early_exit,0.045,240.345539999999,37
mixed,event_no_early_exit,0.05,240.6725999999995,37
mixed,event_no_early_exit,0.055,240.99966,37
mixed,event_no_early_exit,0.06,241.990400000003,37
mixed,event_no_early_exit,0.065,243.06410000000628,37
mixed,event_no_early_exit,0.07,244.1378000000096,37
mixed,event_no_early_exit,0.075,245.2115000000129,37
mixed,event_no_early_exit,0.08,246.2852000000162,37
mixed,event_no_early_exit,0.085,247.01390000001732,37
mixed,event_no_early_exit,0.09,247.05260000001405,37
mixed,event_no_early_exit,0.095,247.09130000001082,37
mixed,event_no_early_exit,0.1,247.13000000000756,37
mixed,event_no_early_exit,0.105,247.16870000000432,37
mixed,event_no_early_exit,0.11,247.20740000000106,37
mixed,event_no_early_exit,0.115,247.35348000000033,37
mixed,event_no_early_exit,0.12,247.53024000000033,37
mixed,event_no_early_exit,0.125,247.70700000000033,37
mixed,event_no_early_exit,0.13,247.88376000000034,37
mixed,event_no_early_exit,0.135,248.06052000000034,37
mixed,event_no_early_exit,0.14,248.2409200000006,37
mixed,event_no_early_exit,0.145,248.43406000000198,37
mixed,event_no_early_exit,0.15,248.62720000000337,37
mixed,event_no_early_exit,0.155,248.82034000000473,37
mixed,event_no_early_exit,0.16,249.0134800000061,37
mixed,event_no_early_exit,0.165,249.20662000000746,37
mixed,event_no_early_exit,0.17,249.30928000000654,37
mixed,event_no_early_exit,0.17500000000000002,249.3667000000045,37
mixed,event_no_early_exit,0.18,249.42412000000243,37
mixed,event_no_early_exit,0.185,249.4815400000004,37
mixed,event_no_early_exit,0.19,249.53895999999833,37
mixed,event_no_early_exit,0.195,249.67071999999638,37
mixed,event_no_early_exit,0.2,250.39719999999505,37
mixed,event_no_early_exit,0.20500000000000002,251.12367999999375,37
mixed,event_no_early_exit,0.21,251.85015999999246,37
mixed,event_no_early_exit,0.215,252.57663999999116,37
mixed,event_no_early_exit,0.22,253.30311999998986,37
mixed,event_no_early_exit,0.225,253.78079999999028,37
mixed,event_no_early_exit,0.23,254.05943999999204,37
mixed,event_no_early_exit,0.23500000000000001,254.3380799999938,37
mixed,event_no_early_exit,0.24,254.61671999999555,37
mixed,event_no_early_exit,0.245,254.8953599999973,37
mixed,event_no_early_exit,0.25,255.17399999999907,37
mixed,event_no_early_exit,0.255,255.18911999999952,37
mixed,event_no_early_exit,0.26,255.20424,37
mixed,event_no_early_exit,0.265,255.21936000000045,37
mixed,event_no_early_exit,0.27,255.2344800000009,37
mixed,event_no_early_exit,0.275,255.24960000000138,37
mixed,event_no_early_exit,0.28,255.31384000000196,37
mixed,event_no_early_exit,0.28500000000000003,255.43948000000265,37
mixed,event_no_early_exit,0.29,255.56512000000336,37
mixed,event_no_early_exit,0.295,255.69076000000408,37
mixed,event_no_early_exit,0.3,255.8164000000048,37
mixed,event_no_early_exit,0.305,255.9420400000055,37
mixed,event_no_early_exit,0.31,256.1012800000047,37
mixed,event_no_early_exit,0.315,256.2647200000037,37
mixed,event_no_early_exit,0.32,256.4281600000027,37
mixed,event_no_early_exit,0.325,256.5916000000017,37
mixed,event_no_early_exit,0.33,256.7550400000007,37
mixed,event_no_early_exit,0.335,256.8683200000001,37
mixed,event_no_early_exit,0.34,256.8812800000004,37
mixed,event_no_early_exit,0.34500000000000003,256.89424000000065,37
mixed,event_no_early_exit,0.35000000000000003,256.9072000000009,37
mixed,event_no_early_exit,0.355,256.9201600000012,37
mixed,event_no_early_exit,0.36,256.93312000000145,37
mixed,event_no_early_exit,0.365,257.1961200000005,37
mixed,event_no_early_exit,0.37,257.53055999999924,37
mixed,event_no_early_exit,0.375,257.86499999999796,37
mixed,event_no_early_exit,0.38,258.1994399999967,37
mixed,event_no_early_exit,0.385,258.5338799999954,37
mixed,event_no_early_exit,0.39,258.8577999999945,37
mixed,event_no_early_exit,0.395,259.14489999999466,37
mixed,event_no_early_exit,0.4,259.4319999999949,37
mixed,event_no_early_exit,0.405,259.7190999999951,37
mixed,event_no_early_exit,0.41000000000000003,260.0061999999953,37
mixed,event_no_early_exit,0.41500000000000004,260.2932999999955,37
mixed,event_no_early_exit,0.42,260.51091999999596,37
mixed,event_no_early_exit,0.425,260.69379999999654,37
mixed,event_no_early_exit,0.43,260.8766799999971,37
mixed,event_no_early_exit,0.435,261.0595599999977,37
mixed,event_no_early_exit,0.44,261.24243999999834,37
mixed,event_no_early_exit,0.445,261.4292999999989,37
mixed,event_no_early_exit,0.45,261.64799999999923,37
mixed,event_no_early_exit,0.455,261.8666999999996,37
mixed,event_no_early_exit,0.46,262.08539999999994,37
mixed,event_no_early_exit,0.465,262.3041000000003,37
mixed,event_no_early_exit,0.47000000000000003,262.52280000000064,37
mixed,event_no_early_exit,0.47500000000000003,262.6918000000011,37
mixed,event_no_early_exit,0.48,262.8210400000015,37
mixed,event_no_early_exit,0.485,262.950280000002,37
mixed,event_no_early_exit,0.49,263.07952000000245,37
mixed,event_no_early_exit,0.495,263.20876000000294,37
mixed,event_no_early_exit,0.5,263.3380000000034,37
mixed,event_no_early_exit,0.505,263.50900000000155,37
mixed,event_no_early_exit,0.51,263.6799999999997,37
mixed,event_no_early_exit,0.515,263.8509999999979,37
mixed,event_no_early_exit,0.52,264.02199999999607,37
mixed,event_no_early_exit,0.525,264.1929999999942,37
mixed,event_no_early_exit,0.53,264.6317599999931,37
mixed,event_no_early_exit,0.535,265.4052199999928,37
mixed,event_no_early_exit,0.54,266.1786799999926,37
mixed,event_no_early_exit,0.545,266.95213999999237,37
mixed,event_no_early_exit,0.55,267.72559999999214,37
mixed,event_no_early_exit,0.555,268.49905999999186,37
mixed,event_no_early_exit,0.56,268.77059999999244,37
mixed,event_no_early_exit,0.5650000000000001,268.97939999999306,37
mixed,event_no_early_exit,0.5700000000000001,269.1881999999937,37
mixed,event_no_early_exit,0.5750000000000001,269.3969999999943,37
mixed,event_no_early_exit,0.58,269.60579999999493,37
mixed,event_no_early_exit,0.585,269.8696199999956,37
mixed,event_no_early_exit,0.59,270.2434799999965,37
mixed,event_no_early_exit,0.595,270.61733999999734,37
mixed,event_no_early_exit,0.6,270.99119999999823,37
mixed,event_no_early_exit,0.605,271.36505999999906,37
mixed,event_no_early_exit,0.61,271.73891999999995,37
mixed,event_no_early_exit,0.615,271.8971800000017,37
mixed,event_no_early_exit,0.62,271.9938400000037,37
mixed,event_no_early_exit,0.625,272.0905000000057,37
mixed,event_no_early_exit,0.63,272.18716000000774,37
mixed,event_no_early_exit,0.635,272.2838200000097,37
mixed,event_no_early_exit,0.64,272.38604000001084,37
mixed,event_no_early_exit,0.645,272.50772000000876,37
mixed,event_no_early_exit,0.65,272.62940000000674,37
mixed,event_no_early_exit,0.655,272.75108000000466,37
mixed,event_no_early_exit,0.66,272.8727600000026,37
mixed,event_no_early_exit,0.665,272.99444000000057,37
mixed,event_no_early_exit,0.67,273.26096000000047,37
mixed,event_no_early_exit,0.675,273.5999000000014,37
mixed,event_no_early_exit,0.68,273.93884000000236,37
mixed,event_no_early_exit,0.685,274.27778000000336,37
mixed,event_no_early_exit,0.6900000000000001,274.6167200000043,37
mixed,event_no_early_exit,0.6950000000000001,274.91900000000504,37
mixed,event_no_early_exit,0.7000000000000001,274.9280000000041,37
mixed,event_no_early_exit,0.705,274.93700000000314,37
mixed,event_no_early_exit,0.71,274.9460000000022,37
mixed,event_no_early_exit,0.715,274.95500000000123,37
mixed,event_no_early_exit,0.72,274.9640000000003,37
mixed,event_no_early_exit,0.725,275.4119999999994,37
mixed,event_no_early_exit,0.73,276.2111999999987,37
mixed,event_no_early_exit,0.735,277.010399999998,37
mixed,event_no_early_exit,0.74,277.80959999999726,37
mixed,event_no_early_exit,0.745,278.60879999999656,37
mixed,event_no_early_exit,0.75,279.4079999999958,37
mixed,event_no_early_exit,0.755,279.4319399999961,37
mixed,event_no_early_exit,0.76,279.4558799999964,37
mixed,event_no_early_exit,0.765,279.47981999999666,37
mixed,event_no_early_exit,0.77,279.503759999997,37
mixed,event_no_early_exit,0.775,279.52769999999725,37
mixed,event_no_early_exit,0.78,279.6307599999977,37
mixed,event_no_early_exit,0.785,279.83271999999823,37
mixed,event_no_early_exit,0.79,280.0346799999988,37
mixed,event_no_early_exit,0.795,280.23663999999934,37
mixed,event_no_early_exit,0.8,280.43859999999984,37
mixed,event_no_early_exit,0.805,280.6405600000004,37
mixed,event_no_early_exit,0.81,280.68988000000127,37
mixed,event_no_early_exit,0.8150000000000001,280.7201200000022,37
mixed,event_no_early_exit,0.8200000000000001,280.7503600000031,37
mixed,event_no_early_exit,0.8250000000000001,280.78060000000403,37
mixed,event_no_early_exit,0.8300000000000001,280.810840000005,37
mixed,event_no_early_exit,0.835,280.9261600000062,37
mixed,event_no_early_exit,0.84,281.21164000000806,37
mixed,event_no_early_exit,0.845,281.4971200000099,37
mixed,event_no_early_exit,0.85,281.7826000000117,37
mixed,event_no_early_exit,0.855,282.0680800000136,37
mixed,event_no_early_exit,0.86,282.3535600000154,37
mixed,event_no_early_exit,0.865,283.2941000000136,37
mixed,event_no_early_exit,0.87,284.4218000000107,37
mixed,event_no_early_exit,0.875,285.5495000000078,37
mixed,event_no_early_exit,0.88,286.6772000000049,37
mixed,event_no_early_exit,0.885,287.804900000002,37
mixed,event_no_early_exit,0.89,288.71331999999967,37
mixed,event_no_early_exit,0.895,288.85425999999904,37
mixed,event_no_early_exit,0.9,288.9951999999985,37
mixed,event_no_early_exit,0.905,289.1361399999979,37
mixed,event_no_early_exit,0.91,289.2770799999973,37
mixed,event_no_early_exit,0.915,289.4180199999967,37
mixed,event_no_early_exit,0.92,289.480839999998,37
mixed,event_no_early_exit,0.925,289.5046000000002,37
mixed,event_no_early_exit,0.93,289.5283600000024,37
mixed,event_no_early_exit,0.935,289.55212000000466,37
mixed,event_no_early_exit,0.9400000000000001,289.57588000000686,37
mixed,event_no_early_exit,0.9450000000000001,289.6540400000088,37
mixed,event_no_early_exit,0.9500000000000001,290.1674000000086,37
mixed,event_no_early_exit,0.9550000000000001,290.68076000000843,37
mixed,event_no_early_exit,0.96,291.19412000000824,37
mixed,event_no_early_exit,0.965,291.7074800000081,37
mixed,event_no_early_exit,0.97,292.2208400000079,37
mixed,event_no_early_exit,0.975,292.77820000000645,37
mixed,event_no_early_exit,0.98,293.3707600000041,37
mixed,event_no_early_exit,0.985,293.9633200000017,37
mixed,event_no_early_exit,0.99,294.5558799999993,37
mixed,event_no_early_exit,0.995,295.1484399999969,37
mixed,event_no_early_exit,1.0,295.74099999999453,37
mixed,secure,0.0,136.1579999999958,29
mixed,secure,0.005,136.82313999999636,29
mixed,secure,0.01,137.48827999999688,29
mixed,secure,0.015,138.15341999999742,29
mixed,secure,0.02,138.81855999999797,29
mixed,secure,0.025,139.4836999999985,29
mixed,secure,0.03,140.14883999999904,29
mixed,secure,0.035,140.81397999999956,29
mixed,secure,0.04,141.08755999999937,29
mixed,secure,0.045,141.29587999999902,29
mixed,secure,0.05,141.50419999999866,29
mixed,secure,0.055,141.71251999999834,29
mixed,secure,0.06,141.92083999999798,29
mixed,secure,0.065,142.12915999999765,29
mixed,secure,0.07,142.3374799999973,29
mixed,secure,0.075,142.47049999999746,29
mixed,secure,0.08,142.57339999999778,29
mixed,secure,0.085,142.67629999999812,29
mixed,secure,0.09,142.77919999999847,29
mixed,secure,0.095,142.8820999999988,29
mixed,secure,0.1,142.98499999999913,29
mixed,secure,0.105,143.08789999999945,29
mixed,secure,0.11,143.2540799999996,29
mixed,secure,0.115,143.46771999999956,29
mixed,secure,0.12,143.68135999999956,29
mixed,secure,0.125,143.89499999999953,29
mixed,secure,0.13,144.1086399999995,29
mixed,secure,0.135,144.3222799999995,29
mixed,secure,0.14,144.53591999999946,29
mixed,secure,0.145,144.77170000000035,29
mixed,secure,0.15,145.03700000000245,29
mixed,secure,0.155,145.30230000000455,29
mixed,secure,0.16,145.56760000000665,29
mixed,secure,0.165,145.83290000000875,29
mixed,secure,0.17,146.09820000001085,29
mixed,secure,0.17500000000000002,146.36350000001295,29
mixed,secure,0.18,146.68472000001407,29
mixed,secure,0.185,147.14574000001275,29
mixed,secure,0.19,147.6067600000114,29
mixed,secure,0.195,148.0677800000101,29
mixed,secure,0.2,148.52880000000877,29
mixed,secure,0.20500000000000002,148.98982000000746,29
mixed,secure,0.21,149.45084000000614,29
mixed,secure,0.215,149.86064000000493,29
mixed,secure,0.22,149.9631200000044,29
mixed,secure,0.225,150.0656000000039,29
mixed,secure,0.23,150.16808000000339,29
mixed,secure,0.23500000000000001,150.2705600000029,29
mixed,secure,0.24,150.37304000000236,29
mixed,secure,0.245,150.47552000000186,29
mixed,secure,0.25,150.57800000000134,29
mixed,secure,0.255,150.69952000000063,29
mixed,secure,0.26,150.82103999999993,29
mixed,secure,0.265,150.94255999999922,29
mixed,secure,0.27,151.0640799999985,29
mixed,secure,0.275,151.1855999999978,29
mixed,secure,0.28,151.3071199999971,29
mixed,secure,0.28500000000000003,151.42863999999636,29
mixed,secure,0.29,151.56143999999622,29
mixed,secure,0.295,151.69611999999614,29
mixed,secure,0.3,151.8307999999961,29
mixed,secure,0.305,151.96547999999603,29
mixed,secure,0.31,152.10015999999595,29
mixed,secure,0.315,152.2348399999959,29
mixed,secure,0.32,152.36951999999582,29
mixed,secure,0.325,152.52479999999633,29
mixed,secure,0.33,152.68831999999705,29
mixed,secure,0.335,152.85183999999776,29
mixed,secure,0.34,153.01535999999848,29
mixed,secure,0.34500000000000003,153.1788799999992,29
mixed,secure,0.35000000000000003,153.3423999999999,29
mixed,secure,0.355,153.50592000000063,29
mixed,secure,0.36,153.9924000000009,29
mixed,secure,0.365,154.72110000000092,29
mixed,secure,0.37,155.4498000000009,29
mixed,secure,0.375,156.1785000000009,29
mixed,secure,0.38,156.9072000000009,29
mixed,secure,0.385,157.63590000000087,29
mixed,secure,0.39,158.36460000000088,29
mixed,secure,0.395,158.7991800000008,29
mixed,secure,0.4,158.84160000000065,29
mixed,secure,0.405,158.8840200000005,29
mixed,secure,0.41000000000000003,158.92644000000035,29
mixed,secure,0.41500000000000004,158.96886000000023,29
mixed,secure,0.42,159.01128000000008,29
mixed,secure,0.425,159.05369999999994,29
mixed,secure,0.43,159.3968000000002,29
mixed,secure,0.435,160.49160000000157,29
mixed,secure,0.44,161.58640000000295,29
mixed,secure,0.445,162.6812000000043,29
mixed,secure,0.45,163.77600000000567,29
mixed,secure,0.455,164.87080000000702,29
mixed,secure,0.46,165.96560000000838,29
mixed,secure,0.465,166.93740000000952,29
mixed,secure,0.47000000000000003,167.17120000000926,29
mixed,secure,0.47500000000000003,167.405000000009,29
mixed,secure,0.48,167.63880000000879,29
mixed,secure,0.485,167.87260000000853,29
mixed,secure,0.49,168.10640000000828,29
mixed,secure,0.495,168.34020000000805,29
mixed,secure,0.5,168.5740000000078,29
mixed,secure,0.505,168.667660000005,29
mixed,secure,0.51,168.76132000000217,29
mixed,secure,0.515,168.85497999999933,29
mixed,secure,0.52,168.94863999999652,29
mixed,secure,0.525,169.0422999999937,29
mixed,secure,0.53,169.1359599999909,29
mixed,secure,0.535,169.22961999998807,29
mixed,secure,0.54,169.5523599999887,29
mixed,secure,0.545,169.9132799999899,29
mixed,secure,0.55,170.2741999999911,29
mixed,secure,0.555,170.63511999999233,29
mixed,secure,0.56,170.9960399999935,29
mixed,secure,0.5650000000000001,171.35695999999473,29
mixed,secure,0.5700000000000001,171.71787999999594,29
mixed,secure,0.5750000000000001,177.37649999999564,29
mixed,secure,0.58,185.15419999999452,29
mixed,secure,0.585,192.93189999999356,29
mixed,secure,0.59,200.70959999999263,29
mixed,secure,0.595,208.48729999999168,29
mixed,secure,0.6,216.26499999999072,29
mixed,secure,0.605,224.0426999999896,29
mixed,secure,0.61,229.15959999999026,29
mixed,secure,0.615,232.28089999999207,29
mixed,secure,0.62,235.40219999999388,29
mixed,secure,0.625,238.5234999999957,29
mixed,secure,0.63,241.6447999999975,29
mixed,secure,0.635,244.7660999999993,29
mixed,secure,0.64,247.88740000000112,29
mixed,secure,0.645,250.02518000000245,29
mixed,secure,0.65,250.85160000000323,29
mixed,secure,0.655,251.67802000000404,29
mixed,secure,0.66,252.50444000000485,29
mixed,secure,0.665,253.33086000000563,29
mixed,secure,0.67,254.15728000000644,29
mixed,secure,0.675,254.98370000000725,29
mixed,secure,0.68,255.7826000000074,29
mixed,secure,0.685,256.51270000000585,29
mixed,secure,0.6900000000000001,257.24280000000437,29
mixed,secure,0.6950000000000001,257.9729000000028,29
mixed,secure,0.7000000000000001,258.70300000000134,29
mixed,secure,0.705,259.4330999999998,29
mixed,secure,0.71,260.1631999999983,29
mixed,secure,0.715,260.866979999997,29
mixed,secure,0.72,261.41283999999666,29
mixed,secure,0.725,261.9586999999963,29
mixed,secure,0.73,262.504559999996,29
mixed,secure,0.735,263.05041999999565,29
mixed,secure,0.74,263.5962799999953,29
mixed,secure,0.745,264.142139999995,29
mixed,secure,0.75,264.68799999999464,29
mixed,secure,0.755,265.81793999999616,29
mixed,secure,0.76,266.94787999999767,29
mixed,secure,0.765,268.0778199999992,29
mixed,secure,0.77,269.20776000000075,29
mixed,secure,0.775,270.3377000000022,29
mixed,secure,0.78,271.4676400000037,29
mixed,secure,0.785,272.5975800000053,29
mixed,secure,0.79,273.07208000000486,29
mixed,secure,0.795,273.43734000000416,29
mixed,secure,0.8,273.80260000000345,29
mixed,secure,0.805,274.16786000000275,29
mixed,secure,0.81,274.53312000000204,29
mixed,secure,0.8150000000000001,274.8983800000013,29
mixed,secure,0.8200000000000001,275.2636400000006,29
mixed,secure,0.8250000000000001,275.8119999999994,29
mixed,secure,0.8300000000000001,276.4335999999979,29
mixed,secure,0.835,277.05519999999643,29
mixed,secure,0.84,277.67679999999496,29
mixed,secure,0.845,278.29839999999353,29
mixed,secure,0.85,278.91999999999206,29
mixed,secure,0.855,279.5415999999906,29
mixed,secure,0.86,279.8186399999901,29
mixed,secure,0.865,279.83725999999035,29
mixed,secure,0.87,279.8558799999906,29
mixed,secure,0.875,279.8744999999908,29
mixed,secure,0.88,279.89311999999103,29
mixed,secure,0.885,279.91173999999125,29
mixed,secure,0.89,279.9303599999915,29
mixed,secure,0.895,280.00831999999224,29
mixed,secure,0.9,280.16539999999367,29
mixed,secure,0.905,280.3224799999951,29
mixed,secure,0.91,280.4795599999966,29
mixed,secure,0.915,280.636639999998,29
mixed,secure,0.92,280.79371999999944,29
mixed,secure,0.925,280.95080000000087,29
mixed,secure,0.93,281.38376000000187,29
mixed,secure,0.935,282.50642000000147,29
mixed,secure,0.9400000000000001,283.6290800000011,29
mixed,secure,0.9450000000000001,284.7517400000008,29
mixed,secure,0.9500000000000001,285.87440000000043,29
mixed,secure,0.9550000000000001,286.9970600000001,29
mixed,secure,0.96,288.1197199999997,29
mixed,secure,0.965,289.2231799999992,29
mixed,secure,0.97,290.2114399999977,29
mixed,secure,0.975,291.1996999999962,29
mixed,secure,0.98,292.1879599999947,29
mixed,secure,0.985,293.1762199999932,29
mixed,secure,0.99,294.1644799999917,29
mixed,secure,0.995,295.1527399999902,29
mixed,secure,1.0,296.1409999999887,29
busy,always_on,0.0,131.77499999999418,235
busy,always_on,0.005,147.28514000001007,235
busy,always_on,0.01,155.20647999999738,235
busy,always_on,0.015,160.13841999999846,235
busy,always_on,0.02,163.4318799999909,235
busy,always_on,0.025,164.20564999999732,235
busy,always_on,0.03,165.6203799999995,235
busy,always_on,0.035,167.17864999999628,235
busy,always_on,0.04,172.62536000000546,235
busy,always_on,0.045,176.22696000000897,235
busy,always_on,0.05,176.5618999999744,235
busy,always_on,0.055,178.01530999999494,235
busy,always_on,0.06,178.85531999998494,235
busy,always_on,0.065,178.9385699999961,235
busy,always_on,0.07,179.34225999999094,235
busy,always_on,0.075,180.55869999999413,235
busy,always_on,0.08,182.45860000000334,235
busy,always_on,0.085,183.49537999999447,235
busy,always_on,0.09,186.49317999999803,235
busy,always_on,0.095,187.38783000000197,235
busy,always_on,0.1,188.83760000001058,235
busy,always_on,0.105,189.74165000001085,235
busy,always_on,0.11,191.936020000001,235
busy,always_on,0.115,195.0250800000278,235
busy,always_on,0.12,199.85335999998497,235
busy,always_on,0.125,202.89300000000821,235
busy,always_on,0.13,203.73725999998345,235
busy,always_on,0.135,205.31953999998325,235
busy,always_on,0.14,206.98747999999964,235
busy,always_on,0.145,208.79390000001163,235
busy,always_on,0.15,212.3366999999984,235
busy,always_on,0.155,214.55789999999251,235
busy,always_on,0.16,216.6503999999957,235
busy,always_on,0.165,218.34942999999882,235
busy,always_on,0.17,220.13055999999705,235
busy,always_on,0.17500000000000002,220.66759999999903,235
busy,always_on,0.18,221.52688000000083,235
busy,always_on,0.185,222.51157000001928,235
busy,always_on,0.19,226.83460000000886,235
busy,always_on,0.195,230.96092000000314,235
busy,always_on,0.2,232.25260000000125,235
busy,always_on,0.20500000000000002,232.7026800000062,235
busy,always_on,0.21,233.07922000000028,235
busy,always_on,0.215,234.38741000000707,235
busy,always_on,0.22,235.03339999999037,235
busy,always_on,0.225,235.46434999998309,235
busy,always_on,0.23,235.85809999999938,235
busy,always_on,0.23500000000000001,236.7379399999848,235
busy,always_on,0.24,240.38927999998907,235
busy,always_on,0.245,241.88091000001847,235
busy,always_on,0.25,242.2060000000056,235
busy,always_on,0.255,242.62153999999893,235
busy,always_on,0.26,242.88680000000167,235
busy,always_on,0.265,244.25403000002055,235
busy,always_on,0.27,250.53684000000038,235
busy,always_on,0.275,251.05470000000219,235
busy,always_on,0.28,251.8739599999947,235
busy,always_on,0.28500000000000003,253.9048100000137,235
busy,always_on,0.29,255.80100000000232,235
busy,always_on,0.295,258.57294000001565,235
busy,always_on,0.3,259.23420000000186,235
busy,always_on,0.305,260.8763100000004,235
busy,always_on,0.31,262.007520000002,235
busy,always_on,0.315,262.3436200000078,235
busy,always_on,0.32,262.74944000000306,235
busy,always_on,0.325,263.9917500000229,235
busy,always_on,0.33,265.99283999999057,235
busy,always_on,0.335,266.69249999998834,235
busy,always_on,0.34,267.55015999998824,235
busy,always_on,0.34500000000000003,268.7552199999937,235
busy,always_on,0.35000000000000003,269.4772000000041,235
busy,always_on,0.355,269.67835000000605,235
busy,always_on,0.36,270.0608799999952,235
busy,always_on,0.365,270.6720699999871,235
busy,always_on,0.37,271.4965599999955,235
busy,always_on,0.375,273.8530000000028,235
busy,always_on,0.38,276.0058000000019,235
busy,always_on,0.385,276.89953999999943,235
busy,always_on,0.39,277.19048000000623,235
busy,always_on,0.395,277.2685700000141,235
busy,always_on,0.4,277.6849999999933,235
busy,always_on,0.405,279.63670999999675,235
busy,always_on,0.41000000000000003,280.1799600000006,235
busy,always_on,0.41500000000000004,281.6641699999973,235
busy,always_on,0.42,282.99284000000915,235
busy,always_on,0.425,285.03980000000445,235
busy,always_on,0.43,285.74429999999467,235
busy,always_on,0.435,286.80149000000443,235
busy,always_on,0.44,287.881640000008,235
busy,always_on,0.445,290.9720700000043,235
busy,always_on,0.45,291.6156000000192,235
busy,always_on,0.455,292.4361300000083,235
busy,always_on,0.46,293.1106400000018,235
busy,always_on,0.465,294.2129599999913,235
busy,always_on,0.47000000000000003,295.1221599999984,235
busy,always_on,0.47500000000000003,296.3385500000006,235
busy,always_on,0.48,296.82820000000186,235
busy,always_on,0.485,297.9521699999999,235
busy,always_on,0.49,298.1416200000002,235
busy,always_on,0.495,298.4236800000002,235
busy,always_on,0.5,301.2939999999944,235
busy,always_on,0.505,302.1030599999987,235
busy,always_on,0.51,303.5666400000002,235
busy,always_on,0.515,305.44413000000475,235
busy,always_on,0.52,305.78779999999796,235
busy,always_on,0.525,305.94264999998995,235
busy,always_on,0.53,306.31161999999085,235
busy,always_on,0.535,310.8998200000115,235
busy,always_on,0.54,311.74888000002016,235
busy,always_on,0.545,312.1523100000073,235
busy,always_on,0.55,312.4919000000009,235
busy,always_on,0.555,312.663320000001,235
busy,always_on,0.56,314.91552000000024,235
busy,always_on,0.5650000000000001,315.7920000000007,235
busy,always_on,0.5700000000000001,317.90871999998467,235
busy,always_on,0.5750000000000001,319.94899999999456,235
busy,always_on,0.58,321.71912000000054,235
busy,always_on,0.585,322.8595999999926,235
busy,always_on,0.59,323.3717599999964,235
busy,always_on,0.595,325.67054999999783,235
busy,always_on,0.6,329.01519999998857,235
busy,always_on,0.605,329.5818999999929,235
busy,always_on,0.61,332.9253000000003,235
busy,always_on,0.615,336.3112799999837,235
busy,always_on,0.62,338.0258799999871,235
busy,always_on,0.625,340.6057500000097,235
busy,always_on,0.63,341.2259400000004,235
busy,always_on,0.635,343.1629099999904,235
busy,always_on,0.64,344.0364799999981,235
busy,always_on,0.645,344.90536999999733,235
busy,always_on,0.65,345.19100000000617,235
busy,always_on,0.655,345.25373000001014,235
busy,always_on,0.66,346.61695999999984,235
busy,always_on,0.665,348.9913899999832,235
busy,always_on,0.67,349.5674199999927,235
busy,always_on,0.675,350.1043500000011,235
busy,always_on,0.68,353.21164000000704,235
busy,always_on,0.685,359.7346299999999,235
busy,always_on,0.6900000000000001,359.9446399999989,235
busy,always_on,0.6950000000000001,360.74167999999366,235
busy,always_on,0.7000000000000001,362.9855999999971,235
busy,always_on,0.705,363.6607900000153,235
busy,always_on,0.71,365.1061600000088,235
busy,always_on,0.715,365.3409800000011,235
busy,always_on,0.72,366.7433599999995,235
busy,always_on,0.725,368.7574500000017,235
busy,always_on,0.73,372.41602000000154,235
busy,always_on,0.735,374.32591000001776,235
busy,always_on,0.74,375.4963600000157,235
busy,always_on,0.745,376.19101000002445,235
busy,always_on,0.75,377.4405000000115,235
busy,always_on,0.755,377.7754400000049,235
busy,always_on,0.76,378.99907999999004,235
busy,always_on,0.765,379.415989999994,235
busy,always_on,0.77,383.4709400000039,235
busy,always_on,0.775,387.34564999999566,235
busy,always_on,0.78,390.0255999999907,235
busy,always_on,0.785,392.36121999997255,235
busy,always_on,0.79,393.3372800000012,235
busy,always_on,0.795,396.2515100000005,235
busy,always_on,0.8,399.2376000000116,235
busy,always_on,0.805,401.21056000001784,235
busy,always_on,0.81,404.43454000002646,235
busy,always_on,0.8150000000000001,405.58019000002156,235
busy,always_on,0.8200000000000001,407.7078399999906,235
busy,always_on,0.8250000000000001,410.2501499999984,235
busy,always_on,0.8300000000000001,412.2016799999908,235
busy,always_on,0.835,414.04443000000435,235
busy,always_on,0.84,414.96296000000206,235
busy,always_on,0.845,416.537339999986,235
busy,always_on,0.85,421.1978999999585,235
busy,always_on,0.855,423.07763000000733,235
busy,always_on,0.86,424.1480000000067,235
busy,always_on,0.865,425.3202300000154,235
busy,always_on,0.87,425.85264000001087,235
busy,always_on,0.875,426.5025000000387,235
busy,always_on,0.88,428.5772400000034,235
busy,always_on,0.885,432.44564000000014,235
busy,always_on,0.89,442.1465000000043,235
busy,always_on,0.895,442.58733999998077,235
busy,always_on,0.9,443.84199999999254,235
busy,always_on,0.905,447.7069599999965,235
busy,always_on,0.91,450.50290000000564,235
busy,always_on,0.915,451.78299000000044,235
busy,always_on,0.92,454.4049999999977,235
busy,always_on,0.925,459.24969999998865,235
busy,always_on,0.93,461.75459999999384,235
busy,always_on,0.935,464.50073999999705,235
busy,always_on,0.9400000000000001,466.0954799999973,235
busy,always_on,0.9450000000000001,472.5917799999929,235
busy,always_on,0.9500000000000001,473.9764000000054,235
busy,always_on,0.9550000000000001,475.65345000000764,235
busy,always_on,0.96,478.1869999999995,235
busy,always_on,0.965,484.46369000001084,235
busy,always_on,0.97,488.37179999998887,235
busy,always_on,0.975,500.1216499999938,235
busy,always_on,0.98,515.447839999974,235
busy,always_on,0.985,548.1925899999948,235
busy,always_on,0.99,554.5862199999959,235
busy,always_on,0.995,589.6566799999905,235
busy,always_on,1.0,628.2250000000058,235
busy,motion_only,0.0,231.34099999999944,81
busy,motion_only,0.005,232.38460000000433,81
busy,motion_only,0.01,233.4282000000092,81
busy,motion_only,0.015,234.68780000000842,81
busy,motion_only,0.02,236.163400000002,81
busy,motion_only,0.025,237.63899999999558,81
busy,motion_only,0.03,238.94380000000237,81
busy,motion_only,0.035,240.24860000000916,81
busy,motion_only,0.04,240.92800000001006,81
busy,motion_only,0.045,240.98200000000506,81
busy,motion_only,0.05,241.03600000000006,81
busy,motion_only,0.055,242.0559999999983,81
busy,motion_only,0.06,243.07599999999655,81
busy,motion_only,0.065,243.64219999999622,81
busy,motion_only,0.07,243.7545999999973,81
busy,motion_only,0.075,243.86699999999837,81
busy,motion_only,0.08,244.04740000001038,81
busy,motion_only,0.085,244.2278000000224,81
busy,motion_only,0.09,244.70500000002284,81
busy,motion_only,0.095,245.47900000001172,81
busy,motion_only,0.1,246.2530000000006,81
busy,motion_only,0.105,246.27579999999944,81
busy,motion_only,0.11,246.29859999999826,81
busy,motion_only,0.115,246.4031999999981,81
busy,motion_only,0.12,246.58959999999897,81
busy,motion_only,0.125,246.77599999999984,81
busy,motion_only,0.13,246.8003999999997,81
busy,motion_only,0.135,246.82479999999958,81
busy,motion_only,0.14,246.9127999999997,81
busy,motion_only,0.145,247.06440000000003,81
busy,motion_only,0.15,247.21600000000035,81
busy,motion_only,0.155,247.38320000000823,81
busy,motion_only,0.16,247.55040000001608,81
busy,motion_only,0.165,247.96760000002104,81
busy,motion_only,0.17,248.6348000000231,81
busy,motion_only,0.17500000000000002,249.30200000002515,81
busy,motion_only,0.18,249.4840000000142,81
busy,motion_only,0.185,249.66600000000327,81
busy,motion_only,0.19,249.786599999998,81
busy,motion_only,0.195,249.8457999999984,81
busy,motion_only,0.2,249.90499999999884,81
busy,motion_only,0.20500000000000002,250.3906000000017,81
busy,motion_only,0.21,250.87620000000462,81
busy,motion_only,0.215,251.34320000000298,81
busy,motion_only,0.22,251.79159999999683,81
busy,motion_only,0.225,252.2399999999907,81
busy,motion_only,0.23,252.6375999999942,81
busy,motion_only,0.23500000000000001,253.0351999999977,81
busy,motion_only,0.24,253.4544000000016,81
busy,motion_only,0.245,253.89520000000593,81
busy,motion_only,0.25,254.33600000001024,81
busy,motion_only,0.255,254.76360000000568,81
busy,motion_only,0.26,255.19120000000112,81
busy,motion_only,0.265,255.46020000000135,81
busy,motion_only,0.27,255.57060000000638,81
busy,motion_only,0.275,255.6810000000114,81
busy,motion_only,0.28,255.90980000000565,81
busy,motion_only,0.28500000000000003,256.1385999999999,81
busy,motion_only,0.29,256.3225999999966,81
busy,motion_only,0.295,256.46179999999583,81
busy,motion_only,0.3,256.6009999999951,81
busy,motion_only,0.305,256.70619999999707,81
busy,motion_only,0.31,256.811399999999,81
busy,motion_only,0.315,256.87840000000034,81
busy,motion_only,0.32,256.9072000000009,81
busy,motion_only,0.325,256.9360000000015,81
busy,motion_only,0.33,257.1320000000036,81
busy,motion_only,0.335,257.3280000000057,81
busy,motion_only,0.34,257.99060000000753,81
busy,motion_only,0.34500000000000003,259.11980000000915,81
busy,motion_only,0.35000000000000003,260.2490000000107,81
busy,motion_only,0.355,260.2818000000072,81
busy,motion_only,0.36,260.3146000000037,81
busy,motion_only,0.365,260.34260000000177,81
busy,motion_only,0.37,260.3658000000014,81
busy,motion_only,0.375,260.38900000000103,81
busy,motion_only,0.38,260.4737999999987,81
busy,motion_only,0.385,260.5585999999963,81
busy,motion_only,0.39,260.65819999999366,81
busy,motion_only,0.395,260.7725999999908,81
busy,motion_only,0.4,260.8869999999879,81
busy,motion_only,0.405,261.1233999999822,81
busy,motion_only,0.41000000000000003,261.35979999997653,81
busy,motion_only,0.41500000000000004,261.4895999999775,81
busy,motion_only,0.42,261.51279999998513,81
busy,motion_only,0.425,261.5359999999928,81
busy,motion_only,0.43,261.65199999999606,81
busy,motion_only,0.435,261.7679999999993,81
busy,motion_only,0.44,261.88820000000123,81
busy,motion_only,0.445,262.01260000000184,81
busy,motion_only,0.45,262.13700000000244,81
busy,motion_only,0.455,262.55860000000104,81
busy,motion_only,0.46,262.9801999999996,81
busy,motion_only,0.465,263.2203999999991,81
busy,motion_only,0.47000000000000003,263.2791999999994,81
busy,motion_only,0.47500000000000003,263.33799999999974,81
busy,motion_only,0.48,263.5636000000006,81
busy,motion_only,0.485,263.7892000000014,81
busy,motion_only,0.49,263.97880000000293,81
busy,motion_only,0.495,264.13240000000513,81
busy,motion_only,0.5,264.28600000000733,81
busy,motion_only,0.505,264.300800000006,81
busy,motion_only,0.51,264.3156000000046,81
busy,motion_only,0.515,264.3892000000109,81
busy,motion_only,0.52,264.52160000002476,81
busy,motion_only,0.525,264.65400000003865,81
busy,motion_only,0.53,264.76960000002293,81
busy,motion_only,0.535,264.88520000000716,81
busy,motion_only,0.54,264.9537999999942,81
busy,motion_only,0.545,264.97539999998406,81
busy,motion_only,0.55,264.9969999999739,81
busy,motion_only,0.555,265.17819999998903,81
busy,motion_only,0.56,265.3594000000041,81
busy,motion_only,0.5650000000000001,265.6886000000115,81
busy,motion_only,0.5700000000000001,266.16580000001125,81
busy,motion_only,0.5750000000000001,266.64300000001094,81
busy,motion_only,0.58,266.75740000000803,81
busy,motion_only,0.585,266.8718000000052,81
busy,motion_only,0.59,266.94700000000887,81
busy,motion_only,0.595,266.9830000000191,81
busy,motion_only,0.6,267.01900000002934,81
busy,motion_only,0.605,267.2234000000288,81
busy,motion_only,0.61,267.42780000002824,81
busy,motion_only,0.615,267.74100000002073,81
busy,motion_only,0.62,268.16300000000626,81
busy,motion_only,0.625,268.58499999999185,81
busy,motion_only,0.63,268.8037999999942,81
busy,motion_only,0.635,269.0225999999966,81
busy,motion_only,0.64,269.2402000000002,81
busy,motion_only,0.645,269.456600000005,81
busy,motion_only,0.65,269.6730000000098,81
busy,motion_only,0.655,269.80540000000036,81
busy,motion_only,0.66,269.93779999999094,81
busy,motion_only,0.665,270.149399999989,81
busy,motion_only,0.67,270.4401999999944,81
busy,motion_only,0.675,270.73099999999977,81
busy,motion_only,0.68,270.9086000000185,81
busy,motion_only,0.685,271.0862000000372,81
busy,motion_only,0.6900000000000001,271.19760000003737,81
busy,motion_only,0.6950000000000001,271.2428000000189,81
busy,motion_only,0.7000000000000001,271.28800000000047,81
busy,motion_only,0.705,271.3287999999826,81
busy,motion_only,0.71,271.3695999999647,81
busy,motion_only,0.715,271.4115999999631,81
busy,motion_only,0.72,271.4547999999777,81
busy,motion_only,0.725,271.4979999999923,81
busy,motion_only,0.73,271.84239999999556,81
busy,motion_only,0.735,272.18679999999875,81
busy,motion_only,0.74,272.4747999999992,81
busy,motion_only,0.745,272.70639999999696,81
busy,motion_only,0.75,272.93799999999464,81
busy,motion_only,0.755,273.08559999999704,81
busy,motion_only,0.76,273.2331999999995,81
busy,motion_only,0.765,273.3387999999977,81
busy,motion_only,0.77,273.40239999999176,81
busy,motion_only,0.775,273.4659999999858,81
busy,motion_only,0.78,274.1983999999997,81
busy,motion_only,0.785,274.93080000001356,81
busy,motion_only,0.79,275.3962000000174,81
busy,motion_only,0.795,275.59460000001127,81
busy,motion_only,0.8,275.7930000000051,81
busy,motion_only,0.805,275.83060000000404,81
busy,motion_only,0.81,275.86820000000296,81
busy,motion_only,0.8150000000000001,276.0542000000016,81
busy,motion_only,0.8200000000000001,276.3885999999999,81
busy,motion_only,0.8250000000000001,276.72299999999814,81
busy,motion_only,0.8300000000000001,277.85019999999787,81
busy,motion_only,0.835,278.97739999999754,81
busy,motion_only,0.84,279.65499999999884,81
busy,motion_only,0.845,279.88300000000163,81
busy,motion_only,0.85,280.1110000000044,81
busy,motion_only,0.855,280.79980000000216,81
busy,motion_only,0.86,281.48859999999985,81
busy,motion_only,0.865,281.84939999999915,81
busy,motion_only,0.87,281.8822,81
busy,motion_only,0.875,281.9150000000009,81
busy,motion_only,0.88,284.3077999999994,81
busy,motion_only,0.885,286.7005999999979,81
busy,motion_only,0.89,287.9097999999998,81
busy,motion_only,0.895,287.935400000005,81
busy,motion_only,0.9,287.96100000001024,81
busy,motion_only,0.905,288.24940000000623,81
busy,motion_only,0.91,288.5378000000022,81
busy,motion_only,0.915,288.8385999999995,81
busy,motion_only,0.92,289.151799999998,81
busy,motion_only,0.925,289.4649999999965,81
busy,motion_only,0.93,289.51780000000144,81
busy,motion_only,0.935,289.5706000000064,81
busy,motion_only,0.9400000000000001,289.66360000000566,81
busy,motion_only,0.9450000000000001,289.79679999999934,81
busy,motion_only,0.9500000000000001,289.929999999993,81
busy,motion_only,0.9550000000000001,290.1851999999955,81
busy,motion_only,0.96,290.440399999998,81
busy,motion_only,0.965,290.8194000000018,81
busy,motion_only,0.97,291.3222000000067,81
busy,motion_only,0.975,291.82500000001164,81
busy,motion_only,0.98,292.4102000000072,81
busy,motion_only,0.985,292.9954000000027,81
busy,motion_only,0.99,294.25679999999994,81
busy,motion_only,0.995,296.19439999999884,81
busy,motion_only,1.0,298.1319999999978,81
busy,fixed_threshold,0.0,231.34099999999944,97
busy,fixed_threshold,0.005,232.5933200000053,97
busy,fixed_threshold,0.01,233.84564000001114,97
busy,fixed_threshold,0.015,235.57316000000458,97
busy,fixed_threshold,0.02,237.34387999999686,97
busy,fixed_threshold,0.025,238.99779999999737,97
busy,fixed_threshold,0.03,240.62835999999953,97
busy,fixed_threshold,0.035,242.05515999999946,97
busy,fixed_threshold,0.04,243.41403999999864,97
busy,fixed_threshold,0.045,244.01132000000797,97
busy,fixed_threshold,0.05,244.2278000000224,97
busy,fixed_threshold,0.055,244.8598000000206,97
busy,fixed_threshold,0.06,245.78860000000728,97
busy,fixed_threshold,0.065,246.37852000000044,97
busy,fixed_threshold,0.07,246.62956000000005,97
busy,fixed_threshold,0.075,246.7881999999998,97
busy,fixed_threshold,0.08,246.81747999999962,97
busy,fixed_threshold,0.085,246.86324000000255,97
busy,fixed_threshold,0.09,246.9419600000116,97
busy,fixed_threshold,0.095,247.02680000001624,97
busy,fixed_threshold,0.1,247.13000000000756,97
busy,fixed_threshold,0.105,247.24944000000193,97
busy,fixed_threshold,0.11,247.45008000001135,97
busy,fixed_threshold,0.115,247.6708800000185,97
busy,fixed_threshold,0.12,248.11344000000042,97
busy,fixed_threshold,0.125,248.5559999999823,97
busy,fixed_threshold,0.13,248.79119999997783,97
busy,fixed_threshold,0.135,249.02639999997336,97
busy,fixed_threshold,0.14,249.14983999998773,97
busy,fixed_threshold,0.145,249.26312000000382,97
busy,fixed_threshold,0.15,249.29000000001398,97
busy,fixed_threshold,0.155,249.2996000000229,97
busy,fixed_threshold,0.16,249.4658000000153,97
busy,fixed_threshold,0.165,249.68420000000216,97
busy,fixed_threshold,0.17,249.80435999999813,97
busy,fixed_threshold,0.17500000000000002,249.87539999999862,97
busy,fixed_threshold,0.18,250.24492000000086,97
busy,fixed_threshold,0.185,250.82764000000432,97
busy,fixed_threshold,0.19,251.3714800000051,97
busy,fixed_threshold,0.195,251.8764400000032,97
busy,fixed_threshold,0.2,252.18479999999983,97
busy,fixed_threshold,0.20500000000000002,252.21791999999434,97
busy,fixed_threshold,0.21,252.58287999999243,97
busy,fixed_threshold,0.215,253.61151999999768,97
busy,fixed_threshold,0.22,254.40292000000133,97
busy,fixed_threshold,0.225,254.4826000000001,97
busy,fixed_threshold,0.23,254.58019999999786,97
busy,fixed_threshold,0.23500000000000001,254.7673999999906,97
busy,fixed_threshold,0.24,254.95547999998556,97
busy,fixed_threshold,0.245,255.15324000000487,97
busy,fixed_threshold,0.25,255.35100000002421,97
busy,fixed_threshold,0.255,255.37692000001203,97
busy,fixed_threshold,0.26,255.40283999999986,97
busy,fixed_threshold,0.265,255.52644000000436,97
busy,fixed_threshold,0.27,255.6589200000104,97
busy,fixed_threshold,0.275,256.0422000000079,97
busy,fixed_threshold,0.28,256.47564000000364,97
busy,fixed_threshold,0.28500000000000003,256.5901199999999,97
busy,fixed_threshold,0.29,256.5982799999963,97
busy,fixed_threshold,0.295,256.6851599999967,97
busy,fixed_threshold,0.3,256.811399999999,97
busy,fixed_threshold,0.305,256.8835999999861,97
busy,fixed_threshold,0.31,256.9171999999621,97
busy,fixed_threshold,0.315,256.9344799999625,97
busy,fixed_threshold,0.32,256.9354399999871,97
busy,fixed_threshold,0.325,257.03400000000255,97
busy,fixed_threshold,0.33,257.26920000000507,97
busy,fixed_threshold,0.335,257.5816800000065,97
busy,fixed_threshold,0.34,258.0487200000056,97
busy,fixed_threshold,0.34500000000000003,258.5174400000041,97
busy,fixed_threshold,0.35000000000000003,258.99120000000113,97
busy,fixed_threshold,0.355,259.45503999999954,97
busy,fixed_threshold,0.36,259.8692800000054,97
busy,fixed_threshold,0.365,260.24976000000953,97
busy,fixed_threshold,0.37,260.2588799999957,97
busy,fixed_threshold,0.375,260.26799999998184,97
busy,fixed_threshold,0.38,260.2871999999997,97
busy,fixed_threshold,0.385,260.3064000000176,97
busy,fixed_threshold,0.39,260.31812000001156,97
busy,fixed_threshold,0.395,260.3291600000033,97
busy,fixed_threshold,0.4,260.3542000000016,97
busy,fixed_threshold,0.405,260.38204000000115,97
busy,fixed_threshold,0.41000000000000003,260.4653199999989,97
busy,fixed_threshold,0.41500000000000004,260.56707999999605,97
busy,fixed_threshold,0.42,260.6925199999928,97
busy,fixed_threshold,0.425,260.82979999998935,97
busy,fixed_threshold,0.43,261.03203999999096,97
busy,fixed_threshold,0.435,261.2806799999962,97
busy,fixed_threshold,0.44,261.4225199999928,97
busy,fixed_threshold,0.445,261.45755999998073,97
busy,fixed_threshold,0.45,261.4895999999775,97
busy,fixed_threshold,0.455,261.51743999998666,97
busy,fixed_threshold,0.46,261.5823999999941,97
busy,fixed_threshold,0.465,261.721599999998,97
busy,fixed_threshold,0.47000000000000003,261.8633200000011,97
busy,fixed_threshold,0.47500000000000003,262.01260000000184,97
busy,fixed_threshold,0.48,262.17564000000226,97
busy,fixed_threshold,0.485,262.407480000001,97
busy,fixed_threshold,0.49,262.64283999999986,97
busy,fixed_threshold,0.495,262.9169199999994,97
busy,fixed_threshold,0.5,263.1909999999989,97
busy,fixed_threshold,0.505,263.2615599999993,97
busy,fixed_threshold,0.51,263.3321199999997,97
busy,fixed_threshold,0.515,263.5861600000007,97
busy,fixed_threshold,0.52,263.8568800000017,97
busy,fixed_threshold,0.525,263.92600000000095,97
busy,fixed_threshold,0.53,263.9547999999998,97
busy,fixed_threshold,0.535,264.0754000000004,97
busy,fixed_threshold,0.54,264.2266000000015,97
busy,fixed_threshold,0.545,264.27988000000363,97
busy,fixed_threshold,0.55,264.28420000000625,97
busy,fixed_threshold,0.555,264.2963600000064,97
busy,fixed_threshold,0.56,264.3141200000048,97
busy,fixed_threshold,0.5650000000000001,264.4024400000123,97
busy,fixed_threshold,0.5700000000000001,264.56132000002896,97
busy,fixed_threshold,0.5750000000000001,264.7118000000308,97
busy,fixed_threshold,0.58,264.8505200000119,97
busy,fixed_threshold,0.585,265.21500000000117,97
busy,fixed_threshold,0.59,266.03100000000677,97
busy,fixed_threshold,0.595,266.67732000001007,97
busy,fixed_threshold,0.6,266.81460000000664,97
busy,fixed_threshold,0.605,266.9770800000057,97
busy,fixed_threshold,0.61,267.2655600000173,97
busy,fixed_threshold,0.615,267.5722000000265,97
busy,fixed_threshold,0.62,268.07860000000915,97
busy,fixed_threshold,0.625,268.58499999999185,97
busy,fixed_threshold,0.63,268.8475599999947,97
busy,fixed_threshold,0.635,269.11011999999755,97
busy,fixed_threshold,0.64,269.3700400000031,97
busy,fixed_threshold,0.645,269.62972000000883,97
busy,fixed_threshold,0.65,270.1074000000139,97
busy,fixed_threshold,0.655,270.6286800000188,97
busy,fixed_threshold,0.66,270.8104800000135,97
busy,fixed_threshold,0.665,270.8791200000048,97
busy,fixed_threshold,0.67,270.9893600000162,97
busy,fixed_threshold,0.675,271.12040000003765,97
busy,fixed_threshold,0.68,271.23520000002117,97
busy,fixed_threshold,0.685,271.3383999999776,97
busy,fixed_threshold,0.6900000000000001,271.41591999996456,97
busy,fixed_threshold,0.6950000000000001,271.4677599999821,97
busy,fixed_threshold,0.7000000000000001,271.67019999999394,97
busy,fixed_threshold,0.705,272.0834799999978,97
busy,fixed_threshold,0.71,272.4516399999995,97
busy,fixed_threshold,0.715,272.7295599999967,97
busy,fixed_threshold,0.72,272.9797599999979,97
busy,fixed_threshold,0.725,273.146800000011,97
busy,fixed_threshold,0.73,273.2911200000203,97
busy,fixed_threshold,0.735,273.32184000001087,97
busy,fixed_threshold,0.74,273.35464000000155,97
busy,fixed_threshold,0.745,273.41031999999365,97
busy,fixed_threshold,0.75,273.4659999999858,97
busy,fixed_threshold,0.755,274.34488000000243,97
busy,fixed_threshold,0.76,275.2237600000191,97
busy,fixed_threshold,0.765,275.41272000001044,97
busy,fixed_threshold,0.77,275.5389599999995,97
busy,fixed_threshold,0.775,275.65320000000065,97
busy,fixed_threshold,0.78,275.7650400000042,97
busy,fixed_threshold,0.785,275.82684000000415,97
busy,fixed_threshold,0.79,275.8719600000029,97
busy,fixed_threshold,0.795,276.0770800000016,97
busy,fixed_threshold,0.8,276.3622000000003,97
busy,fixed_threshold,0.805,276.54875999999933,97
busy,fixed_threshold,0.81,276.6649199999985,97
busy,fixed_threshold,0.8150000000000001,276.7894799999986,97
busy,fixed_threshold,0.8200000000000001,276.9224399999995,97
busy,fixed_threshold,0.8250000000000001,277.5081999999995,97
busy,fixed_threshold,0.8300000000000001,278.72787999999827,97
busy,fixed_threshold,0.835,279.63219999999853,97
busy,fixed_threshold,0.84,279.90580000000193,97
busy,fixed_threshold,0.845,280.17724000000385,97
busy,fixed_threshold,0.85,280.4422000000015,97
busy,fixed_threshold,0.855,280.7565999999995,97
busy,fixed_threshold,0.86,281.3181999999991,97
busy,fixed_threshold,0.865,281.8362799999988,97
busy,fixed_threshold,0.87,281.87563999999986,97
busy,fixed_threshold,0.875,281.9150000000009,97
busy,fixed_threshold,0.88,282.1559599999941,97
busy,fixed_threshold,0.885,282.3969199999873,97
busy,fixed_threshold,0.89,283.9534799999924,97
busy,fixed_threshold,0.895,285.62963999999863,97
busy,fixed_threshold,0.9,286.53220000000147,97
busy,fixed_threshold,0.905,287.2800400000036,97
busy,fixed_threshold,0.91,287.64484000000635,97
busy,fixed_threshold,0.915,287.88196000000926,97
busy,fixed_threshold,0.92,288.191720000007,97
busy,fixed_threshold,0.925,288.5378000000023,97
busy,fixed_threshold,0.93,288.9012399999992,97
busy,fixed_threshold,0.935,289.2770799999974,97
busy,fixed_threshold,0.9400000000000001,289.49667999999946,97
busy,fixed_threshold,0.9450000000000001,289.5600400000054,97
busy,fixed_threshold,0.9500000000000001,289.66360000000566,97
busy,fixed_threshold,0.9550000000000001,289.8234399999981,97
busy,fixed_threshold,0.96,290.233199999996,97
busy,fixed_threshold,0.965,291.1428000000049,97
busy,fixed_threshold,0.97,291.8998800000103,97
busy,fixed_threshold,0.975,292.19940000000497,97
busy,fixed_threshold,0.98,292.5161200000005,97
busy,fixed_threshold,0.985,292.9188400000005,97
busy,fixed_threshold,0.99,293.4817600000003,97
busy,fixed_threshold,0.995,295.80687999999907,97
busy,fixed_threshold,1.0,298.1319999999978,97
busy,event,0.0,127.74199999999837,96
busy,event,0.005,128.72620000000535,96
busy,event,0.01,129.7104000000123,96
busy,event,0.015,132.7953750000066,96
busy,event,0.02,136.12749999999943,96
busy,event,0.025,137.07912500000384,96
busy,event,0.03,137.39595000001137,96
busy,event,0.035,138.10732500001177,96
busy,event,0.04,139.0008000000089,96
busy,event,0.045,139.48397500000647,96
busy,event,0.05,139.66875000000437,96
busy,event,0.055,140.01845000000395,96
busy,event,0.06,140.55140000000537,96
busy,event,0.065,140.92982500000525,96
busy,event,0.07,141.04335000000248,96
busy,event,0.075,141.20899999999983,96
busy,event,0.08,141.52059999999764,96
busy,event,0.085,141.96689999999725,96
busy,event,0.09,143.13160000000644,96
busy,event,0.095,144.23557500001476,96
busy,event,0.1,144.24650000000747,96
busy,event,0.105,144.25742500000018,96
busy,event,0.11,144.75209999999979,96
busy,event,0.115,145.27364999999978,96
busy,event,0.12,145.49400000000023,96
busy,event,0.125,145.6578750000008,96
busy,event,0.13,146.27045000000106,96
busy,event,0.135,147.04327500000127,96
busy,event,0.14,147.59679999999716,96
busy,event,0.145,148.02239999999057,96
busy,event,0.15,148.40074999998615,96
busy,event,0.155,148.7365749999837,96
busy,event,0.16,149.02439999998313,96
busy,event,0.165,149.24622499998515,96
busy,event,0.17,149.40519999998796,96
busy,event,0.17500000000000002,149.4279999999926,96
busy,event,0.18,149.46459999999678,96
busy,event,0.185,149.55294999999924,96
busy,event,0.19,149.65930000000134,96
busy,event,0.195,149.9186500000006,96
busy,event,0.2,150.17799999999988,96
busy,event,0.20500000000000002,150.2639750000122,96
busy,event,0.21,150.34995000002453,96
busy,event,0.215,150.43720000001704,96
busy,event,0.22,150.52460000000718,96
busy,event,0.225,150.57900000001246,96
busy,event,0.23,150.62460000002176,96
busy,event,0.23500000000000001,151.0849000000162,96
busy,event,0.24,151.73660000000382,96
busy,event,0.245,152.224124999997,96
busy,event,0.25,152.59224999999424,96
busy,event,0.255,152.95182499999464,96
busy,event,0.26,153.30189999999857,96
busy,event,0.265,153.6883750000048,96
busy,event,0.27,154.13725000001506,96
busy,event,0.275,154.4837500000176,96
busy,event,0.28,154.5435999999987,96
busy,event,0.28500000000000003,154.77002499998454,96
busy,event,0.29,155.88484999999562,96
busy,event,0.295,156.94385000000585,96
busy,event,0.3,156.9979999999996,96
busy,event,0.305,157.05214999999333,96
busy,event,0.31,157.5774499999963,96
busy,event,0.315,158.1289249999998,96
busy,event,0.32,158.2167999999976,96
busy,event,0.325,158.21774999999434,96
busy,event,0.33,158.27504999999556,96
busy,event,0.335,158.35247499999838,96
busy,event,0.34,158.47189999999958,96
busy,event,0.34500000000000003,158.61582499999983,96
busy,event,0.35000000000000003,158.7377500000012,96
busy,event,0.355,158.83987500000353,96
busy,event,0.36,159.06340000000782,96
busy,event,0.365,159.4538500000148,96
busy,event,0.37,159.75400000001537,96
busy,event,0.375,159.8585000000021,96
busy,event,0.38,159.96529999999183,96
busy,event,0.385,160.0807249999929,96
busy,event,0.39,160.18814999999375,96
busy,event,0.395,160.22757499999315,96
busy,event,0.4,160.26699999999255,96
busy,event,0.405,160.41899999999586,96
busy,event,0.41000000000000003,160.57099999999917,96
busy,event,0.41500000000000004,161.29632500000025,96
busy,event,0.42,162.08910000000105,96
busy,event,0.425,163.05362500000138,96
busy,event,0.43,164.06395000000157,96
busy,event,0.435,164.46490000000412,96
busy,event,0.44,164.58460000000778,96
busy,event,0.445,165.14897500000296,96
busy,event,0.45,166.03674999999203,96
busy,event,0.455,166.599174999995,96
busy,event,0.46,166.8001000000135,96
busy,event,0.465,167.2514500000212,96
busy,event,0.47000000000000003,168.13210000001055,96
busy,event,0.47500000000000003,168.78400000000238,96
busy,event,0.48,168.79540000000125,96
busy,event,0.485,168.80784999999977,96
busy,event,0.49,168.82589999999655,96
busy,event,0.495,168.8430249999936,96
busy,event,0.5,168.8434999999954,96
busy,event,0.505,168.84397499999722,96
busy,event,0.51,170.00364999999866,96
busy,event,0.515,171.22772500000008,96
busy,event,0.52,172.49060000000063,96
busy,event,0.525,173.76075000000105,96
busy,event,0.53,174.12649999999994,96
busy,event,0.535,174.16924999999827,96
busy,event,0.54,174.25129999999916,96
busy,event,0.545,174.35627500000155,96
busy,event,0.55,174.52624999999898,96
busy,event,0.555,174.75472499999196,96
busy,event,0.56,174.8893999999913,96
busy,event,0.5650000000000001,174.89509999999936,96
busy,event,0.5700000000000001,174.95855000000446,96
busy,event,0.5750000000000001,175.14712500000314,96
busy,event,0.58,180.9005000000015,96
busy,event,0.585,207.52187500000034,96
busy,event,0.59,231.65589999999924,96
busy,event,0.595,234.6474499999974,96
busy,event,0.6,237.63899999999558,96
busy,event,0.605,240.8115250000112,96
busy,event,0.61,243.98405000002674,96
busy,event,0.615,245.36265000001626,96
busy,event,0.62,246.53020000000268,96
busy,event,0.625,246.79887499999973,96
busy,event,0.63,246.8278499999996,96
busy,event,0.635,247.39567499999393,96
busy,event,0.64,248.21219999998576,96
busy,event,0.645,248.75564999998898,96
busy,event,0.65,249.10050000000047,96
busy,event,0.655,249.2865000000107,96
busy,event,0.66,249.29600000001955,96
busy,event,0.665,249.38162500002036,96
busy,event,0.67,249.59775000000735,96
busy,event,0.675,250.05874999999833,96
busy,event,0.68,251.2054000000004,96
busy,event,0.685,252.17617500000125,96
busy,event,0.6900000000000001,252.2089499999958,96
busy,event,0.6950000000000001,252.29772499999092,96
busy,event,0.7000000000000001,253.39449999999488,96
busy,event,0.705,254.49127499999884,96
busy,event,0.71,254.72449999999225,96
busy,event,0.715,254.90974999998508,96
busy,event,0.72,255.23579999999492,96
busy,event,0.725,255.58825000000797,96
busy,event,0.73,256.63230000000914,96
busy,event,0.735,257.92335000000605,96
busy,event,0.74,258.95400000000666,96
busy,event,0.745,259.8327500000094,96
busy,event,0.75,260.2695000000085,96
busy,event,0.755,260.30845000000437,96
busy,event,0.76,260.34260000000177,96
busy,event,0.765,260.37015000000133,96
busy,event,0.77,260.42080000000016,96
busy,event,0.775,260.52149999999733,96
busy,event,0.78,260.6813999999955,96
busy,event,0.785,261.06329999999724,96
busy,event,0.79,261.41154999999856,96
busy,event,0.795,261.47377499999567,96
busy,event,0.8,261.5359999999928,96
busy,event,0.805,261.67374999999663,96
busy,event,0.81,261.81150000000054,96
busy,event,0.8150000000000001,262.4061250000001,96
busy,event,0.8200000000000001,263.0544999999991,96
busy,event,0.8250000000000001,263.60162500000206,96
busy,event,0.8300000000000001,264.1217500000061,96
busy,event,0.835,265.1449750000062,96
busy,event,0.84,266.4004000000044,96
busy,event,0.845,267.0942750000104,96
busy,event,0.85,267.3797500000219,96
busy,event,0.855,268.01217500002383,96
busy,event,0.86,269.03010000001524,96
busy,event,0.865,269.88807500000837,96
busy,event,0.87,270.4718500000046,96
busy,event,0.875,270.93612500000745,96
busy,event,0.88,271.0658000000287,96
busy,event,0.885,271.19112500003973,96
busy,event,0.89,271.29324999999665,96
busy,event,0.895,271.4142249999569,96
busy,event,0.9,271.87449999997807,96
busy,event,0.905,272.3347749999993,96
busy,event,0.91,273.7994499999992,96
busy,event,0.915,275.31992499999785,96
busy,event,0.92,275.65320000000065,96
busy,event,0.925,275.7638750000042,96
busy,event,0.93,276.1185000000027,96
busy,event,0.935,276.56024999999937,96
busy,event,0.9400000000000001,277.73940000000005,96
busy,event,0.9450000000000001,279.348700000003,96
busy,event,0.9500000000000001,280.2490000000032,96
busy,event,0.9550000000000001,280.5112000000009,96
busy,event,0.96,282.0238000000005,96
busy,event,0.965,285.25570000000266,96
busy,event,0.97,287.6492500000036,96
busy,event,0.975,288.2263750000017,96
busy,event,0.98,288.7735000000011,96
busy,event,0.985,289.20812500000517,96
busy,event,0.99,289.70840000000896,96
busy,event,0.995,290.7667000000103,96
busy,event,1.0,291.82500000001164,96
busy,event_no_early_exit,0.0,231.34099999999944,96
busy,event_no_early_exit,0.005,232.58027500000523,96
busy,event_no_early_exit,0.01,233.81955000001102,96
busy,event_no_early_exit,0.015,235.51782500000482,96
busy,event_no_early_exit,0.02,237.27009999999717,96
busy,event_no_early_exit,0.025,238.91287499999726,96
busy,event_no_early_exit,0.03,240.5264499999994,96
busy,event_no_early_exit,0.035,241.95607499999952,96
busy,event_no_early_exit,0.04,243.3007999999987,96
busy,event_no_early_exit,0.045,243.99102500000663,96
busy,event_no_early_exit,0.05,244.2052500000209,96
busy,event_no_early_exit,0.055,244.75337500002215,96
busy,event_no_early_exit,0.06,245.67250000000894,96
busy,event_no_early_exit,0.065,246.3445250000005,96
busy,event_no_early_exit,0.07,246.59295000000012,96
busy,event_no_early_exit,0.075,246.7836249999998,96
busy,event_no_early_exit,0.08,246.81259999999966,96
busy,event_no_early_exit,0.085,246.84930000000094,96
busy,event_no_early_exit,0.09,246.92720000000992,96
busy,event_no_early_exit,0.095,247.00637500001795,96
busy,event_no_early_exit,0.1,247.10850000000937,96
busy,event_no_early_exit,0.105,247.2106250000008,96
busy,event_no_early_exit,0.11,247.4041000000092,96
busy,event_no_early_exit,0.115,247.60265000001854,96
busy,event_no_early_exit,0.12,248.00280000000492,96
busy,event_no_early_exit,0.125,248.44074999998702,96
busy,event_no_early_exit,0.13,248.72749999997905,96
busy,event_no_early_exit,0.135,248.96024999997462,96
busy,event_no_early_exit,0.14,249.11679999998304,96
busy,event_no_early_exit,0.145,249.228899999999,96
busy,event_no_early_exit,0.15,249.28700000001118,96
busy,event_no_early_exit,0.155,249.29650000002002,96
busy,event_no_early_exit,0.16,249.39300000001967,96
busy,event_no_early_exit,0.165,249.60912500000669,96
busy,event_no_early_exit,0.17,249.77919999999796,96
busy,event_no_early_exit,0.17500000000000002,249.84949999999844,96
busy,event_no_early_exit,0.18,250.02639999999957,96
busy,event_no_early_exit,0.185,250.60305000000298,96
busy,event_no_early_exit,0.19,251.17160000000587,96
busy,event_no_early_exit,0.195,251.67130000000398,96
busy,event_no_early_exit,0.2,252.1710000000021,96
busy,event_no_early_exit,0.20500000000000002,252.20377499999668,96
busy,event_no_early_exit,0.21,252.23654999999127,96
busy,event_no_early_exit,0.215,253.15077499999535,96
busy,event_no_early_exit,0.22,254.16870000000054,96
busy,event_no_early_exit,0.225,254.44525000000067,96
busy,event_no_early_exit,0.23,254.52409999999946,96
busy,event_no_early_exit,0.23500000000000001,254.67574999999414,96
busy,event_no_early_exit,0.24,254.86099999998697,96
busy,event_no_early_exit,0.245,255.052299999995,96
busy,event_no_early_exit,0.25,255.24800000001414,96
busy,event_no_early_exit,0.255,255.3631500000185,96
busy,event_no_early_exit,0.26,255.38880000000646,96
busy,event_no_early_exit,0.265,255.45330000000104,96
busy,event_no_early_exit,0.27,255.584400000007,96
busy,event_no_early_exit,0.275,255.79600000000937,96
busy,event_no_early_exit,0.28,256.23300000000165,96
busy,event_no_early_exit,0.28500000000000003,256.6207249999955,96
busy,event_no_early_exit,0.29,256.7456499999978,96
busy,event_no_early_exit,0.295,256.8657499999988,96
busy,event_no_early_exit,0.3,256.8989999999751,96
busy,event_no_early_exit,0.305,256.9322499999514,96
busy,event_no_early_exit,0.31,256.93489999997325,96
busy,event_no_early_exit,0.315,256.9358499999977,96
busy,event_no_early_exit,0.32,257.1320000000036,96
busy,event_no_early_exit,0.325,257.3647500000061,96
busy,event_no_early_exit,0.33,257.7665500000061,96
busy,event_no_early_exit,0.335,258.2287250000052,96
busy,event_no_early_exit,0.34,258.695100000003,96
busy,event_no_early_exit,0.34500000000000003,259.163925,96
busy,event_no_early_exit,0.35000000000000003,259.60175000000163,96
busy,event_no_early_exit,0.355,260.01167500000736,96
busy,event_no_early_exit,0.36,260.2528000000049,96
busy,event_no_early_exit,0.365,260.26182499999123,96
busy,event_no_early_exit,0.37,260.27399999998744,96
busy,event_no_early_exit,0.375,260.2930000000051,96
busy,event_no_early_exit,0.38,260.3103000000174,96
busy,event_no_early_exit,0.385,260.32122500000924,96
busy,event_no_early_exit,0.39,260.3339000000019,96
busy,event_no_early_exit,0.395,260.36145000000147,96
busy,event_no_early_exit,0.4,260.38900000000103,96
busy,event_no_early_exit,0.405,260.4896999999982,96
busy,event_no_early_exit,0.41000000000000003,260.5903999999954,96
busy,event_no_early_exit,0.41500000000000004,260.72254999999205,96
busy,event_no_early_exit,0.42,260.8583999999886,96
busy,event_no_early_exit,0.425,261.081249999992,96
busy,event_no_early_exit,0.43,261.3272999999972,96
busy,event_no_early_exit,0.435,261.42872499999066,96
busy,event_no_early_exit,0.44,261.4633999999787,96
busy,event_no_early_exit,0.445,261.49394999997895,96
busy,event_no_early_exit,0.45,261.521499999988,96
busy,event_no_early_exit,0.455,261.6012499999946,96
busy,event_no_early_exit,0.46,261.7389999999985,96
busy,event_no_early_exit,0.465,261.8804250000012,96
busy,event_no_early_exit,0.47000000000000003,262.0281500000019,96
busy,event_no_early_exit,0.47500000000000003,262.1973750000021,96
busy,event_no_early_exit,0.48,262.4268000000009,96
busy,event_no_early_exit,0.485,262.6628249999998,96
busy,event_no_early_exit,0.49,262.93404999999933,96
busy,event_no_early_exit,0.495,263.19467499999894,96
busy,event_no_early_exit,0.5,263.2644999999993,96
busy,event_no_early_exit,0.505,263.3343249999997,96
busy,event_no_early_exit,0.51,263.5918000000007,96
busy,event_no_early_exit,0.515,263.8597000000017,96
busy,event_no_early_exit,0.52,263.92600000000095,96
busy,event_no_early_exit,0.525,263.9544999999998,96
busy,event_no_early_exit,0.53,264.07225000000034,96
busy,event_no_early_exit,0.535,264.22187500000143,96
busy,event_no_early_exit,0.54,264.2797000000035,96
busy,event_no_early_exit,0.545,264.2839750000061,96
busy,event_no_early_exit,0.55,264.2952500000065,96
busy,event_no_early_exit,0.555,264.31282500000486,96
busy,event_no_early_exit,0.56,264.3892000000109,96
busy,event_no_early_exit,0.5650000000000001,264.5464250000274,96
busy,event_no_early_exit,0.5700000000000001,264.69735000003277,96
busy,event_no_early_exit,0.5750000000000001,264.83462500001406,96
busy,event_no_early_exit,0.58,265.11300000000045,96
busy,event_no_early_exit,0.585,265.920500000006,96
busy,event_no_early_exit,0.59,266.6573000000106,96
busy,event_no_early_exit,0.595,266.79315000000713,96
busy,event_no_early_exit,0.6,266.9290000000037,96
busy,event_no_early_exit,0.605,267.2144750000152,96
busy,event_no_early_exit,0.61,267.49995000002673,96
busy,event_no_early_exit,0.615,267.9783750000126,96
busy,event_no_early_exit,0.62,268.4794999999955,96
busy,event_no_early_exit,0.625,268.7901249999941,96
busy,event_no_early_exit,0.63,269.0499499999969,96
busy,event_no_early_exit,0.635,269.3078250000017,96
busy,event_no_early_exit,0.64,269.5648000000074,96
busy,event_no_early_exit,0.645,269.9716500000126,96
busy,event_no_early_exit,0.65,270.48750000001746,96
busy,event_no_early_exit,0.655,270.7911750000159,96
busy,event_no_early_exit,0.66,270.8591000000073,96
busy,event_no_early_exit,0.665,270.9497750000097,96
busy,event_no_early_exit,0.67,271.07945000003093,96
busy,event_no_early_exit,0.675,271.2018750000352,96
busy,event_no_early_exit,0.68,271.3039999999921,96
busy,event_no_early_exit,0.685,271.3980999999585,96
busy,event_no_early_exit,0.6900000000000001,271.44939999997587,96
busy,event_no_early_exit,0.6950000000000001,271.51952499999254,96
busy,event_no_early_exit,0.7000000000000001,271.92849999999635,96
busy,event_no_early_exit,0.705,272.33747500000015,96
busy,event_no_early_exit,0.71,272.6195499999978,96
busy,event_no_early_exit,0.715,272.8945749999951,96
busy,event_no_early_exit,0.72,273.0772000000055,96
busy,event_no_early_exit,0.725,273.2425000000185,96
busy,event_no_early_exit,0.73,273.308400000015,96
busy,event_no_early_exit,0.735,273.3388000000056,96
busy,event_no_early_exit,0.74,273.38479999999726,96
busy,event_no_early_exit,0.745,273.4398999999895,96
busy,event_no_early_exit,0.75,273.92374999999447,96
busy,event_no_early_exit,0.755,274.7934750000109,96
busy,event_no_early_exit,0.76,275.3496000000159,96
busy,event_no_early_exit,0.765,275.4745250000051,96
busy,event_no_early_exit,0.77,275.5949499999988,96
busy,event_no_early_exit,0.775,275.7056250000023,96
busy,event_no_early_exit,0.78,275.80240000000487,96
busy,event_no_early_exit,0.785,275.8470500000036,96
busy,event_no_early_exit,0.79,275.9167000000023,96
busy,event_no_early_exit,0.795,276.198850000001,96
busy,event_no_early_exit,0.8,276.48099999999977,96
busy,event_no_early_exit,0.805,276.595949999999,96
busy,event_no_early_exit,0.81,276.7108999999982,96
busy,event_no_early_exit,0.8150000000000001,276.84072499999894,96
busy,event_no_early_exit,0.8200000000000001,276.9722999999998,96
busy,event_no_early_exit,0.8250000000000001,277.95287499999904,96
busy,event_no_early_exit,0.8300000000000001,279.15984999999785,96
busy,event_no_early_exit,0.835,279.7262499999997,96
busy,event_no_early_exit,0.84,279.997000000003,96
busy,event_no_early_exit,0.845,280.2628000000031,96
busy,event_no_early_exit,0.85,280.5250000000008,96
busy,event_no_early_exit,0.855,280.92624999999936,96
busy,event_no_early_exit,0.86,281.48199999999895,96
busy,event_no_early_exit,0.865,281.8473499999991,96
busy,event_no_early_exit,0.87,281.8863000000001,96
busy,event_no_early_exit,0.875,281.9777499999991,96
busy,event_no_early_exit,0.88,282.2161999999924,96
busy,event_no_early_exit,0.885,282.6788999999877,96
busy,event_no_early_exit,0.89,284.3375999999938,96
busy,event_no_early_exit,0.895,285.94794999999976,96
busy,event_no_early_exit,0.9,286.6880000000019,96
busy,event_no_early_exit,0.905,287.4280500000041,96
busy,event_no_early_exit,0.91,287.68930000000694,96
busy,event_no_early_exit,0.915,287.92395000000977,96
busy,event_no_early_exit,0.92,288.24940000000623,96
busy,event_no_early_exit,0.925,288.5918750000015,96
busy,event_no_early_exit,0.93,288.9560499999989,96
busy,event_no_early_exit,0.935,289.32797499999714,96
busy,event_no_early_exit,0.9400000000000001,289.5046000000002,96
busy,event_no_early_exit,0.9450000000000001,289.56730000000607,96
busy,event_no_early_exit,0.9500000000000001,289.6802500000049,96
busy,event_no_early_exit,0.9550000000000001,289.83842499999736,96
busy,event_no_early_exit,0.96,290.30899999999673,96
busy,event_no_early_exit,0.965,291.2091250000056,96
busy,event_no_early_exit,0.97,291.91860000001,96
busy,event_no_early_exit,0.975,292.2150000000047,96
busy,event_no_early_exit,0.98,292.5329000000005,96
busy,event_no_early_exit,0.985,292.9314250000005,96
busy,event_no_early_exit,0.99,293.5302000000003,96
busy,event_no_early_exit,0.995,295.8310999999991,96
busy,event_no_early_exit,1.0,298.1319999999978,96
busy,secure,0.0,128.1420000000071,89
busy,secure,0.005,129.05367999999436,89
busy,secure,0.01,129.9653599999816,89
busy,secure,0.015,132.45879999998257,89
busy,secure,0.02,135.54539999998872,89
busy,secure,0.025,137.36239999999526,89
busy,secure,0.03,137.6558800000022,89
busy,secure,0.035,138.04648000000742,89
busy,secure,0.04,138.87412000000478,89
busy,secure,0.045,139.7017600000021,89
busy,secure,0.05,139.93260000001175,89
busy,secure,0.055,140.1037600000226,89
busy,secure,0.06,140.48016000001925,89
busy,secure,0.065,140.97384000000775,89
busy,secure,0.07,141.3262400000001,89
busy,secure,0.075,141.43139999999912,89
busy,secure,0.08,141.55323999999788,89
busy,secure,0.085,141.84187999999426,89
busy,secure,0.09,142.13051999999064,89
busy,secure,0.095,143.06571999999696,89
busy,secure,0.1,144.14460000000545,89
busy,secure,0.105,144.90404000000564,89
busy,secure,0.11,145.39727999999886,89
busy,secure,0.115,145.79739999999757,89
busy,secure,0.12,145.9492000000109,89
busy,secure,0.125,146.10100000002421,89
busy,secure,0.13,146.8168800000148,89
busy,secure,0.135,147.53276000000537,89
busy,secure,0.14,148.0147199999867,89
busy,secure,0.145,148.40895999996457,89
busy,secure,0.15,148.7653999999573,89
busy,secure,0.155,149.07647999996786,89
busy,secure,0.16,149.36835999997913,89
busy,secure,0.165,149.5738399999938,89
busy,secure,0.17,149.77932000000845,89
busy,secure,0.17500000000000002,149.81720000000496,89
busy,secure,0.18,149.83831999999967,89
busy,secure,0.185,149.89807999999815,89
busy,secure,0.19,149.97991999999883,89
busy,secure,0.195,150.1193599999993,89
busy,secure,0.2,150.3595999999994,89
busy,secure,0.20500000000000002,150.58524000000034,89
busy,secure,0.21,150.66488000000936,89
busy,secure,0.215,150.74452000001838,89
busy,secure,0.22,150.82524000001257,89
busy,secure,0.225,150.90620000000345,89
busy,secure,0.23,150.966040000004,89
busy,secure,0.23500000000000001,151.0082800000126,89
busy,secure,0.24,151.20364000001572,89
busy,secure,0.245,151.80732000000427,89
busy,secure,0.25,152.41099999999278,89
busy,secure,0.255,152.75199999999023,89
busy,secure,0.26,153.09299999998765,89
busy,secure,0.265,153.4218399999896,89
busy,secure,0.27,153.74611999999325,89
busy,secure,0.275,154.11199999999954,89
busy,secure,0.28,154.52780000000902,89
busy,secure,0.28500000000000003,154.8780800000159,89
busy,secure,0.29,154.93352000001119,89
busy,secure,0.295,154.98896000000647,89
busy,secure,0.3,155.93280000000377,89
busy,secure,0.305,156.96548000000126,89
busy,secure,0.31,157.37292000000483,89
busy,secure,0.315,157.42308000001182,89
busy,secure,0.32,157.64076000001398,89
busy,secure,0.325,158.1516000000076,89
busy,secure,0.33,158.61608000000123,89
busy,secure,0.335,158.616959999995,89
busy,secure,0.34,158.6178399999888,89
busy,secure,0.34500000000000003,158.67667999999207,89
busy,secure,0.35000000000000003,158.7483999999975,89
busy,secure,0.355,158.85371999999992,89
busy,secure,0.36,158.98703999999987,89
busy,secure,0.365,159.10979999999975,89
busy,secure,0.37,159.2043999999994,89
busy,secure,0.375,159.29899999999907,89
busy,secure,0.38,159.66068000000553,89
busy,secure,0.385,160.022360000012,89
busy,secure,0.39,160.1914000000141,89
busy,secure,0.395,160.28820000001463,89
busy,secure,0.4,160.38960000001242,89
busy,secure,0.405,160.496520000007,89
busy,secure,0.41000000000000003,160.59064000000362,89
busy,secure,0.41500000000000004,160.62716000000947,89
busy,secure,0.42,160.6636800000153,89
busy,secure,0.425,161.46260000001058,89
busy,secure,0.43,162.33776000000478,89
busy,secure,0.435,163.25156000000075,89
busy,secure,0.44,164.18743999999774,89
busy,secure,0.445,164.8233200000017,89
busy,secure,0.45,164.93420000001788,89
busy,secure,0.455,165.10976000003168,89
busy,secure,0.46,165.93212000002154,89
busy,secure,0.465,166.7544800000114,89
busy,secure,0.47000000000000003,167.05628000002355,89
busy,secure,0.47500000000000003,167.24240000004065,89
busy,secure,0.48,167.77196000003954,89
busy,secure,0.485,168.58772000002327,89
busy,secure,0.49,169.18844000000857,89
busy,secure,0.495,169.2157199999981,89
busy,secure,0.5,169.24299999998766,89
busy,secure,0.505,169.24343999999255,89
busy,secure,0.51,169.24387999999743,89
busy,secure,0.515,170.06863999999914,89
busy,secure,0.52,171.20251999999965,89
busy,secure,0.525,172.35580000000482,89
busy,secure,0.53,173.53236000001561,89
busy,secure,0.535,174.51988000002225,89
busy,secure,0.54,174.6567200000101,89
busy,secure,0.545,174.79355999999797,89
busy,secure,0.55,175.00319999999775,89
busy,secure,0.555,175.22011999999873,89
busy,secure,0.56,175.41015999999829,89
busy,secure,0.5650000000000001,175.58483999999706,89
busy,secure,0.5700000000000001,184.66319999999706,89
busy,secure,0.5750000000000001,209.32299999999898,89
busy,secure,0.58,231.99291999999957,89
busy,secure,0.585,234.76403999999505,89
busy,secure,0.59,237.53515999999053,89
busy,secure,0.595,240.44343999999109,89
busy,secure,0.6,243.3821999999927,89
busy,secure,0.605,245.3079199999949,89
busy,secure,0.61,246.38943999999756,89
busy,secure,0.615,247.18332000000228,89
busy,secure,0.62,247.21016000001254,89
busy,secure,0.625,247.23700000002282,89
busy,secure,0.63,247.99336000000244,89
busy,secure,0.635,248.74971999998206,89
busy,secure,0.64,249.1883199999749,89
busy,secure,0.645,249.50775999997276,89
busy,secure,0.65,249.68599999998696,89
busy,secure,0.655,249.69480000002076,89
busy,secure,0.66,249.7384000000445,89
busy,secure,0.665,249.93860000002286,89
busy,secure,0.67,250.1388000000012,89
busy,secure,0.675,251.1226000000039,89
busy,secure,0.68,252.184760000009,89
busy,secure,0.685,253.34604000000982,89
busy,secure,0.6900000000000001,254.56396000000825,89
busy,secure,0.6950000000000001,255.45772000000696,89
busy,secure,0.7000000000000001,255.78420000000625,89
busy,secure,0.705,256.1897200000053,89
busy,secure,0.71,257.38564000000247,89
busy,secure,0.715,258.58155999999957,89
busy,secure,0.72,259.46500000000117,89
busy,secure,0.725,260.27900000000375,89
busy,secure,0.73,260.66868000000363,89
busy,secure,0.735,260.7047600000014,89
busy,secure,0.74,260.73795999999965,89
busy,secure,0.745,260.7634799999993,89
busy,secure,0.75,260.78899999999885,89
busy,secure,0.755,260.88227999999464,89
busy,secure,0.76,260.9755599999904,89
busy,secure,0.765,261.25827999999046,89
busy,secure,0.77,261.61203999999213,89
busy,secure,0.775,261.8311999999918,89
busy,secure,0.78,261.88883999998916,89
busy,secure,0.785,261.9591999999876,89
busy,secure,0.79,262.08679999999123,89
busy,secure,0.795,262.2143999999948,89
busy,secure,0.8,262.7719999999972,89
busy,secure,0.805,263.3725999999995,89
busy,secure,0.81,263.8976000000007,89
busy,secure,0.8150000000000001,264.37940000000117,89
busy,secure,0.8200000000000001,265.1088800000056,89
busy,secure,0.8250000000000001,266.2718000000168,89
busy,secure,0.8300000000000001,267.35304000002566,89
busy,secure,0.835,267.6174800000107,89
busy,secure,0.84,267.8819199999957,89
busy,secure,0.845,268.70147999999693,89
busy,secure,0.85,269.6444000000018,89
busy,secure,0.855,270.367960000009,89
busy,secure,0.86,270.9087200000184,89
busy,secure,0.865,271.33476000002355,89
busy,secure,0.87,271.45488000001757,89
busy,secure,0.875,271.57500000001164,89
busy,secure,0.88,271.6695999999973,89
busy,secure,0.885,271.76419999998296,89
busy,secure,0.89,272.10007999998635,89
busy,secure,0.895,272.52643999999634,89
busy,secure,0.9,273.39919999999984,89
busy,secure,0.905,274.80763999999544,89
busy,secure,0.91,275.9786399999924,89
busy,secure,0.915,276.08115999999575,89
busy,secure,0.92,276.183679999999,89
busy,secure,0.925,276.56499999999653,89
busy,secure,0.93,276.97419999999346,89
busy,secure,0.935,278.0716399999941,89
busy,secure,0.9400000000000001,279.56235999999683,89
busy,secure,0.9450000000000001,280.59931999999884,89
busy,secure,0.9500000000000001,280.8421999999995,89
busy,secure,0.9550000000000001,281.3351600000001,89
busy,secure,0.96,284.3289199999992,89
busy,secure,0.965,287.3226799999985,89
busy,secure,0.97,288.3043999999991,89
busy,secure,0.975,288.83899999999994,89
busy,secure,0.98,289.301600000001,89
busy,secure,0.985,289.7042000000022,89
busy,secure,0.99,290.2643599999999,89
busy,secure,0.995,291.2446799999883,89
busy,secure,1.0,292.2249999999767,89
