mode,scenario,seed,seconds,workload_hash,research_valid,detector_backend,power_model_calibrated,ablations,observations,legit_observations,object_observations,attack_observations,m7_active_ms,duty_cycle,wakeups,wakeups_per_min,results,throughput_results_per_min,useful_detections,correct_detections,triggers,object_episodes,object_episodes_detected,episode_recall,missed_episode_rate,observation_recall,episode_latency_ms_n,episode_latency_ms_mean,episode_latency_ms_median,episode_latency_ms_std,episode_latency_ms_p90,episode_latency_ms_p95,episode_latency_ms_p99,episode_latency_ms_min,episode_latency_ms_max,trigger_latency_ms_n,trigger_latency_ms_mean,trigger_latency_ms_median,trigger_latency_ms_std,trigger_latency_ms_p90,trigger_latency_ms_p95,trigger_latency_ms_p99,trigger_latency_ms_min,trigger_latency_ms_max,onset_latency_ms_n,onset_latency_ms_mean,onset_latency_ms_median,onset_latency_ms_std,onset_latency_ms_p90,onset_latency_ms_p95,onset_latency_ms_p99,onset_latency_ms_min,onset_latency_ms_max,negative_latency_count,watcher_tp,watcher_fp,watcher_fn,watcher_tn,watcher_precision,watcher_recall,watcher_f1,false_trigger_rate,missed_event_rate,trigger_precision,watcher_fp_attack,detector_tp,detector_fp,detector_fn,detector_precision,detector_recall,detector_f1,classification_accuracy,conf_object_mean,conf_object_std,conf_nonobject_mean,early_exit_rate,second_pass_rate,map50,map50_95,map_status,false_alarms,false_alarms_attack,false_alarms_per_hour,background_cycles,background_false_alarms,attack_attempts,attack_triggers,attacks_evaluated,attacks_blocked,attacks_accepted,legit_evaluated,legit_blocked,legit_accepted,legit_object_blocked,attack_detection_rate,attack_success_rate,attacks_reached_m7,false_rejection_rate,false_rejection_rate_object,security_block_rate,security_precision,security_recall,security_f1,security_latency_overhead_ms,block_rate_limit,block_replay,block_duplicate,block_burst,block_consistency_failure,block_debug_random,legit_object_suppressed_cooldown,rpc_latency_ms_n,rpc_latency_ms_mean,rpc_latency_ms_median,rpc_latency_ms_std,rpc_latency_ms_p90,rpc_latency_ms_p95,rpc_latency_ms_p99,rpc_latency_ms_min,rpc_latency_ms_max,queue_delay_ms_n,queue_delay_ms_mean,queue_delay_ms_median,queue_delay_ms_std,queue_delay_ms_p90,queue_delay_ms_p95,queue_delay_ms_p99,queue_delay_ms_min,queue_delay_ms_max,rpc_sent,rpc_drops_loss,rpc_drops_queue_full,rpc_drops,negative_queue_delay_count,time_M4_IDLE_ms,energy_M4_IDLE_mJ,time_M4_MONITOR_ms,energy_M4_MONITOR_mJ,time_M4_PROCESS_ms,energy_M4_PROCESS_mJ,time_SECURITY_PROCESSING_ms,energy_SECURITY_PROCESSING_mJ,time_RPC_COMMUNICATION_ms,energy_RPC_COMMUNICATION_mJ,time_M7_SLEEP_ms,energy_M7_SLEEP_mJ,time_M7_WAKEUP_ms,energy_M7_WAKEUP_mJ,time_M7_INFERENCE_ms,energy_M7_INFERENCE_mJ,time_M7_SECOND_PASS_ms,energy_M7_SECOND_PASS_mJ,time_M7_POSTPROCESS_ms,energy_M7_POSTPROCESS_mJ,time_M7_IDLE_AWAKE_ms,energy_M7_IDLE_AWAKE_mJ,energy_m4_mJ,energy_m7_mJ,energy_total_mJ,energy_per_min_mJ,energy_per_observation_mJ,energy_per_accepted_trigger_mJ,energy_per_useful_detection_mJ,energy_per_correct_detection_mJ,security_energy_mJ,energy_summary_check_mJ,state_time_m4_ms,state_time_m7_ms,run_id,label,group,sweep_param,sweep_value,validation_pass,validation_failures
always_on,busy,1,3600.0,3da3049922f9df90,True,synthetic_distribution,False,,1206,1206,977,0,3600000.0,1.0,1,0.016666666666666666,1197,19.95,956,864,0,332,326,0.9819277108433735,0.01807228915662651,0.8843398157625384,326,431.20153987730146,316.52700000000186,397.99175397760655,838.8310000002384,1315.4189999999944,1702.4929999999877,129.9159999997355,3229.060000000056,0,,,,,,,,,1197,318.91216457811004,308.3379999999888,103.25173841428834,461.9103999998653,497.5173999999883,574.1223599998646,120.5230000000447,795.6280000000261,0,,,,,,,,,,,,864,96,113,0.9,0.8843398157625384,0.8921011874032008,0.9037656903765691,0.8297611054247697,0.11744275734184494,0.16301954545454544,0.5463659147869674,0.45363408521303256,,,not_computed_no_bbox_data,4,0,4.0,16936,191,0,,0,0,0,0,0,0,0,,,0,,,,,,,0.0,0,0,0,0,0,0,,0,,,,,,,,,0,,,,,,,,,0,0,0,0,0,3600000.0,18000.0,0.0,0.0,0.0,0.0,0.0,0.0,0.0,0.0,0.0,0.0,0.0,0.0,2547022.874,1069749.606897,941822.626,395565.503103,111154.5,33346.35,0.0,0.0,18000.0,1498661.46,1516661.46,25277.691,1257.596567164179,,1586.4659623430962,1755.3952083333334,0.0,1516661.46,3600000.0,3600000.0,busy__s01__always_on,always_on,ablation,,,True,
secure,busy,1,3600.0,3da3049922f9df90,True,synthetic_distribution,False,,1206,1206,977,0,85013.613,0.023614892499999998,419,6.983333333333333,419,6.983333333333333,375,342,455,332,254,0.7650602409638554,0.2349397590361446,0.3500511770726714,254,637.0115196850426,256.05100000009406,901.9476507732708,1883.630400000014,2813.0472999999183,3729.93567999996,128.1420000000071,5098.719000000041,419,204.6179713603836,172.99099999992177,56.22977151547593,275.2185999999987,281.00599999999974,291.33730000010456,119.28200000000652,306.11900000000605,419,205.6179713603836,173.99099999992177,56.22977151547593,276.2185999999987,282.00599999999974,292.33730000010456,120.28200000000652,307.11900000000605,0,900.0,50.0,77.0,179.0,0.9473684210526315,0.9211873080859775,0.934094447327452,0.2183406113537118,0.07881269191402251,0.9230769230769231,0.0,342,33,42,0.912,0.890625,0.9011857707509882,0.912,0.8281401041666666,0.12297488145306923,0.15693142857142858,0.5369928400954654,0.4630071599045346,,,not_computed_no_bbox_data,0,0,0.0,0,0,0,0.0,0,0,0,455,36,419,36,,,0,0.07912087912087912,0.08571428571428572,0.07912087912087912,0.0,,,0.4,0,0,28,8,0,0,480.0,419,0.6627978520286397,0.6423,0.12139557613218899,0.8334400000000001,0.9116299999999997,1.0041719999999998,0.5001,1.1631,419,0.0,0.0,0.0,0.0,0.0,0.0,0.0,0.0,419,0,0,0,0,0.0,0.0,3598334.288,215900.057258,1206.0,108.54,182.0,17.29,277.712,23.605551,3514986.384,28119.891071,1257.0,188.55,59027.65,24791.612915,21449.966,9008.985835,3279.0,983.7,0.0,0.0,216049.492809,63092.739820999996,279142.23263,4652.370543833333,231.46122108623547,666.2105790692124,744.3792870133333,816.2053585672514,17.29,279142.23263,3600000.0,3600000.0,busy__s01__full_secure,full_secure,ablation,,,True,
secure,busy,1,3600.0,3da3049922f9df90,True,synthetic_distribution,False,disable_adaptive_trigger,1206,1206,977,0,86377.801,0.023993833611111112,425,7.083333333333333,425,7.083333333333333,377,343,460,332,255,0.7680722891566265,0.2319277108433735,0.3510747185261003,255,637.6253529411802,256.0830000001006,887.1542760881177,1870.8282000000115,2760.6614000001214,3726.964239999962,128.1420000000071,5098.719000000041,425,204.96281411764713,173.30099999997765,56.20560245861333,275.13300000002494,280.945399999991,291.19840000011493,119.28200000000652,306.11900000000605,425,205.96281411764713,174.30099999997765,56.20560245861333,276.13300000002494,281.945399999991,292.19840000011493,120.28200000000652,307.11900000000605,0,908.0,54.0,69.0,175.0,0.9438669438669439,0.9293756397134084,0.9365652398143373,0.23580786026200873,0.07062436028659161,0.9152173913043479,0.0,343,34,43,0.9098143236074271,0.8886010362694301,0.8990825688073395,0.9098143236074271,0.8276518134715026,0.1227442223226246,0.15613333333333335,0.5341176470588235,0.46588235294117647,,,not_computed_no_bbox_data,0,0,0.0,0,0,0,0.0,0,0,0,460,35,425,35,,,0,0.07608695652173914,0.0831353919239905,0.07608695652173914,0.0,,,0.4,0,0,27,8,0,0,487.0,425,0.6617574117647059,0.6411,0.12171527864079347,0.83372,0.9104399999999999,1.003596,0.5001,1.1631,425,0.0,0.0,0.0,0.0,0.0,0.0,0.0,0.0,425,0,0,0,0,0.0,0.0,3598328.753,215899.725188,1206.0,108.54,184.0,17.48,281.247,23.905984,3513622.197,28108.977579,1275.0,191.25,59859.543,25141.008173,21926.759,9209.238935,3316.5,994.95,0.0,0.0,216049.65117200004,63645.42468699999,279695.075859,4661.5845976499995,231.91963172388057,658.1060608447058,741.8967529416445,815.4375389475218,17.48,279695.075859,3600000.0,3599999.9990000003,busy__s01__no_adaptive_trigger,no_adaptive_trigger,ablation,,,True,
secure,busy,1,3600.0,3da3049922f9df90,True,synthetic_distribution,False,disable_burst_detection,1206,1206,977,0,86546.303,0.024040639722222222,427,7.116666666666666,427,7.116666666666666,383,349,455,332,258,0.7771084337349398,0.22289156626506024,0.3572159672466735,258,637.0425077519412,256.05100000009406,887.8791643821087,1921.298500000016,2805.8036999999886,3607.0097299999675,128.1420000000071,5098.719000000041,427,204.40494847775346,172.99099999992177,56.16305907802177,275.2441999999981,281.0419999999984,292.4481200000481,119.28200000000652,306.11900000000605,427,205.40494847775346,173.99099999992177,56.16305907802177,276.2441999999981,282.0419999999984,293.4481200000481,120.28200000000652,307.11900000000605,0,900.0,50.0,77.0,179.0,0.9473684210526315,0.9211873080859775,0.934094447327452,0.2183406113537118,0.07881269191402251,0.9230769230769231,0.0,349,34,43,0.9112271540469974,0.8903061224489796,0.9006451612903227,0.9112271540469974,0.8286242346938775,0.1231569833868854,0.15693142857142858,0.5409836065573771,0.45901639344262296,,,not_computed_no_bbox_data,0,0,0.0,0,0,0,0.0,0,0,0,455,28,427,28,,,0,0.06153846153846154,0.06666666666666667,0.06153846153846154,0.0,,,0.4,0,0,28,0,0,0,480.0,427,0.6615740046838408,0.6413,0.12110928426756883,0.8281400000000003,0.9102600000000001,1.0034040000000002,0.5001,1.1631,427,0.0,0.0,0.0,0.0,0.0,0.0,0.0,0.0,427,0,0,0,0,0.0,0.0,3598329.508,215899.770473,1206.0,108.54,182.0,17.29,282.492,24.011831,3513453.694,28107.629552,1281.0,192.15,60244.069,25302.509142,21679.237,9105.279363,3342.0,1002.6,0.0,0.0,216049.61230400004,63710.168057,279759.780361,4662.663006016666,231.9732838814262,655.1751296510538,730.4432907597911,801.6039551891117,17.29,279759.78036,3600000.0,3600000.0000000005,busy__s01__no_burst_detection,no_burst_detection,ablation,,,True,
secure,busy,1,3600.0,3da3049922f9df90,True,synthetic_distribution,False,disable_consistency_check,1206,1206,977,0,85013.613,0.023614892499999998,419,6.983333333333333,419,6.983333333333333,375,342,455,332,254,0.7650602409638554,0.2349397590361446,0.3500511770726714,254,637.0115196850426,256.05100000009406,901.9476507732708,1883.630400000014,2813.0472999999183,3729.93567999996,128.1420000000071,5098.719000000041,419,204.6179713603836,172.99099999992177,56.22977151547593,275.2185999999987,281.00599999999974,291.33730000010456,119.28200000000652,306.11900000000605,419,205.6179713603836,173.99099999992177,56.22977151547593,276.2185999999987,282.00599999999974,292.33730000010456,120.28200000000652,307.11900000000605,0,900.0,50.0,77.0,179.0,0.9473684210526315,0.9211873080859775,0.934094447327452,0.2183406113537118,0.07881269191402251,0.9230769230769231,0.0,342,33,42,0.912,0.890625,0.9011857707509882,0.912,0.8281401041666666,0.12297488145306923,0.15693142857142858,0.5369928400954654,0.4630071599045346,,,not_computed_no_bbox_data,0,0,0.0,0,0,0,0.0,0,0,0,455,36,419,36,,,0,0.07912087912087912,0.08571428571428572,0.07912087912087912,0.0,,,0.4,0,0,28,8,0,0,480.0,419,0.6627978520286397,0.6423,0.12139557613218899,0.8334400000000001,0.9116299999999997,1.0041719999999998,0.5001,1.1631,419,0.0,0.0,0.0,0.0,0.0,0.0,0.0,0.0,419,0,0,0,0,0.0,0.0,3598334.288,215900.057258,1206.0,108.54,182.0,17.29,277.712,23.605551,3514986.384,28119.891071,1257.0,188.55,59027.65,24791.612915,21449.966,9008.985835,3279.0,983.7,0.0,0.0,216049.492809,63092.739820999996,279142.23263,4652.370543833333,231.46122108623547,666.2105790692124,744.3792870133333,816.2053585672514,17.29,279142.23263,3600000.0,3600000.0,busy__s01__no_consistency_check,no_consistency_check,ablation,,,True,
secure,busy,1,3600.0,3da3049922f9df90,True,synthetic_distribution,False,disable_cooldown,1206,1206,977,0,129664.03899999999,0.03601778861111111,616,10.266666666666667,648,10.8,592,536,950,332,266,0.8012048192771084,0.1987951807228916,0.548618219037871,266,480.6997631578992,245.55199999999604,763.7673638139886,1313.804499999991,2169.089999999982,3945.440450000003,126.90100000007078,4452.625,648,206.22672222223287,173.57050000000163,60.578833977147426,274.6342000000179,285.17479999993077,344.22144999994003,119.28200000000652,502.66900000022724,648,207.22672222223287,174.57050000000163,60.578833977147426,275.6342000000179,286.17479999993077,345.22144999994003,120.28200000000652,503.66900000022724,0,900.0,50.0,77.0,179.0,0.9473684210526315,0.9211873080859775,0.934094447327452,0.2183406113537118,0.07881269191402251,0.9473684210526315,0.0,536,58,68,0.9023569023569024,0.8874172185430463,0.8948247078464107,0.9054054054054054,0.8322652317880794,0.11779066845568202,0.16770227272727273,0.5524691358024691,0.44753086419753085,,,not_computed_no_bbox_data,2,0,2.0,0,0,0,0.0,0,0,0,950,302,648,296,,,0,0.3178947368421053,0.3288888888888889,0.3178947368421053,0.0,,,0.4,165,1,96,40,0,0,0.0,648,0.6649572530864197,0.6397999999999999,0.12562941175232076,0.8476600000000001,0.912165,1.0123659999999997,0.5001,1.1631,648,4.409479938271605,0.0,23.949489774720835,0.0,0.0,143.98599999999973,0.0,255.756,648,0,0,0,0,0.0,0.0,3597983.107,215878.986437,1206.0,108.54,380.0,36.1,430.893,36.625882,3470335.961,27762.687687,1848.0,277.2,90654.915,38075.064122,32086.625,13476.382314,5074.5,1522.35,0.0,0.0,216060.25231900002,81113.68412300001,297173.936442,4952.8989407,246.41288262189053,458.6017537685185,501.9830007466216,554.4289858992537,36.1,297173.93644,3600000.0,3600000.001,busy__s01__no_cooldown,no_cooldown,ablation,,,True,
secure,busy,1,3600.0,3da3049922f9df90,True,synthetic_distribution,False,disable_early_exit,1206,1206,977,0,109821.21500000001,0.03050589305555556,419,6.983333333333333,419,6.983333333333333,375,350,455,332,258,0.7771084337349398,0.22289156626506024,0.35823950870010235,258,669.922980620147,271.5075000000361,868.6180633400473,1767.2323000000154,2805.8036999999886,3839.395859999954,228.15699999965727,5098.719000000041,419,263.8246610978469,263.00399999995716,14.255778977259492,282.18359999983807,287.0698999999906,299.4807800000114,217.13899999996647,306.11900000000605,419,264.8246610978469,264.00399999995716,14.255778977259492,283.18359999983807,288.0698999999906,300.4807800000114,218.13899999996647,307.11900000000605,0,900.0,50.0,77.0,179.0,0.9473684210526315,0.9211873080859775,0.934094447327452,0.2183406113537118,0.07881269191402251,0.9230769230769231,0.0,350,25,34,0.9333333333333333,0.9114583333333334,0.9222661396574441,0.9333333333333333,0.8488635416666668,0.13471765939727906,0.14778857142857144,0.0,1.0,,,not_computed_no_bbox_data,0,0,0.0,0,0,0,0.0,0,0,0,455,36,419,36,,,0,0.07912087912087912,0.08571428571428572,0.07912087912087912,0.0,,,0.4,0,0,28,8,0,0,480.0,419,0.6627978520286397,0.6423,0.12139557613218899,0.8334400000000001,0.9116299999999997,1.0041719999999998,0.5001,1.1631,419,0.0,0.0,0.0,0.0,0.0,0.0,0.0,0.0,419,0,0,0,0,0.0,0.0,3598334.288,215900.057258,1206.0,108.54,182.0,17.29,277.712,23.605551,3490178.791,27921.43033,1257.0,188.55,59027.65,24791.612915,46232.059,19417.464773,3304.5,991.35,0.0,0.0,216049.492809,73310.408018,289359.9008269999,4822.665013783332,239.93358277529015,690.5964220214795,771.6264022053331,826.7425737914283,17.29,289359.900827,3600000.0,3600000.0,busy__s01__no_early_exit,no_early_exit,ablation,,,True,
secure,busy,1,3600.0,3da3049922f9df90,True,synthetic_distribution,False,disable_rate_limit,1206,1206,977,0,85013.613,0.023614892499999998,419,6.983333333333333,419,6.983333333333333,375,342,455,332,254,0.7650602409638554,0.2349397590361446,0.3500511770726714,254,637.0115196850426,256.05100000009406,901.9476507732708,1883.630400000014,2813.0472999999183,3729.93567999996,128.1420000000071,5098.719000000041,419,204.6179713603836,172.99099999992177,56.22977151547593,275.2185999999987,281.00599999999974,291.33730000010456,119.28200000000652,306.11900000000605,419,205.6179713603836,173.99099999992177,56.22977151547593,276.2185999999987,282.00599999999974,292.33730000010456,120.28200000000652,307.11900000000605,0,900.0,50.0,77.0,179.0,0.9473684210526315,0.9211873080859775,0.934094447327452,0.2183406113537118,0.07881269191402251,0.9230769230769231,0.0,342,33,42,0.912,0.890625,0.9011857707509882,0.912,0.8281401041666666,0.12297488145306923,0.15693142857142858,0.5369928400954654,0.4630071599045346,,,not_computed_no_bbox_data,0,0,0.0,0,0,0,0.0,0,0,0,455,36,419,36,,,0,0.07912087912087912,0.08571428571428572,0.07912087912087912,0.0,,,0.4,0,0,28,8,0,0,480.0,419,0.6627978520286397,0.6423,0.12139557613218899,0.8334400000000001,0.9116299999999997,1.0041719999999998,0.5001,1.1631,419,0.0,0.0,0.0,0.0,0.0,0.0,0.0,0.0,419,0,0,0,0,0.0,0.0,3598334.288,215900.057258,1206.0,108.54,182.0,17.29,277.712,23.605551,3514986.384,28119.891071,1257.0,188.55,59027.65,24791.612915,21449.966,9008.985835,3279.0,983.7,0.0,0.0,216049.492809,63092.739820999996,279142.23263,4652.370543833333,231.46122108623547,666.2105790692124,744.3792870133333,816.2053585672514,17.29,279142.23263,3600000.0,3600000.0,busy__s01__no_rate_limit,no_rate_limit,ablation,,,True,
secure,busy,1,3600.0,3da3049922f9df90,True,synthetic_distribution,False,disable_replay_protection,1206,1206,977,0,90176.994,0.025049165,445,7.416666666666667,445,7.416666666666667,401,368,455,332,263,0.7921686746987951,0.20783132530120485,0.3766632548618219,263,687.2085171102709,256.7730000000447,942.7950337188965,2164.9537999998784,2832.9671999997217,4047.2215000000538,128.1420000000071,5098.719000000041,445,204.36624044943935,172.4269999996759,56.061963216166035,275.13300000002494,280.65199999995525,290.7354000001494,119.28200000000652,306.11900000000605,445,205.36624044943935,173.4269999996759,56.061963216166035,276.13300000002494,281.65199999995525,291.7354000001494,120.28200000000652,307.11900000000605,0,900.0,50.0,77.0,179.0,0.9473684210526315,0.9211873080859775,0.934094447327452,0.2183406113537118,0.07881269191402251,0.9230769230769231,0.0,368,33,42,0.9177057356608479,0.8975609756097561,0.907521578298397,0.9177057356608479,0.8284946341463414,0.12152564590128297,0.15693142857142858,0.5393258426966292,0.4606741573033708,,,not_computed_no_bbox_data,0,0,0.0,0,0,0,0.0,0,0,0,455,10,445,10,,,0,0.02197802197802198,0.023809523809523808,0.02197802197802198,0.0,,,0.4,0,0,0,10,0,0,480.0,445,0.664487415730337,0.6452,0.12053166950968942,0.8298600000000003,0.9071599999999996,1.001676,0.5001,1.1631,445,0.0,0.0,0.0,0.0,0.0,0.0,0.0,0.0,445,0,0,0,0,0.0,0.0,3598316.303,215898.978192,1206.0,108.54,182.0,17.29,295.697,25.134229,3509823.004,28078.584028,1335.0,200.25,62719.598,26342.231118,22619.899,9500.357393,3502.5,1050.75,0.0,0.0,216049.942421,65172.172539,281222.11496,4687.035249333333,233.18583330016583,631.9598088988763,701.3020323192019,764.1905297826087,17.29,281222.114959,3600000.0,3600000.001,busy__s01__no_replay_protection,no_replay_protection,ablation,,,True,
secure,busy,1,3600.0,3da3049922f9df90,True,synthetic_distribution,False,disable_security,1206,1206,977,0,92007.224,0.025557562222222222,455,7.583333333333333,455,7.583333333333333,411,377,455,332,268,0.8072289156626506,0.19277108433734935,0.3858751279426817,268,688.3616194029772,256.8620000000228,926.9233320327254,2141.7057999999734,2823.5126999998633,3714.0058899999103,127.74199999999837,5012.027000000002,455,203.53430769229743,171.96299999998882,55.99059054874508,274.73299999997255,280.408899999992,291.78547999998085,118.88200000009965,305.719000000041,455,204.53430769229743,172.96299999998882,55.99059054874508,275.73299999997255,281.408899999992,292.78547999998085,119.88200000009965,306.719000000041,0,900.0,50.0,77.0,179.0,0.9473684210526315,0.9211873080859775,0.934094447327452,0.2183406113537118,0.07881269191402251,0.9230769230769231,0.0,377,34,43,0.9172749391727494,0.8976190476190476,0.9073405535499399,0.9172749391727494,0.8293704761904762,0.12159612650360054,0.15693142857142858,0.545054945054945,0.45494505494505494,,,not_computed_no_bbox_data,0,0,0.0,0,0,0,0.0,0,0,0,0,0,0,0,,,0,,,,,,,0.0,0,0,0,0,0,0,480.0,455,0.6630808791208791,0.6449,0.12022491663845412,0.8236600000000001,0.9025599999999996,1.0007159999999997,0.5001,1.1631,455,0.0,0.0,0.0,0.0,0.0,0.0,0.0,0.0,455,0,0,0,0,0.0,0.0,3598492.298,215909.537899,1206.0,108.54,0.0,0.0,301.702,25.644643,3507992.774,28063.942189,1365.0,204.75,64209.557,26968.014137,22849.169,9596.650921,3583.5,1075.05,0.0,0.0,216043.722542,65908.407247,281952.12978899997,4699.202163149999,233.79115239552237,619.6750105252746,686.0149143284671,747.8836333925728,0.0,281952.129789,3600000.0,3600000.0000000005,busy__s01__no_security,no_security,ablation,,,True,
always_on,busy,2,3600.0,8a2ef13cc650e6b7,True,synthetic_distribution,False,,1490,1490,1190,0,3600000.0,1.0,1,0.016666666666666666,1482,24.7,1166,1051,0,389,382,0.9820051413881749,0.01799485861182515,0.8831932773109243,382,411.5205445026149,321.53999999997905,349.7259351345519,545.6902000000556,1256.5523999998807,1798.4859899999456,129.77799999993294,2877.866999999853,0,,,,,,,,,1482,326.9622483130931,314.6614999999292,108.72981905221634,474.9380000002217,513.4829499997898,654.029069999981,129.77799999993294,823.2239999999292,0,,,,,,,,,,,,1051,121,135,0.8967576791808873,0.8861720067453626,0.8914334181509755,0.9013722126929674,0.8391056492411467,0.1075617050740592,0.1545810810810811,0.5357624831309041,0.4642375168690958,,,not_computed_no_bbox_data,6,0,6.0,16667,214,0,,0,0,0,0,0,0,0,,,0,,,,,,,0.0,0,0,0,0,0,0,,0,,,,,,,,,0,,,,,,,,,0,0,0,0,0,3600000.0,18000.0,0.0,0.0,0.0,0.0,0.0,0.0,0.0,0.0,0.0,0.0,0.0,0.0,2551554.489,1071652.885263,936676.011,393403.924737,111769.5,33530.85,0.0,0.0,18000.0,1498587.6600000001,1516587.6600000001,25276.461000000003,1017.8440671140941,,1300.6755231560894,1442.9949191246433,0.0,1516587.66,3600000.0,3600000.0,busy__s02__always_on,always_on,ablation,,,True,
secure,busy,2,3600.0,8a2ef13cc650e6b7,True,synthetic_distribution,False,,1490,1490,1190,0,99190.644,0.027552956666666666,493,8.216666666666667,492,8.2,440,397,534,389,290,0.7455012853470437,0.25449871465295626,0.33361344537815124,290,610.7987551724101,242.42150000005495,923.5903107486484,2067.1321000000003,2728.5614500000393,3893.678169999644,128.18299999972805,5822.848000000231,492,202.9685406504056,169.59350000019185,56.016932225675326,272.7239000000991,280.21889999990816,292.0149099999526,127.18299999972805,314.0100000000093,492,203.9685406504056,170.59350000019185,56.016932225675326,273.7239000000991,281.21889999990816,293.0149099999526,128.18299999972805,315.0100000000093,0,1094.0,71.0,96.0,229.0,0.9390557939914163,0.9193277310924369,0.9290870488322718,0.23666666666666666,0.08067226890756303,0.9176029962546817,0.0,397,45,52,0.8981900452488688,0.8841870824053452,0.8911335578002245,0.9022727272727272,0.8434781737193764,0.10662068348847757,0.1555093023255814,0.5508130081300813,0.4491869918699187,,,not_computed_no_bbox_data,2,0,2.0,0,0,0,0.0,0,0,0,534,41,493,40,,,0,0.07677902621722846,0.08163265306122448,0.07677902621722846,0.0,,,0.4,0,2,24,15,0,0,604.0,493,0.6670886409736309,0.641,0.1226569914584452,0.83784,0.88798,1.0511839999999995,0.5009,1.1946,493,0.0,0.0,0.0,0.0,0.0,0.0,0.0,0.0,493,0,0,0,0,0.0,0.0,3597967.526,215878.051548,1490.0,134.1,213.6,20.292,328.874,27.954306,3500809.359,28006.474873,1479.0,221.85,69422.965,29157.645091,24414.176,10253.954091,3874.5,1162.35,0.0,0.0,216060.39785399998,68802.274055,284862.67190899997,4747.711198483333,191.18300128120802,577.8147503225151,647.4151634295454,717.538216395466,20.292,284862.671909,3600000.0,3600000.0,busy__s02__full_secure,full_secure,ablation,,,True,
secure,busy,2,3600.0,8a2ef13cc650e6b7,True,synthetic_distribution,False,disable_adaptive_trigger,1490,1490,1190,0,99117.759,0.027532710833333335,493,8.216666666666667,492,8.2,440,395,536,389,289,0.7429305912596401,0.2570694087403599,0.3319327731092437,289,607.8207093425588,241.23600000003353,924.3050805091319,2070.3212000000285,2736.7434000000303,3897.0946399996446,128.18299999972805,5822.848000000231,492,202.81973170731635,169.3200000001816,55.94433871105824,272.58229999975305,279.31740000004066,292.0149099999526,127.18299999972805,314.0100000000093,492,203.81973170731635,170.3200000001816,55.94433871105824,273.58229999975305,280.31740000004066,293.0149099999526,128.18299999972805,315.0100000000093,0,1101.0,77.0,89.0,223.0,0.934634974533107,0.9252100840336135,0.9298986486486487,0.25666666666666665,0.07478991596638655,0.917910447761194,0.0,395,47,54,0.8936651583710408,0.8797327394209354,0.8866442199775534,0.8977272727272727,0.8429922048997773,0.10614556340735616,0.1531186046511628,0.5508130081300813,0.4491869918699187,,,not_computed_no_bbox_data,2,0,2.0,0,0,0,0.0,0,0,0,536,43,493,42,,,0,0.08022388059701492,0.08536585365853659,0.08022388059701492,0.0,,,0.4,0,2,26,15,0,0,609.0,493,0.6658862068965519,0.64,0.12289125163355932,0.83784,0.88798,1.0511839999999995,0.5009,1.1946,493,0.0,0.0,0.0,0.0,0.0,0.0,0.0,0.0,493,0,0,0,0,0.0,0.0,3597967.319,215878.039127,1490.0,134.1,214.4,20.368,328.281,27.903903,3500882.245,28007.057961,1479.0,221.85,69352.866,29128.203646,24406.889,10250.893402,3879.0,1163.7,0.0,0.0,216060.41103,68771.705009,284832.116039,4747.201933983333,191.16249398590602,577.7527708701825,647.3457182704545,721.0939646556961,20.368,284832.11604,3600000.0,3600000.0,busy__s02__no_adaptive_trigger,no_adaptive_trigger,ablation,,,True,
secure,busy,2,3600.0,8a2ef13cc650e6b7,True,synthetic_distribution,False,disable_burst_detection,1490,1490,1190,0,102013.38199999998,0.028337050555555552,508,8.466666666666667,507,8.45,454,411,534,389,298,0.7660668380462725,0.2339331619537275,0.3453781512605042,298,634.4471107382517,244.53850000002421,934.385008794419,2118.981100000162,2907.3012999998978,3866.3464099996027,128.18299999972805,4662.7990000001155,507,202.58189546351105,168.80900000035763,55.89616365217288,272.66479999991134,279.8496000000043,291.7476399999601,127.18299999972805,314.0100000000093,507,203.58189546351105,169.80900000035763,55.89616365217288,273.66479999991134,280.8496000000043,292.7476399999601,128.18299999972805,315.0100000000093,0,1094.0,71.0,96.0,229.0,0.9390557939914163,0.9193277310924369,0.9290870488322718,0.23666666666666666,0.08067226890756303,0.9176029962546817,0.0,411,45,52,0.9013157894736842,0.8876889848812095,0.8944504896626768,0.9052863436123348,0.8434041036717063,0.10588482330170954,0.15359545454545456,0.5542406311637081,0.4457593688362919,,,not_computed_no_bbox_data,2,0,2.0,0,0,0,0.0,0,0,0,534,26,508,26,,,0,0.04868913857677903,0.053061224489795916,0.04868913857677903,0.0,,,0.4,0,2,24,0,0,0,604.0,508,0.6661830708661417,0.6408,0.1221792121051289,0.83569,0.88742,1.0442520000000004,0.5009,1.1946,508,0.0,0.0,0.0,0.0,0.0,0.0,0.0,0.0,508,0,0,0,0,0.0,0.0,3597957.979,215877.478759,1490.0,134.1,213.6,20.292,338.421,28.765758,3497986.621,27983.892971,1524.0,228.6,71578.751,30063.075261,24917.628,10465.403774,3993.0,1197.9,0.0,0.0,216060.63651699998,69938.872006,285999.508523,4766.658475383333,191.94597887449663,562.9911585098425,629.9548645881057,695.8625511508516,20.292,285999.508524,3600000.0,3600000.0,busy__s02__no_burst_detection,no_burst_detection,ablation,,,True,
secure,busy,2,3600.0,8a2ef13cc650e6b7,True,synthetic_distribution,False,disable_consistency_check,1490,1490,1190,0,99190.644,0.027552956666666666,493,8.216666666666667,492,8.2,440,397,534,389,290,0.7455012853470437,0.25449871465295626,0.33361344537815124,290,610.7987551724101,242.42150000005495,923.5903107486484,2067.1321000000003,2728.5614500000393,3893.678169999644,128.18299999972805,5822.848000000231,492,202.9685406504056,169.59350000019185,56.016932225675326,272.7239000000991,280.21889999990816,292.0149099999526,127.18299999972805,314.0100000000093,492,203.9685406504056,170.59350000019185,56.016932225675326,273.7239000000991,281.21889999990816,293.0149099999526,128.18299999972805,315.0100000000093,0,1094.0,71.0,96.0,229.0,0.9390557939914163,0.9193277310924369,0.9290870488322718,0.23666666666666666,0.08067226890756303,0.9176029962546817,0.0,397,45,52,0.8981900452488688,0.8841870824053452,0.8911335578002245,0.9022727272727272,0.8434781737193764,0.10662068348847757,0.1555093023255814,0.5508130081300813,0.4491869918699187,,,not_computed_no_bbox_data,2,0,2.0,0,0,0,0.0,0,0,0,534,41,493,40,,,0,0.07677902621722846,0.08163265306122448,0.07677902621722846,0.0,,,0.4,0,2,24,15,0,0,604.0,493,0.6670886409736309,0.641,0.1226569914584452,0.83784,0.88798,1.0511839999999995,0.5009,1.1946,493,0.0,0.0,0.0,0.0,0.0,0.0,0.0,0.0,493,0,0,0,0,0.0,0.0,3597967.526,215878.051548,1490.0,134.1,213.6,20.292,328.874,27.954306,3500809.359,28006.474873,1479.0,221.85,69422.965,29157.645091,24414.176,10253.954091,3874.5,1162.35,0.0,0.0,216060.39785399998,68802.274055,284862.67190899997,4747.711198483333,191.18300128120802,577.8147503225151,647.4151634295454,717.538216395466,20.292,284862.671909,3600000.0,3600000.0,busy__s02__no_consistency_check,no_consistency_check,ablation,,,True,
secure,busy,2,3600.0,8a2ef13cc650e6b7,True,synthetic_distribution,False,disable_cooldown,1490,1490,1190,0,147286.536,0.04091292666666666,686,11.433333333333334,726,12.1,664,604,1165,389,291,0.7480719794344473,0.25192802056555275,0.507563025210084,291,469.60860824742684,239.87000000011176,733.0553403707171,1337.721000000136,2159.3534999999683,3278.7347000001564,128.18299999972805,5822.848000000231,726,211.0939862258981,175.94199999968987,64.16318210004138,278.0524999999907,289.49774999992223,403.59500000000116,127.18299999972805,508.57299999997485,726,212.09473278237246,176.94199999968987,64.16533289474405,279.0524999999907,290.49774999992223,404.73050000009243,128.18299999972805,509.57299999997485,0,1094.0,71.0,96.0,229.0,0.9390557939914163,0.9193277310924369,0.9290870488322718,0.23666666666666666,0.08067226890756303,0.9390557939914163,0.0,604,62,70,0.9069069069069069,0.8961424332344213,0.9014925373134328,0.9096385542168675,0.8389114243323443,0.10304645803793742,0.16064615384615386,0.5385674931129476,0.46143250688705234,,,not_computed_no_bbox_data,2,0,2.0,0,0,0,0.0,0,0,0,1165,438,727,419,,,0,0.3759656652360515,0.3829981718464351,0.3759656652360515,0.0,,,0.4,256,4,108,70,0,0,0.0,727,0.6607478679504815,0.6398,0.11958136926922228,0.8184199999999999,0.8785999999999999,1.051452000000001,0.5009,1.2463,727,6.735697386519945,0.0,32.670380949533445,0.0,25.2168,189.54328,0.0,261.909,727,0,0,0,0,0.0,0.0,3597563.637,215853.818204,1490.0,134.1,466.0,44.27,480.363,40.830878,3452713.467,27621.707737,2058.0,308.7,102441.08,43025.253492,37037.953,15555.940297,5749.5,1724.85,0.0,0.0,216073.019082,88236.451526,304309.47060799995,5071.824510133332,204.23454403221473,418.5824905199449,458.29739549397584,503.823626834437,44.27,304309.470608,3600000.0,3600000.0000000005,busy__s02__no_cooldown,no_cooldown,ablation,,,True,
secure,busy,2,3600.0,8a2ef13cc650e6b7,True,synthetic_distribution,False,disable_early_exit,1490,1490,1190,0,129168.51000000001,0.03588014166666667,493,8.216666666666667,492,8.2,440,405,534,389,294,0.7557840616966581,0.24421593830334187,0.3403361344537815,294,658.2318775510121,269.1825000002282,893.7183635918453,1882.0171000001008,2602.994349999987,3980.635499999773,224.74000000022352,5822.848000000231,492,263.8991626016199,263.8275000000722,14.22699392165905,281.45179999996907,288.08875000003036,297.134329999762,223.74000000022352,314.0100000000093,492,264.8991626016199,264.8275000000722,14.22699392165905,282.45179999996907,289.08875000003036,298.134329999762,224.74000000022352,315.0100000000093,0,1094.0,71.0,96.0,229.0,0.9390557939914163,0.9193277310924369,0.9290870488322718,0.23666666666666666,0.08067226890756303,0.9176029962546817,0.0,405,37,44,0.916289592760181,0.9020044543429844,0.9090909090909091,0.9204545454545454,0.8651173719376393,0.11839318483510484,0.1450139534883721,0.0,1.0,,,not_computed_no_bbox_data,2,0,2.0,0,0,0,0.0,0,0,0,534,41,493,40,,,0,0.07677902621722846,0.08163265306122448,0.07677902621722846,0.0,,,0.4,0,2,24,15,0,0,604.0,493,0.6670886409736309,0.641,0.1226569914584452,0.83784,0.88798,1.0511839999999995,0.5009,1.1946,493,0.0,0.0,0.0,0.0,0.0,0.0,0.0,0.0,493,0,0,0,0,0.0,0.0,3597967.526,215878.051548,1490.0,134.1,213.6,20.292,328.874,27.954306,3470831.496,27766.65197,1479.0,221.85,69422.965,29157.645091,54395.039,22845.916498,3871.5,1161.45,0.0,0.0,216060.39785399998,81153.513559,297213.91141299997,4953.565190216666,199.47242376711407,602.8679744685597,675.4861623022726,733.8615096617283,20.292,297213.911414,3600000.0,3599999.9999999995,busy__s02__no_early_exit,no_early_exit,ablation,,,True,
secure,busy,2,3600.0,8a2ef13cc650e6b7,True,synthetic_distribution,False,disable_rate_limit,1490,1490,1190,0,99190.644,0.027552956666666666,493,8.216666666666667,492,8.2,440,397,534,389,290,0.7455012853470437,0.25449871465295626,0.33361344537815124,290,610.7987551724101,242.42150000005495,923.5903107486484,2067.1321000000003,2728.5614500000393,3893.678169999644,128.18299999972805,5822.848000000231,492,202.9685406504056,169.59350000019185,56.016932225675326,272.7239000000991,280.21889999990816,292.0149099999526,127.18299999972805,314.0100000000093,492,203.9685406504056,170.59350000019185,56.016932225675326,273.7239000000991,281.21889999990816,293.0149099999526,128.18299999972805,315.0100000000093,0,1094.0,71.0,96.0,229.0,0.9390557939914163,0.9193277310924369,0.9290870488322718,0.23666666666666666,0.08067226890756303,0.9176029962546817,0.0,397,45,52,0.8981900452488688,0.8841870824053452,0.8911335578002245,0.9022727272727272,0.8434781737193764,0.10662068348847757,0.1555093023255814,0.5508130081300813,0.4491869918699187,,,not_computed_no_bbox_data,2,0,2.0,0,0,0,0.0,0,0,0,534,41,493,40,,,0,0.07677902621722846,0.08163265306122448,0.07677902621722846,0.0,,,0.4,0,2,24,15,0,0,604.0,493,0.6670886409736309,0.641,0.1226569914584452,0.83784,0.88798,1.0511839999999995,0.5009,1.1946,493,0.0,0.0,0.0,0.0,0.0,0.0,0.0,0.0,493,0,0,0,0,0.0,0.0,3597967.526,215878.051548,1490.0,134.1,213.6,20.292,328.874,27.954306,3500809.359,28006.474873,1479.0,221.85,69422.965,29157.645091,24414.176,10253.954091,3874.5,1162.35,0.0,0.0,216060.39785399998,68802.274055,284862.67190899997,4747.711198483333,191.18300128120802,577.8147503225151,647.4151634295454,717.538216395466,20.292,284862.671909,3600000.0,3600000.0,busy__s02__no_rate_limit,no_rate_limit,ablation,,,True,
secure,busy,2,3600.0,8a2ef13cc650e6b7,True,synthetic_distribution,False,disable_replay_protection,1490,1490,1190,0,104271.314,0.02896425388888889,517,8.616666666666667,516,8.6,462,412,534,389,292,0.7506426735218509,0.24935732647814912,0.346218487394958,292,600.8309041095865,243.43600000010338,900.957955549656,1791.2768000000422,2627.1563000000892,3886.845229999624,128.18299999972805,5822.848000000231,516,203.45661046511555,169.9440000000177,56.053508640669136,272.67299999995157,280.10249999992084,291.9663000002503,127.18299999972805,314.0100000000093,516,204.45661046511555,170.9440000000177,56.053508640669136,273.67299999995157,281.10249999992084,292.9663000002503,128.18299999972805,315.0100000000093,0,1094.0,71.0,96.0,229.0,0.9390557939914163,0.9193277310924369,0.9290870488322718,0.23666666666666666,0.08067226890756303,0.9176029962546817,0.0,412,52,61,0.8879310344827587,0.8710359408033826,0.8794023479188902,0.8917748917748918,0.8398902748414375,0.1132148981712777,0.1555093023255814,0.5445736434108527,0.45542635658914726,,,not_computed_no_bbox_data,2,0,2.0,0,0,0,0.0,0,0,0,534,17,517,16,,,0,0.031835205992509365,0.0326530612244898,0.031835205992509365,0.0,,,0.4,0,0,0,17,0,0,604.0,517,0.6678825918762089,0.6418,0.12281538820559443,0.8439,0.8878400000000001,1.0391759999999985,0.5009,1.1946,517,0.0,0.0,0.0,0.0,0.0,0.0,0.0,0.0,517,0,0,0,0,0.0,0.0,3597951.105,215877.066324,1490.0,134.1,213.6,20.292,345.295,29.35004,3495728.69,27965.829519,1551.0,232.65,72710.609,30538.455656,25937.201,10893.624577,4072.5,1221.75,0.0,0.0,216060.808364,70852.309752,286913.11811599997,4781.885301933333,192.55913967516776,554.9576752727272,621.0240651861471,696.3910633883495,20.292,286913.118117,3600000.0,3600000.0,busy__s02__no_replay_protection,no_replay_protection,ablation,,,True,
secure,busy,2,3600.0,8a2ef13cc650e6b7,True,synthetic_distribution,False,disable_security,1490,1490,1190,0,107485.963,0.029857211944444444,534,8.9,533,8.883333333333333,478,428,534,389,301,0.7737789203084833,0.22622107969151672,0.3596638655462185,301,621.3756046511623,244.6339999998454,901.7831512316637,1806.219000000041,2801.7989999998827,3855.6969999996945,127.78299999982119,4662.399000000209,533,202.65263789868717,169.08200000040233,55.97752158056399,271.71759999985807,279.34220000002534,291.5292400002852,126.78299999982119,313.61000000010245,533,203.65263789868717,170.08200000040233,55.97752158056399,272.71759999985807,280.34220000002534,292.5292400002852,127.78299999982119,314.61000000010245,0,1094.0,71.0,96.0,229.0,0.9390557939914163,0.9193277310924369,0.9290870488322718,0.23666666666666666,0.08067226890756303,0.9176029962546817,0.0,428,52,61,0.8916666666666667,0.8752556237218814,0.8833849329205368,0.895397489539749,0.840036809815951,0.11219995212572502,0.15359545454545456,0.5478424015009381,0.4521575984990619,,,not_computed_no_bbox_data,2,0,2.0,0,0,0,0.0,0,0,0,0,0,0,0,,,0,,,,,,,0.0,0,0,0,0,0,0,604.0,534,0.6666897003745318,0.64105,0.12223321904226163,0.8422,0.88718,1.0295879999999977,0.5009,1.1946,534,0.0,0.0,0.0,0.0,0.0,0.0,0.0,0.0,534,0,0,0,0,0.0,0.0,3598153.988,215889.239289,1490.0,134.1,0.0,0.0,356.012,30.261007,3492514.041,27940.112325,1602.0,240.3,75132.72,31555.742598,26545.239,11149.000364,4206.0,1261.8,0.0,0.0,216053.600296,72146.955287,288200.55558299995,4803.342593049999,193.42319166644293,539.7014149494381,602.9300326004183,673.3657840724298,0.0,288200.555583,3600000.0,3600000.0000000005,busy__s02__no_security,no_security,ablation,,,True,
always_on,busy,3,3600.0,314596b67318b2f1,True,synthetic_distribution,False,,1229,1229,978,0,3600000.0,1.0,1,0.016666666666666666,1223,20.383333333333333,957,866,0,328,320,0.975609756097561,0.024390243902439046,0.885480572597137,320,383.7525031250061,318.2760000000126,274.65514722990736,485.6210000000664,1116.5959999997642,1545.8718299998438,142.53100000042468,1755.7309999999125,0,,,,,,,,,1223,315.3703957481617,307.31600000010803,99.10606701266255,442.78540000002823,482.7060999999928,589.7131800000321,132.86200000019744,918.7480000000214,0,,,,,,,,,,,,866,99,111,0.8974093264248705,0.8863868986693961,0.8918640576725025,0.9049111807732497,0.8291183213920165,0.11580364706790787,0.17796951219512194,0.5200327064595257,0.47996729354047424,,,not_computed_no_bbox_data,8,0,8.0,16992,226,0,,0,0,0,0,0,0,0,,,0,,,,,,,0.0,0,0,0,0,0,0,,0,,,,,,,,,0,,,,,,,,,0,0,0,0,0,3600000.0,18000.0,0.0,0.0,0.0,0.0,0.0,0.0,0.0,0.0,0.0,0.0,0.0,0.0,2555614.227,1073357.975363,932604.273,391693.794637,111781.5,33534.45,0.0,0.0,18000.0,1498586.22,1516586.22,25276.436999999998,1234.000179007323,,1584.729592476489,1751.2542956120092,0.0,1516586.22,3600000.0,3600000.0,busy__s03__always_on,always_on,ablation,,,True,
secure,busy,3,3600.0,314596b67318b2f1,True,synthetic_distribution,False,,1229,1229,978,0,87887.171,0.024413103055555555,440,7.333333333333333,440,7.333333333333333,393,361,473,328,267,0.8140243902439024,0.18597560975609762,0.36912065439672803,267,535.5367415730382,250.72500000009313,715.9727929583703,1541.0147999999115,2087.6474999999623,3076.2627399999533,132.57800000021234,4425.266000000294,440,201.45147727272607,167.44949999987148,55.76213112734249,274.2075999998953,281.6818499996909,288.3156199999666,126.91800000000512,318.3379999999888,440,202.45147727272607,168.44949999987148,55.76213112734249,275.2075999998953,282.6818499996909,289.3156199999666,127.91800000000512,319.3379999999888,0,891.0,58.0,87.0,193.0,0.9388830347734457,0.911042944785276,0.9247535028541775,0.23107569721115537,0.08895705521472393,0.9217758985200846,0.0,361,33,42,0.916243654822335,0.8957816377171216,0.9058971141781682,0.9185750636132316,0.8311225806451613,0.11659427424772432,0.16910540540540542,0.5659090909090909,0.4340909090909091,,,not_computed_no_bbox_data,1,0,1.0,0,0,0,0.0,0,0,0,473,33,440,33,,,0,0.06976744186046512,0.07568807339449542,0.06976744186046512,0.0,,,0.4,2,0,26,5,0,0,455.0,440,0.6602659090909092,0.6343,0.12433424483547244,0.8602500000000001,0.9191199999999998,1.0008130000000002,0.5005,1.1067,440,0.0,0.0,0.0,0.0,0.0,0.0,0.0,0.0,440,0,0,0,0,0.0,0.0,3598291.283,215897.477008,1229.0,110.61,189.2,17.974,290.517,24.693905,3512112.819,28096.902554,1320.0,198.0,62036.051,26055.141562,21067.629,8848.404351,3463.5,1039.05,0.0,0.0,216050.75491299995,64237.498467000005,280288.25337999995,4671.470889666666,228.06204506102517,637.0187576818181,713.2016625445291,776.4217545152353,17.974,280288.25338,3600000.0,3599999.9990000003,busy__s03__full_secure,full_secure,ablation,,,True,
secure,busy,3,3600.0,314596b67318b2f1,True,synthetic_distribution,False,disable_adaptive_trigger,1229,1229,978,0,88667.93400000001,0.02462998166666667,444,7.4,444,7.4,394,362,477,328,267,0.8140243902439024,0.18597560975609762,0.37014314928425357,267,529.6965730337125,250.72500000009313,714.8516493713556,1541.0147999999115,2087.6474999999623,3076.2627399999533,132.57800000021234,4425.266000000294,444,201.4118085585573,167.44949999987148,55.71846212008041,273.9108999998774,281.0449500000221,288.2819399999781,126.91800000000512,318.3379999999888,444,202.4118085585573,168.44949999987148,55.71846212008041,274.9108999998774,282.0449500000221,289.2819399999781,127.91800000000512,319.3379999999888,0,898.0,62.0,80.0,189.0,0.9354166666666667,0.918200408997955,0.9267285861713107,0.24701195219123506,0.081799591002045,0.9161425576519916,0.0,362,34,42,0.9141414141414141,0.8960396039603961,0.9049999999999999,0.9187817258883249,0.8302183168316832,0.11689651108506047,0.17573,0.5653153153153153,0.4346846846846847,,,not_computed_no_bbox_data,2,0,2.0,0,0,0,0.0,0,0,0,477,33,444,33,,,0,0.06918238993710692,0.07551487414187644,0.06918238993710692,0.0,,,0.4,2,0,26,5,0,0,461.0,444,0.6603166666666668,0.6343,0.12419768754155479,0.86115,0.9184199999999999,1.000281,0.5005,1.1067,444,0.0,0.0,0.0,0.0,0.0,0.0,0.0,0.0,444,0,0,0,0,0.0,0.0,3598287.02,215897.221195,1229.0,110.61,190.8,18.126,293.18,24.920307,3511332.058,28090.656461,1332.0,199.8,62570.777,26279.726325,21273.165,8934.729471,3492.0,1047.6,0.0,0.0,216050.87750199996,64552.512256999995,280603.389759,4676.72316265,228.31846196826686,631.9896165743243,712.1913445659898,775.1474855220994,18.126,280603.389759,3600000.0,3600000.0,busy__s03__no_adaptive_trigger,no_adaptive_trigger,ablation,,,True,
secure,busy,3,3600.0,314596b67318b2f1,True,synthetic_distribution,False,disable_burst_detection,1229,1229,978,0,88661.15299999999,0.024628098055555554,445,7.416666666666667,445,7.416666666666667,398,365,473,328,269,0.8201219512195121,0.17987804878048785,0.37321063394683024,269,550.3264646840196,250.73300000000745,741.7590220953809,1560.0756000000988,2139.5387999999334,3223.168320000002,132.57800000021234,4425.266000000294,445,200.94545168539338,167.25899999999092,55.66041447984419,273.8151999998838,281.55499999974853,288.2735199999809,126.91800000000512,318.3379999999888,445,201.94545168539338,168.25899999999092,55.66041447984419,274.8151999998838,282.55499999974853,289.2735199999809,127.91800000000512,319.3379999999888,0,891.0,58.0,87.0,193.0,0.9388830347734457,0.911042944785276,0.9247535028541775,0.23107569721115537,0.08895705521472393,0.9217758985200846,0.0,365,34,43,0.9147869674185464,0.8946078431372549,0.9045848822800496,0.9170854271356784,0.8318698529411764,0.11611912208582716,0.16910540540540542,0.5707865168539326,0.42921348314606744,,,not_computed_no_bbox_data,1,0,1.0,0,0,0,0.0,0,0,0,473,28,445,28,,,0,0.05919661733615222,0.06422018348623854,0.05919661733615222,0.0,,,0.4,2,0,26,0,0,0,455.0,445,0.660010786516854,0.6343,0.12403368973668126,0.8549800000000003,0.9182599999999999,1.000148,0.5005,1.1067,445,0.0,0.0,0.0,0.0,0.0,0.0,0.0,0.0,445,0,0,0,0,0.0,0.0,3598288.096,215897.28574,1229.0,110.61,189.2,17.974,293.704,24.964869,3511338.838,28090.710701,1335.0,200.25,62751.533,26355.643821,21067.629,8848.404351,3507.0,1052.1,0.0,0.0,216050.83460899995,64547.108873,280597.9434819999,4676.632391366666,228.31403049796575,630.5571763640447,705.0199584974872,768.7614889917805,17.974,280597.943481,3600000.0,3600000.0,busy__s03__no_burst_detection,no_burst_detection,ablation,,,True,
secure,busy,3,3600.0,314596b67318b2f1,True,synthetic_distribution,False,disable_consistency_check,1229,1229,978,0,87887.171,0.024413103055555555,440,7.333333333333333,440,7.333333333333333,393,361,473,328,267,0.8140243902439024,0.18597560975609762,0.36912065439672803,267,535.5367415730382,250.72500000009313,715.9727929583703,1541.0147999999115,2087.6474999999623,3076.2627399999533,132.57800000021234,4425.266000000294,440,201.45147727272607,167.44949999987148,55.76213112734249,274.2075999998953,281.6818499996909,288.3156199999666,126.91800000000512,318.3379999999888,440,202.45147727272607,168.44949999987148,55.76213112734249,275.2075999998953,282.6818499996909,289.3156199999666,127.91800000000512,319.3379999999888,0,891.0,58.0,87.0,193.0,0.9388830347734457,0.911042944785276,0.9247535028541775,0.23107569721115537,0.08895705521472393,0.9217758985200846,0.0,361,33,42,0.916243654822335,0.8957816377171216,0.9058971141781682,0.9185750636132316,0.8311225806451613,0.11659427424772432,0.16910540540540542,0.5659090909090909,0.4340909090909091,,,not_computed_no_bbox_data,1,0,1.0,0,0,0,0.0,0,0,0,473,33,440,33,,,0,0.06976744186046512,0.07568807339449542,0.06976744186046512,0.0,,,0.4,2,0,26,5,0,0,455.0,440,0.6602659090909092,0.6343,0.12433424483547244,0.8602500000000001,0.9191199999999998,1.0008130000000002,0.5005,1.1067,440,0.0,0.0,0.0,0.0,0.0,0.0,0.0,0.0,440,0,0,0,0,0.0,0.0,3598291.283,215897.477008,1229.0,110.61,189.2,17.974,290.517,24.693905,3512112.819,28096.902554,1320.0,198.0,62036.051,26055.141562,21067.629,8848.404351,3463.5,1039.05,0.0,0.0,216050.75491299995,64237.498467000005,280288.25337999995,4671.470889666666,228.06204506102517,637.0187576818181,713.2016625445291,776.4217545152353,17.974,280288.25338,3600000.0,3599999.9990000003,busy__s03__no_consistency_check,no_consistency_check,ablation,,,True,
secure,busy,3,3600.0,314596b67318b2f1,True,synthetic_distribution,False,disable_cooldown,1229,1229,978,0,128734.84400000001,0.03575967888888889,612,10.2,645,10.75,590,543,949,328,266,0.8109756097560976,0.18902439024390238,0.5552147239263804,266,422.59684210527456,242.27000000001863,607.8102510132386,1148.8329999998678,1507.5584999999264,3571.776249999952,132.57800000021234,4257.93899999978,645,211.1576434108607,170.5449999999255,80.70712151072459,277.0254000000656,288.4809999999823,523.241399999874,126.13300000037998,917.9770000000717,645,212.1576434108607,171.5449999999255,80.70712151072459,278.0254000000656,289.4809999999823,524.241399999874,127.13300000037998,918.9770000000717,0,891.0,58.0,87.0,193.0,0.9388830347734457,0.911042944785276,0.9247535028541775,0.23107569721115537,0.08895705521472393,0.9388830347734457,0.0,543,48,57,0.9187817258883249,0.905,0.9118387909319899,0.9203389830508475,0.8305835,0.11883935008923906,0.15403111111111112,0.5643410852713179,0.4356589147286822,,,not_computed_no_bbox_data,1,0,1.0,0,0,0,0.0,0,0,0,949,304,645,291,,,0,0.3203371970495258,0.3265993265993266,0.3203371970495258,0.0,,,0.4,209,1,76,18,0,0,0.0,645,0.6576029457364342,0.6342,0.11976071331635463,0.8200400000000001,0.8972999999999999,1.0001479999999994,0.5005,1.1067,645,9.853596899224806,0.0,58.93349323332173,0.0,8.99199999999949,258.86039999999906,0.0,724.572,645,0,0,0,0,0.0,0.0,3597967.246,215878.034755,1229.0,110.61,379.6,36.062,424.154,36.053098,3471265.165,27770.121319,1836.0,275.4,90778.65,38127.033166,31005.185,13022.177567,5115.0,1534.5,0.0,0.0,216060.759853,80729.232052,296789.991905,4946.499865083333,241.48900887306755,460.13952233333333,503.03388458474575,546.5745707274401,36.062,296789.991905,3600000.0,3600000.0,busy__s03__no_cooldown,no_cooldown,ablation,,,True,
secure,busy,3,3600.0,314596b67318b2f1,True,synthetic_distribution,False,disable_early_exit,1229,1229,978,0,115357.518,0.032043755,440,7.333333333333333,440,7.333333333333333,393,378,473,328,273,0.8323170731707317,0.16768292682926833,0.38650306748466257,273,600.6834981685064,267.1450000000186,750.332429036536,1608.2908000001687,2171.0447999999856,3532.61424000021,224.7970000000205,4425.266000000294,440,263.884047727276,263.56700000015553,14.034510404407524,281.814199999976,286.6186499999952,295.5687800000166,223.7970000000205,318.3379999999888,440,264.884047727276,264.56700000015553,14.034510404407524,282.814199999976,287.6186499999952,296.5687800000166,224.7970000000205,319.3379999999888,0,891.0,58.0,87.0,193.0,0.9388830347734457,0.911042944785276,0.9247535028541775,0.23107569721115537,0.08895705521472393,0.9217758985200846,0.0,378,16,25,0.9593908629441624,0.9379652605459057,0.9485570890840651,0.9618320610687023,0.8537250620347394,0.12764941081640271,0.1576675675675676,0.0,1.0,,,not_computed_no_bbox_data,1,0,1.0,0,0,0,0.0,0,0,0,473,33,440,33,,,0,0.06976744186046512,0.07568807339449542,0.06976744186046512,0.0,,,0.4,2,0,26,5,0,0,455.0,440,0.6602659090909092,0.6343,0.12433424483547244,0.8602500000000001,0.9191199999999998,1.0008130000000002,0.5005,1.1067,440,0.0,0.0,0.0,0.0,0.0,0.0,0.0,0.0,440,0,0,0,0,0.0,0.0,3598291.283,215897.477008,1229.0,110.61,189.2,17.974,290.517,24.693905,3484642.48,27877.139844,1320.0,198.0,62036.051,26055.141562,48534.968,20384.686645,3466.5,1039.95,0.0,0.0,216050.75491299995,75554.918051,291605.672964,4860.094549400001,237.27068589422296,662.7401658272728,741.9991678473283,771.4435792698414,17.974,291605.672964,3600000.0,3599999.999,busy__s03__no_early_exit,no_early_exit,ablation,,,True,
secure,busy,3,3600.0,314596b67318b2f1,True,synthetic_distribution,False,disable_rate_limit,1229,1229,978,0,88179.577,0.024494326944444447,442,7.366666666666666,442,7.366666666666666,395,363,473,328,267,0.8140243902439024,0.18597560975609762,0.37116564417177916,267,519.537992509367,250.49099999992177,675.299079847312,1517.9189999999014,2068.21380000012,3010.577100000101,132.57800000021234,3410.083999999799,442,201.20970361990803,167.32349999989674,55.75211129594295,274.1022999998648,281.6464999996941,288.2987799999723,126.91800000000512,318.3379999999888,442,202.20970361990803,168.32349999989674,55.75211129594295,275.1022999998648,282.6464999996941,289.2987799999723,127.91800000000512,319.3379999999888,0,891.0,58.0,87.0,193.0,0.9388830347734457,0.911042944785276,0.9247535028541775,0.23107569721115537,0.08895705521472393,0.9217758985200846,0.0,363,33,42,0.9166666666666666,0.8962962962962963,0.9063670411985019,0.9189873417721519,0.8310701234567902,0.1163153885992078,0.16910540540540542,0.5678733031674208,0.4321266968325792,,,not_computed_no_bbox_data,1,0,1.0,0,0,0,0.0,0,0,0,473,31,442,31,,,0,0.06553911205073996,0.07110091743119266,0.06553911205073996,0.0,,,0.4,0,0,26,5,0,0,455.0,442,0.6603823529411765,0.6343,0.12424304542468856,0.8588200000000005,0.91874,1.0005469999999996,0.5005,1.1067,442,0.0,0.0,0.0,0.0,0.0,0.0,0.0,0.0,442,0,0,0,0,0.0,0.0,3598289.911,215897.394687,1229.0,110.61,189.2,17.974,291.889,24.810526,3511820.413,28094.563306,1326.0,198.9,62307.457,26169.132067,21067.629,8848.404351,3478.5,1043.55,0.0,0.0,216050.78921299995,64354.549724000004,280405.33893699996,4673.422315616666,228.15731402522374,634.4012193144796,709.8869340177214,772.4664984490357,17.974,280405.338938,3600000.0,3599999.9990000003,busy__s03__no_rate_limit,no_rate_limit,ablation,,,True,
secure,busy,3,3600.0,314596b67318b2f1,True,synthetic_distribution,False,disable_replay_protection,1229,1229,978,0,93385.35500000001,0.02594037638888889,465,7.75,465,7.75,418,384,473,328,273,0.8323170731707317,0.16768292682926833,0.39263803680981596,273,566.7348315018365,251.67599999997765,739.0190507893084,1690.2085999999197,2329.462400000001,3070.9040799999398,132.57800000021234,3816.435999999754,465,202.5356881720435,167.76699999999255,56.001711095813306,274.5363999999128,281.7545999999158,288.1051200000383,126.91800000000512,318.3379999999888,465,203.5356881720435,168.76699999999255,56.001711095813306,275.5363999999128,282.7545999999158,289.1051200000383,127.91800000000512,319.3379999999888,0,891.0,58.0,87.0,193.0,0.9388830347734457,0.911042944785276,0.9247535028541775,0.23107569721115537,0.08895705521472393,0.9217758985200846,0.0,384,35,44,0.9164677804295943,0.897196261682243,0.9067296340023613,0.9186602870813397,0.8303189252336449,0.11540469020606918,0.16910540540540542,0.556989247311828,0.443010752688172,,,not_computed_no_bbox_data,1,0,1.0,0,0,0,0.0,0,0,0,473,8,465,8,,,0,0.016913319238900635,0.01834862385321101,0.016913319238900635,0.0,,,0.4,2,0,0,6,0,0,455.0,465,0.6597408602150537,0.6343,0.12316890914631386,0.8427000000000001,0.9152999999999999,0.9974880000000002,0.5005,1.1067,465,0.0,0.0,0.0,0.0,0.0,0.0,0.0,0.0,465,0,0,0,0,0.0,0.0,3598275.021,215896.50125,1229.0,110.61,189.2,17.974,306.779,26.07623,3506614.635,28052.917082,1395.0,209.25,65568.818,27538.903698,22757.046,9557.959521,3664.5,1099.35,0.0,0.0,216051.16147999998,66458.380301,282509.541781,4708.492363016666,229.86944001708704,607.5474016795698,675.8601478014353,735.7019317213541,17.974,282509.54178,3600000.0000000005,3599999.999,busy__s03__no_replay_protection,no_replay_protection,ablation,,,True,
secure,busy,3,3600.0,314596b67318b2f1,True,synthetic_distribution,False,disable_security,1229,1229,978,0,94710.432,0.026308453333333332,473,7.883333333333334,473,7.883333333333334,426,391,473,328,276,0.8414634146341463,0.1585365853658537,0.3997955010224949,276,571.1417355072506,251.6810000000405,739.1598001378385,1685.385999999824,2327.610250000005,3067.8247499999707,132.17800000030547,3797.9439999999013,473,201.53941014799167,167.11100000003353,55.951312990236,274.0781999999657,281.315799999889,287.63776000015434,126.51800000001094,317.93799999996554,473,202.53941014799167,168.11100000003353,55.951312990236,275.0781999999657,282.315799999889,288.63776000015434,127.51800000001094,318.93799999996554,0,891.0,58.0,87.0,193.0,0.9388830347734457,0.911042944785276,0.9247535028541775,0.23107569721115537,0.08895705521472393,0.9217758985200846,0.0,391,36,45,0.9156908665105387,0.8967889908256881,0.9061413673232909,0.9178403755868545,0.8314116972477064,0.11480295833370409,0.16910540540540542,0.5623678646934461,0.4376321353065539,,,not_computed_no_bbox_data,1,0,1.0,0,0,0,0.0,0,0,0,0,0,0,0,,,0,,,,,,,0.0,0,0,0,0,0,0,455.0,473,0.659360042283298,0.6343,0.1228388462580067,0.83812,0.9144999999999999,0.9964239999999996,0.5005,1.1067,473,0.0,0.0,0.0,0.0,0.0,0.0,0.0,0.0,473,0,0,0,0,0.0,0.0,3598459.123,215907.547378,1229.0,110.61,0.0,0.0,311.877,26.509547,3505289.559,28042.316471,1419.0,212.85,66686.868,28008.484701,22872.573,9606.480589,3732.0,1119.6,0.0,0.0,216044.66692499997,66989.731761,283034.3986859999,4717.239978099999,230.29650015134249,598.3813925708243,664.3999969154928,723.8731424194372,0.0,283034.398687,3600000.0,3599999.9999999995,busy__s03__no_security,no_security,ablation,,,True,
always_on,busy,4,3600.0,c37b1f54c2f47ad1,True,synthetic_distribution,False,,1546,1546,1206,0,3600000.0,1.0,1,0.016666666666666666,1538,25.633333333333333,1184,1063,0,407,397,0.9754299754299754,0.02457002457002455,0.8814262023217247,397,420.30444584382576,323.1879999998491,342.2973698352465,700.3141999999539,1287.3399999999904,1709.3816800000525,140.78199999965727,2841.366000000038,0,,,,,,,,,1538,321.0584193758112,311.1860000002198,106.55850584644678,458.5561000000219,506.7516500000143,638.2199899998941,117.0910000000149,859.9569999999367,0,,,,,,,,,,,,1063,127,142,0.8932773109243698,0.8821576763485477,0.8876826722338206,0.8978040540540541,0.8361965145228216,0.11005537720149926,0.16124744744744746,0.5383615084525357,0.4616384915474642,,,not_computed_no_bbox_data,6,0,6.0,16637,234,0,,0,0,0,0,0,0,0,,,0,,,,,,,0.0,0,0,0,0,0,0,,0,,,,,,,,,0,,,,,,,,,0,0,0,0,0,3600000.0,18000.0,0.0,0.0,0.0,0.0,0.0,0.0,0.0,0.0,0.0,0.0,0.0,0.0,2552941.37,1072235.375288,935040.13,392716.854712,112018.5,33605.55,0.0,0.0,18000.0,1498557.78,1516557.78,25275.963,980.955873221216,,1280.8765033783784,1426.6771213546567,0.0,1516557.78,3600000.0,3600000.0,busy__s04__always_on,always_on,ablation,,,True,
secure,busy,4,3600.0,c37b1f54c2f47ad1,True,synthetic_distribution,False,,1546,1546,1206,0,97766.964,0.027157490000000003,485,8.083333333333334,485,8.083333333333334,441,394,541,407,301,0.7395577395577395,0.2604422604422605,0.32669983416252074,301,643.6665847176149,250.15800000028685,1008.3155255659028,1669.657000000123,2632.8759999996983,4433.3889999999665,130.27200000034645,8679.518999999855,485,203.29485154640278,169.83899999968708,56.00783492308252,274.966199999908,281.03120000017805,288.5043200000003,124.06500000000233,299.74100000038743,485,204.29485154640278,170.83899999968708,56.00783492308252,275.966199999908,282.03120000017805,289.5043200000003,125.06500000000233,300.74100000038743,0,1103.0,80.0,103.0,260.0,0.9323753169907016,0.9145936981757877,0.9233989116785265,0.23529411764705882,0.08540630182421227,0.9205175600739371,0.0,394,47,50,0.8934240362811792,0.8873873873873874,0.8903954802259888,0.8934240362811792,0.8430056306306307,0.10026105244009755,0.14395853658536586,0.5484536082474227,0.4515463917525773,,,not_computed_no_bbox_data,0,0,0.0,0,0,0,0.0,0,0,0,541,56,485,54,,,0,0.10351201478743069,0.10843373493975904,0.10351201478743069,0.0,,,0.4,2,3,38,13,0,0,605.0,485,0.6596247422680412,0.6418,0.11641384146968474,0.80984,0.8837599999999992,0.9942639999999998,0.5006,1.1202,485,0.0,0.0,0.0,0.0,0.0,0.0,0.0,0.0,485,0,0,0,0,0.0,0.0,3597917.683,215875.060967,1546.0,139.14,216.4,20.558,319.917,27.192964,3502233.046,28017.864369,1455.0,218.25,68337.871,28701.905974,24138.582,10138.204635,3835.5,1150.65,0.0,0.0,216061.951931,68226.87497799999,284288.826909,4738.14711515,183.8866926966365,586.1625297092784,644.6458660068027,721.5452459619289,20.558,284288.826908,3600000.0,3599999.999,busy__s04__full_secure,full_secure,ablation,,,True,
secure,busy,4,3600.0,c37b1f54c2f47ad1,True,synthetic_distribution,False,disable_adaptive_trigger,1546,1546,1206,0,98944.83600000001,0.02748467666666667,490,8.166666666666666,490,8.166666666666666,444,398,546,407,302,0.742014742014742,0.25798525798525795,0.33001658374792703,302,635.9183841059663,249.78100000016275,1006.3754069405193,1669.463900000111,2625.194299999716,4431.695859999968,130.27200000034645,8679.518999999855,490,203.64295306123492,169.9440000000177,56.151519265938525,275.01729999993694,281.2316999999719,288.28876000006215,124.06500000000233,299.74100000038743,490,204.64295306123492,170.9440000000177,56.151519265938525,276.01729999993694,282.2316999999719,289.28876000006215,125.06500000000233,300.74100000038743,0,1113.0,84.0,93.0,256.0,0.9298245614035088,0.9228855721393034,0.9263420724094882,0.24705882352941178,0.07711442786069651,0.9175824175824175,0.0,398,46,49,0.8963963963963963,0.8903803131991052,0.89337822671156,0.8963963963963963,0.8428624161073826,0.10053806753536568,0.14012558139534884,0.5448979591836735,0.45510204081632655,,,not_computed_no_bbox_data,0,0,0.0,0,0,0,0.0,0,0,0,546,56,490,54,,,0,0.10256410256410256,0.10778443113772455,0.10256410256410256,0.0,,,0.4,2,3,38,13,0,0,612.0,490,0.6595451020408163,0.64255,0.11572923703716485,0.80894,0.8689199999999999,0.993994,0.5006,1.1202,490,0.0,0.0,0.0,0.0,0.0,0.0,0.0,0.0,490,0,0,0,0,0.0,0.0,3597912.424,215874.745423,1546.0,139.14,218.4,20.748,323.176,27.469984,3501055.174,28008.441388,1470.0,220.5,69026.976,28991.329712,24582.351,10324.587409,3865.5,1159.65,0.0,0.0,216062.103407,68704.50850899999,284766.611916,4746.1101986,184.19573862613197,581.1563508489796,641.366243054054,715.4939997889447,20.748,284766.611916,3600000.0,3600000.0009999997,busy__s04__no_adaptive_trigger,no_adaptive_trigger,ablation,,,True,
secure,busy,4,3600.0,c37b1f54c2f47ad1,True,synthetic_distribution,False,disable_burst_detection,1546,1546,1206,0,100115.05799999999,0.02780973833333333,495,8.25,495,8.25,449,401,541,407,306,0.7518427518427518,0.24815724815724816,0.33250414593698174,306,716.3208692810541,252.92950000008568,1072.4390802344963,2050.6839999999575,2828.5877500000643,4710.6487500000485,130.27200000034645,6956.323999999557,495,203.96682828283966,169.98300000000745,56.35856809164681,275.07100000004283,281.35170000000505,289.15406000005083,124.06500000000233,318.4799999999814,495,204.96682828283966,170.98300000000745,56.35856809164681,276.07100000004283,282.35170000000505,290.15406000005083,125.06500000000233,319.4799999999814,0,1103.0,80.0,103.0,260.0,0.9323753169907016,0.9145936981757877,0.9233989116785265,0.23529411764705882,0.08540630182421227,0.9205175600739371,0.0,401,48,51,0.8930957683741648,0.8871681415929203,0.8901220865704772,0.8930957683741648,0.8417524336283185,0.10054248847939726,0.14282093023255815,0.5434343434343434,0.45656565656565656,,,not_computed_no_bbox_data,0,0,0.0,0,0,0,0.0,0,0,0,541,46,495,46,,,0,0.08502772643253234,0.09236947791164658,0.08502772643253234,0.0,,,0.4,5,3,38,0,0,0,605.0,495,0.6608567676767677,0.6423,0.11707856003684093,0.814,0.8897399999999998,0.9937239999999999,0.5006,1.1202,495,0.0,0.0,0.0,0.0,0.0,0.0,0.0,0.0,495,0,0,0,0,0.0,0.0,3597910.477,215874.628598,1546.0,139.14,216.4,20.558,327.123,27.805486,3499884.949,27999.079592,1485.0,222.75,69754.126,29296.733092,24962.425,10484.218313,3913.5,1174.05,0.0,0.0,216062.132084,69176.830997,285238.963081,4753.982718016667,184.50126978072447,576.2403294565657,635.2760870400891,711.3191099276809,20.558,285238.963082,3600000.0,3600000.0,busy__s04__no_burst_detection,no_burst_detection,ablation,,,True,
secure,busy,4,3600.0,c37b1f54c2f47ad1,True,synthetic_distribution,False,disable_consistency_check,1546,1546,1206,0,97766.964,0.027157490000000003,485,8.083333333333334,485,8.083333333333334,441,394,541,407,301,0.7395577395577395,0.2604422604422605,0.32669983416252074,301,643.6665847176149,250.15800000028685,1008.3155255659028,1669.657000000123,2632.8759999996983,4433.3889999999665,130.27200000034645,8679.518999999855,485,203.29485154640278,169.83899999968708,56.00783492308252,274.966199999908,281.03120000017805,288.5043200000003,124.06500000000233,299.74100000038743,485,204.29485154640278,170.83899999968708,56.00783492308252,275.966199999908,282.03120000017805,289.5043200000003,125.06500000000233,300.74100000038743,0,1103.0,80.0,103.0,260.0,0.9323753169907016,0.9145936981757877,0.9233989116785265,0.23529411764705882,0.08540630182421227,0.9205175600739371,0.0,394,47,50,0.8934240362811792,0.8873873873873874,0.8903954802259888,0.8934240362811792,0.8430056306306307,0.10026105244009755,0.14395853658536586,0.5484536082474227,0.4515463917525773,,,not_computed_no_bbox_data,0,0,0.0,0,0,0,0.0,0,0,0,541,56,485,54,,,0,0.10351201478743069,0.10843373493975904,0.10351201478743069,0.0,,,0.4,2,3,38,13,0,0,605.0,485,0.6596247422680412,0.6418,0.11641384146968474,0.80984,0.8837599999999992,0.9942639999999998,0.5006,1.1202,485,0.0,0.0,0.0,0.0,0.0,0.0,0.0,0.0,485,0,0,0,0,0.0,0.0,3597917.683,215875.060967,1546.0,139.14,216.4,20.558,319.917,27.192964,3502233.046,28017.864369,1455.0,218.25,68337.871,28701.905974,24138.582,10138.204635,3835.5,1150.65,0.0,0.0,216061.951931,68226.87497799999,284288.826909,4738.14711515,183.8866926966365,586.1625297092784,644.6458660068027,721.5452459619289,20.558,284288.826908,3600000.0,3599999.999,busy__s04__no_consistency_check,no_consistency_check,ablation,,,True,
secure,busy,4,3600.0,c37b1f54c2f47ad1,True,synthetic_distribution,False,disable_cooldown,1546,1546,1206,0,149329.10299999997,0.04148030638888888,716,11.933333333333334,758,12.633333333333333,695,615,1183,407,316,0.7764127764127764,0.2235872235872236,0.5099502487562189,316,466.1917816455757,245.2074999999022,733.4154916505563,1296.8879999998608,1557.2442499999852,2858.600949999993,129.70100000011735,8679.518999999855,758,204.9778693931498,168.18049999990035,63.859494658648025,277.047699999949,286.38014999990116,406.0594099998426,124.06500000000233,536.7269999999553,758,205.97909102903367,169.18049999990035,63.85855243014478,278.047699999949,287.38014999990116,407.0594099998426,125.06500000000233,537.7269999999553,0,1103.0,80.0,103.0,260.0,0.9323753169907016,0.9145936981757877,0.9233989116785265,0.23529411764705882,0.08540630182421227,0.9323753169907016,0.0,615,80,90,0.8848920863309353,0.8723404255319149,0.8785714285714286,0.8848920863309353,0.8405626950354609,0.1065423173294584,0.15574150943396228,0.5870712401055409,0.4129287598944591,,,not_computed_no_bbox_data,0,0,0.0,0,0,0,0.0,0,0,0,1183,425,758,398,,,0,0.3592561284868977,0.36083408884859475,0.3592561284868977,0.0,,,0.4,258,3,106,58,0,0,0.0,758,0.6565019788918206,0.6394,0.11771296228034232,0.82182,0.8795449999999999,0.9916899999999998,0.5002,1.1202,758,6.258889182058047,0.0,30.865194496146124,0.0,25.215599999999963,170.5336099999997,0.0,268.948,758,0,0,0,0,0.0,0.0,3597483.172,215848.990292,1546.0,139.14,473.2,44.954,497.628,42.298419,3450670.91,27605.36728,2148.0,322.2,106817.353,44863.288195,34372.737,14436.549616,5991.0,1797.3,0.0,0.0,216075.382711,89024.70509100001,305100.087802,5085.001463366667,197.34805161837,402.5067121398417,438.99293208920864,496.0977037430894,44.954,305100.087802,3600000.0,3600000.0000000005,busy__s04__no_cooldown,no_cooldown,ablation,,,True,
secure,busy,4,3600.0,c37b1f54c2f47ad1,True,synthetic_distribution,False,disable_early_exit,1546,1546,1206,0,127135.063,0.035315295277777776,485,8.083333333333334,485,8.083333333333334,441,412,541,407,309,0.7592137592137592,0.24078624078624078,0.3416252072968491,309,667.6126699029194,266.93599999975413,977.8128347027395,1632.9171999998807,2499.3352000000355,4524.962079999976,230.52699999976903,8787.226999999955,485,263.84763711341037,262.2239999999874,14.26912835895907,282.07840000004506,288.45359999984504,302.67044000000925,229.52699999976903,328.83399999997346,485,264.84763711341037,263.2239999999874,14.26912835895907,283.07840000004506,289.45359999984504,303.67044000000925,230.52699999976903,329.83399999997346,0,1103.0,80.0,103.0,260.0,0.9323753169907016,0.9145936981757877,0.9233989116785265,0.23529411764705882,0.08540630182421227,0.9205175600739371,0.0,412,29,32,0.9342403628117913,0.9279279279279279,0.9310734463276836,0.9342403628117913,0.8659247747747748,0.11199878695204782,0.1337780487804878,0.0,1.0,,,not_computed_no_bbox_data,0,0,0.0,0,0,0,0.0,0,0,0,541,56,485,54,,,0,0.10351201478743069,0.10843373493975904,0.10351201478743069,0.0,,,0.4,2,3,38,13,0,0,605.0,485,0.6596247422680412,0.6418,0.11641384146968474,0.80984,0.8837599999999992,0.9942639999999998,0.5006,1.1202,485,0.0,0.0,0.0,0.0,0.0,0.0,0.0,0.0,485,0,0,0,0,0.0,0.0,3597917.683,215875.060967,1546.0,139.14,216.4,20.558,319.917,27.192964,3472864.94,27782.919517,1455.0,218.25,68337.871,28701.905974,53527.689,22481.629385,3814.5,1144.35,0.0,0.0,216061.951931,80329.05487600001,296391.00680699997,4939.850113449999,191.71475213906854,611.1154779525773,672.0884508095237,719.3956475898058,20.558,296391.006806,3600000.0,3599999.9999999995,busy__s04__no_early_exit,no_early_exit,ablation,,,True,
secure,busy,4,3600.0,c37b1f54c2f47ad1,True,synthetic_distribution,False,disable_rate_limit,1546,1546,1206,0,98180.31099999999,0.027272308611111108,487,8.116666666666667,487,8.116666666666667,442,395,541,407,302,0.742014742014742,0.25798525798525795,0.3275290215588723,302,642.4289403973579,250.82199999992736,1006.8689339422331,1669.463900000111,2625.194299999716,4431.695859999968,130.27200000034645,8679.518999999855,487,203.3156919917975,169.83899999968708,56.02812779126016,274.94979999994393,280.99780000015164,288.4902799999993,124.06500000000233,299.74100000038743,487,204.3156919917975,170.83899999968708,56.02812779126016,275.94979999994393,281.99780000015164,289.4902799999993,125.06500000000233,300.74100000038743,0,1103.0,80.0,103.0,260.0,0.9323753169907016,0.9145936981757877,0.9233989116785265,0.23529411764705882,0.08540630182421227,0.9205175600739371,0.0,395,47,50,0.8936651583710408,0.8876404494382022,0.8906426155580608,0.8936651583710408,0.8428049438202246,0.10023752207312114,0.14280238095238096,0.5482546201232033,0.4517453798767967,,,not_computed_no_bbox_data,0,0,0.0,0,0,0,0.0,0,0,0,541,54,487,53,,,0,0.09981515711645102,0.10642570281124498,0.09981515711645102,0.0,,,0.4,0,3,38,13,0,0,605.0,487,0.6595503080082136,0.6418,0.11649271544591339,0.80966,0.8820399999999998,0.9941559999999999,0.5006,1.1202,487,0.0,0.0,0.0,0.0,0.0,0.0,0.0,0.0,487,0,0,0,0,0.0,0.0,3597916.4,215874.983984,1546.0,139.14,216.4,20.558,321.2,27.302022,3501819.699,28014.557594,1461.0,219.15,68622.162,28821.308067,24248.139,10184.218248,3849.0,1154.7,0.0,0.0,216061.98400599998,68393.933909,284455.91791500006,4740.931965250001,183.99477226067273,584.0983940759754,643.5654251470589,720.1415643417723,20.558,284455.917915,3600000.0,3600000.0,busy__s04__no_rate_limit,no_rate_limit,ablation,,,True,
secure,busy,4,3600.0,c37b1f54c2f47ad1,True,synthetic_distribution,False,disable_replay_protection,1546,1546,1206,0,104667.26500000001,0.02907424027777778,521,8.683333333333334,521,8.683333333333334,476,426,541,407,313,0.769041769041769,0.23095823095823098,0.35323383084577115,313,677.3868977635875,253.12700000032783,1003.0678536649716,1927.5326000000355,2671.6748000000593,4199.71731999995,130.27200000034645,8679.518999999855,521,202.610898272564,167.9199999999255,56.28282833039106,275.012999999919,281.09800000023097,288.95360000003126,124.06500000000233,299.74100000038743,521,203.610898272564,168.9199999999255,56.28282833039106,276.012999999919,282.09800000023097,289.95360000003126,125.06500000000233,300.74100000038743,0,1103.0,80.0,103.0,260.0,0.9323753169907016,0.9145936981757877,0.9233989116785265,0.23529411764705882,0.08540630182421227,0.9205175600739371,0.0,426,50,54,0.8949579831932774,0.8875,0.8912133891213389,0.8949579831932774,0.8433487500000001,0.10153509527521494,0.14395853658536586,0.5527831094049904,0.4472168905950096,,,not_computed_no_bbox_data,0,0,0.0,0,0,0,0.0,0,0,0,541,20,521,18,,,0,0.036968576709796676,0.03614457831325301,0.036968576709796676,0.0,,,0.4,6,0,0,14,0,0,605.0,521,0.6597159309021113,0.6428,0.11552458061593439,0.8089,0.87,0.9927999999999998,0.5006,1.1202,521,0.0,0.0,0.0,0.0,0.0,0.0,0.0,0.0,521,0,0,0,0,0.0,0.0,3597893.889,215873.633331,1546.0,139.14,216.4,20.558,343.711,29.215447,3495332.75,27962.661996,1563.0,234.45,73284.299,30779.405737,25693.451,10791.249469,4126.5,1237.95,0.0,0.0,216062.546778,71005.717202,287068.26398,4784.4710663333335,185.6845174514877,550.9947485220729,603.0845881932773,673.8691642723004,20.558,287068.263981,3600000.0,3600000.0,busy__s04__no_replay_protection,no_replay_protection,ablation,,,True,
secure,busy,4,3600.0,c37b1f54c2f47ad1,True,synthetic_distribution,False,disable_security,1546,1546,1206,0,108989.967,0.030274990833333335,541,9.016666666666667,541,9.016666666666667,494,442,541,407,323,0.7936117936117936,0.20638820638820643,0.36650082918739635,323,735.3475046439406,254.46999999997206,1052.4636349359346,2171.4927999999964,2831.0655000000606,4675.82629999998,129.87199999997392,6955.92399999965,541,202.77449907577355,167.7899999995716,56.62913666533405,275.0810000000056,281.0489999996498,289.8264000001829,123.66499999997905,318.0800000000745,541,203.77449907577355,168.7899999995716,56.62913666533405,276.0810000000056,282.0489999996498,290.8264000001829,124.66499999997905,319.0800000000745,0,1103.0,80.0,103.0,260.0,0.9323753169907016,0.9145936981757877,0.9233989116785265,0.23529411764705882,0.08540630182421227,0.9205175600739371,0.0,442,52,56,0.8947368421052632,0.8875502008032129,0.8911290322580645,0.8947368421052632,0.8429710843373492,0.10173206834428639,0.14282093023255815,0.5489833641404805,0.4510166358595194,,,not_computed_no_bbox_data,0,0,0.0,0,0,0,0.0,0,0,0,0,0,0,0,,,0,,,,,,,0.0,0,0,0,0,0,0,605.0,541,0.6602362292051757,0.6423,0.11596543250842418,0.8102,0.8872,0.9922,0.5006,1.1202,541,0.0,0.0,0.0,0.0,0.0,0.0,0.0,0.0,541,0,0,0,0,0.0,0.0,3598096.813,215885.808785,1546.0,139.14,0.0,0.0,357.187,30.360888,3491010.045,27928.080361,1623.0,243.45,76111.989,31967.035279,26970.966,11327.805745,4284.0,1285.2,0.0,0.0,216055.309673,72751.571385,288806.881058,4813.448017633334,186.80910805821478,533.8389668354899,584.6293138825912,653.409233162896,0.0,288806.881058,3600000.0,3600000.0,busy__s04__no_security,no_security,ablation,,,True,
always_on,busy,5,3600.0,c0b6223108527154,True,synthetic_distribution,False,,1594,1594,1264,0,3600000.0,1.0,1,0.016666666666666666,1587,26.45,1235,1121,0,416,406,0.9759615384615384,0.024038461538461564,0.8868670886075949,406,430.2601108374507,335.90200000000186,349.20085261766286,712.7810000000754,1308.8572500001756,1763.1012499999429,140.1149999999907,2605.4199999999255,0,,,,,,,,,1587,325.16888846881545,316.36699999985285,104.95294620155877,464.0292000000365,501.42199999993016,624.4267400000142,132.9670000001788,976.6959999999963,0,,,,,,,,,,,,1121,119,142,0.9040322580645161,0.88756927949327,0.895725129844187,0.9076923076923077,0.8266040380047506,0.11605647181814777,0.16023395061728393,0.5129174543163201,0.4870825456836799,,,not_computed_no_bbox_data,5,0,5.0,16507,198,0,,0,0,0,0,0,0,0,,,0,,,,,,,0.0,0,0,0,0,0,0,,0,,,,,,,,,0,,,,,,,,,0,0,0,0,0,3600000.0,18000.0,0.0,0.0,0.0,0.0,0.0,0.0,0.0,0.0,0.0,0.0,0.0,0.0,2540110.358,1066846.350538,948304.642,398287.949462,111585.0,33475.5,0.0,0.0,18000.0,1498609.8,1516609.8,25276.83,951.4490589711418,,1228.024129554656,1352.9079393398752,0.0,1516609.8,3600000.0,3600000.0,busy__s05__always_on,always_on,ablation,,,True,
secure,busy,5,3600.0,c0b6223108527154,True,synthetic_distribution,False,,1594,1594,1264,0,107017.72099999999,0.02972714472222222,527,8.783333333333333,527,8.783333333333333,471,428,575,416,317,0.7620192307692307,0.23798076923076927,0.33860759493670883,317,638.4340977918109,258.6319999997504,859.9589176327871,2113.7434000000358,2516.964399999985,3602.8750800000325,125.68800000008196,4681.353000000119,527,204.78825806452653,169.31400000024587,56.98016891631441,275.73759999999095,282.9748000000487,296.4359799998719,119.51300000000629,304.1189999999988,527,205.78825806452653,170.31400000024587,56.98016891631441,276.73759999999095,283.9748000000487,297.4359799998719,120.51300000000629,305.1189999999988,0,1162.0,73.0,102.0,257.0,0.9408906882591093,0.9193037974683544,0.9299719887955182,0.22121212121212122,0.08069620253164557,0.92,0.0,428,45,53,0.904862579281184,0.8898128898128899,0.8972746331236898,0.9087048832271762,0.8262975051975053,0.11183543133594256,0.15488043478260868,0.5294117647058824,0.47058823529411764,,,not_computed_no_bbox_data,2,0,2.0,0,0,0,0.0,0,0,0,575,48,527,48,,,0,0.08347826086956522,0.09073724007561437,0.08347826086956522,0.0,,,0.4,3,1,32,12,0,0,633.0,527,0.662773055028463,0.634,0.12424710979173571,0.8419400000000001,0.90326,0.989494,0.5,1.0754,527,0.0,0.0,0.0,0.0,0.0,0.0,0.0,0.0,527,0,0,0,0,0.0,0.0,3597826.719,215869.603118,1594.0,143.46,230.0,21.85,349.281,29.688916,3492982.272,27943.858177,1581.0,237.15,74056.384,31103.681301,27252.344,11445.984396,4128.0,1238.4,0.0,0.0,216064.602034,71969.073874,288033.67590800003,4800.561265133334,180.69866744542034,546.5534647210627,611.5364668959661,672.9758782897197,21.85,288033.675908,3600000.0,3600000.0,busy__s05__full_secure,full_secure,ablation,,,True,
secure,busy,5,3600.0,c0b6223108527154,True,synthetic_distribution,False,disable_adaptive_trigger,1594,1594,1264,0,108383.479,0.030106521944444447,533,8.883333333333333,533,8.883333333333333,472,429,581,416,317,0.7620192307692307,0.23798076923076927,0.33939873417721517,317,635.3791261829775,258.6319999997504,859.4997758214117,2113.7434000000358,2516.964399999985,3602.8750800000325,125.68800000008196,4681.353000000119,533,205.06508255160537,169.31400000024587,56.96356140786357,275.94119999999674,283.34300000004004,296.41035999989134,124.68800000008196,304.1189999999988,533,206.06508255160537,170.31400000024587,56.96356140786357,276.94119999999674,284.34300000004004,297.41035999989134,125.68800000008196,305.1189999999988,0,1171.0,79.0,93.0,251.0,0.9368,0.9264240506329114,0.9315831344470963,0.23939393939393938,0.07357594936708861,0.9122203098106713,0.0,429,45,53,0.9050632911392406,0.8900414937759336,0.8974895397489541,0.9088983050847458,0.8258056016597511,0.11220078392998027,0.15087254901960787,0.5272045028142589,0.4727954971857411,,,not_computed_no_bbox_data,2,0,2.0,0,0,0,0.0,0,0,0,581,48,533,48,,,0,0.08261617900172118,0.09056603773584905,0.08261617900172118,0.0,,,0.4,3,1,32,12,0,0,641.0,533,0.6631973733583489,0.6341,0.12390595600267733,0.8407399999999999,0.9030199999999999,0.9893079999999999,0.5,1.0754,533,0.0,0.0,0.0,0.0,0.0,0.0,0.0,0.0,533,0,0,0,0,0.0,0.0,3597820.116,215869.206946,1594.0,143.46,232.4,22.078,353.484,30.04616,3491616.513,27932.932101,1599.0,239.85,74898.69,31457.449972,27718.797,11641.894712,4167.0,1250.1,0.0,0.0,216064.791106,72522.22678499999,288587.01789099997,4809.783631516666,181.04580796173147,541.4390579568479,611.4131734978813,672.6970114009323,22.078,288587.017892,3600000.0,3599999.9999999995,busy__s05__no_adaptive_trigger,no_adaptive_trigger,ablation,,,True,
secure,busy,5,3600.0,c0b6223108527154,True,synthetic_distribution,False,disable_burst_detection,1594,1594,1264,0,108949.35500000001,0.030263709722222226,537,8.95,537,8.95,481,438,575,416,323,0.7764423076923077,0.2235576923076923,0.34651898734177217,323,675.9710433436671,259.18999999999505,922.0073787741676,2134.9237999999896,2694.150799999972,3987.4839200000492,125.68800000008196,5086.226999999955,537,204.60568156425586,169.31400000024587,56.87412493646057,275.2135999999941,282.52780000029594,296.39327999990434,119.51300000000629,304.1189999999988,537,205.60568156425586,170.31400000024587,56.87412493646057,276.2135999999941,283.52780000029594,297.39327999990434,120.51300000000629,305.1189999999988,0,1162.0,73.0,102.0,257.0,0.9408906882591093,0.9193037974683544,0.9299719887955182,0.22121212121212122,0.08069620253164557,0.92,0.0,438,45,53,0.906832298136646,0.8920570264765784,0.8993839835728953,0.9106029106029107,0.8275598778004073,0.11134911342436993,0.15488043478260868,0.5307262569832403,0.4692737430167598,,,not_computed_no_bbox_data,2,0,2.0,0,0,0,0.0,0,0,0,575,38,537,38,,,0,0.06608695652173913,0.07183364839319471,0.06608695652173913,0.0,,,0.4,5,1,32,0,0,0,633.0,537,0.6644635009310986,0.6354,0.12522779486053032,0.8459,0.90684,0.989184,0.5,1.0754,537,0.0,0.0,0.0,0.0,0.0,0.0,0.0,0.0,537,0,0,0,0,0.0,0.0,3597819.183,215869.150984,1594.0,143.46,230.0,21.85,356.817,30.32944,3491050.638,27928.405106,1611.0,241.65,75426.428,31679.099712,27704.434,11635.862222,4207.5,1262.25,0.0,0.0,216064.790424,72747.26703999999,288812.057464,4813.534291066667,181.1869871166876,537.8250604543762,600.440867908524,659.3882590502284,21.85,288812.057463,3600000.0,3599999.9999999995,busy__s05__no_burst_detection,no_burst_detection,ablation,,,True,
secure,busy,5,3600.0,c0b6223108527154,True,synthetic_distribution,False,disable_consistency_check,1594,1594,1264,0,107017.72099999999,0.02972714472222222,527,8.783333333333333,527,8.783333333333333,471,428,575,416,317,0.7620192307692307,0.23798076923076927,0.33860759493670883,317,638.4340977918109,258.6319999997504,859.9589176327871,2113.7434000000358,2516.964399999985,3602.8750800000325,125.68800000008196,4681.353000000119,527,204.78825806452653,169.31400000024587,56.98016891631441,275.73759999999095,282.9748000000487,296.4359799998719,119.51300000000629,304.1189999999988,527,205.78825806452653,170.31400000024587,56.98016891631441,276.73759999999095,283.9748000000487,297.4359799998719,120.51300000000629,305.1189999999988,0,1162.0,73.0,102.0,257.0,0.9408906882591093,0.9193037974683544,0.9299719887955182,0.22121212121212122,0.08069620253164557,0.92,0.0,428,45,53,0.904862579281184,0.8898128898128899,0.8972746331236898,0.9087048832271762,0.8262975051975053,0.11183543133594256,0.15488043478260868,0.5294117647058824,0.47058823529411764,,,not_computed_no_bbox_data,2,0,2.0,0,0,0,0.0,0,0,0,575,48,527,48,,,0,0.08347826086956522,0.09073724007561437,0.08347826086956522,0.0,,,0.4,3,1,32,12,0,0,633.0,527,0.662773055028463,0.634,0.12424710979173571,0.8419400000000001,0.90326,0.989494,0.5,1.0754,527,0.0,0.0,0.0,0.0,0.0,0.0,0.0,0.0,527,0,0,0,0,0.0,0.0,3597826.719,215869.603118,1594.0,143.46,230.0,21.85,349.281,29.688916,3492982.272,27943.858177,1581.0,237.15,74056.384,31103.681301,27252.344,11445.984396,4128.0,1238.4,0.0,0.0,216064.602034,71969.073874,288033.67590800003,4800.561265133334,180.69866744542034,546.5534647210627,611.5364668959661,672.9758782897197,21.85,288033.675908,3600000.0,3600000.0,busy__s05__no_consistency_check,no_consistency_check,ablation,,,True,
secure,busy,5,3600.0,c0b6223108527154,True,synthetic_distribution,False,disable_cooldown,1594,1594,1264,0,153774.742,0.04271520611111111,721,12.016666666666667,760,12.666666666666666,692,624,1235,416,308,0.7403846153846154,0.2596153846153846,0.4936708860759494,308,500.947827922092,253.88899999996647,790.1293973776696,1294.250300000047,2028.618150000181,3643.693339999888,125.68800000008196,6079.005000000005,760,210.40987763158572,174.89850000001024,67.12954784917373,278.26670000004816,292.6418500000087,427.99113000010755,119.51300000000629,592.785000000149,760,211.41250000000707,175.89850000001024,67.13979622379529,279.26670000004816,293.6418500000087,429.4966600001106,120.51300000000629,593.785000000149,0,1162.0,73.0,102.0,257.0,0.9408906882591093,0.9193037974683544,0.9299719887955182,0.22121212121212122,0.08069620253164557,0.9408906882591093,0.0,624,70,84,0.899135446685879,0.8813559322033898,0.8901569186875891,0.9017341040462428,0.8257281073446328,0.11592935974431495,0.16027307692307693,0.5342105263157895,0.46578947368421053,,,not_computed_no_bbox_data,2,0,2.0,0,0,0,0.0,0,0,0,1235,475,760,454,,,0,0.38461538461538464,0.39070567986230637,0.38461538461538464,0.0,,,0.4,296,3,127,49,0,0,0.0,760,0.6646067105263157,0.63535,0.12379730487921561,0.84383,0.9062999999999999,0.9863469999999998,0.5,1.1292,760,6.356075000000001,0.0,35.064151737730576,0.0,10.827699999999973,197.16367999999997,0.0,393.997,760,0,0,0,0,0.0,0.0,3597406.899,215844.41394,1594.0,143.46,494.0,46.93,505.101,42.933584,3446225.248,27569.801981,2163.0,324.45,106502.356,44730.989384,39104.897,16424.056632,6004.5,1801.35,0.0,0.0,216077.737524,90850.647997,306928.385521,5115.473092016667,192.55231212107907,403.85313884342105,443.53812936560695,491.8724126939103,46.93,306928.385522,3600000.0,3600000.001,busy__s05__no_cooldown,no_cooldown,ablation,,,True,
secure,busy,5,3600.0,c0b6223108527154,True,synthetic_distribution,False,disable_early_exit,1594,1594,1264,0,137818.088,0.03828280222222222,527,8.783333333333333,527,8.783333333333333,471,443,575,416,323,0.7764423076923077,0.2235576923076923,0.3504746835443038,323,633.8443653250898,268.24800000013784,803.5839552349067,1700.2302000000145,2500.148999999998,3669.555800000035,223.61999999999534,4796.364999999758,527,263.23298481974217,262.57999999960884,14.043024608805457,281.1434000000016,287.79839999985415,297.7132999999612,222.61999999999534,305.74500000011176,527,264.23298481974217,263.57999999960884,14.043024608805457,282.1434000000016,288.79839999985415,298.7132999999612,223.61999999999534,306.74500000011176,0,1162.0,73.0,102.0,257.0,0.9408906882591093,0.9193037974683544,0.9299719887955182,0.22121212121212122,0.08069620253164557,0.92,0.0,443,30,38,0.9365750528541226,0.920997920997921,0.9287211740041927,0.940552016985138,0.8488580041580042,0.12389988105055488,0.1383478260869565,0.0,1.0,,,not_computed_no_bbox_data,2,0,2.0,0,0,0,0.0,0,0,0,575,48,527,48,,,0,0.08347826086956522,0.09073724007561437,0.08347826086956522,0.0,,,0.4,3,1,32,12,0,0,633.0,527,0.662773055028463,0.634,0.12424710979173571,0.8419400000000001,0.90326,0.989494,0.5,1.0754,527,0.0,0.0,0.0,0.0,0.0,0.0,0.0,0.0,527,0,0,0,0,0.0,0.0,3597826.719,215869.603118,1594.0,143.46,230.0,21.85,349.281,29.688916,3462181.908,27697.455268,1581.0,237.15,74056.384,31103.681301,58033.207,24373.947139,4147.5,1244.25,0.0,0.0,216064.602034,84656.483708,300721.08574199997,5012.018095699999,188.6581466386449,570.6282461897532,638.4736427643311,678.8286359864559,21.85,300721.085742,3600000.0,3599999.999,busy__s05__no_early_exit,no_early_exit,ablation,,,True,
secure,busy,5,3600.0,c0b6223108527154,True,synthetic_distribution,False,disable_rate_limit,1594,1594,1264,0,107611.921,0.029892200277777777,530,8.833333333333334,530,8.833333333333334,474,431,575,416,318,0.7644230769230769,0.23557692307692313,0.34098101265822783,318,641.9894496855484,258.7564999999013,860.9390962803357,2113.128800000064,2513.7612999999883,3599.473710000037,125.68800000008196,4681.353000000119,530,204.75956792453883,169.73800000012852,56.91683446616178,275.5848999999866,282.84070000012287,296.4231699998817,119.51300000000629,304.1189999999988,530,205.75956792453883,170.73800000012852,56.91683446616178,276.5848999999866,283.84070000012287,297.4231699998817,120.51300000000629,305.1189999999988,0,1162.0,73.0,102.0,257.0,0.9408906882591093,0.9193037974683544,0.9299719887955182,0.22121212121212122,0.08069620253164557,0.92,0.0,431,45,53,0.9054621848739496,0.890495867768595,0.8979166666666666,0.9092827004219409,0.8263444214876032,0.11155766443725723,0.15488043478260868,0.530188679245283,0.469811320754717,,,not_computed_no_bbox_data,2,0,2.0,0,0,0,0.0,0,0,0,575,45,530,45,,,0,0.0782608695652174,0.08506616257088846,0.0782608695652174,0.0,,,0.4,0,1,32,12,0,0,633.0,530,0.6625883018867925,0.6339,0.12435649032958455,0.84116,0.9031399999999999,0.9894010000000001,0.5,1.0754,530,0.0,0.0,0.0,0.0,0.0,0.0,0.0,0.0,530,0,0,0,0,0.0,0.0,3597824.828,215869.4897,1594.0,143.46,230.0,21.85,351.172,29.849592,3492388.072,27939.10458,1590.0,238.5,74509.462,31293.974097,27358.965,11490.765475,4153.5,1246.05,0.0,0.0,216064.64929200002,72208.39415200001,288273.043444,4804.550724066667,180.84883528481808,543.9114027245283,608.1709777299578,668.8469685475638,21.85,288273.043443,3600000.0,3599999.999,busy__s05__no_rate_limit,no_rate_limit,ablation,,,True,
secure,busy,5,3600.0,c0b6223108527154,True,synthetic_distribution,False,disable_replay_protection,1594,1594,1264,0,111972.10500000001,0.031103362500000002,554,9.233333333333333,554,9.233333333333333,498,452,575,416,325,0.78125,0.21875,0.3575949367088608,325,677.5844861538619,259.59299999987707,903.921355492055,2129.2709999999965,2496.5056000000104,3614.1834000000154,125.68800000008196,5958.359999999986,554,203.82950902528222,168.31950000021607,56.69629435040305,275.37379999998956,282.31195000037553,296.3206899999594,119.51300000000629,304.1189999999988,554,204.82950902528222,169.31950000021607,56.69629435040305,276.37379999998956,283.31195000037553,297.3206899999594,120.51300000000629,305.1189999999988,0,1162.0,73.0,102.0,257.0,0.9408906882591093,0.9193037974683544,0.9299719887955182,0.22121212121212122,0.08069620253164557,0.92,0.0,452,48,56,0.904,0.889763779527559,0.8968253968253967,0.9076305220883534,0.8282470472440945,0.11087663049748166,0.15488043478260868,0.5379061371841155,0.4620938628158845,,,not_computed_no_bbox_data,2,0,2.0,0,0,0,0.0,0,0,0,575,21,554,21,,,0,0.036521739130434785,0.03969754253308128,0.036521739130434785,0.0,,,0.4,9,0,0,12,0,0,633.0,554,0.6585927797833936,0.6292,0.12214437512442934,0.83906,0.8971850000000001,0.9790380000000004,0.5,1.0754,554,0.0,0.0,0.0,0.0,0.0,0.0,0.0,0.0,554,0,0,0,0,0.0,0.0,3597811.14,215868.668383,1594.0,143.46,230.0,21.85,364.86,31.013124,3488027.887,27904.223099,1662.0,249.3,77857.039,32699.956261,28107.574,11805.181048,4345.5,1303.65,0.0,0.0,216064.991507,73962.31040799999,290027.301915,4833.78836525,181.94937384880805,523.5149854061373,582.3841403915663,641.6533228207965,21.85,290027.301915,3600000.0,3600000.0,busy__s05__no_replay_protection,no_replay_protection,ablation,,,True,
secure,busy,5,3600.0,c0b6223108527154,True,synthetic_distribution,False,disable_security,1594,1594,1264,0,116126.50700000001,0.03225736305555556,575,9.583333333333334,575,9.583333333333334,519,472,575,416,333,0.8004807692307693,0.19951923076923073,0.37341772151898733,333,675.2903513513585,259.2850000000035,868.0636947334949,2129.6149999999443,2482.5599999999617,3425.8979599999184,125.28800000017509,5085.827000000048,575,203.27479304347654,168.42800000001444,56.4969723543014,273.9951999998652,281.4782999999821,295.831019999776,119.11300000001211,303.7190000000046,575,204.27479304347654,169.42800000001444,56.4969723543014,274.9951999998652,282.4782999999821,296.831019999776,120.11300000001211,304.7190000000046,0,1162.0,73.0,102.0,257.0,0.9408906882591093,0.9193037974683544,0.9299719887955182,0.22121212121212122,0.08069620253164557,0.92,0.0,472,49,57,0.9059500959692899,0.8922495274102079,0.8990476190476192,0.9094412331406551,0.8299852551984878,0.10953318150387528,0.15488043478260868,0.5391304347826087,0.4608695652173913,,,not_computed_no_bbox_data,2,0,2.0,0,0,0,0.0,0,0,0,0,0,0,0,,,0,,,,,,,0.0,0,0,0,0,0,0,633.0,575,0.6608805217391305,0.632,0.12467490325430165,0.84368,0.9043099999999998,0.9880059999999999,0.5,1.0754,575,0.0,0.0,0.0,0.0,0.0,0.0,0.0,0.0,575,0,0,0,0,0.0,0.0,3598025.994,215881.559629,1594.0,143.46,0.0,0.0,380.006,32.300525,3483873.486,27870.987885,1725.0,258.75,80784.621,33929.540877,29101.893,12222.795176,4515.0,1354.5,0.0,0.0,216057.320154,75636.573938,291693.894092,4861.564901533333,182.9949147377666,507.29372885565215,562.0306244547205,617.9955383305085,0.0,291693.894092,3600000.0,3600000.0,busy__s05__no_security,no_security,ablation,,,True,
always_on,busy,6,3600.0,a00dc684e6f1cbd5,True,synthetic_distribution,False,,1370,1370,1099,0,3600000.0,1.0,1,0.016666666666666666,1364,22.733333333333334,1076,977,0,371,364,0.9811320754716981,0.018867924528301883,0.8889899909008189,364,401.6286181318741,316.7520000000708,321.2510123748548,574.5119000001343,1207.9138500000195,1774.8676799998725,145.6370000001043,1812.473000000231,0,,,,,,,,,1364,319.19146700880316,312.4790000000503,100.08733807107066,449.99289999993056,491.3087500000256,595.2234199999724,135.66700000001583,739.6510000000708,0,,,,,,,,,,,,977,104,121,0.9037927844588344,0.8897996357012751,0.8967416245984396,0.9079925650557621,0.8375243169398906,0.11074471453066832,0.1695609022556391,0.5498533724340176,0.4501466275659824,,,not_computed_no_bbox_data,5,0,5.0,16773,193,0,,0,0,0,0,0,0,0,,,0,,,,,,,0.0,0,0,0,0,0,0,,0,,,,,,,,,0,,,,,,,,,0,0,0,0,0,3600000.0,18000.0,0.0,0.0,0.0,0.0,0.0,0.0,0.0,0.0,0.0,0.0,0.0,0.0,2548021.694,1070169.111314,940471.306,394997.948686,111507.0,33452.1,0.0,0.0,18000.0,1498619.1600000001,1516619.1600000001,25276.986,1107.021284671533,,1409.4973605947957,1552.3225793244628,0.0,1516619.16,3600000.0,3600000.0,busy__s06__always_on,always_on,ablation,,,True,
secure,busy,6,3600.0,a00dc684e6f1cbd5,True,synthetic_distribution,False,,1370,1370,1099,0,90310.378,0.02508621611111111,461,7.683333333333334,461,7.683333333333334,414,374,511,371,273,0.7358490566037735,0.26415094339622647,0.3403093721565059,273,613.7820402930435,251.03700000001118,895.1506744357355,1892.142999999787,2414.221999999927,4196.037080000071,129.127000000095,4680.487999999954,461,197.62748373102008,165.91200000001118,55.007308876761044,271.69799999985844,278.31999999983236,291.926999999769,122.28300000005402,304.3979999999283,461,198.62748373102008,166.91200000001118,55.007308876761044,272.69799999985844,279.31999999983236,292.926999999769,123.28300000005402,305.3979999999283,0,1029.0,63.0,70.0,208.0,0.9423076923076923,0.9363057324840764,0.939297124600639,0.23247232472324722,0.06369426751592357,0.9256360078277887,0.0,374,41,49,0.9012048192771084,0.8841607565011821,0.8926014319809069,0.9033816425120773,0.8387189125295508,0.11292256026929229,0.15885263157894738,0.596529284164859,0.403470715835141,,,not_computed_no_bbox_data,1,0,1.0,0,0,0,0.0,0,0,0,511,50,461,50,,,0,0.09784735812133072,0.10570824524312897,0.09784735812133072,0.0,,,0.4,0,2,36,12,0,0,556.0,461,0.6569915401301519,0.6322,0.12417719157130219,0.8106,0.9015,1.01246,0.5007,1.1958,461,0.0,0.0,0.0,0.0,0.0,0.0,0.0,0.0,461,0,0,0,0,0.0,0.0,3598122.727,215887.363612,1370.0,123.3,204.4,19.418,302.873,25.744216,3509689.622,28077.516973,1383.0,207.45,64815.622,27222.561435,20463.756,8594.777461,3648.0,1094.4,0.0,0.0,216055.82582799997,65196.705869,281252.531697,4687.5421949500005,205.29381875693431,610.0922596464209,679.3539412971015,752.0121168368985,19.418,281252.531698,3600000.0,3600000.0,busy__s06__full_secure,full_secure,ablation,,,True,
secure,busy,6,3600.0,a00dc684e6f1cbd5,True,synthetic_distribution,False,disable_adaptive_trigger,1370,1370,1099,0,92002.576,0.025556271111111112,468,7.8,468,7.8,415,375,519,371,274,0.738544474393531,0.261455525606469,0.34121929026387626,274,611.5793430656962,248.97849999999744,894.0935918108103,1865.6909999997865,2413.867499999929,4195.9627200000705,129.127000000095,4680.487999999954,468,198.3124871794873,167.06949999989592,55.03368642057908,271.57829999995886,277.73610000004993,289.17385999990154,122.28300000005402,304.3979999999283,468,199.3124871794873,168.06949999989592,55.03368642057908,272.57829999995886,278.73610000004993,290.17385999990154,123.28300000005402,305.3979999999283,0,1039.0,71.0,60.0,200.0,0.936036036036036,0.9454049135577798,0.9406971480307832,0.26199261992619927,0.0545950864422202,0.9171483622350675,0.0,375,41,50,0.9014423076923077,0.8823529411764706,0.89179548156956,0.9036144578313253,0.837588705882353,0.11490788523475312,0.18006744186046514,0.5897435897435898,0.41025641025641024,,,not_computed_no_bbox_data,1,0,1.0,0,0,0,0.0,0,0,0,519,51,468,51,,,0,0.09826589595375723,0.10714285714285714,0.09826589595375723,0.0,,,0.4,0,2,35,14,0,0,563.0,468,0.656808547008547,0.6335500000000001,0.12432677538980282,0.81025,0.90143,1.011977,0.5007,1.1958,468,0.0,0.0,0.0,0.0,0.0,0.0,0.0,0.0,468,0,0,0,0,0.0,0.0,3598115.014,215886.900813,1370.0,123.3,207.6,19.722,307.386,26.127849,3507997.422,28063.979379,1404.0,210.6,65793.92,27633.44645,21110.158,8866.26616,3694.5,1108.35,0.0,0.0,216056.050662,65882.641989,281938.692651,4698.978210849999,205.79466616861313,602.4331039551282,679.3703437373493,751.836513736,19.722,281938.69265,3600000.0,3599999.9999999995,busy__s06__no_adaptive_trigger,no_adaptive_trigger,ablation,,,True,
secure,busy,6,3600.0,a00dc684e6f1cbd5,True,synthetic_distribution,False,disable_burst_detection,1370,1370,1099,0,92713.57800000001,0.025753771666666668,472,7.866666666666666,472,7.866666666666666,425,385,511,371,280,0.7547169811320755,0.24528301886792447,0.3503184713375796,280,625.5589821428564,251.53049999987707,899.6975214180803,1947.5629999998257,2418.8774999999123,4195.516560000072,129.127000000095,4680.487999999954,472,198.15310381355786,166.65649999995367,55.017207497465414,271.6808999998728,278.3807499999413,291.78564999975265,122.28300000005402,304.3979999999283,472,199.15310381355786,167.65649999995367,55.017207497465414,272.6808999998728,279.3807499999413,292.78564999975265,123.28300000005402,305.3979999999283,0,1029.0,63.0,70.0,208.0,0.9423076923076923,0.9363057324840764,0.939297124600639,0.23247232472324722,0.06369426751592357,0.9256360078277887,0.0,385,41,49,0.903755868544601,0.8870967741935484,0.8953488372093024,0.9058823529411765,0.8382334101382488,0.11351805693677001,0.15885263157894738,0.5932203389830508,0.4067796610169492,,,not_computed_no_bbox_data,1,0,1.0,0,0,0,0.0,0,0,0,511,39,472,39,,,0,0.07632093933463796,0.0824524312896406,0.07632093933463796,0.0,,,0.4,1,2,36,0,0,0,556.0,472,0.65645,0.63085,0.12359199638781333,0.81055,0.90139,1.0117010000000002,0.5007,1.1958,472,0.0,0.0,0.0,0.0,0.0,0.0,0.0,0.0,472,0,0,0,0,0.0,0.0,3598115.756,215886.945334,1370.0,123.3,204.4,19.418,309.844,26.336777,3507286.421,28058.291368,1416.0,212.4,66440.329,27904.93838,21117.749,8869.454789,3739.5,1121.85,0.0,0.0,216056.00011099997,66166.93453700001,282222.93464799994,4703.715577466665,206.00214207883207,597.9299462881355,664.0539638776469,733.0465835012985,19.418,282222.934649,3600000.0,3599999.999,busy__s06__no_burst_detection,no_burst_detection,ablation,,,True,
secure,busy,6,3600.0,a00dc684e6f1cbd5,True,synthetic_distribution,False,disable_consistency_check,1370,1370,1099,0,90310.378,0.02508621611111111,461,7.683333333333334,461,7.683333333333334,414,374,511,371,273,0.7358490566037735,0.26415094339622647,0.3403093721565059,273,613.7820402930435,251.03700000001118,895.1506744357355,1892.142999999787,2414.221999999927,4196.037080000071,129.127000000095,4680.487999999954,461,197.62748373102008,165.91200000001118,55.007308876761044,271.69799999985844,278.31999999983236,291.926999999769,122.28300000005402,304.3979999999283,461,198.62748373102008,166.91200000001118,55.007308876761044,272.69799999985844,279.31999999983236,292.926999999769,123.28300000005402,305.3979999999283,0,1029.0,63.0,70.0,208.0,0.9423076923076923,0.9363057324840764,0.939297124600639,0.23247232472324722,0.06369426751592357,0.9256360078277887,0.0,374,41,49,0.9012048192771084,0.8841607565011821,0.8926014319809069,0.9033816425120773,0.8387189125295508,0.11292256026929229,0.15885263157894738,0.596529284164859,0.403470715835141,,,not_computed_no_bbox_data,1,0,1.0,0,0,0,0.0,0,0,0,511,50,461,50,,,0,0.09784735812133072,0.10570824524312897,0.09784735812133072,0.0,,,0.4,0,2,36,12,0,0,556.0,461,0.6569915401301519,0.6322,0.12417719157130219,0.8106,0.9015,1.01246,0.5007,1.1958,461,0.0,0.0,0.0,0.0,0.0,0.0,0.0,0.0,461,0,0,0,0,0.0,0.0,3598122.727,215887.363612,1370.0,123.3,204.4,19.418,302.873,25.744216,3509689.622,28077.516973,1383.0,207.45,64815.622,27222.561435,20463.756,8594.777461,3648.0,1094.4,0.0,0.0,216055.82582799997,65196.705869,281252.531697,4687.5421949500005,205.29381875693431,610.0922596464209,679.3539412971015,752.0121168368985,19.418,281252.531698,3600000.0,3600000.0,busy__s06__no_consistency_check,no_consistency_check,ablation,,,True,
secure,busy,6,3600.0,a00dc684e6f1cbd5,True,synthetic_distribution,False,disable_cooldown,1370,1370,1099,0,141768.06300000002,0.03938001750000001,678,11.3,714,11.9,645,585,1092,371,284,0.7654986522911051,0.23450134770889486,0.532302092811647,284,432.47284507041917,238.55449999996927,670.0855766987952,1225.6878999999876,1614.7240000001034,2908.785470000071,128.29599999985658,6025.239999999991,714,206.51411904761954,170.51249999996799,64.4221733919997,277.1568999997632,288.27854999999767,407.977840000079,126.8530000000028,517.5410000002012,714,207.51439355742346,171.51249999996799,64.4230459353552,278.1568999997632,289.27854999999767,408.977840000079,127.8530000000028,518.5410000002012,0,1029.0,63.0,70.0,208.0,0.9423076923076923,0.9363057324840764,0.939297124600639,0.23247232472324722,0.06369426751592357,0.9423076923076923,0.0,585,63,74,0.9027777777777778,0.8877086494688923,0.8951798010711552,0.9069767441860465,0.8385845220030348,0.11105307229631471,0.18095636363636367,0.5784313725490197,0.4215686274509804,,,not_computed_no_bbox_data,3,0,3.0,0,0,0,0.0,0,0,0,1092,378,714,370,,,0,0.34615384615384615,0.3595724003887269,0.34615384615384615,0.0,,,0.4,206,3,112,57,0,0,0.0,714,0.6611642857142858,0.6403,0.12464210801395446,0.8385500000000004,0.9037050000000001,1.0225160000000002,0.5001,1.1737,714,6.234578431372548,0.0,31.584571734641905,0.0,0.8680000000000564,193.80401000000006,0.0,294.131,714,0,0,0,0,0.0,0.0,3597721.13,215863.267785,1370.0,123.3,436.8,41.496,472.07,40.125972,3458231.945,27665.855563,2034.0,305.1,100846.226,42355.414782,33244.829,13962.828179,5643.0,1692.9,0.0,0.0,216068.18975700001,85982.098524,302050.28828100004,5034.1714713500005,220.47466297883216,423.0396194411765,468.29502059069773,516.3252791128206,41.496,302050.28828,3599999.9999999995,3599999.9999999995,busy__s06__no_cooldown,no_cooldown,ablation,,,True,
secure,busy,6,3600.0,a00dc684e6f1cbd5,True,synthetic_distribution,False,disable_early_exit,1370,1370,1099,0,120781.649,0.03355045805555556,461,7.683333333333334,461,7.683333333333334,414,383,511,371,279,0.7520215633423181,0.24797843665768193,0.34849863512283896,279,648.987724014339,269.1140000000014,852.8059925152246,1721.971399999992,2412.897999999945,4154.506980000089,230.03599999984726,4790.48199999996,461,263.72563774403017,263.04899999988265,14.340969330865025,282.469000000041,288.3209999999963,299.5285999998916,224.17299999995157,309.2299999999814,461,264.72563774403017,264.04899999988265,14.340969330865025,283.469000000041,289.3209999999963,300.5285999998916,225.17299999995157,310.2299999999814,0,1029.0,63.0,70.0,208.0,0.9423076923076923,0.9363057324840764,0.939297124600639,0.23247232472324722,0.06369426751592357,0.9256360078277887,0.0,383,32,40,0.9228915662650602,0.9054373522458629,0.9140811455847255,0.9251207729468599,0.8629468085106382,0.1251359040652832,0.14530789473684214,0.0,1.0,,,not_computed_no_bbox_data,1,0,1.0,0,0,0,0.0,0,0,0,511,50,461,50,,,0,0.09784735812133072,0.10570824524312897,0.09784735812133072,0.0,,,0.4,0,2,36,12,0,0,556.0,461,0.6569915401301519,0.6322,0.12417719157130219,0.8106,0.9015,1.01246,0.5007,1.1958,461,0.0,0.0,0.0,0.0,0.0,0.0,0.0,0.0,461,0,0,0,0,0.0,0.0,3598122.727,215887.363612,1370.0,123.3,204.4,19.418,302.873,25.744216,3479218.357,27833.746859,1383.0,207.45,64815.622,27222.561435,50923.02,21387.668472,3660.0,1098.0,0.0,0.0,216055.82582799997,77749.426766,293805.25259399996,4896.754209899999,214.4563887547445,637.3215891409977,709.6745231739129,767.1155420208876,19.418,293805.252595,3600000.0,3599999.999,busy__s06__no_early_exit,no_early_exit,ablation,,,True,
secure,busy,6,3600.0,a00dc684e6f1cbd5,True,synthetic_distribution,False,disable_rate_limit,1370,1370,1099,0,90310.378,0.02508621611111111,461,7.683333333333334,461,7.683333333333334,414,374,511,371,273,0.7358490566037735,0.26415094339622647,0.3403093721565059,273,613.7820402930435,251.03700000001118,895.1506744357355,1892.142999999787,2414.221999999927,4196.037080000071,129.127000000095,4680.487999999954,461,197.62748373102008,165.91200000001118,55.007308876761044,271.69799999985844,278.31999999983236,291.926999999769,122.28300000005402,304.3979999999283,461,198.62748373102008,166.91200000001118,55.007308876761044,272.69799999985844,279.31999999983236,292.926999999769,123.28300000005402,305.3979999999283,0,1029.0,63.0,70.0,208.0,0.9423076923076923,0.9363057324840764,0.939297124600639,0.23247232472324722,0.06369426751592357,0.9256360078277887,0.0,374,41,49,0.9012048192771084,0.8841607565011821,0.8926014319809069,0.9033816425120773,0.8387189125295508,0.11292256026929229,0.15885263157894738,0.596529284164859,0.403470715835141,,,not_computed_no_bbox_data,1,0,1.0,0,0,0,0.0,0,0,0,511,50,461,50,,,0,0.09784735812133072,0.10570824524312897,0.09784735812133072,0.0,,,0.4,0,2,36,12,0,0,556.0,461,0.6569915401301519,0.6322,0.12417719157130219,0.8106,0.9015,1.01246,0.5007,1.1958,461,0.0,0.0,0.0,0.0,0.0,0.0,0.0,0.0,461,0,0,0,0,0.0,0.0,3598122.727,215887.363612,1370.0,123.3,204.4,19.418,302.873,25.744216,3509689.622,28077.516973,1383.0,207.45,64815.622,27222.561435,20463.756,8594.777461,3648.0,1094.4,0.0,0.0,216055.82582799997,65196.705869,281252.531697,4687.5421949500005,205.29381875693431,610.0922596464209,679.3539412971015,752.0121168368985,19.418,281252.531698,3600000.0,3600000.0,busy__s06__no_rate_limit,no_rate_limit,ablation,,,True,
secure,busy,6,3600.0,a00dc684e6f1cbd5,True,synthetic_distribution,False,disable_replay_protection,1370,1370,1099,0,97052.85500000001,0.026959126388888893,495,8.25,495,8.25,447,404,511,371,280,0.7547169811320755,0.24528301886792447,0.36760691537761603,280,629.3423678571471,252.208000000217,869.9490598389508,1971.0991000001552,2418.8774999999123,4122.667770000101,129.127000000095,4680.487999999954,495,197.79201616161637,166.50799999991432,54.818807856514944,271.38900000005964,277.6962000000291,291.4900999997184,122.28300000005402,304.3979999999283,495,198.79201616161637,167.50799999991432,54.818807856514944,272.38900000005964,278.6962000000291,292.4900999997184,123.28300000005402,305.3979999999283,0,1029.0,63.0,70.0,208.0,0.9423076923076923,0.9363057324840764,0.939297124600639,0.23247232472324722,0.06369426751592357,0.9256360078277887,0.0,404,44,53,0.9017857142857143,0.8840262582056893,0.8928176795580111,0.9038031319910514,0.8379343544857769,0.11260961784898021,0.15885263157894738,0.5959595959595959,0.40404040404040403,,,not_computed_no_bbox_data,1,0,1.0,0,0,0,0.0,0,0,0,511,16,495,16,,,0,0.03131115459882583,0.03382663847780127,0.03131115459882583,0.0,,,0.4,1,0,0,15,0,0,556.0,495,0.6579450505050505,0.6349,0.12597133859942045,0.8147800000000001,0.9033899999999997,1.01789,0.5007,1.1958,495,0.0,0.0,0.0,0.0,0.0,0.0,0.0,0.0,495,0,0,0,0,0.0,0.0,3598099.917,215885.995029,1370.0,123.3,204.4,19.418,325.683,27.683042,3502947.143,28023.577142,1485.0,222.75,69628.052,29243.781914,22024.805,9250.418143,3915.0,1174.5,0.0,0.0,216056.396071,67915.027199,283971.42326999997,4732.857054499999,207.2784111459854,573.6796429696969,635.2828261073824,702.8995625495048,19.418,283971.423271,3600000.0,3600000.0000000005,busy__s06__no_replay_protection,no_replay_protection,ablation,,,True,
secure,busy,6,3600.0,a00dc684e6f1cbd5,True,synthetic_distribution,False,disable_security,1370,1370,1099,0,100415.305,0.027893140277777777,511,8.516666666666667,511,8.516666666666667,463,419,511,371,290,0.7816711590296496,0.21832884097035044,0.3812556869881711,290,640.9999620689811,252.90749999997206,871.3149919515007,1970.699100000039,2422.492500000016,4113.244069999968,128.7269999999553,4680.087999999989,511,197.8316908023571,166.97099999996135,54.87656288301597,271.11699999985285,277.3189999999013,291.00149999982676,121.88299999991432,303.997999999905,511,198.8316908023571,167.97099999996135,54.87656288301597,272.11699999985285,278.3189999999013,292.00149999982676,122.88299999991432,304.997999999905,0,1029.0,63.0,70.0,208.0,0.9423076923076923,0.9363057324840764,0.939297124600639,0.23247232472324722,0.06369426751592357,0.9256360078277887,0.0,419,45,54,0.9030172413793104,0.8858350951374208,0.8943436499466382,0.9049676025917927,0.8378807610993658,0.11263128549519826,0.15885263157894738,0.5929549902152642,0.4070450097847358,,,not_computed_no_bbox_data,1,0,1.0,0,0,0,0.0,0,0,0,0,0,0,0,,,0,,,,,,,0.0,0,0,0,0,0,0,556.0,511,0.6567559686888454,0.6306,0.12499560007389984,0.8143,0.9014,1.0159099999999999,0.5007,1.1958,511,0.0,0.0,0.0,0.0,0.0,0.0,0.0,0.0,511,0,0,0,0,0.0,0.0,3598294.398,215897.663858,1370.0,123.3,0.0,0.0,335.602,28.526201,3499584.692,27996.677538,1533.0,229.95,71922.903,30207.619176,22912.405,9623.210064,4047.0,1214.1,0.0,0.0,216049.490059,69271.55677800001,285321.04683699994,4755.350780616665,208.26353783722624,558.3582129882582,616.244161634989,680.9571523556084,0.0,285321.046837,3600000.0,3599999.9999999995,busy__s06__no_security,no_security,ablation,,,True,
always_on,busy,7,3600.0,7a1ea9cf512cb6d5,True,synthetic_distribution,False,,1443,1443,1174,0,3600000.0,1.0,1,0.016666666666666666,1438,23.966666666666665,1146,1041,0,387,378,0.9767441860465116,0.023255813953488413,0.8867120954003407,378,406.7626746031758,327.6910000000498,315.8437156301666,564.4474999999861,1189.9690999999455,1694.9622299998614,123.41699999989942,2428.8249999999534,0,,,,,,,,,1438,334.67563143254705,322.1229999999741,122.31299839068411,478.53569999989116,529.4317000000591,766.9693699999825,123.41699999989942,1128.5609999999997,0,,,,,,,,,,,,1041,109,131,0.9052173913043479,0.8882252559726962,0.896640826873385,0.9083769633507853,0.8367075938566553,0.1108866510390825,0.15840676691729322,0.5528511821974965,0.4471488178025035,,,not_computed_no_bbox_data,4,0,4.0,16689,218,0,,0,0,0,0,0,0,0,,,0,,,,,,,0.0,0,0,0,0,0,0,,0,,,,,,,,,0,,,,,,,,,0,0,0,0,0,3600000.0,18000.0,0.0,0.0,0.0,0.0,0.0,0.0,0.0,0.0,0.0,0.0,0.0,0.0,2548902.914,1070539.223959,939455.086,394571.136041,111642.0,33492.6,0.0,0.0,18000.0,1498602.9600000002,1516602.9600000002,25276.716000000004,1051.0069022869025,,1323.388272251309,1456.8712391930837,0.0,1516602.96,3600000.0,3600000.0,busy__s07__always_on,always_on,ablation,,,True,
secure,busy,7,3600.0,7a1ea9cf512cb6d5,True,synthetic_distribution,False,,1443,1443,1174,0,88421.94199999998,0.02456165055555555,452,7.533333333333333,452,7.533333333333333,411,373,500,387,262,0.6770025839793282,0.3229974160206718,0.31771720613287907,262,570.0087366412209,243.99400000003516,826.692432393575,1676.152700000012,2411.9147500001345,3788.350710000029,127.17500000004657,4265.752999999997,452,197.34316150442632,163.91400000001886,56.130534207661555,275.4600999999326,281.0607000000891,293.1928100000997,117.78699999999662,315.8379999999888,452,198.34316150442632,164.91400000001886,56.130534207661555,276.4600999999326,282.0607000000891,294.1928100000997,118.78699999999662,316.8379999999888,0,1081.0,61.0,93.0,208.0,0.946584938704028,0.9207836456558773,0.9335060449050088,0.22676579925650558,0.07921635434412266,0.926,0.0,373,39,44,0.9053398058252428,0.894484412470024,0.8998793727382387,0.9075425790754258,0.8467340527577939,0.10055542980178749,0.16704571428571427,0.6061946902654868,0.3938053097345133,,,not_computed_no_bbox_data,1,0,1.0,0,0,0,0.0,0,0,0,500,48,452,46,,,0,0.096,0.09935205183585313,0.096,0.0,,,0.4,4,1,24,19,0,0,618.0,452,0.65956592920354,0.63275,0.12276565705763645,0.834,0.89169,0.9931340000000001,0.5003,1.2359,452,0.0,0.0,0.0,0.0,0.0,0.0,0.0,0.0,452,0,0,0,0,0.0,0.0,3598058.877,215883.532594,1443.0,129.87,200.0,19.0,298.123,25.340492,3511578.06,28092.624478,1356.0,203.4,63824.676,26806.363873,19662.264,8258.151025,3579.0,1073.7,0.0,0.0,216057.74308599997,64434.239376,280491.98246200004,4674.8663743666675,194.38113822730426,620.5574833230089,682.4622444330902,751.9892291206436,19.0,280491.982462,3600000.0,3600000.0,busy__s07__full_secure,full_secure,ablation,,,True,
secure,busy,7,3600.0,7a1ea9cf512cb6d5,True,synthetic_distribution,False,disable_adaptive_trigger,1443,1443,1174,0,89240.738,0.024789093888888888,454,7.566666666666666,454,7.566666666666666,412,377,504,387,263,0.6795865633074936,0.32041343669250644,0.32112436115843274,263,567.1699163498099,244.4649999999674,817.8160343348313,1660.2465999999085,2401.532200000013,3785.772820000033,127.17500000004657,4265.752999999997,454,198.28328193832886,164.7215000000142,56.048982884985904,274.84580000001006,280.42115000019544,293.18943000009983,123.85099999979138,315.8379999999888,454,199.28328193832886,165.7215000000142,56.048982884985904,275.84580000001006,281.42115000019544,294.18943000009983,124.85099999979138,316.8379999999888,0,1094.0,65.0,80.0,204.0,0.9439171699741156,0.9318568994889267,0.9378482640377196,0.241635687732342,0.06814310051107325,0.9246031746031746,0.0,377,36,41,0.9128329297820823,0.9019138755980861,0.9073405535499399,0.9150485436893204,0.8457574162679425,0.10072480758647445,0.16427499999999998,0.5969162995594713,0.40308370044052866,,,not_computed_no_bbox_data,1,0,1.0,0,0,0,0.0,0,0,0,504,50,454,48,,,0,0.0992063492063492,0.10300429184549356,0.0992063492063492,0.0,,,0.4,4,1,24,21,0,0,628.0,454,0.6594112334801763,0.62975,0.12348342063428434,0.83501,0.89167,0.9930019999999998,0.5003,1.2359,454,0.0,0.0,0.0,0.0,0.0,0.0,0.0,0.0,454,0,0,0,0,0.0,0.0,3598056.028,215883.361665,1443.0,129.87,201.6,19.152,299.372,25.446642,3510759.263,28086.074108,1362.0,204.3,64109.435,26925.962718,20172.301,8472.366629,3597.0,1079.1,0.0,0.0,216057.830307,64767.803454999994,280825.63376199995,4680.427229366666,194.6123588094248,618.5586646740087,681.6156159271843,744.8955802705569,19.152,280825.633761,3600000.0,3599999.999,busy__s07__no_adaptive_trigger,no_adaptive_trigger,ablation,,,True,
secure,busy,7,3600.0,7a1ea9cf512cb6d5,True,synthetic_distribution,False,disable_burst_detection,1443,1443,1174,0,90944.48999999999,0.025262358333333332,467,7.783333333333333,467,7.783333333333333,424,384,500,387,270,0.6976744186046512,0.3023255813953488,0.3270868824531516,270,624.7725592592594,244.37900000001537,916.2383768809668,2157.022300000046,2684.414749999984,3952.520580000018,127.17500000004657,4265.752999999997,467,196.46343040685394,163.3200000000652,56.07999493505205,275.60339999999854,280.59930000014134,293.16746000010056,117.78699999999662,315.8379999999888,467,197.46343040685394,164.3200000000652,56.07999493505205,276.60339999999854,281.59930000014134,294.16746000010056,118.78699999999662,316.8379999999888,0,1081.0,61.0,93.0,208.0,0.946584938704028,0.9207836456558773,0.9335060449050088,0.22676579925650558,0.07921635434412266,0.926,0.0,384,41,46,0.9035294117647059,0.8930232558139535,0.8982456140350877,0.9056603773584906,0.8479427906976744,0.09999662409978995,0.17344054054054053,0.6124197002141327,0.3875802997858672,,,not_computed_no_bbox_data,1,0,1.0,0,0,0,0.0,0,0,0,500,33,467,33,,,0,0.066,0.07127429805615551,0.066,0.0,,,0.4,8,1,24,0,0,0,618.0,467,0.6598310492505355,0.6326,0.12392283404531931,0.83462,0.8969799999999999,0.997044,0.5003,1.2359,467,0.0,0.0,0.0,0.0,0.0,0.0,0.0,0.0,467,0,0,0,0,0.0,0.0,3598048.859,215882.931545,1443.0,129.87,200.0,19.0,308.141,26.191978,3509055.513,28072.444106,1401.0,210.15,65847.23,27655.836497,20000.257,8400.107915,3696.0,1108.8,0.0,0.0,216057.99352299998,65447.338518000004,281505.332041,4691.755534016667,195.0833901878032,602.7951435567452,663.9276699080189,733.0868021901042,19.0,281505.332042,3600000.0,3600000.0,busy__s07__no_burst_detection,no_burst_detection,ablation,,,True,
secure,busy,7,3600.0,7a1ea9cf512cb6d5,True,synthetic_distribution,False,disable_consistency_check,1443,1443,1174,0,88421.94199999998,0.02456165055555555,452,7.533333333333333,452,7.533333333333333,411,373,500,387,262,0.6770025839793282,0.3229974160206718,0.31771720613287907,262,570.0087366412209,243.99400000003516,826.692432393575,1676.152700000012,2411.9147500001345,3788.350710000029,127.17500000004657,4265.752999999997,452,197.34316150442632,163.91400000001886,56.130534207661555,275.4600999999326,281.0607000000891,293.1928100000997,117.78699999999662,315.8379999999888,452,198.34316150442632,164.91400000001886,56.130534207661555,276.4600999999326,282.0607000000891,294.1928100000997,118.78699999999662,316.8379999999888,0,1081.0,61.0,93.0,208.0,0.946584938704028,0.9207836456558773,0.9335060449050088,0.22676579925650558,0.07921635434412266,0.926,0.0,373,39,44,0.9053398058252428,0.894484412470024,0.8998793727382387,0.9075425790754258,0.8467340527577939,0.10055542980178749,0.16704571428571427,0.6061946902654868,0.3938053097345133,,,not_computed_no_bbox_data,1,0,1.0,0,0,0,0.0,0,0,0,500,48,452,46,,,0,0.096,0.09935205183585313,0.096,0.0,,,0.4,4,1,24,19,0,0,618.0,452,0.65956592920354,0.63275,0.12276565705763645,0.834,0.89169,0.9931340000000001,0.5003,1.2359,452,0.0,0.0,0.0,0.0,0.0,0.0,0.0,0.0,452,0,0,0,0,0.0,0.0,3598058.877,215883.532594,1443.0,129.87,200.0,19.0,298.123,25.340492,3511578.06,28092.624478,1356.0,203.4,63824.676,26806.363873,19662.264,8258.151025,3579.0,1073.7,0.0,0.0,216057.74308599997,64434.239376,280491.98246200004,4674.8663743666675,194.38113822730426,620.5574833230089,682.4622444330902,751.9892291206436,19.0,280491.982462,3600000.0,3600000.0,busy__s07__no_consistency_check,no_consistency_check,ablation,,,True,
secure,busy,7,3600.0,7a1ea9cf512cb6d5,True,synthetic_distribution,False,disable_cooldown,1443,1443,1174,0,134472.99000000002,0.03735360833333334,642,10.7,683,11.383333333333333,626,567,1142,387,281,0.7260981912144703,0.2739018087855297,0.4829642248722317,281,438.83274021352617,244.12900000019,603.7769040385452,1225.1459999999497,1746.124000000069,2591.7702000001814,127.17500000004657,5085.268999999971,683,205.55804245973823,168.11000000010245,64.765397611985,278.91919999998066,290.7480999999796,401.7628999997569,117.78699999999662,522.2050000000745,683,206.56064714495048,169.11000000010245,64.76918310834309,279.91919999998066,291.7480999999796,402.7628999997569,118.78699999999662,523.2050000000745,0,1081.0,61.0,93.0,208.0,0.946584938704028,0.9207836456558773,0.9335060449050088,0.22676579925650558,0.07921635434412266,0.946584938704028,0.0,567,61,71,0.9028662420382165,0.8887147335423198,0.8957345971563981,0.9057507987220448,0.8406454545454545,0.10816476168348102,0.17564000000000002,0.5944363103953147,0.4055636896046852,,,not_computed_no_bbox_data,2,0,2.0,0,0,0,0.0,0,0,0,1142,459,683,443,,,0,0.4019264448336252,0.40980573543015725,0.4019264448336252,0.0,,,0.4,262,1,120,76,0,0,0.0,683,0.6601443631039532,0.6315,0.12343968718421867,0.8336400000000002,0.8902199999999999,0.996788,0.5001,1.3377,683,6.950253294289897,0.0,32.521131809694886,0.0,31.318999999999964,184.1466999999998,0.0,280.542,683,0,0,0,0,0.0,0.0,3597649.321,215858.959244,1443.0,129.87,456.8,43.396,450.879,38.324738,3465527.01,27724.216079,1926.0,288.9,96281.357,40438.169971,30840.133,12952.85586,5425.5,1627.65,0.0,0.0,216070.549982,83031.79191,299102.34189200005,4985.039031533334,207.27813020928625,437.924365874085,477.79926819808315,527.5173578342153,43.396,299102.341892,3600000.0,3599999.9999999995,busy__s07__no_cooldown,no_cooldown,ablation,,,True,
secure,busy,7,3600.0,7a1ea9cf512cb6d5,True,synthetic_distribution,False,disable_early_exit,1443,1443,1174,0,118747.055,0.03298529305555555,452,7.533333333333333,452,7.533333333333333,411,389,500,387,275,0.710594315245478,0.289405684754522,0.3313458262350937,275,635.9166072727302,272.21799999987707,815.7901366942094,1699.9412000000475,2472.3442999996714,3982.1088600000353,227.36100000000442,4265.752999999997,452,264.43410840708225,263.7059999998892,14.720837836902438,283.5976999998791,289.15199999995895,297.5095700000832,217.52900000000955,315.8379999999888,452,265.43410840708225,264.7059999998892,14.720837836902438,284.5976999998791,290.15199999995895,298.5095700000832,218.52900000000955,316.8379999999888,0,1081.0,61.0,93.0,208.0,0.946584938704028,0.9207836456558773,0.9335060449050088,0.22676579925650558,0.07921635434412266,0.926,0.0,389,23,28,0.9441747572815534,0.9328537170263789,0.9384800965018095,0.9464720194647201,0.8708568345323742,0.11263640643832855,0.16188857142857144,0.0,1.0,,,not_computed_no_bbox_data,1,0,1.0,0,0,0,0.0,0,0,0,500,48,452,46,,,0,0.096,0.09935205183585313,0.096,0.0,,,0.4,4,1,24,19,0,0,618.0,452,0.65956592920354,0.63275,0.12276565705763645,0.834,0.89169,0.9931340000000001,0.5003,1.2359,452,0.0,0.0,0.0,0.0,0.0,0.0,0.0,0.0,452,0,0,0,0,0.0,0.0,3598058.877,215883.532594,1443.0,129.87,200.0,19.0,298.123,25.340492,3481252.952,27850.023616,1356.0,203.4,63824.676,26806.363873,49984.372,20993.436263,3582.0,1074.6,0.0,0.0,216057.74308599997,76927.823752,292985.56683799997,4883.092780633333,203.03920085793484,648.1981567212389,712.860259946472,753.1762643650385,19.0,292985.566839,3600000.0,3600000.0,busy__s07__no_early_exit,no_early_exit,ablation,,,True,
secure,busy,7,3600.0,7a1ea9cf512cb6d5,True,synthetic_distribution,False,disable_rate_limit,1443,1443,1174,0,89263.541,0.024795428055555555,456,7.6,456,7.6,415,377,500,387,266,0.6873385012919897,0.3126614987080103,0.32112436115843274,266,572.1362556390958,244.37900000001537,823.3093215559002,1663.9874999999884,2409.8657500001063,3778.0391500000433,127.17500000004657,4265.752999999997,456,197.47348684210624,164.2479999999341,56.140364527644124,275.6215000000084,280.92350000009174,293.18605000009995,117.78699999999662,315.8379999999888,456,198.47348684210624,165.2479999999341,56.140364527644124,276.6215000000084,281.92350000009174,294.18605000009995,118.78699999999662,316.8379999999888,0,1081.0,61.0,93.0,208.0,0.946584938704028,0.9207836456558773,0.9335060449050088,0.22676579925650558,0.07921635434412266,0.926,0.0,377,39,44,0.90625,0.8954869358669834,0.9008363201911588,0.908433734939759,0.8460463182897862,0.10067412310913706,0.16704571428571427,0.6052631578947368,0.39473684210526316,,,not_computed_no_bbox_data,1,0,1.0,0,0,0,0.0,0,0,0,500,44,456,42,,,0,0.088,0.09071274298056156,0.088,0.0,,,0.4,0,1,24,19,0,0,618.0,456,0.6597407894736843,0.63275,0.12285775766420474,0.8335999999999999,0.8916499999999999,0.9928699999999999,0.5003,1.2359,456,0.0,0.0,0.0,0.0,0.0,0.0,0.0,0.0,456,0,0,0,0,0.0,0.0,3598056.159,215883.369519,1443.0,129.87,200.0,19.0,300.841,25.571515,3510736.462,28085.891693,1368.0,205.2,64411.649,27052.892441,19874.89,8347.453653,3609.0,1082.7,0.0,0.0,216057.81103399998,64774.137787,280831.948821,4680.53248035,194.61673514968814,615.8595368881579,676.7034911349398,744.9123310901857,19.0,280831.948822,3600000.0,3600000.001,busy__s07__no_rate_limit,no_rate_limit,ablation,,,True,
secure,busy,7,3600.0,7a1ea9cf512cb6d5,True,synthetic_distribution,False,disable_replay_protection,1443,1443,1174,0,92575.822,0.025715506111111112,473,7.883333333333334,473,7.883333333333334,431,391,500,387,268,0.6925064599483204,0.3074935400516796,0.3330494037478705,268,580.1386044776114,247.7750000000451,786.1017229788886,1684.851100000006,2392.922500000079,3622.716320000027,127.17500000004657,4265.752999999997,473,197.44147145877204,163.72300000000007,56.137686139126515,274.8141999997548,281.0264000000898,294.0621600001677,117.78699999999662,315.8379999999888,473,198.44147145877204,164.72300000000007,56.137686139126515,275.8141999997548,282.0264000000898,295.0621600001677,118.78699999999662,316.8379999999888,0,1081.0,61.0,93.0,208.0,0.946584938704028,0.9207836456558773,0.9335060449050088,0.22676579925650558,0.07921635434412266,0.926,0.0,391,41,47,0.9050925925925926,0.8926940639269406,0.8988505747126436,0.9071925754060325,0.8460388127853883,0.10152128160276017,0.16704571428571427,0.6046511627906976,0.3953488372093023,,,not_computed_no_bbox_data,1,0,1.0,0,0,0,0.0,0,0,0,500,27,473,25,,,0,0.054,0.05399568034557235,0.054,0.0,,,0.4,7,0,0,20,0,0,618.0,473,0.6605150105708244,0.6351,0.12186326408879293,0.83514,0.8887199999999998,0.9917479999999999,0.5003,1.2359,473,0.0,0.0,0.0,0.0,0.0,0.0,0.0,0.0,473,0,0,0,0,0.0,0.0,3598044.577,215882.674606,1443.0,129.87,200.0,19.0,312.423,26.555975,3507424.176,28059.393407,1419.0,212.85,66760.983,28039.612749,20644.341,8670.623391,3751.5,1125.45,0.0,0.0,216058.10058099998,66107.92954699999,282166.03012799995,4702.767168799999,195.5412544199584,596.5455182410147,654.677564102088,721.6522509667518,19.0,282166.030127,3600000.0,3600000.0,busy__s07__no_replay_protection,no_replay_protection,ablation,,,True,
secure,busy,7,3600.0,7a1ea9cf512cb6d5,True,synthetic_distribution,False,disable_security,1443,1443,1174,0,97512.227,0.027086729722222223,500,8.333333333333334,500,8.333333333333334,456,413,500,387,286,0.7390180878552972,0.2609819121447028,0.35178875638841567,286,655.6623216783283,250.4375,912.6367658951526,2033.1570000000065,2674.378499999875,3991.276999999998,126.77499999990687,4265.353000000003,500,196.3484160000049,163.01549999974668,56.12605353715116,275.1491000000504,280.38629999996624,295.6771800004388,117.38700000000244,315.43800000008196,500,197.3484160000049,164.01549999974668,56.12605353715116,276.1491000000504,281.38629999996624,296.6771800004388,118.38700000000244,316.43800000008196,0,1081.0,61.0,93.0,208.0,0.946584938704028,0.9207836456558773,0.9335060449050088,0.22676579925650558,0.07921635434412266,0.926,0.0,413,44,50,0.9037199124726477,0.8920086393088553,0.8978260869565217,0.9057017543859649,0.8468354211663066,0.10078343847030619,0.17344054054054053,0.61,0.39,,,not_computed_no_bbox_data,1,0,1.0,0,0,0,0.0,0,0,0,0,0,0,0,,,0,,,,,,,0.0,0,0,0,0,0,0,618.0,500,0.6613424,0.63575,0.12356754265354179,0.8373200000000002,0.8921699999999997,0.9965160000000001,0.5003,1.2359,500,0.0,0.0,0.0,0.0,0.0,0.0,0.0,0.0,500,0,0,0,0,0.0,0.0,3598226.329,215893.579743,1443.0,129.87,0.0,0.0,330.671,28.10703,3502487.772,28019.902176,1500.0,225.0,70523.428,29619.839593,21525.8,9040.836183,3963.0,1188.9,0.0,0.0,216051.55677300002,68094.47795199999,284146.03472500003,4735.767245416667,196.913398977824,568.2920694500001,623.127269133772,688.0049266949153,0.0,284146.034725,3600000.0,3599999.9999999995,busy__s07__no_security,no_security,ablation,,,True,
always_on,busy,8,3600.0,6aae829eaa8026d2,True,synthetic_distribution,False,,1405,1405,1126,0,3600000.0,1.0,1,0.016666666666666666,1397,23.283333333333335,1111,1013,0,385,383,0.9948051948051948,0.0051948051948051965,0.8996447602131439,383,424.3932140992166,323.16800000006333,357.6463259803664,737.5697999998931,1409.6424999997716,1780.6876999998808,130.31300000008196,2626.666000000201,0,,,,,,,,,1397,317.9064817465966,312.844000000041,96.86340881898201,454.9264000000083,489.90680000009013,548.6913999998749,130.31300000008196,711.9409999996424,0,,,,,,,,,,,,1013,105,112,0.90608228980322,0.9004444444444445,0.903254569772626,0.9117911791179117,0.8353680888888888,0.10657739141008551,0.16381801470588234,0.541159627773801,0.458840372226199,,,not_computed_no_bbox_data,7,0,7.0,16705,213,0,,0,0,0,0,0,0,0,,,0,,,,,,,0.0,0,0,0,0,0,0,,0,,,,,,,,,0,,,,,,,,,0,0,0,0,0,3600000.0,18000.0,0.0,0.0,0.0,0.0,0.0,0.0,0.0,0.0,0.0,0.0,0.0,0.0,2542268.137,1067752.61758,946329.863,397458.54242,111402.0,33420.6,0.0,0.0,18000.0,1498631.7600000002,1516631.7600000002,25277.196000000004,1079.453209964413,,1365.1050945094512,1497.168568608095,0.0,1516631.76,3600000.0,3600000.0,busy__s08__always_on,always_on,ablation,,,True,
secure,busy,8,3600.0,6aae829eaa8026d2,True,synthetic_distribution,False,,1405,1405,1126,0,91463.331,0.025406480833333335,464,7.733333333333333,464,7.733333333333333,423,391,505,385,302,0.7844155844155845,0.21558441558441555,0.347246891651865,302,583.439145695362,251.24749999993946,734.5681186452938,1636.6953999999691,2271.429750000007,3111.2830299999755,126.80200000002515,3801.124000000069,464,198.8531012931041,165.37150000003749,55.095576516694045,271.65089999996127,279.28415000005623,291.7387499997579,125.80200000002515,298.19900000002235,464,199.8531012931041,166.37150000003749,55.095576516694045,272.65089999996127,280.28415000005623,292.7387499997579,126.80200000002515,299.19900000002235,0,1018.0,57.0,108.0,222.0,0.9469767441860465,0.9040852575488455,0.9250340754202635,0.20430107526881722,0.09591474245115453,0.9287128712871288,0.0,391,32,37,0.9243498817966903,0.9135514018691588,0.9189189189189189,0.9243498817966903,0.8427046728971963,0.10356896140900544,0.15426388888888887,0.584051724137931,0.41594827586206895,,,not_computed_no_bbox_data,0,0,0.0,0,0,0,0.0,0,0,0,505,41,464,41,,,0,0.08118811881188119,0.08742004264392324,0.08118811881188119,0.0,,,0.4,0,0,34,7,0,0,549.0,464,0.6704306034482758,0.64735,0.11776596336956092,0.83262,0.89943,1.001147,0.5002,1.1032,464,0.0,0.0,0.0,0.0,0.0,0.0,0.0,0.0,464,0,0,0,0,0.0,0.0,3598081.92,215884.915181,1405.0,126.45,202.0,19.19,311.08,26.441827,3508536.671,28068.293364,1392.0,208.8,64992.193,27296.72109,21416.136,8994.777275,3663.0,1098.9,0.0,0.0,216056.997008,65667.491729,281724.48873700004,4695.408145616667,200.51565034661925,607.1648464159483,666.0153398037826,720.5229890971868,19.19,281724.488738,3600000.0,3600000.0,busy__s08__full_secure,full_secure,ablation,,,True,
secure,busy,8,3600.0,6aae829eaa8026d2,True,synthetic_distribution,False,disable_adaptive_trigger,1405,1405,1126,0,92410.776,0.02566966,469,7.816666666666666,469,7.816666666666666,425,392,511,385,304,0.7896103896103897,0.21038961038961035,0.3481349911190053,304,586.8054374999971,251.07300000009127,756.1632616505784,1629.1801999999439,2281.404000000015,3185.62982999999,126.80200000002515,4263.871999999974,469,198.7696993603424,165.2849999999744,54.96942329407805,271.7221999999674,279.2744000000879,291.56999999975784,125.80200000002515,298.19900000002235,469,199.7696993603424,166.2849999999744,54.96942329407805,272.7221999999674,280.2744000000879,292.56999999975784,126.80200000002515,299.19900000002235,0,1034.0,63.0,92.0,216.0,0.9425706472196901,0.9182948490230906,0.9302744039586145,0.22580645161290322,0.08170515097690942,0.9217221135029354,0.0,392,33,37,0.9223529411764706,0.9137529137529138,0.9180327868852459,0.9223529411764706,0.84365337995338,0.10061408955884275,0.147775,0.5863539445628998,0.4136460554371002,,,not_computed_no_bbox_data,0,0,0.0,0,0,0,0.0,0,0,0,511,42,469,42,,,0,0.0821917808219178,0.08917197452229299,0.0821917808219178,0.0,,,0.4,0,0,34,8,0,0,563.0,469,0.6686528784648188,0.6453,0.11572527932485795,0.8305199999999999,0.89738,0.998844,0.5002,1.0435,469,0.0,0.0,0.0,0.0,0.0,0.0,0.0,0.0,469,0,0,0,0,0.0,0.0,3598077.001,215884.62008,1405.0,126.45,204.4,19.418,313.599,26.655887,3507589.225,28060.713799,1407.0,211.05,65775.698,27625.793087,21527.577,9041.582454,3700.5,1110.15,0.0,0.0,216057.143967,66049.28933999999,282106.433307,4701.77388845,200.78749701565837,601.5062543859276,663.7798430752941,719.6592686403062,19.418,282106.433307,3600000.0,3600000.0,busy__s08__no_adaptive_trigger,no_adaptive_trigger,ablation,,,True,
secure,busy,8,3600.0,6aae829eaa8026d2,True,synthetic_distribution,False,disable_burst_detection,1405,1405,1126,0,92461.921,0.025683866944444446,471,7.85,471,7.85,430,397,505,385,306,0.7948051948051948,0.20519480519480515,0.35257548845470693,306,613.9799379084939,251.71899999992456,807.9356800383971,1703.6369999998715,2367.5617500000517,3632.201299999959,126.80200000002515,4904.592000000062,471,198.04396178344055,164.46900000004098,55.10005164718078,271.6389999999665,279.2705000001006,291.5024999997579,121.4660000000149,298.19900000002235,471,199.04396178344055,165.46900000004098,55.10005164718078,272.6389999999665,280.2705000001006,292.5024999997579,122.4660000000149,299.19900000002235,0,1018.0,57.0,108.0,222.0,0.9469767441860465,0.9040852575488455,0.9250340754202635,0.20430107526881722,0.09591474245115453,0.9287128712871288,0.0,397,33,38,0.9232558139534883,0.9126436781609195,0.9179190751445087,0.9232558139534883,0.8430133333333334,0.10289686844650962,0.15426388888888887,0.5902335456475584,0.40976645435244163,,,not_computed_no_bbox_data,0,0,0.0,0,0,0,0.0,0,0,0,505,34,471,34,,,0,0.06732673267326733,0.07249466950959488,0.06732673267326733,0.0,,,0.4,0,0,34,0,0,0,549.0,471,0.6706745222929936,0.6474,0.11831642980698542,0.8344,0.9012,1.00093,0.5002,1.1032,471,0.0,0.0,0.0,0.0,0.0,0.0,0.0,0.0,471,0,0,0,0,0.0,0.0,3598077.112,215884.626708,1405.0,126.45,202.0,19.19,315.888,26.850497,3507538.08,28060.304642,1413.0,211.95,65914.283,27683.999008,21416.136,8994.777275,3718.5,1115.55,0.0,0.0,216057.11720500002,66066.580925,282123.69813,4702.061635499999,200.79978514590746,598.9887433757962,656.1016235581395,710.6390381108312,19.19,282123.698131,3600000.0,3599999.999,busy__s08__no_burst_detection,no_burst_detection,ablation,,,True,
secure,busy,8,3600.0,6aae829eaa8026d2,True,synthetic_distribution,False,disable_consistency_check,1405,1405,1126,0,91463.331,0.025406480833333335,464,7.733333333333333,464,7.733333333333333,423,391,505,385,302,0.7844155844155845,0.21558441558441555,0.347246891651865,302,583.439145695362,251.24749999993946,734.5681186452938,1636.6953999999691,2271.429750000007,3111.2830299999755,126.80200000002515,3801.124000000069,464,198.8531012931041,165.37150000003749,55.095576516694045,271.65089999996127,279.28415000005623,291.7387499997579,125.80200000002515,298.19900000002235,464,199.8531012931041,166.37150000003749,55.095576516694045,272.65089999996127,280.28415000005623,292.7387499997579,126.80200000002515,299.19900000002235,0,1018.0,57.0,108.0,222.0,0.9469767441860465,0.9040852575488455,0.9250340754202635,0.20430107526881722,0.09591474245115453,0.9287128712871288,0.0,391,32,37,0.9243498817966903,0.9135514018691588,0.9189189189189189,0.9243498817966903,0.8427046728971963,0.10356896140900544,0.15426388888888887,0.584051724137931,0.41594827586206895,,,not_computed_no_bbox_data,0,0,0.0,0,0,0,0.0,0,0,0,505,41,464,41,,,0,0.08118811881188119,0.08742004264392324,0.08118811881188119,0.0,,,0.4,0,0,34,7,0,0,549.0,464,0.6704306034482758,0.64735,0.11776596336956092,0.83262,0.89943,1.001147,0.5002,1.1032,464,0.0,0.0,0.0,0.0,0.0,0.0,0.0,0.0,464,0,0,0,0,0.0,0.0,3598081.92,215884.915181,1405.0,126.45,202.0,19.19,311.08,26.441827,3508536.671,28068.293364,1392.0,208.8,64992.193,27296.72109,21416.136,8994.777275,3663.0,1098.9,0.0,0.0,216056.997008,65667.491729,281724.48873700004,4695.408145616667,200.51565034661925,607.1648464159483,666.0153398037826,720.5229890971868,19.19,281724.488738,3600000.0,3600000.0,busy__s08__no_consistency_check,no_consistency_check,ablation,,,True,
secure,busy,8,3600.0,6aae829eaa8026d2,True,synthetic_distribution,False,disable_cooldown,1405,1405,1126,0,143776.739,0.039937983055555556,698,11.633333333333333,729,12.15,678,613,1075,385,307,0.7974025974025974,0.20259740259740255,0.544404973357016,307,453.0366123778454,234.83700000005774,609.6922778335062,1363.2447999999397,1825.438400000019,2765.888859999803,130.59899999992922,4070.5809999997728,729,202.92614951989452,168.0299999997951,58.65582175065961,273.87340000001717,281.37720000017435,342.7370000000178,127.33999999985099,503.41500000003725,729,203.92614951989452,169.0299999997951,58.65582175065961,274.87340000001717,282.37720000017435,343.7370000000178,128.339999999851,504.41500000003725,0,1018.0,57.0,108.0,222.0,0.9469767441860465,0.9040852575488455,0.9250340754202635,0.20430107526881722,0.09591474245115453,0.9469767441860465,0.0,613,66,73,0.9027982326951399,0.8935860058309038,0.8981684981684982,0.9041297935103245,0.8390061224489795,0.1080737528267254,0.14041162790697675,0.5857338820301783,0.41426611796982166,,,not_computed_no_bbox_data,1,0,1.0,0,0,0,0.0,0,0,0,1075,346,729,332,,,0,0.3218604651162791,0.32612966601178783,0.3218604651162791,0.0,,,0.4,207,0,105,34,0,0,0.0,729,0.6622537722908094,0.64,0.11519708358334173,0.82032,0.8964600000000001,0.9949480000000003,0.5002,1.1032,729,3.9802674897119337,0.0,23.43570882734645,0.0,0.0,112.86828000000044,0.0,251.422,729,0,0,0,0,0.0,0.0,3597682.217,215860.933002,1405.0,126.45,430.0,40.85,482.783,41.036581,3456223.271,27649.786171,2094.0,314.1,102592.262,43088.749963,33300.467,13986.196049,5790.0,1737.0,0.0,0.0,216069.26958300002,86775.832183,302845.10176600004,5047.418362766667,215.54811513594308,415.42537965157754,446.6741913952803,494.03768640456775,40.85,302845.101767,3600000.0,3600000.0000000005,busy__s08__no_cooldown,no_cooldown,ablation,,,True,
secure,busy,8,3600.0,6aae829eaa8026d2,True,synthetic_distribution,False,disable_early_exit,1405,1405,1126,0,121634.15400000001,0.033787265000000004,464,7.733333333333333,464,7.733333333333333,423,400,505,385,308,0.8,0.19999999999999996,0.3552397868561279,308,634.5248993506484,270.26000000012573,723.5967844524536,1698.8070000001233,2235.1499000000317,3173.6844500000525,225.42299999995157,3801.124000000069,464,263.8764331896554,264.1295000000391,14.269918408996618,281.0513999999501,287.6669500001124,297.3175400000915,223.62799999996787,317.0219999998808,464,264.8764331896554,265.1295000000391,14.269918408996618,282.0513999999501,288.6669500001124,298.3175400000915,224.62799999996787,318.0219999998808,0,1018.0,57.0,108.0,222.0,0.9469767441860465,0.9040852575488455,0.9250340754202635,0.20430107526881722,0.09591474245115453,0.9287128712871288,0.0,400,23,28,0.9456264775413712,0.9345794392523364,0.9400705052878966,0.9456264775413712,0.8648820093457945,0.11400037482447894,0.13436666666666663,0.0,1.0,,,not_computed_no_bbox_data,0,0,0.0,0,0,0,0.0,0,0,0,505,41,464,41,,,0,0.08118811881188119,0.08742004264392324,0.08118811881188119,0.0,,,0.4,0,0,34,7,0,0,549.0,464,0.6704306034482758,0.64735,0.11776596336956092,0.83262,0.89943,1.001147,0.5002,1.1032,464,0.0,0.0,0.0,0.0,0.0,0.0,0.0,0.0,464,0,0,0,0,0.0,0.0,3598081.92,215884.915181,1405.0,126.45,202.0,19.19,311.08,26.441827,3478365.842,27826.926735,1392.0,208.8,64992.193,27296.72109,51583.965,21665.265321,3666.0,1099.8,0.0,0.0,216056.997008,78097.513146,294154.510154,4902.575169233333,209.36264067900356,633.9536856767241,695.4007332245864,735.3862753850001,19.19,294154.510155,3600000.0,3600000.0,busy__s08__no_early_exit,no_early_exit,ablation,,,True,
secure,busy,8,3600.0,6aae829eaa8026d2,True,synthetic_distribution,False,disable_rate_limit,1405,1405,1126,0,91463.331,0.025406480833333335,464,7.733333333333333,464,7.733333333333333,423,391,505,385,302,0.7844155844155845,0.21558441558441555,0.347246891651865,302,583.439145695362,251.24749999993946,734.5681186452938,1636.6953999999691,2271.429750000007,3111.2830299999755,126.80200000002515,3801.124000000069,464,198.8531012931041,165.37150000003749,55.095576516694045,271.65089999996127,279.28415000005623,291.7387499997579,125.80200000002515,298.19900000002235,464,199.8531012931041,166.37150000003749,55.095576516694045,272.65089999996127,280.28415000005623,292.7387499997579,126.80200000002515,299.19900000002235,0,1018.0,57.0,108.0,222.0,0.9469767441860465,0.9040852575488455,0.9250340754202635,0.20430107526881722,0.09591474245115453,0.9287128712871288,0.0,391,32,37,0.9243498817966903,0.9135514018691588,0.9189189189189189,0.9243498817966903,0.8427046728971963,0.10356896140900544,0.15426388888888887,0.584051724137931,0.41594827586206895,,,not_computed_no_bbox_data,0,0,0.0,0,0,0,0.0,0,0,0,505,41,464,41,,,0,0.08118811881188119,0.08742004264392324,0.08118811881188119,0.0,,,0.4,0,0,34,7,0,0,549.0,464,0.6704306034482758,0.64735,0.11776596336956092,0.83262,0.89943,1.001147,0.5002,1.1032,464,0.0,0.0,0.0,0.0,0.0,0.0,0.0,0.0,464,0,0,0,0,0.0,0.0,3598081.92,215884.915181,1405.0,126.45,202.0,19.19,311.08,26.441827,3508536.671,28068.293364,1392.0,208.8,64992.193,27296.72109,21416.136,8994.777275,3663.0,1098.9,0.0,0.0,216056.997008,65667.491729,281724.48873700004,4695.408145616667,200.51565034661925,607.1648464159483,666.0153398037826,720.5229890971868,19.19,281724.488738,3600000.0,3600000.0,busy__s08__no_rate_limit,no_rate_limit,ablation,,,True,
secure,busy,8,3600.0,6aae829eaa8026d2,True,synthetic_distribution,False,disable_replay_protection,1405,1405,1126,0,98518.349,0.027366208055555556,498,8.3,498,8.3,457,424,505,385,314,0.8155844155844156,0.18441558441558437,0.3765541740674956,314,640.8008057324804,255.07500000004075,790.1068910273543,1825.438400000019,2401.9432000000375,3178.0259299999907,126.80200000002515,3835.31799999997,498,199.55845783132241,165.84700000018347,55.16876989293917,272.3260999999708,279.47324999993435,290.5912499997578,125.80200000002515,298.19900000002235,498,200.55845783132241,166.84700000018347,55.16876989293917,273.3260999999708,280.47324999993435,291.5912499997578,126.80200000002515,299.19900000002235,0,1018.0,57.0,108.0,222.0,0.9469767441860465,0.9040852575488455,0.9250340754202635,0.20430107526881722,0.09591474245115453,0.9287128712871288,0.0,424,33,38,0.9277899343544858,0.9177489177489178,0.9227421109902068,0.9277899343544858,0.8427971861471862,0.1020809834009667,0.15426388888888887,0.5783132530120482,0.42168674698795183,,,not_computed_no_bbox_data,0,0,0.0,0,0,0,0.0,0,0,0,505,7,498,7,,,0,0.013861386138613862,0.014925373134328358,0.013861386138613862,0.0,,,0.4,0,0,0,7,0,0,549.0,498,0.6684648594377509,0.6431,0.11886337434485102,0.83292,0.89817,1.0039819999999993,0.5002,1.1234,498,0.0,0.0,0.0,0.0,0.0,0.0,0.0,0.0,498,0,0,0,0,0.0,0.0,3598060.104,215883.606223,1405.0,126.45,202.0,19.19,332.896,28.296185,3501481.651,28011.853206,1494.0,224.1,69742.712,29291.939099,23341.137,9803.277579,3940.5,1182.15,0.0,0.0,216057.54240800004,68513.319884,284570.86229200003,4742.847704866667,202.5415389978648,571.4274343212852,622.6933529365427,671.1576940849058,19.19,284570.862291,3600000.0,3600000.0,busy__s08__no_replay_protection,no_replay_protection,ablation,,,True,
secure,busy,8,3600.0,6aae829eaa8026d2,True,synthetic_distribution,False,disable_security,1405,1405,1126,0,99516.93900000001,0.02764359416666667,505,8.416666666666666,505,8.416666666666666,464,430,505,385,317,0.8233766233766234,0.17662337662337657,0.38188277087033745,317,656.7380977918028,254.7039999999106,826.2165090727384,1858.0519999999792,2419.0526000001,3580.357160000035,126.40200000000186,4904.192000000039,505,198.39401782178464,165.05799999996088,55.18188922245228,271.59119999995454,278.95079999992157,289.9802799998596,121.06600000010803,297.79899999999907,505,199.39401782178464,166.05799999996088,55.18188922245228,272.59119999995454,279.95079999992157,290.9802799998596,122.06600000010803,298.79899999999907,0,1018.0,57.0,108.0,222.0,0.9469767441860465,0.9040852575488455,0.9250340754202635,0.20430107526881722,0.09591474245115453,0.9287128712871288,0.0,430,34,39,0.9267241379310345,0.9168443496801706,0.9217577706323687,0.9267241379310345,0.8430820895522388,0.10147105656075561,0.15426388888888887,0.5841584158415841,0.4158415841584158,,,not_computed_no_bbox_data,0,0,0.0,0,0,0,0.0,0,0,0,0,0,0,0,,,0,,,,,,,0.0,0,0,0,0,0,0,549.0,505,0.668719603960396,0.6432,0.1193608986179748,0.8339200000000001,0.8993399999999999,1.002976,0.5002,1.1234,505,0.0,0.0,0.0,0.0,0.0,0.0,0.0,0.0,505,0,0,0,0,0.0,0.0,3598257.296,215895.437749,1405.0,126.45,0.0,0.0,337.704,28.704855,3500483.06,28003.864484,1515.0,227.25,70664.802,29679.217016,23341.137,9803.277579,3996.0,1198.8,0.0,0.0,216050.592604,68912.409079,284963.001683,4749.383361383333,202.8206417672598,564.283171649505,614.1444001788793,662.7046550767442,0.0,284963.001683,3600000.0,3599999.9990000003,busy__s08__no_security,no_security,ablation,,,True,
always_on,busy,9,3600.0,18b976eee469557d,True,synthetic_distribution,False,,1801,1801,1471,0,3600000.0,1.0,1,0.016666666666666666,1789,29.816666666666666,1439,1286,0,484,474,0.9793388429752066,0.02066115702479343,0.8742352141400408,474,438.2783839662395,330.3335000000661,375.6762233413047,924.0125000001397,1397.2011000001798,1798.2188699999372,134.43599999998696,2939.1659999999683,0,,,,,,,,,1789,323.16226774734463,311.79000000003725,105.49506664087288,467.7529999998398,504.27980000003,624.3106000000279,128.81599999964237,801.6699999999255,0,,,,,,,,,,,,1286,158,184,0.8905817174515236,0.8748299319727891,0.8826355525051475,0.8936761640027797,0.8377738095238096,0.1103821113137054,0.16035235109717869,0.5449972051425377,0.45500279485746226,,,not_computed_no_bbox_data,5,0,5.0,16356,234,0,,0,0,0,0,0,0,0,,,0,,,,,,,0.0,0,0,0,0,0,0,,0,,,,,,,,,0,,,,,,,,,0,0,0,0,0,3600000.0,18000.0,0.0,0.0,0.0,0.0,0.0,0.0,0.0,0.0,0.0,0.0,0.0,0.0,2548787.742,1070490.851685,938832.258,394309.548315,112380.0,33714.0,0.0,0.0,18000.0,1498514.4,1516514.4,25275.239999999998,842.0401998889505,,1053.866851980542,1179.2491446345257,0.0,1516514.4,3600000.0,3600000.0,busy__s09__always_on,always_on,ablation,,,True,
secure,busy,9,3600.0,18b976eee469557d,True,synthetic_distribution,False,,1801,1801,1471,0,117534.683,0.03264852305555556,591,9.85,591,9.85,537,476,661,484,346,0.7148760330578512,0.2851239669421488,0.3235893949694086,346,628.7224132947957,253.81300000019837,896.4247792385236,1697.7460000001593,2512.860500000126,4178.885550000089,122.18100000009872,6720.843000000343,591,200.58495939086794,166.25099999993108,55.47708322130691,272.30099999997765,278.43050000001676,289.85749999999535,121.18100000009872,299.4809999996796,591,201.58495939086794,167.25099999993108,55.47708322130691,273.30099999997765,279.43050000001676,290.85749999999535,122.18100000009872,300.4809999996796,0,1362.0,80.0,109.0,250.0,0.9445214979195562,0.9259007477906186,0.9351184346035014,0.24242424242424243,0.07409925220938138,0.9258698940998488,0.0,476,62,67,0.8847583643122676,0.8766114180478821,0.8806660499537464,0.8864059590316573,0.8448939226519339,0.09813401344077397,0.17218750000000002,0.55668358714044,0.4433164128595601,,,not_computed_no_bbox_data,1,0,1.0,0,0,0,0.0,0,0,0,661,70,591,69,,,0,0.1059001512859304,0.11274509803921569,0.1059001512859304,0.0,,,0.4,0,1,55,14,0,0,750.0,591,0.6588957698815566,0.63,0.12577389977030887,0.8301,0.88845,1.0131599999999998,0.5002,1.2418,591,0.0,0.0,0.0,0.0,0.0,0.0,0.0,0.0,591,0,0,0,0,0.0,0.0,3597545.193,215852.711579,1801.0,162.09,264.4,25.118,389.407,33.099597,3482465.318,27859.722542,1773.0,265.95,82458.161,34632.42778,28628.021,12023.768784,4675.5,1402.65,0.0,0.0,216073.01917599997,76184.51910599999,292257.53828200005,4870.958971366667,162.27514618656306,494.5136011539764,544.2412258510243,613.986424962185,25.118,292257.538281,3600000.0,3600000.0,busy__s09__full_secure,full_secure,ablation,,,True,
secure,busy,9,3600.0,18b976eee469557d,True,synthetic_distribution,False,disable_adaptive_trigger,1801,1801,1471,0,118023.255,0.0327842375,593,9.883333333333333,593,9.883333333333333,537,475,665,484,344,0.7107438016528925,0.2892561983471075,0.32290958531611147,344,598.0171075581399,251.58850000007078,868.942932962745,1660.968600000045,2426.7852500000176,4087.8263300001695,122.18100000009872,6720.843000000343,593,200.7392630691461,166.38499999977648,55.5492438451231,272.52979999985547,278.701200000057,289.8447999999952,121.18100000009872,299.4809999996796,593,201.7392630691461,167.38499999977648,55.5492438451231,273.52979999985547,279.701200000057,290.8447999999952,122.18100000009872,300.4809999996796,0,1375.0,82.0,96.0,248.0,0.9437199725463281,0.9347382732834806,0.939207650273224,0.24848484848484848,0.06526172671651938,0.9233082706766917,0.0,475,63,68,0.8828996282527881,0.8747697974217311,0.8788159111933396,0.8845437616387337,0.8452906077348066,0.09759255482177442,0.16927199999999998,0.5564924114671164,0.44350758853288363,,,not_computed_no_bbox_data,1,0,1.0,0,0,0,0.0,0,0,0,665,72,593,71,,,0,0.10827067669172932,0.11563517915309446,0.10827067669172932,0.0,,,0.4,0,1,56,15,0,0,761.0,593,0.6597573355817875,0.6315,0.1258054156991671,0.83026,0.8883,1.013128,0.5002,1.2418,593,0.0,0.0,0.0,0.0,0.0,0.0,0.0,0.0,593,0,0,0,0,0.0,0.0,3597541.764,215852.505858,1801.0,162.09,266.0,25.27,391.236,33.255034,3481976.746,27855.813968,1779.0,266.85,82762.504,34760.251774,28794.25,12093.584885,4687.5,1406.25,0.0,0.0,216073.12089199998,76382.750627,292455.871519,4874.264525316667,162.38527013825652,493.1802217858347,544.6105614878957,615.6965716189474,25.27,292455.87152,3600000.0,3600000.0,busy__s09__no_adaptive_trigger,no_adaptive_trigger,ablation,,,True,
secure,busy,9,3600.0,18b976eee469557d,True,synthetic_distribution,False,disable_burst_detection,1801,1801,1471,0,120543.84099999999,0.03348440027777777,605,10.083333333333334,605,10.083333333333334,549,487,661,484,351,0.7252066115702479,0.2747933884297521,0.3310673011556764,351,661.3673048433019,253.98600000003353,944.9335447881584,1816.7229999997653,2620.034999999916,4174.174500000081,122.18100000009872,6720.843000000343,605,200.95722148760717,167.76500000013039,55.49078756812333,272.2589999999851,278.06179999999586,289.7503999999911,121.18100000009872,299.4809999996796,605,201.95722148760717,168.76500000013039,55.49078756812333,273.2589999999851,279.06179999999586,290.7503999999911,122.18100000009872,300.4809999996796,0,1362.0,80.0,109.0,250.0,0.9445214979195562,0.9259007477906186,0.9351184346035014,0.24242424242424243,0.07409925220938138,0.9258698940998488,0.0,487,63,69,0.8854545454545455,0.8758992805755396,0.8806509945750453,0.8870673952641166,0.8440705035971223,0.09854697618791744,0.17675714285714283,0.5537190082644629,0.4462809917355372,,,not_computed_no_bbox_data,1,0,1.0,0,0,0,0.0,0,0,0,661,56,605,56,,,0,0.08472012102874432,0.0915032679738562,0.08472012102874432,0.0,,,0.4,0,1,55,0,0,0,750.0,605,0.6596044628099174,0.6296,0.1271937493124419,0.83084,0.8965799999999998,1.0271760000000005,0.5002,1.2418,605,0.0,0.0,0.0,0.0,0.0,0.0,0.0,0.0,605,0,0,0,0,0.0,0.0,3597535.54,215852.132377,1801.0,162.09,264.4,25.118,399.06,33.920133,3479456.161,27835.649286,1815.0,272.25,84420.256,35456.507537,29529.583,12402.424949,4779.0,1433.7,0.0,0.0,216073.26051,77400.531772,293473.792282,4891.229871366667,162.9504676746252,485.08064840000003,534.5606416794171,602.6155899014374,25.118,293473.792281,3600000.0,3600000.0,busy__s09__no_burst_detection,no_burst_detection,ablation,,,True,
secure,busy,9,3600.0,18b976eee469557d,True,synthetic_distribution,False,disable_consistency_check,1801,1801,1471,0,117534.683,0.03264852305555556,591,9.85,591,9.85,537,476,661,484,346,0.7148760330578512,0.2851239669421488,0.3235893949694086,346,628.7224132947957,253.81300000019837,896.4247792385236,1697.7460000001593,2512.860500000126,4178.885550000089,122.18100000009872,6720.843000000343,591,200.58495939086794,166.25099999993108,55.47708322130691,272.30099999997765,278.43050000001676,289.85749999999535,121.18100000009872,299.4809999996796,591,201.58495939086794,167.25099999993108,55.47708322130691,273.30099999997765,279.43050000001676,290.85749999999535,122.18100000009872,300.4809999996796,0,1362.0,80.0,109.0,250.0,0.9445214979195562,0.9259007477906186,0.9351184346035014,0.24242424242424243,0.07409925220938138,0.9258698940998488,0.0,476,62,67,0.8847583643122676,0.8766114180478821,0.8806660499537464,0.8864059590316573,0.8448939226519339,0.09813401344077397,0.17218750000000002,0.55668358714044,0.4433164128595601,,,not_computed_no_bbox_data,1,0,1.0,0,0,0,0.0,0,0,0,661,70,591,69,,,0,0.1059001512859304,0.11274509803921569,0.1059001512859304,0.0,,,0.4,0,1,55,14,0,0,750.0,591,0.6588957698815566,0.63,0.12577389977030887,0.8301,0.88845,1.0131599999999998,0.5002,1.2418,591,0.0,0.0,0.0,0.0,0.0,0.0,0.0,0.0,591,0,0,0,0,0.0,0.0,3597545.193,215852.711579,1801.0,162.09,264.4,25.118,389.407,33.099597,3482465.318,27859.722542,1773.0,265.95,82458.161,34632.42778,28628.021,12023.768784,4675.5,1402.65,0.0,0.0,216073.01917599997,76184.51910599999,292257.53828200005,4870.958971366667,162.27514618656306,494.5136011539764,544.2412258510243,613.986424962185,25.118,292257.538281,3600000.0,3600000.0,busy__s09__no_consistency_check,no_consistency_check,ablation,,,True,
secure,busy,9,3600.0,18b976eee469557d,True,synthetic_distribution,False,disable_cooldown,1801,1801,1471,0,171593.28999999998,0.04766480277777777,817,13.616666666666667,862,14.366666666666667,790,702,1442,484,353,0.7293388429752066,0.27066115702479343,0.4772263766145479,353,460.0587337110449,247.2620000000461,679.000856588286,1364.6544000000033,1653.063400000051,3100.06007999976,122.18100000009872,6381.760999999999,862,207.60575522042402,171.0100000000093,64.63507570184933,276.2593999999808,288.1418499998748,388.7563799999039,121.18100000009872,535.1350000000093,862,208.60726450116658,172.0100000000093,64.6377488414536,277.2593999999808,289.1418499998748,389.7563799999039,122.18100000009872,536.1350000000093,0,1362.0,80.0,109.0,250.0,0.9445214979195562,0.9259007477906186,0.9351184346035014,0.24242424242424243,0.07409925220938138,0.9445214979195562,0.0,702,88,100,0.8886075949367088,0.8753117206982544,0.8819095477386936,0.8886075949367088,0.838878927680798,0.10371174179240863,0.15145666666666666,0.5580046403712297,0.4419953596287703,,,not_computed_no_bbox_data,0,0,0.0,0,0,0,0.0,0,0,0,1442,580,862,560,,,0,0.40221914008321774,0.4111600587371512,0.40221914008321774,0.0,,,0.4,367,2,153,58,0,0,0.0,862,0.6551361948955916,0.63105,0.12104300351537203,0.827,0.8746149999999998,0.9950089999999999,0.5008,1.2418,862,6.827377030162412,0.0,35.31956921129072,0.0,5.054299999999921,226.59999999999997,0.0,368.888,862,0,0,0,0,0.0,0.0,3597057.473,215823.448396,1801.0,162.09,576.8,54.796,564.727,48.001772,3428406.707,27427.253658,2451.0,367.65,120365.213,50553.389631,41940.079,17614.833343,6837.0,2051.1,0.0,0.0,216088.33616799998,98014.226632,314102.56279999996,5235.042713333332,174.40453237090503,364.3881238979118,397.59818075949363,447.4395481481481,54.796,314102.562799,3600000.0,3599999.999,busy__s09__no_cooldown,no_cooldown,ablation,,,True,
secure,busy,9,3600.0,18b976eee469557d,True,synthetic_distribution,False,disable_early_exit,1801,1801,1471,0,154003.332,0.042778703333333334,591,9.85,591,9.85,537,509,661,484,365,0.7541322314049587,0.24586776859504134,0.3460231135282121,365,582.0494849315118,269.14300000015646,704.7945396997146,1560.6951999999378,1910.2610000002198,3911.995280000028,224.96800000034273,4586.87900000019,591,262.29163620982087,261.66399999987334,14.506934982419502,280.97099999990314,286.62900000000445,299.44679999994116,223.76500000001397,314.24099999992177,591,263.29163620982087,262.66399999987334,14.506934982419502,281.97099999990314,287.62900000000445,300.44679999994116,224.76500000001397,315.24099999992177,0,1362.0,80.0,109.0,250.0,0.9445214979195562,0.9259007477906186,0.9351184346035014,0.24242424242424243,0.07409925220938138,0.9258698940998488,0.0,509,29,34,0.9460966542750929,0.9373848987108656,0.9417206290471786,0.9478584729981379,0.8686963167587477,0.11112712404532848,0.16258333333333333,0.0,1.0,,,not_computed_no_bbox_data,1,0,1.0,0,0,0,0.0,0,0,0,661,70,591,69,,,0,0.1059001512859304,0.11274509803921569,0.1059001512859304,0.0,,,0.4,0,1,55,14,0,0,750.0,591,0.6588957698815566,0.63,0.12577389977030887,0.8301,0.88845,1.0131599999999998,0.5002,1.2418,591,0.0,0.0,0.0,0.0,0.0,0.0,0.0,0.0,591,0,0,0,0,0.0,0.0,3597545.193,215852.711579,1801.0,162.09,264.4,25.118,389.407,33.099597,3445996.671,27567.97337,1773.0,265.95,82458.161,34632.42778,65099.667,27341.860282,4672.5,1401.75,0.0,0.0,216073.01917599997,91209.96143200001,307282.980608,5121.383010133333,170.617979238201,519.9373614348561,572.2215653780261,603.6993725108056,25.118,307282.980608,3600000.0,3599999.999,busy__s09__no_early_exit,no_early_exit,ablation,,,True,
secure,busy,9,3600.0,18b976eee469557d,True,synthetic_distribution,False,disable_rate_limit,1801,1801,1471,0,117534.683,0.03264852305555556,591,9.85,591,9.85,537,476,661,484,346,0.7148760330578512,0.2851239669421488,0.3235893949694086,346,628.7224132947957,253.81300000019837,896.4247792385236,1697.7460000001593,2512.860500000126,4178.885550000089,122.18100000009872,6720.843000000343,591,200.58495939086794,166.25099999993108,55.47708322130691,272.30099999997765,278.43050000001676,289.85749999999535,121.18100000009872,299.4809999996796,591,201.58495939086794,167.25099999993108,55.47708322130691,273.30099999997765,279.43050000001676,290.85749999999535,122.18100000009872,300.4809999996796,0,1362.0,80.0,109.0,250.0,0.9445214979195562,0.9259007477906186,0.9351184346035014,0.24242424242424243,0.07409925220938138,0.9258698940998488,0.0,476,62,67,0.8847583643122676,0.8766114180478821,0.8806660499537464,0.8864059590316573,0.8448939226519339,0.09813401344077397,0.17218750000000002,0.55668358714044,0.4433164128595601,,,not_computed_no_bbox_data,1,0,1.0,0,0,0,0.0,0,0,0,661,70,591,69,,,0,0.1059001512859304,0.11274509803921569,0.1059001512859304,0.0,,,0.4,0,1,55,14,0,0,750.0,591,0.6588957698815566,0.63,0.12577389977030887,0.8301,0.88845,1.0131599999999998,0.5002,1.2418,591,0.0,0.0,0.0,0.0,0.0,0.0,0.0,0.0,591,0,0,0,0,0.0,0.0,3597545.193,215852.711579,1801.0,162.09,264.4,25.118,389.407,33.099597,3482465.318,27859.722542,1773.0,265.95,82458.161,34632.42778,28628.021,12023.768784,4675.5,1402.65,0.0,0.0,216073.01917599997,76184.51910599999,292257.53828200005,4870.958971366667,162.27514618656306,494.5136011539764,544.2412258510243,613.986424962185,25.118,292257.538281,3600000.0,3600000.0,busy__s09__no_rate_limit,no_rate_limit,ablation,,,True,
secure,busy,9,3600.0,18b976eee469557d,True,synthetic_distribution,False,disable_replay_protection,1801,1801,1471,0,128466.171,0.0356850475,644,10.733333333333333,644,10.733333333333333,591,525,661,484,358,0.7396694214876033,0.2603305785123967,0.35690006798096535,358,653.2974999999964,254.68299999996088,849.4355635883885,1839.986900000002,2481.865900000044,3949.000240000189,122.18100000009872,4395.39000000013,644,201.1931723602533,168.70500000019092,55.34708979664063,272.2694999999832,278.61355000003243,290.15594999999973,121.18100000009872,299.4809999996796,644,202.1931723602533,169.70500000019092,55.34708979664063,273.2694999999832,279.61355000003243,291.15594999999973,122.18100000009872,300.4809999996796,0,1362.0,80.0,109.0,250.0,0.9445214979195562,0.9259007477906186,0.9351184346035014,0.24242424242424243,0.07409925220938138,0.9258698940998488,0.0,525,67,72,0.8868243243243243,0.8793969849246231,0.8830950378469302,0.8883248730964467,0.8451566164154104,0.09703861462737709,0.173063829787234,0.5543478260869565,0.44565217391304346,,,not_computed_no_bbox_data,1,0,1.0,0,0,0,0.0,0,0,0,661,17,644,15,,,0,0.025718608169440244,0.024509803921568627,0.025718608169440244,0.0,,,0.4,2,0,0,15,0,0,750.0,644,0.6589451863354037,0.6297,0.1274432396761653,0.8312700000000001,0.8929100000000001,1.0200720000000005,0.5002,1.2418,644,0.0,0.0,0.0,0.0,0.0,0.0,0.0,0.0,644,0,0,0,0,0.0,0.0,3597510.24,215850.614379,1801.0,162.09,264.4,25.118,424.36,36.07063,3471533.827,27772.270615,1932.0,289.8,89981.586,37792.266002,31433.087,13201.896701,5119.5,1535.85,0.0,0.0,216073.893009,80592.083318,296665.976327,4944.432938783333,164.72291856024432,460.6614539239131,501.9728871861252,565.0780501466667,25.118,296665.976326,3600000.0,3600000.0,busy__s09__no_replay_protection,no_replay_protection,ablation,,,True,
secure,busy,9,3600.0,18b976eee469557d,True,synthetic_distribution,False,disable_security,1801,1801,1471,0,132054.609,0.036681835833333336,661,11.016666666666667,661,11.016666666666667,605,538,661,484,364,0.7520661157024794,0.2479338842975206,0.36573759347382734,364,685.1191675824188,254.65949999995064,897.5958705653564,1950.854499999946,2549.05384999985,4008.656640000169,121.78099999995902,4394.989999999758,661,201.0928865355553,168.47999999998137,55.340970036345766,271.7960000000894,277.76900000008754,289.64800000005636,120.78099999995902,299.08099999977276,661,202.0928865355553,169.47999999998137,55.340970036345766,272.7960000000894,278.76900000008754,290.64800000005636,121.78099999995902,300.08099999977276,0,1362.0,80.0,109.0,250.0,0.9445214979195562,0.9259007477906186,0.9351184346035014,0.24242424242424243,0.07409925220938138,0.9258698940998488,0.0,538,68,74,0.8877887788778878,0.8790849673202614,0.883415435139573,0.8892561983471075,0.8443369281045752,0.09738995271280479,0.17675714285714283,0.5521936459909228,0.44780635400907715,,,not_computed_no_bbox_data,1,0,1.0,0,0,0,0.0,0,0,0,0,0,0,0,,,0,,,,,,,0.0,0,0,0,0,0,0,750.0,661,0.6599549167927382,0.6296,0.12883859291777036,0.8335,0.9031,1.02566,0.5002,1.2418,661,0.0,0.0,0.0,0.0,0.0,0.0,0.0,0.0,661,0,0,0,0,0.0,0.0,3597762.77,215865.766205,1801.0,162.09,0.0,0.0,436.23,37.079543,3467945.39,27743.563118,1983.0,297.45,92383.664,38801.138687,32442.447,13625.8276,5245.5,1573.65,0.0,0.0,216064.935748,82041.629405,298106.565153,4968.4427525500005,165.5228013064964,450.9932907004539,492.73812421983473,554.1014222174721,0.0,298106.565153,3600000.0,3600000.001,busy__s09__no_security,no_security,ablation,,,True,
always_on,busy,10,3600.0,f5431d9a5afac92d,True,synthetic_distribution,False,,1568,1568,1253,0,3600000.0,1.0,1,0.016666666666666666,1560,26.0,1227,1130,0,409,402,0.9828850855745721,0.017114914425427896,0.9018355945730248,402,415.33094527363585,320.8024999999907,363.4196794983369,518.7132999997706,1238.241749999695,1746.82351000025,139.24200000008568,3820.5340000004508,0,,,,,,,,,1560,320.17941153846454,310.4629999999888,100.81200072519059,450.4504000000656,492.0610000000204,595.4566200001098,137.93800000008196,948.3450000002049,0,,,,,,,,,,,,1130,101,123,0.9179528838342811,0.9018355945730248,0.9098228663446055,0.9209453952730237,0.8314686352753391,0.11299666736217101,0.1538110749185668,0.5403846153846154,0.4596153846153846,,,not_computed_no_bbox_data,4,0,4.0,16550,228,0,,0,0,0,0,0,0,0,,,0,,,,,,,0.0,0,0,0,0,0,0,,0,,,,,,,,,0,,,,,,,,,0,0,0,0,0,3600000.0,18000.0,0.0,0.0,0.0,0.0,0.0,0.0,0.0,0.0,0.0,0.0,0.0,0.0,2542584.111,1067885.326789,945638.889,397168.333211,111777.0,33533.1,0.0,0.0,18000.0,1498586.7600000002,1516586.7600000002,25276.446000000004,967.2109438775511,,1236.0120293398536,1342.1121769911506,0.0,1516586.76,3600000.0,3600000.0,busy__s10__always_on,always_on,ablation,,,True,
secure,busy,10,3600.0,f5431d9a5afac92d,True,synthetic_distribution,False,,1568,1568,1253,0,102633.45499999999,0.02850929305555555,519,8.65,519,8.65,474,447,567,409,317,0.7750611246943765,0.2249388753056235,0.3567438148443735,317,638.4726561514252,248.9409999998752,993.3102891364671,2143.7052000000394,2735.420999999902,4270.620560000069,135.48800000012852,6851.827000000048,519,199.46390173410654,164.80400000000373,56.32228427529575,273.1512000001967,280.4629999998491,293.050400000224,127.85100000002421,310.8889999999665,519,200.46407514451087,165.80400000000373,56.32253431022376,274.1512000001967,281.4719999998342,294.050400000224,128.85100000002421,311.8889999999665,0,1130.0,67.0,123.0,248.0,0.9440267335004177,0.9018355945730248,0.9224489795918366,0.2126984126984127,0.09816440542697526,0.9312169312169312,0.0,447,27,34,0.9430379746835443,0.9293139293139293,0.9361256544502619,0.9430379746835443,0.837802079002079,0.10748830147510044,0.14778157894736837,0.5780346820809249,0.42196531791907516,,,not_computed_no_bbox_data,0,0,0.0,0,0,0,0.0,0,0,0,567,48,519,47,,,0,0.08465608465608465,0.08901515151515152,0.08465608465608465,0.0,,,0.4,2,1,35,10,0,0,602.0,519,0.6529541425818882,0.6353,0.10969824008430368,0.79962,0.8526999999999997,0.971766,0.5003,1.0881,519,0.0,0.0,0.0,0.0,0.0,0.0,0.0,0.0,519,0,0,0,0,0.0,0.0,3597866.315,215871.978912,1568.0,141.12,226.8,21.546,338.885,28.805208,3497366.554,27978.932431,1557.0,233.55,72735.305,30548.828274,24216.141,10170.779097,4125.0,1237.5,0.0,0.0,216063.45012,70169.589802,286233.039922,4770.550665366667,182.54658158290817,551.5087474412331,603.8671728312237,640.3423711901567,21.546,286233.039922,3599999.9999999995,3600000.0,busy__s10__full_secure,full_secure,ablation,,,True,
secure,busy,10,3600.0,f5431d9a5afac92d,True,synthetic_distribution,False,disable_adaptive_trigger,1568,1568,1253,0,102991.102,0.028608639444444445,523,8.716666666666667,523,8.716666666666667,478,452,573,409,320,0.78239608801956,0.21760391198044005,0.3607342378292099,320,607.7383000000078,248.24049999995623,902.3611361071177,1868.1139000000262,2603.351000000141,3858.216589999881,135.48800000012852,6851.827000000048,523,198.63488527725056,164.11200000019744,56.24675209849487,273.1907999999821,280.392300000065,292.97160000021563,127.85100000002421,310.8889999999665,523,199.63505736138032,165.11200000019744,56.24700309182521,274.1907999999821,281.4732999999309,293.97160000021563,128.85100000002421,311.8889999999665,0,1153.0,71.0,100.0,244.0,0.9419934640522876,0.9201915403032721,0.9309648768671781,0.2253968253968254,0.07980845969672785,0.9301919720767888,0.0,452,26,33,0.9456066945606695,0.931958762886598,0.9387331256490136,0.9456066945606695,0.8390501030927835,0.10688162286757968,0.15136052631578945,0.5850860420650096,0.4149139579349904,,,not_computed_no_bbox_data,0,0,0.0,0,0,0,0.0,0,0,0,573,50,523,48,,,0,0.08726003490401396,0.0900562851782364,0.08726003490401396,0.0,,,0.4,1,1,36,12,0,0,620.0,523,0.6527091778202677,0.6353,0.10943833981799823,0.79968,0.85137,0.971714,0.5003,1.0881,523,0.0,0.0,0.0,0.0,0.0,0.0,0.0,0.0,523,0,0,0,0,0.0,0.0,3597861.432,215871.685891,1568.0,141.12,229.2,21.774,341.368,29.01632,3497008.907,27976.071255,1569.0,235.35,73275.774,30775.825132,23985.319,10073.834007,4161.0,1248.3,0.0,0.0,216063.596211,70309.380394,286372.97660500003,4772.882943416667,182.6358269164541,547.5582726673041,599.1066456171549,633.568532311947,21.774,286372.976605,3600000.0,3600000.0000000005,busy__s10__no_adaptive_trigger,no_adaptive_trigger,ablation,,,True,
secure,busy,10,3600.0,f5431d9a5afac92d,True,synthetic_distribution,False,disable_burst_detection,1568,1568,1253,0,104525.27900000001,0.029034799722222226,528,8.8,528,8.8,482,455,567,409,319,0.7799511002444988,0.22004889975550124,0.36312849162011174,319,635.818313479629,248.9409999998752,958.0673795288855,2185.180000000121,2828.8701000000087,3984.4599199999966,135.48800000012852,6851.827000000048,528,199.67622159091127,164.98600000000442,56.27458839074025,273.15780000016093,280.4684999999823,292.8731000002055,127.85100000002421,310.8889999999665,528,200.67639204545642,165.98600000000442,56.274833719604636,274.15780000016093,281.52699999988545,293.8731000002055,128.85100000002421,311.8889999999665,0,1130.0,67.0,123.0,248.0,0.9440267335004177,0.9018355945730248,0.9224489795918366,0.2126984126984127,0.09816440542697526,0.9312169312169312,0.0,455,27,34,0.9439834024896265,0.9304703476482618,0.9371781668383111,0.9439834024896265,0.8378744376278119,0.10718140121941526,0.15076923076923074,0.5757575757575758,0.42424242424242425,,,not_computed_no_bbox_data,0,0,0.0,0,0,0,0.0,0,0,0,567,39,528,39,,,0,0.06878306878306878,0.07386363636363637,0.06878306878306878,0.0,,,0.4,3,1,35,0,0,0,602.0,528,0.653346590909091,0.6347499999999999,0.11034991691401087,0.7997299999999999,0.8592999999999997,0.971649,0.5003,1.0881,528,0.0,0.0,0.0,0.0,0.0,0.0,0.0,0.0,528,0,0,0,0,0.0,0.0,3597860.231,215871.613886,1568.0,141.12,226.8,21.546,344.969,29.322329,3495474.731,27963.79785,1584.0,237.6,73976.546,31070.149135,24770.723,10403.703749,4194.0,1258.2,0.0,0.0,216063.602215,70933.450734,286997.052949,4783.284215816666,183.03383478890305,543.5550245246212,595.4295704336099,630.7627537340659,21.546,286997.052948,3600000.0,3600000.0000000005,busy__s10__no_burst_detection,no_burst_detection,ablation,,,True,
secure,busy,10,3600.0,f5431d9a5afac92d,True,synthetic_distribution,False,disable_consistency_check,1568,1568,1253,0,102633.45499999999,0.02850929305555555,519,8.65,519,8.65,474,447,567,409,317,0.7750611246943765,0.2249388753056235,0.3567438148443735,317,638.4726561514252,248.9409999998752,993.3102891364671,2143.7052000000394,2735.420999999902,4270.620560000069,135.48800000012852,6851.827000000048,519,199.46390173410654,164.80400000000373,56.32228427529575,273.1512000001967,280.4629999998491,293.050400000224,127.85100000002421,310.8889999999665,519,200.46407514451087,165.80400000000373,56.32253431022376,274.1512000001967,281.4719999998342,294.050400000224,128.85100000002421,311.8889999999665,0,1130.0,67.0,123.0,248.0,0.9440267335004177,0.9018355945730248,0.9224489795918366,0.2126984126984127,0.09816440542697526,0.9312169312169312,0.0,447,27,34,0.9430379746835443,0.9293139293139293,0.9361256544502619,0.9430379746835443,0.837802079002079,0.10748830147510044,0.14778157894736837,0.5780346820809249,0.42196531791907516,,,not_computed_no_bbox_data,0,0,0.0,0,0,0,0.0,0,0,0,567,48,519,47,,,0,0.08465608465608465,0.08901515151515152,0.08465608465608465,0.0,,,0.4,2,1,35,10,0,0,602.0,519,0.6529541425818882,0.6353,0.10969824008430368,0.79962,0.8526999999999997,0.971766,0.5003,1.0881,519,0.0,0.0,0.0,0.0,0.0,0.0,0.0,0.0,519,0,0,0,0,0.0,0.0,3597866.315,215871.978912,1568.0,141.12,226.8,21.546,338.885,28.805208,3497366.554,27978.932431,1557.0,233.55,72735.305,30548.828274,24216.141,10170.779097,4125.0,1237.5,0.0,0.0,216063.45012,70169.589802,286233.039922,4770.550665366667,182.54658158290817,551.5087474412331,603.8671728312237,640.3423711901567,21.546,286233.039922,3599999.9999999995,3600000.0,busy__s10__no_consistency_check,no_consistency_check,ablation,,,True,
secure,busy,10,3600.0,f5431d9a5afac92d,True,synthetic_distribution,False,disable_cooldown,1568,1568,1253,0,153932.941,0.042759150277777776,729,12.15,770,12.833333333333334,712,664,1197,409,313,0.7652811735941321,0.23471882640586794,0.529928172386273,313,432.63192971246616,243.3000000002794,636.9394739584887,1177.4656000000193,1682.9508000001483,2825.055359999984,135.0690000001341,5258.901999999769,770,207.61585064935332,170.87349999995786,64.29646855222784,279.56160000010857,288.68910000007014,377.67791999994273,124.34200000017881,612.2459999999846,770,208.6187233766258,171.87349999995786,64.30477192929223,280.56160000010857,289.68910000007014,379.33573999993456,125.34200000017881,613.2459999999846,0,1130.0,67.0,123.0,248.0,0.9440267335004177,0.9018355945730248,0.9224489795918366,0.2126984126984127,0.09816440542697526,0.9440267335004177,0.0,664,48,62,0.9325842696629213,0.9146005509641874,0.9235048678720446,0.9325842696629213,0.8340487603305784,0.10842838051870633,0.14317954545454545,0.5584415584415584,0.44155844155844154,,,not_computed_no_bbox_data,0,0,0.0,0,0,0,0.0,0,0,0,1197,427,770,404,,,0,0.3567251461988304,0.35752212389380533,0.3567251461988304,0.0,,,0.4,278,2,112,35,0,0,0.0,770,0.6590811688311689,0.6422,0.1105962973355246,0.804,0.8555749999999998,0.9945339999999999,0.5002,1.0812,770,5.9836285714285715,0.0,31.989611953873254,0.0,8.988099999999935,189.83213999999919,0.0,345.166,770,0,0,0,0,0.0,0.0,3597445.706,215846.742368,1568.0,141.12,478.8,45.486,507.494,43.136979,3446067.061,27568.536485,2187.0,328.05,108009.85,45364.137022,37620.589,15800.647508,6115.5,1834.65,0.0,0.0,216076.485347,90896.02101499999,306972.5063620001,5116.208439366668,195.7732821186225,398.6655926779222,431.1411606207866,462.30799150903624,45.486,306972.506362,3599999.9999999995,3600000.0000000005,busy__s10__no_cooldown,no_cooldown,ablation,,,True,
secure,busy,10,3600.0,f5431d9a5afac92d,True,synthetic_distribution,False,disable_early_exit,1568,1568,1253,0,135658.072,0.03768279777777778,519,8.65,519,8.65,474,447,567,409,313,0.7652811735941321,0.23471882640586794,0.3567438148443735,313,700.4293833865737,268.9940000001807,983.0181739591376,2062.5491999999185,2864.854799999947,4379.797880000032,234.27000000001863,6851.827000000048,519,263.09515414257703,261.81400000001304,13.796370860983343,280.6643999999389,286.484300000011,302.58453999992696,229.4340000001248,310.8889999999665,519,264.09532755298136,262.81400000001304,13.796590260891348,281.6643999999389,287.484300000011,303.58453999992696,230.4340000001248,311.8889999999665,0,1130.0,67.0,123.0,248.0,0.9440267335004177,0.9018355945730248,0.9224489795918366,0.2126984126984127,0.09816440542697526,0.9312169312169312,0.0,447,27,34,0.9430379746835443,0.9293139293139293,0.9361256544502619,0.9430379746835443,0.8594501039501039,0.11906038456121404,0.13803684210526315,0.0,1.0,,,not_computed_no_bbox_data,0,0,0.0,0,0,0,0.0,0,0,0,567,48,519,47,,,0,0.08465608465608465,0.08901515151515152,0.08465608465608465,0.0,,,0.4,2,1,35,10,0,0,602.0,519,0.6529541425818882,0.6353,0.10969824008430368,0.79962,0.8526999999999997,0.971766,0.5003,1.0881,519,0.0,0.0,0.0,0.0,0.0,0.0,0.0,0.0,519,0,0,0,0,0.0,0.0,3597866.315,215871.978912,1568.0,141.12,226.8,21.546,338.885,28.805208,3464341.938,27714.735504,1557.0,233.55,72735.305,30548.828274,57245.257,24043.007756,4120.5,1236.15,0.0,0.0,216063.45012,83776.271534,299839.721654,4997.328694233333,191.22431227933674,577.7258606050096,632.5732524345991,670.782375064877,21.546,299839.721655,3599999.9999999995,3600000.0000000005,busy__s10__no_early_exit,no_early_exit,ablation,,,True,
secure,busy,10,3600.0,f5431d9a5afac92d,True,synthetic_distribution,False,disable_rate_limit,1568,1568,1253,0,102947.731,0.028596591944444444,521,8.683333333333334,521,8.683333333333334,476,449,567,409,319,0.7799511002444988,0.22004889975550124,0.3583399840383081,319,639.1940438871529,249.38100000005215,990.2348502628929,2130.7966000000356,2724.9174999998845,4263.8948800000735,135.48800000012852,6851.827000000048,521,199.30746449136524,164.74100000003818,56.271651670695235,273.1380000002682,280.4619999998249,293.0110000002197,127.85100000002421,310.8889999999665,521,200.30763723608666,165.74100000003818,56.27190144922396,274.1380000002682,281.4619999998249,294.0110000002197,128.85100000002421,311.8889999999665,0,1130.0,67.0,123.0,248.0,0.9440267335004177,0.9018355945730248,0.9224489795918366,0.2126984126984127,0.09816440542697526,0.9312169312169312,0.0,449,27,34,0.9432773109243697,0.9296066252587992,0.9363920750782064,0.9432773109243697,0.8379422360248446,0.10733084402741423,0.14778157894736837,0.5796545105566219,0.42034548944337813,,,not_computed_no_bbox_data,0,0,0.0,0,0,0,0.0,0,0,0,567,46,521,45,,,0,0.08112874779541446,0.08522727272727272,0.08112874779541446,0.0,,,0.4,0,1,35,10,0,0,602.0,521,0.6528690978886756,0.6353,0.10953012785808162,0.7996,0.8515,0.9717399999999999,0.5003,1.0881,521,0.0,0.0,0.0,0.0,0.0,0.0,0.0,0.0,521,0,0,0,0,0.0,0.0,3597865.054,215871.903212,1568.0,141.12,226.8,21.546,340.146,28.912449,3497052.278,27976.418222,1563.0,234.45,73027.082,30671.374261,24216.141,10170.779097,4141.5,1242.45,0.0,0.0,216063.481661,70295.47158,286358.953241,4772.649220683334,182.6268834445153,549.6333075642995,601.5944395819328,637.7704971959911,21.546,286358.953241,3600000.0,3600000.0009999997,busy__s10__no_rate_limit,no_rate_limit,ablation,,,True,
secure,busy,10,3600.0,f5431d9a5afac92d,True,synthetic_distribution,False,disable_replay_protection,1568,1568,1253,0,109444.46399999999,0.03040124,552,9.2,552,9.2,508,479,567,409,327,0.7995110024449877,0.20048899755501226,0.3822825219473264,327,644.2816177370046,252.02399999997579,943.7599861335044,2019.7641999997254,2569.4044999998755,3926.6426400000346,135.48800000012852,6851.827000000048,552,199.9814909420282,165.47650000007707,56.240571736330686,273.1214000002481,279.6057000000845,292.4003000001563,127.85100000002421,310.8889999999665,552,200.98165398550617,166.47650000007707,56.24080563472924,274.1214000002481,280.6057000000845,293.4003000001563,128.85100000002421,311.8889999999665,0,1130.0,67.0,123.0,248.0,0.9440267335004177,0.9018355945730248,0.9224489795918366,0.2126984126984127,0.09816440542697526,0.9312169312169312,0.0,479,29,36,0.9429133858267716,0.9300970873786408,0.9364613880742914,0.9429133858267716,0.8372728155339807,0.10646183035165177,0.14862162162162162,0.5742753623188406,0.4257246376811594,,,not_computed_no_bbox_data,0,0,0.0,0,0,0,0.0,0,0,0,567,15,552,13,,,0,0.026455026455026454,0.02462121212121212,0.026455026455026454,0.0,,,0.4,5,0,0,10,0,0,602.0,552,0.6538947463768116,0.6373,0.1115127946299381,0.80169,0.8657499999999997,0.9780500000000001,0.5003,1.0881,552,0.0,0.0,0.0,0.0,0.0,0.0,0.0,0.0,552,0,0,0,0,0.0,0.0,3597844.249,215870.654914,1568.0,141.12,226.8,21.546,360.951,30.680872,3490555.545,27924.444362,1656.0,248.4,77426.601,32519.172541,25959.353,10902.928438,4402.5,1320.75,0.0,0.0,216064.001786,72915.695341,288979.69712699996,4816.328285449999,184.29827622895405,523.5139440706521,568.8576715098425,603.2979063194153,21.546,288979.697127,3599999.9999999995,3599999.999,busy__s10__no_replay_protection,no_replay_protection,ablation,,,True,
secure,busy,10,3600.0,f5431d9a5afac92d,True,synthetic_distribution,False,disable_security,1568,1568,1253,0,112361.432,0.03121150888888889,567,9.45,567,9.45,521,491,567,409,333,0.8141809290953546,0.18581907090464544,0.39185953711093374,333,650.9753783783702,251.85000000009313,910.48737981962,2117.3120000001045,2589.5902000000697,3898.1404000000925,135.08799999998882,6851.427000000142,567,199.47985537918487,164.76800000001094,56.16740196966643,272.63840000024067,279.23719999992755,291.7048000000604,127.45099999988452,310.4890000000596,567,200.48001410934336,165.76800000001094,56.16763025371836,273.63840000024067,280.23719999992755,292.7048000000604,128.45099999988452,311.4890000000596,0,1130.0,67.0,123.0,248.0,0.9440267335004177,0.9018355945730248,0.9224489795918366,0.2126984126984127,0.09816440542697526,0.9312169312169312,0.0,491,30,37,0.9424184261036468,0.9299242424242424,0.9361296472831268,0.9424184261036468,0.8378138257575758,0.10585931257551266,0.15076923076923074,0.5749559082892416,0.42504409171075835,,,not_computed_no_bbox_data,0,0,0.0,0,0,0,0.0,0,0,0,0,0,0,0,,,0,,,,,,,0.0,0,0,0,0,0,0,602.0,567,0.6539700176366844,0.6364,0.11155910625228617,0.8028200000000001,0.8669999999999997,0.9773000000000002,0.5003,1.0881,567,0.0,0.0,0.0,0.0,0.0,0.0,0.0,0.0,567,0,0,0,0,0.0,0.0,3598061.197,215883.671848,1568.0,141.12,0.0,0.0,370.803,31.518216,3487638.578,27901.108627,1701.0,255.15,79517.884,33397.511188,26621.538,11181.045889,4521.0,1356.3,0.0,0.0,216056.310064,74091.11570400001,290147.42576799996,4835.790429466666,185.04300112755098,511.72385497001756,556.9048479232245,590.9316207087576,0.0,290147.425768,3600000.0,3600000.0000000005,busy__s10__no_security,no_security,ablation,,,True,
always_on,mixed,1,3600.0,56179480c0340cdc,True,synthetic_distribution,False,,695,278,218,417,3600000.0,1.0,1,0.016666666666666666,547,9.116666666666667,211,181,0,75,73,0.9733333333333334,0.026666666666666616,0.8302752293577982,73,456.6916301369885,302.3400000000838,492.09875441378165,894.9303999999072,1468.0756000000047,2249.723759999901,165.30899999999383,3398.7660000000615,0,,,,,,,,,547,310.6017221206457,304.56099999998696,88.98264259757683,434.13119999996854,467.4587000000288,517.6864199999812,133.80400000000373,609.9139999999898,0,,,,,,,,,,,,181,32,36,0.8497652582159625,0.8341013824884793,0.8418604651162791,0.8578199052132701,0.8280493087557602,0.11827994809859005,0.16772033898305086,0.4606946983546618,0.5393053016453382,,,not_computed_no_bbox_data,50,48,50.0,17566,201,417,,0,0,0,0,0,0,0,,0.6498800959232613,271,,,,,,,0.0,0,0,0,0,0,0,,0,,,,,,,,,0,,,,,,,,,0,0,0,0,0,3600000.0,18000.0,0.0,0.0,0.0,0.0,0.0,0.0,0.0,0.0,0.0,0.0,0.0,0.0,2544098.06,1068521.185335,946265.44,397431.484665,109636.5,32890.95,0.0,0.0,18000.0,1498843.6199999999,1516843.6199999999,25280.727,2182.5088057553953,,7188.832322274881,8380.351491712707,0.0,1516843.62,3600000.0,3600000.0,mixed__s01__always_on,always_on,ablation,,,True,
secure,mixed,1,3600.0,56179480c0340cdc,True,synthetic_distribution,False,,695,278,218,417,26107.346999999998,0.007252040833333332,134,2.2333333333333334,134,2.2333333333333334,94,80,199,75,56,0.7466666666666667,0.2533333333333333,0.3669724770642202,56,550.8839285714554,179.6754999998957,802.3149319366321,1787.4814999999944,2200.0839999999152,3184.472349999965,136.82600000011735,3892.6650000000373,134,196.5597089552212,166.1119999999646,53.979852486923434,269.9744000000181,277.440150000155,290.13479999977045,125.93399999989197,291.75399999995716,134,197.5597089552212,167.1119999999646,53.979852486923434,270.9744000000181,278.440150000155,291.13479999977045,126.93399999989197,292.75399999995716,0,203.0,343.0,15.0,134.0,0.3717948717948718,0.9311926605504587,0.5314136125654452,0.7190775681341719,0.06880733944954129,0.5125628140703518,328.0,80,14,17,0.851063829787234,0.8247422680412371,0.8376963350785339,0.851063829787234,0.8395556701030927,0.11390068313472355,0.15771538461538462,0.6044776119402985,0.39552238805970147,,,not_computed_no_bbox_data,12,12,12.0,0,0,417,84.0,84,60,24,115,5,110,5,0.7142857142857143,0.05755395683453238,24,0.043478260869565216,0.049019607843137254,0.32663316582914576,0.9230769230769231,0.7142857142857143,0.8053691275167787,0.4,0,9,1,18,37,0,101.0,134,0.6548731343283584,0.6367,0.12202862302230023,0.8270200000000001,0.8453999999999999,1.0113149999999984,0.5016,1.1631,134,0.0,0.0,0.0,0.0,0.0,0.0,0.0,0.0,134,0,0,0,0,0.0,0.0,3599137.647,215948.258812,695.0,62.55,79.6,7.562,87.753,7.459016,3573892.651,28591.141206,402.0,60.3,18818.188,7903.638839,5867.162,2464.207855,1020.0,306.0,0.0,0.0,216025.829828,39325.2879,255351.11772799998,4255.8519621333335,367.4116801841726,1905.6053561791043,2716.5012524255317,3191.8889716,7.562,255351.117728,3600000.0,3600000.001,mixed__s01__full_secure,full_secure,ablation,,,True,
secure,mixed,1,3600.0,56179480c0340cdc,True,synthetic_distribution,False,disable_adaptive_trigger,695,278,218,417,26107.346999999998,0.007252040833333332,134,2.2333333333333334,134,2.2333333333333334,94,80,199,75,56,0.7466666666666667,0.2533333333333333,0.3669724770642202,56,550.8839285714554,179.6754999998957,802.3149319366321,1787.4814999999944,2200.0839999999152,3184.472349999965,136.82600000011735,3892.6650000000373,134,196.5597089552212,166.1119999999646,53.979852486923434,269.9744000000181,277.440150000155,290.13479999977045,125.93399999989197,291.75399999995716,134,197.5597089552212,167.1119999999646,53.979852486923434,270.9744000000181,278.440150000155,291.13479999977045,126.93399999989197,292.75399999995716,0,203.0,343.0,15.0,134.0,0.3717948717948718,0.9311926605504587,0.5314136125654452,0.7190775681341719,0.06880733944954129,0.5125628140703518,328.0,80,14,17,0.851063829787234,0.8247422680412371,0.8376963350785339,0.851063829787234,0.8395556701030927,0.11390068313472355,0.15771538461538462,0.6044776119402985,0.39552238805970147,,,not_computed_no_bbox_data,12,12,12.0,0,0,417,84.0,84,60,24,115,5,110,5,0.7142857142857143,0.05755395683453238,24,0.043478260869565216,0.049019607843137254,0.32663316582914576,0.9230769230769231,0.7142857142857143,0.8053691275167787,0.4,0,9,1,18,37,0,101.0,134,0.6548731343283584,0.6367,0.12202862302230023,0.8270200000000001,0.8453999999999999,1.0113149999999984,0.5016,1.1631,134,0.0,0.0,0.0,0.0,0.0,0.0,0.0,0.0,134,0,0,0,0,0.0,0.0,3599137.647,215948.258812,695.0,62.55,79.6,7.562,87.753,7.459016,3573892.651,28591.141206,402.0,60.3,18818.188,7903.638839,5867.162,2464.207855,1020.0,306.0,0.0,0.0,216025.829828,39325.2879,255351.11772799998,4255.8519621333335,367.4116801841726,1905.6053561791043,2716.5012524255317,3191.8889716,7.562,255351.117728,3600000.0,3600000.001,mixed__s01__no_adaptive_trigger,no_adaptive_trigger,ablation,,,True,
secure,mixed,1,3600.0,56179480c0340cdc,True,synthetic_distribution,False,disable_burst_detection,695,278,218,417,30299.877,0.0084166325,152,2.533333333333333,152,2.533333333333333,98,84,199,75,59,0.7866666666666666,0.21333333333333337,0.3853211009174312,59,565.7650169491769,180.8629999998957,792.3708511364387,1747.7917999999602,2166.219399999919,3145.8436599999595,136.82600000011735,3892.6650000000373,152,201.07086842104917,168.31000000005588,54.19946676966381,270.0448000000557,275.99185000005525,289.3895999998099,125.93399999989197,291.75399999995716,152,202.07086842104917,169.31000000005588,54.19946676966381,271.0448000000557,276.99185000005525,290.3895999998099,126.93399999989197,292.75399999995716,0,203.0,343.0,15.0,134.0,0.3717948717948718,0.9311926605504587,0.5314136125654452,0.7190775681341719,0.06880733944954129,0.5125628140703518,328.0,84,14,17,0.8571428571428571,0.8316831683168316,0.8442211055276382,0.8571428571428571,0.840749504950495,0.11275311137504133,0.15771538461538462,0.5592105263157895,0.4407894736842105,,,not_computed_no_bbox_data,13,13,13.0,0,0,417,84.0,84,46,38,115,1,114,1,0.5476190476190477,0.09112709832134293,38,0.008695652173913044,0.00980392156862745,0.23618090452261306,0.9787234042553191,0.5476190476190477,0.7022900763358778,0.4,0,9,1,0,37,0,101.0,152,0.6530835526315789,0.6353500000000001,0.11818305278720453,0.82425,0.84268,0.990705000000001,0.5016,1.1631,152,0.0,0.0,0.0,0.0,0.0,0.0,0.0,0.0,152,0,0,0,0,0.0,0.0,3599126.131,215947.567868,695.0,62.55,79.6,7.562,99.269,8.437853,3569700.12,28557.600962,456.0,68.4,21316.15,8952.783174,7390.729,3104.106344,1137.0,341.1,0.0,0.0,216026.11772100002,41023.99048,257050.10820100002,4284.168470016667,369.8562707928058,1691.1191329013159,2622.9602877653065,3060.1203357261907,7.562,257050.108202,3600000.0,3599999.999,mixed__s01__no_burst_detection,no_burst_detection,ablation,,,True,
secure,mixed,1,3600.0,56179480c0340cdc,True,synthetic_distribution,False,disable_consistency_check,695,278,218,417,29482.436,0.008189565555555556,148,2.466666666666667,148,2.466666666666667,94,80,199,75,56,0.7466666666666667,0.2533333333333333,0.3669724770642202,56,550.8839285714554,179.6754999998957,802.3149319366321,1787.4814999999944,2200.0839999999152,3184.472349999965,136.82600000011735,3892.6650000000373,148,200.93498648648705,168.31000000005588,54.64751464596503,270.9102000002516,277.7608500001952,289.5551999998011,125.93399999989197,291.75399999995716,148,201.93498648648705,169.31000000005588,54.64751464596503,271.9102000002516,278.7608500001952,290.5551999998011,126.93399999989197,292.75399999995716,0,203.0,343.0,15.0,134.0,0.3717948717948718,0.9311926605504587,0.5314136125654452,0.7190775681341719,0.06880733944954129,0.5125628140703518,328.0,80,14,17,0.851063829787234,0.8247422680412371,0.8376963350785339,0.851063829787234,0.8395556701030927,0.11390068313472355,0.15771538461538462,0.5608108108108109,0.4391891891891892,,,not_computed_no_bbox_data,13,13,13.0,0,0,417,84.0,84,46,38,115,5,110,5,0.5476190476190477,0.09112709832134293,38,0.043478260869565216,0.049019607843137254,0.2562814070351759,0.9019607843137255,0.5476190476190477,0.6814814814814815,0.4,0,9,1,41,0,0,101.0,148,0.6553155405405405,0.6389,0.11881341097534817,0.8252700000000001,0.84316,0.9952850000000001,0.5016,1.1631,148,0.0,0.0,0.0,0.0,0.0,0.0,0.0,0.0,148,0,0,0,0,0.0,0.0,3599128.413,215947.704784,695.0,62.55,79.6,7.562,96.987,8.24389,3570517.561,28564.140484,444.0,66.6,20776.962,8726.32416,7155.977,3005.510417,1105.5,331.65,0.0,0.0,216026.060674,40694.225061,256720.285735,4278.671428916667,369.3817060935252,1734.5965252364865,2731.0668695212767,3209.0035716875,7.562,256720.285735,3600000.0000000005,3600000.0,mixed__s01__no_consistency_check,no_consistency_check,ablation,,,True,
secure,mixed,1,3600.0,56179480c0340cdc,True,synthetic_distribution,False,disable_cooldown,695,278,218,417,47678.936,0.013244148888888889,228,3.8,240,4.0,164,139,546,75,67,0.8933333333333333,0.10666666666666669,0.6376146788990825,67,441.0931492537637,177.6060000001453,591.9883613442285,1261.4480000000447,1701.0897999999577,2535.767479999945,136.82600000011735,3361.408999999985,240,205.60579999999234,171.18250000022817,61.200627112039584,275.70609999995213,287.55724999991355,365.79116999993255,127.64199999999255,453.32299999985844,240,206.60579999999234,172.18250000022817,61.200627112039584,276.70609999995213,288.55724999991355,366.79116999993255,128.64199999999255,454.32299999985844,0,203.0,343.0,15.0,134.0,0.3717948717948718,0.9311926605504587,0.5314136125654452,0.7190775681341719,0.06880733944954129,0.3717948717948718,328.0,139,25,30,0.8475609756097561,0.8224852071005917,0.8348348348348348,0.8475609756097561,0.8334236686390533,0.11263771479217709,0.16011333333333333,0.5708333333333333,0.42916666666666664,,,not_computed_no_bbox_data,21,21,21.0,0,0,417,328.0,328,272,56,218,34,184,34,0.8292682926829268,0.1342925659472422,56,0.1559633027522936,0.16748768472906403,0.5604395604395604,0.8888888888888888,0.8292682926829268,0.8580441640378549,0.4,6,17,17,89,177,0,0.0,240,0.6620512499999999,0.64005,0.12383104800619998,0.8360299999999999,0.88311,1.0317449999999992,0.5009,1.1631,240,5.2164874999999995,0.0,26.904142411288127,0.0,0.22729999999992248,161.23710999999994,0.0,214.629,240,0,0,0,0,0.0,0.0,3598927.708,215935.66246,695.0,62.55,218.4,20.748,158.892,13.505849,3552321.063,28418.568503,684.0,102.6,33788.452,14191.149658,11383.986,4781.273924,1822.5,546.75,0.0,0.0,216032.46630899998,48040.342085,264072.808394,4401.213473233333,379.96087538705035,1100.3033683083333,1610.2000511829267,1899.8043769352516,20.748,264072.808394,3600000.0,3600000.001,mixed__s01__no_cooldown,no_cooldown,ablation,,,True,
secure,mixed,1,3600.0,56179480c0340cdc,True,synthetic_distribution,False,disable_early_exit,695,278,218,417,35123.049,0.0097564025,134,2.2333333333333334,134,2.2333333333333334,94,85,199,75,58,0.7733333333333333,0.22666666666666668,0.38990825688073394,58,592.5629827586343,271.4584999999497,802.1621038924781,1796.5464999999629,2250.5450499999797,3350.60910999994,230.82700000004843,4338.918999999994,134,263.8410970149175,264.14899999993213,15.13060997824265,283.23889999990354,287.3031499998935,299.665950000016,227.4179999998305,310.8969999998808,134,264.8410970149175,265.14899999993213,15.13060997824265,284.23889999990354,288.3031499998935,300.665950000016,228.4179999998305,311.8969999998808,0,203.0,343.0,15.0,134.0,0.3717948717948718,0.9311926605504587,0.5314136125654452,0.7190775681341719,0.06880733944954129,0.5125628140703518,328.0,85,9,12,0.9042553191489362,0.8762886597938144,0.8900523560209425,0.9042553191489362,0.857939175257732,0.12602374987535503,0.15439230769230772,0.0,1.0,,,not_computed_no_bbox_data,12,12,12.0,0,0,417,84.0,84,60,24,115,5,110,5,0.7142857142857143,0.05755395683453238,24,0.043478260869565216,0.049019607843137254,0.32663316582914576,0.9230769230769231,0.7142857142857143,0.8053691275167787,0.4,0,9,1,18,37,0,101.0,134,0.6548731343283584,0.6367,0.12202862302230023,0.8270200000000001,0.8453999999999999,1.0113149999999984,0.5016,1.1631,134,0.0,0.0,0.0,0.0,0.0,0.0,0.0,0.0,134,0,0,0,0,0.0,0.0,3599137.647,215948.258812,695.0,62.55,79.6,7.562,87.753,7.459016,3564876.949,28519.015593,402.0,60.3,18818.188,7903.638839,14884.363,6251.432521,1018.5,305.55,0.0,0.0,216025.829828,43039.936953000004,259065.76678099998,4317.762779683333,372.7564989654676,1933.3266177686567,2756.018795542553,3047.8325503647056,7.562,259065.766781,3600000.0,3600000.0,mixed__s01__no_early_exit,no_early_exit,ablation,,,True,
secure,mixed,1,3600.0,56179480c0340cdc,True,synthetic_distribution,False,disable_rate_limit,695,278,218,417,26107.346999999998,0.007252040833333332,134,2.2333333333333334,134,2.2333333333333334,94,80,199,75,56,0.7466666666666667,0.2533333333333333,0.3669724770642202,56,550.8839285714554,179.6754999998957,802.3149319366321,1787.4814999999944,2200.0839999999152,3184.472349999965,136.82600000011735,3892.6650000000373,134,196.5597089552212,166.1119999999646,53.979852486923434,269.9744000000181,277.440150000155,290.13479999977045,125.93399999989197,291.75399999995716,134,197.5597089552212,167.1119999999646,53.979852486923434,270.9744000000181,278.440150000155,291.13479999977045,126.93399999989197,292.75399999995716,0,203.0,343.0,15.0,134.0,0.3717948717948718,0.9311926605504587,0.5314136125654452,0.7190775681341719,0.06880733944954129,0.5125628140703518,328.0,80,14,17,0.851063829787234,0.8247422680412371,0.8376963350785339,0.851063829787234,0.8395556701030927,0.11390068313472355,0.15771538461538462,0.6044776119402985,0.39552238805970147,,,not_computed_no_bbox_data,12,12,12.0,0,0,417,84.0,84,60,24,115,5,110,5,0.7142857142857143,0.05755395683453238,24,0.043478260869565216,0.049019607843137254,0.32663316582914576,0.9230769230769231,0.7142857142857143,0.8053691275167787,0.4,0,9,1,18,37,0,101.0,134,0.6548731343283584,0.6367,0.12202862302230023,0.8270200000000001,0.8453999999999999,1.0113149999999984,0.5016,1.1631,134,0.0,0.0,0.0,0.0,0.0,0.0,0.0,0.0,134,0,0,0,0,0.0,0.0,3599137.647,215948.258812,695.0,62.55,79.6,7.562,87.753,7.459016,3573892.651,28591.141206,402.0,60.3,18818.188,7903.638839,5867.162,2464.207855,1020.0,306.0,0.0,0.0,216025.829828,39325.2879,255351.11772799998,4255.8519621333335,367.4116801841726,1905.6053561791043,2716.5012524255317,3191.8889716,7.562,255351.117728,3600000.0,3600000.001,mixed__s01__no_rate_limit,no_rate_limit,ablation,,,True,
secure,mixed,1,3600.0,56179480c0340cdc,True,synthetic_distribution,False,disable_replay_protection,695,278,218,417,27927.289,0.007757580277777778,144,2.4,144,2.4,95,81,199,75,56,0.7466666666666667,0.2533333333333333,0.37155963302752293,56,550.8839285714554,179.6754999998957,802.3149319366321,1787.4814999999944,2200.0839999999152,3184.472349999965,136.82600000011735,3892.6650000000373,144,195.66095138888463,164.08299999998417,54.18906487273729,269.9744000000181,276.70675000008777,289.72079999979235,125.93399999989197,291.75399999995716,144,196.66095138888463,165.08299999998417,54.18906487273729,270.9744000000181,277.70675000008777,290.72079999979235,126.93399999989197,292.75399999995716,0,203.0,343.0,15.0,134.0,0.3717948717948718,0.9311926605504587,0.5314136125654452,0.7190775681341719,0.06880733944954129,0.5125628140703518,328.0,81,14,17,0.8526315789473684,0.826530612244898,0.839378238341969,0.8526315789473684,0.8379959183673469,0.11435924308080167,0.15771538461538462,0.6111111111111112,0.3888888888888889,,,not_computed_no_bbox_data,21,21,21.0,0,0,417,84.0,84,51,33,115,4,111,4,0.6071428571428571,0.07913669064748201,33,0.034782608695652174,0.0392156862745098,0.27638190954773867,0.9272727272727272,0.6071428571428571,0.7338129496402876,0.4,0,0,0,18,37,0,101.0,144,0.6522444444444444,0.6346499999999999,0.12208357665632051,0.8270200000000001,0.8473999999999999,0.9998649999999991,0.5011,1.1631,144,0.0,0.0,0.0,0.0,0.0,0.0,0.0,0.0,144,0,0,0,0,0.0,0.0,3599131.477,215947.888602,695.0,62.55,79.6,7.562,93.923,7.983481,3572072.708,28576.581662,432.0,64.8,20183.835,8477.210869,6208.957,2607.761869,1102.5,330.75,0.0,0.0,216025.984083,40057.104400000004,256083.088483,4268.051474716666,368.4648755151079,1778.3547811319445,2695.6114577157896,3161.5196109012345,7.562,256083.088482,3600000.0,3600000.0,mixed__s01__no_replay_protection,no_replay_protection,ablation,,,True,
secure,mixed,1,3600.0,56179480c0340cdc,True,synthetic_distribution,False,disable_security,695,278,218,417,40669.772,0.011297158888888888,199,3.316666666666667,199,3.316666666666667,99,85,199,75,59,0.7866666666666666,0.21333333333333337,0.38990825688073394,59,565.3650169491804,180.46299999998882,792.370851136456,1747.3917999998437,2165.819400000012,3145.4436600000527,136.42599999997765,3892.2650000001304,199,205.70047738692483,179.46299999998882,55.387831593902305,271.2277999999933,276.7728999997489,287.0438000000059,125.5339999999851,291.3540000000503,199,206.70047738692483,180.46299999998882,55.387831593902305,272.2277999999933,277.7728999997489,288.0438000000059,126.5339999999851,292.3540000000503,0,203.0,343.0,15.0,134.0,0.3717948717948718,0.9311926605504587,0.5314136125654452,0.7190775681341719,0.06880733944954129,0.5125628140703518,328.0,85,14,17,0.8585858585858586,0.8333333333333334,0.8457711442786069,0.8585858585858586,0.8392392156862746,0.11322565758701703,0.15771538461538462,0.507537688442211,0.49246231155778897,,,not_computed_no_bbox_data,23,23,23.0,0,0,417,84.0,0,0,0,0,0,0,0,,0.2014388489208633,84,,,,,,,0.0,0,0,0,0,0,0,101.0,199,0.6541633165829146,0.6342,0.12058420885550629,0.8211,0.8482799999999999,1.0496820000000002,0.5011,1.1631,199,0.0,0.0,0.0,0.0,0.0,0.0,0.0,0.0,199,0,0,0,0,0.0,0.0,3599174.821,215950.489257,695.0,62.55,0.0,0.0,130.179,11.065219,3559330.223,28474.641784,597.0,89.55,27845.081,11694.934112,10784.696,4529.572215,1443.0,432.9,0.0,0.0,216024.104476,45221.598111,261245.70258699998,4354.095043116667,375.893097247482,1312.7924753115576,2638.8454806767672,3073.4788539647056,0.0,261245.702588,3600000.0,3600000.0,mixed__s01__no_security,no_security,ablation,,,True,
always_on,mixed,2,3600.0,9aad025334b927fc,True,synthetic_distribution,False,,839,231,182,608,3600000.0,1.0,1,0.016666666666666666,655,10.916666666666666,179,166,0,55,55,1.0,0.0,0.9120879120879121,55,387.4101454545741,320.1440000003204,323.33008230310185,441.5581999999937,1183.0102000000127,1664.7310800000469,146.68999999994412,1750.4010000000708,0,,,,,,,,,655,324.9073129770989,323.04099999996834,88.42097622781628,440.76079999990765,476.7496000001205,539.6877799997828,129.32700000004843,634.8569999998435,0,,,,,,,,,,,,166,16,16,0.9120879120879121,0.9120879120879121,0.9120879120879121,0.9273743016759777,0.824151098901099,0.10672800496113773,0.18560416666666668,0.4213740458015267,0.5786259541984733,,,not_computed_no_bbox_data,117,114,117.0,17447,221,608,,0,0,0,0,0,0,0,,0.6990131578947368,425,,,,,,,0.0,0,0,0,0,0,0,,0,,,,,,,,,0,,,,,,,,,0,0,0,0,0,3600000.0,18000.0,0.0,0.0,0.0,0.0,0.0,0.0,0.0,0.0,0.0,0.0,0.0,0.0,2544387.046,1068642.559286,945921.661,397287.097485,109691.293,32907.388021,0.0,0.0,18000.0,1498837.044792,1516837.044792,25280.617413199998,1807.9106612538735,,8473.949970905027,9137.572558987951,0.0,1516837.044792,3600000.0,3600000.0,mixed__s02__always_on,always_on,ablation,,,True,
secure,mixed,2,3600.0,9aad025334b927fc,True,synthetic_distribution,False,,839,231,182,608,22655.579999999998,0.006293216666666666,111,1.85,111,1.85,74,68,211,55,44,0.8,0.19999999999999996,0.37362637362637363,44,382.03154545455726,201.15349999978207,473.57248929330893,1013.1085999999663,1232.6563999997918,2112.9164999999994,136.7949999999255,2494.692000000039,111,205.81416216216402,171.04199999989942,55.49278242956756,276.49399999994785,280.70200000004843,289.0531000002816,135.1579999999958,295.1409999999887,111,206.81416216216402,172.04199999989942,55.49278242956756,277.49399999994785,281.70200000004843,290.0531000002816,136.1579999999958,296.1409999999887,0,159.0,482.0,23.0,175.0,0.24804992199687986,0.8736263736263736,0.3863912515188335,0.7336377473363774,0.12637362637362637,0.38388625592417064,472.0,68,6,6,0.918918918918919,0.918918918918919,0.918918918918919,0.918918918918919,0.8401391891891892,0.08460868315419526,0.17025,0.5315315315315315,0.46846846846846846,,,not_computed_no_bbox_data,19,19,19.0,0,0,608,122.0,122,93,29,89,7,82,7,0.7622950819672131,0.047697368421052634,29,0.07865168539325842,0.08641975308641975,0.47393364928909953,0.93,0.7622950819672131,0.8378378378378378,0.4,0,17,4,24,55,0,78.0,111,0.6665774774774776,0.646,0.12093320822570139,0.8179,0.87085,0.9685,0.5044,1.2463,111,0.0,0.0,0.0,0.0,0.0,0.0,0.0,0.0,111,0,0,0,0,0.0,0.0,3599002.61,215940.15659,839.0,75.51,84.4,8.018,73.99,6.289164,3577344.419,28618.755351,333.0,49.95,15721.419,6602.996176,5738.662,2410.237874,862.5,258.75,0.0,0.0,216029.973754,37940.689400999996,253970.663155,4232.844385916666,302.706392318236,2288.0239923873874,3432.035988581081,3734.862693455882,8.018,253970.663155,3600000.0,3600000.0000000005,mixed__s02__full_secure,full_secure,ablation,,,True,
secure,mixed,2,3600.0,9aad025334b927fc,True,synthetic_distribution,False,disable_adaptive_trigger,839,231,182,608,22655.579999999998,0.006293216666666666,111,1.85,111,1.85,74,68,211,55,44,0.8,0.19999999999999996,0.37362637362637363,44,382.03154545455726,201.15349999978207,473.57248929330893,1013.1085999999663,1232.6563999997918,2112.9164999999994,136.7949999999255,2494.692000000039,111,205.81416216216402,171.04199999989942,55.49278242956756,276.49399999994785,280.70200000004843,289.0531000002816,135.1579999999958,295.1409999999887,111,206.81416216216402,172.04199999989942,55.49278242956756,277.49399999994785,281.70200000004843,290.0531000002816,136.1579999999958,296.1409999999887,0,159.0,482.0,23.0,175.0,0.24804992199687986,0.8736263736263736,0.3863912515188335,0.7336377473363774,0.12637362637362637,0.38388625592417064,472.0,68,6,6,0.918918918918919,0.918918918918919,0.918918918918919,0.918918918918919,0.8401391891891892,0.08460868315419526,0.17025,0.5315315315315315,0.46846846846846846,,,not_computed_no_bbox_data,19,19,19.0,0,0,608,122.0,122,93,29,89,7,82,7,0.7622950819672131,0.047697368421052634,29,0.07865168539325842,0.08641975308641975,0.47393364928909953,0.93,0.7622950819672131,0.8378378378378378,0.4,0,17,4,24,55,0,78.0,111,0.6665774774774776,0.646,0.12093320822570139,0.8179,0.87085,0.9685,0.5044,1.2463,111,0.0,0.0,0.0,0.0,0.0,0.0,0.0,0.0,111,0,0,0,0,0.0,0.0,3599002.61,215940.15659,839.0,75.51,84.4,8.018,73.99,6.289164,3577344.419,28618.755351,333.0,49.95,15721.419,6602.996176,5738.662,2410.237874,862.5,258.75,0.0,0.0,216029.973754,37940.689400999996,253970.663155,4232.844385916666,302.706392318236,2288.0239923873874,3432.035988581081,3734.862693455882,8.018,253970.663155,3600000.0,3600000.0000000005,mixed__s02__no_adaptive_trigger,no_adaptive_trigger,ablation,,,True,
secure,mixed,2,3600.0,9aad025334b927fc,True,synthetic_distribution,False,disable_burst_detection,839,231,182,608,27734.642,0.007704067222222223,135,2.25,135,2.25,77,71,211,55,47,0.8545454545454545,0.1454545454545455,0.3901098901098901,47,447.8069148936283,243.34199999994598,564.3071746689561,1189.0765999999828,1760.2680000000623,2334.0222799999824,136.7949999999255,2494.692000000039,135,207.14542222221692,175.0639999997802,55.004508701843605,274.78740000016336,279.57030000016096,288.7941400002063,128.1319999997504,295.1409999999887,135,208.14542222221692,176.0639999997802,55.004508701843605,275.78740000016336,280.57030000016096,289.7941400002063,129.1319999997504,296.1409999999887,0,159.0,482.0,23.0,175.0,0.24804992199687986,0.8736263736263736,0.3863912515188335,0.7336377473363774,0.12637362637362637,0.38388625592417064,472.0,71,6,6,0.922077922077922,0.922077922077922,0.922077922077922,0.922077922077922,0.8396662337662338,0.08460005071914245,0.17025,0.5185185185185185,0.48148148148148145,,,not_computed_no_bbox_data,22,22,22.0,0,0,608,122.0,122,72,50,89,4,85,4,0.5901639344262295,0.08223684210526316,50,0.0449438202247191,0.04938271604938271,0.36018957345971564,0.9473684210526315,0.5901639344262295,0.7272727272727273,0.4,0,17,4,0,55,0,78.0,135,0.6629962962962963,0.6382,0.1192497626064832,0.8207800000000001,0.86158,0.9648999999999999,0.5044,1.2463,135,0.0,0.0,0.0,0.0,0.0,0.0,0.0,0.0,135,0,0,0,0,0.0,0.0,3598987.095,215939.225725,839.0,75.51,84.4,8.018,89.505,7.607889,3572265.358,28578.122867,405.0,60.75,19101.681,8022.705841,7209.461,3027.973647,1018.5,305.55,0.0,0.0,216030.36161400002,39995.102355,256025.46396899997,4267.091066149999,305.1554993671037,1896.4849182888886,3325.0060255714284,3605.9924502676054,8.018,256025.463969,3600000.0,3600000.0,mixed__s02__no_burst_detection,no_burst_detection,ablation,,,True,
secure,mixed,2,3600.0,9aad025334b927fc,True,synthetic_distribution,False,disable_consistency_check,839,231,182,608,25423.856000000003,0.0070621822222222234,124,2.066666666666667,124,2.066666666666667,74,68,211,55,44,0.8,0.19999999999999996,0.37362637362637363,44,382.03154545455726,201.15349999978207,473.57248929330893,1013.1085999999663,1232.6563999997918,2112.9164999999994,136.7949999999255,2494.692000000039,124,206.7435887096799,171.99449999979697,55.92711059347895,276.7831000000704,280.7048000001814,290.6909900001064,133.68500000005588,295.1409999999887,124,207.7435887096799,172.99449999979697,55.92711059347895,277.7831000000704,281.7048000001814,291.6909900001064,134.68500000005588,296.1409999999887,0,159.0,482.0,23.0,175.0,0.24804992199687986,0.8736263736263736,0.3863912515188335,0.7336377473363774,0.12637362637362637,0.38388625592417064,472.0,68,6,6,0.918918918918919,0.918918918918919,0.918918918918919,0.918918918918919,0.8401391891891892,0.08460868315419526,0.17025,0.5241935483870968,0.47580645161290325,,,not_computed_no_bbox_data,19,19,19.0,0,0,608,122.0,122,80,42,89,7,82,7,0.6557377049180327,0.06907894736842106,42,0.07865168539325842,0.08641975308641975,0.41232227488151657,0.9195402298850575,0.6557377049180327,0.7655502392344498,0.4,0,17,4,66,0,0,78.0,124,0.6654782258064517,0.6488499999999999,0.11745524631911321,0.8148500000000001,0.86356,0.9665499999999999,0.5044,1.2463,124,0.0,0.0,0.0,0.0,0.0,0.0,0.0,0.0,124,0,0,0,0,0.0,0.0,3598994.081,215939.644835,839.0,75.51,84.4,8.018,82.519,7.01415,3574576.144,28596.60915,372.0,55.8,17573.951,7381.059355,6537.405,2745.710274,940.5,282.15,0.0,0.0,216030.18698500004,39061.328778999996,255091.515764,4251.525262733334,304.04233106555427,2057.1896432580647,3447.1826454594598,3751.345820058824,8.018,255091.515764,3599999.9999999995,3599999.9999999995,mixed__s02__no_consistency_check,no_consistency_check,ablation,,,True,
secure,mixed,2,3600.0,9aad025334b927fc,True,synthetic_distribution,False,disable_cooldown,839,231,182,608,42046.69,0.011679636111111112,198,3.3,208,3.466666666666667,135,123,641,55,48,0.8727272727272727,0.12727272727272732,0.6758241758241759,48,363.2165416666737,172.31349999993108,541.7286986508411,469.2599000000885,1538.8710500000625,2450.5649000000367,136.7949999999255,3198.7720000001136,208,208.08208173077534,174.39099999982864,58.853784860332425,277.7818000001222,280.9341500001028,318.2828000001821,129.21400000003632,383.9920000000857,208,209.08208173077534,175.39099999982864,58.853784860332425,278.7818000001222,281.9341500001028,319.2828000001821,130.21400000003632,384.9920000000857,0,159.0,482.0,23.0,175.0,0.24804992199687986,0.8736263736263736,0.3863912515188335,0.7336377473363774,0.12637362637362637,0.24804992199687986,472.0,123,12,14,0.9111111111111111,0.8978102189781022,0.9044117647058824,0.9111111111111111,0.8310722627737227,0.10268277228916867,0.16899000000000003,0.5384615384615384,0.46153846153846156,,,not_computed_no_bbox_data,32,32,32.0,0,0,608,472.0,472,411,61,169,22,147,22,0.8707627118644068,0.10032894736842106,61,0.1301775147928994,0.13836477987421383,0.6755070202808112,0.9491916859122402,0.8707627118644068,0.9082872928176796,0.4,0,39,13,124,257,0,0.0,208,0.663039423076923,0.6414,0.11886278974573573,0.8193400000000001,0.88728,0.9689500000000001,0.5028,1.2463,208,4.221865384615385,0.0,22.261208112958688,0.0,0.0,113.76955000000002,0.0,203.082,208,0,0,0,0,0.0,0.0,3598766.688,215926.001277,839.0,75.51,256.4,24.358,137.912,11.722524,3557953.311,28463.626491,594.0,89.1,29303.917,12307.644999,10546.772,4429.644205,1602.0,480.6,0.0,0.0,216037.59180100003,45770.61569499999,261808.207496,4363.470124933333,312.0479231179976,1258.6933052692307,1939.320055525926,2128.5220121626016,24.358,261808.207497,3600000.0,3600000.0,mixed__s02__no_cooldown,no_cooldown,ablation,,,True,
secure,mixed,2,3600.0,9aad025334b927fc,True,synthetic_distribution,False,disable_early_exit,839,231,182,608,29101.971999999998,0.008083881111111111,111,1.85,111,1.85,74,69,211,55,43,0.7818181818181819,0.21818181818181814,0.3791208791208791,43,398.4911162790996,268.76800000004005,344.82838086021684,1077.805000000075,1149.7424000001279,1499.8083599999682,228.35999999986961,1606.841999999946,111,263.88972072073227,263.49500000011176,14.549893023147124,281.0570000000298,288.6215000001562,295.08019999997197,226.3759999999893,297.20899999979883,111,264.88972072073227,264.49500000011176,14.549893023147124,282.0570000000298,289.6215000001562,296.08019999997197,227.3759999999893,298.20899999979883,0,159.0,482.0,23.0,175.0,0.24804992199687986,0.8736263736263736,0.3863912515188335,0.7336377473363774,0.12637362637362637,0.38388625592417064,472.0,69,5,5,0.9324324324324325,0.9324324324324325,0.9324324324324325,0.9324324324324325,0.8574986486486487,0.09623694004012087,0.1789375,0.0,1.0,,,not_computed_no_bbox_data,19,19,19.0,0,0,608,122.0,122,93,29,89,7,82,7,0.7622950819672131,0.047697368421052634,29,0.07865168539325842,0.08641975308641975,0.47393364928909953,0.93,0.7622950819672131,0.8378378378378378,0.4,0,17,4,24,55,0,78.0,111,0.6665774774774776,0.646,0.12093320822570139,0.8179,0.87085,0.9685,0.5044,1.2463,111,0.0,0.0,0.0,0.0,0.0,0.0,0.0,0.0,111,0,0,0,0,0.0,0.0,3599002.61,215940.15659,839.0,75.51,84.4,8.018,73.99,6.289164,3570898.031,28567.184251,333.0,49.95,15721.419,6602.996176,12167.049,5110.16065,880.5,264.15,0.0,0.0,216029.973754,40594.441076999996,256624.41483099997,4277.073580516666,305.8693859725864,2311.931665144144,3467.8974977162156,3719.1944178405793,8.018,256624.414831,3600000.0,3599999.9990000003,mixed__s02__no_early_exit,no_early_exit,ablation,,,True,
secure,mixed,2,3600.0,9aad025334b927fc,True,synthetic_distribution,False,disable_rate_limit,839,231,182,608,22655.579999999998,0.006293216666666666,111,1.85,111,1.85,74,68,211,55,44,0.8,0.19999999999999996,0.37362637362637363,44,382.03154545455726,201.15349999978207,473.57248929330893,1013.1085999999663,1232.6563999997918,2112.9164999999994,136.7949999999255,2494.692000000039,111,205.81416216216402,171.04199999989942,55.49278242956756,276.49399999994785,280.70200000004843,289.0531000002816,135.1579999999958,295.1409999999887,111,206.81416216216402,172.04199999989942,55.49278242956756,277.49399999994785,281.70200000004843,290.0531000002816,136.1579999999958,296.1409999999887,0,159.0,482.0,23.0,175.0,0.24804992199687986,0.8736263736263736,0.3863912515188335,0.7336377473363774,0.12637362637362637,0.38388625592417064,472.0,68,6,6,0.918918918918919,0.918918918918919,0.918918918918919,0.918918918918919,0.8401391891891892,0.08460868315419526,0.17025,0.5315315315315315,0.46846846846846846,,,not_computed_no_bbox_data,19,19,19.0,0,0,608,122.0,122,93,29,89,7,82,7,0.7622950819672131,0.047697368421052634,29,0.07865168539325842,0.08641975308641975,0.47393364928909953,0.93,0.7622950819672131,0.8378378378378378,0.4,0,17,4,24,55,0,78.0,111,0.6665774774774776,0.646,0.12093320822570139,0.8179,0.87085,0.9685,0.5044,1.2463,111,0.0,0.0,0.0,0.0,0.0,0.0,0.0,0.0,111,0,0,0,0,0.0,0.0,3599002.61,215940.15659,839.0,75.51,84.4,8.018,73.99,6.289164,3577344.419,28618.755351,333.0,49.95,15721.419,6602.996176,5738.662,2410.237874,862.5,258.75,0.0,0.0,216029.973754,37940.689400999996,253970.663155,4232.844385916666,302.706392318236,2288.0239923873874,3432.035988581081,3734.862693455882,8.018,253970.663155,3600000.0,3600000.0000000005,mixed__s02__no_rate_limit,no_rate_limit,ablation,,,True,
secure,mixed,2,3600.0,9aad025334b927fc,True,synthetic_distribution,False,disable_replay_protection,839,231,182,608,26631.165,0.007397545833333334,131,2.183333333333333,131,2.183333333333333,78,72,211,55,45,0.8181818181818182,0.18181818181818177,0.3956043956043956,45,416.1903777777894,228.35999999986961,521.230274257769,1101.037400000077,1534.9101999999014,2241.4662800000247,136.7949999999255,2494.692000000039,131,204.99774809160618,171.04199999989942,55.21103418707562,274.3680000000004,280.70200000004843,289.11180000021125,135.1579999999958,295.1409999999887,131,205.99774809160618,172.04199999989942,55.21103418707562,275.3680000000004,281.70200000004843,290.11180000021125,136.1579999999958,296.1409999999887,0,159.0,482.0,23.0,175.0,0.24804992199687986,0.8736263736263736,0.3863912515188335,0.7336377473363774,0.12637362637362637,0.38388625592417064,472.0,72,6,6,0.9230769230769231,0.9230769230769231,0.9230769230769231,0.9230769230769231,0.8354615384615384,0.09221633124480581,0.17025,0.5419847328244275,0.4580152671755725,,,not_computed_no_bbox_data,35,35,35.0,0,0,608,122.0,122,77,45,89,3,86,3,0.6311475409836066,0.07401315789473684,45,0.033707865168539325,0.037037037037037035,0.3791469194312796,0.9625,0.6311475409836066,0.7623762376237624,0.4,0,0,0,25,55,0,78.0,131,0.6654503816793894,0.6417,0.12480665254337994,0.8179,0.88265,1.0731799999999982,0.5009,1.2463,131,0.0,0.0,0.0,0.0,0.0,0.0,0.0,0.0,131,0,0,0,0,0.0,0.0,3598989.426,215939.365546,839.0,75.51,84.4,8.018,87.174,7.40981,3573368.836,28586.950686,393.0,58.95,18587.647,7806.811711,6615.517,2778.51727,1035.0,310.5,0.0,0.0,216030.30335600002,39541.729667,255572.033023,4259.533883716666,304.615057238379,1950.931549793893,3276.5645259358976,3549.611569763889,8.018,255572.033024,3600000.0,3600000.0,mixed__s02__no_replay_protection,no_replay_protection,ablation,,,True,
secure,mixed,2,3600.0,9aad025334b927fc,True,synthetic_distribution,False,disable_security,839,231,182,608,44479.564000000006,0.012355434444444447,211,3.5166666666666666,211,3.5166666666666666,81,75,211,55,48,0.8727272727272727,0.12727272727272732,0.41208791208791207,48,478.06050000000806,244.38399999996182,597.302304212144,1354.680699999888,1886.174049999751,2330.1294599999515,136.39500000001863,2494.2919999998994,211,212.10367772511498,242.84400000004098,55.67635211084769,276.094000000041,283.21249999990687,294.3416999999623,127.73199999984354,304.3939999998547,211,213.10367772511498,243.84400000004098,55.67635211084769,277.094000000041,284.21249999990687,295.3416999999623,128.73199999984354,305.3939999998547,0,159.0,482.0,23.0,175.0,0.24804992199687986,0.8736263736263736,0.3863912515188335,0.7336377473363774,0.12637362637362637,0.38388625592417064,472.0,75,6,6,0.9259259259259259,0.9259259259259259,0.9259259259259259,0.9259259259259259,0.835185185185185,0.09191690828012972,0.17025,0.46919431279620855,0.5308056872037915,,,not_computed_no_bbox_data,39,39,39.0,0,0,608,122.0,0,0,0,0,0,0,0,,0.20065789473684212,122,,,,,,,0.0,0,0,0,0,0,0,78.0,211,0.6603137440758292,0.6338,0.12136215990917393,0.8207,0.87085,0.9896200000000002,0.5009,1.2463,211,0.0,0.0,0.0,0.0,0.0,0.0,0.0,0.0,211,0,0,0,0,0.0,0.0,3599021.674,215941.300427,839.0,75.51,0.0,0.0,139.326,11.842729,3555520.441,28444.163525,633.0,94.95,29852.608,12538.095294,12463.952,5234.859655,1530.0,459.0,0.0,0.0,216028.65315600001,46771.068474,262799.72163,4379.9953605,313.2297039690107,1245.496311042654,3244.4410077777775,3503.9962883999997,0.0,262799.721629,3600000.0,3600000.001,mixed__s02__no_security,no_security,ablation,,,True,
always_on,mixed,3,3600.0,6a58abc35733528f,True,synthetic_distribution,False,,1766,363,265,1403,3600000.0,1.0,1,0.016666666666666666,1291,21.516666666666666,261,238,0,99,97,0.9797979797979798,0.02020202020202022,0.8981132075471698,97,409.9344948453654,303.62000000011176,379.3689483909155,519.2281999999658,1368.646600000094,1877.566319999968,155.2339999997057,2619.6059999996796,0,,,,,,,,,1291,327.0580232377956,325.3279999997467,90.7613313909811,447.5120000001043,479.99599999981,532.4451999999114,131.01800000015646,866.1550000000279,0,,,,,,,,,,,,238,25,27,0.9049429657794676,0.8981132075471698,0.9015151515151515,0.9118773946360154,0.8361660377358491,0.1081892231641498,0.14940842105263155,0.38109992254066616,0.6189000774593338,,,not_computed_no_bbox_data,92,90,92.0,16828,221,1403,,0,0,0,0,0,0,0,,0.6635780470420527,931,,,,,,,0.0,0,0,0,0,0,0,,0,,,,,,,,,0,,,,,,,,,0,0,0,0,0,3600000.0,18000.0,0.0,0.0,0.0,0.0,0.0,0.0,0.0,0.0,0.0,0.0,0.0,0.0,2542367.432,1067794.321467,947742.568,398051.878533,109890.0,32967.0,0.0,0.0,18000.0,1498813.2000000002,1516813.2000000002,25280.220000000005,858.8976217440545,,5811.544827586207,6373.164705882354,0.0,1516813.2,3600000.0,3600000.0,mixed__s03__always_on,always_on,ablation,,,True,
secure,mixed,3,3600.0,6a58abc35733528f,True,synthetic_distribution,False,,1766,363,265,1403,34393.28200000001,0.009553689444444445,167,2.783333333333333,167,2.783333333333333,101,94,388,99,70,0.7070707070707071,0.29292929292929293,0.35471698113207545,70,476.2381142856896,248.34350000007544,626.7431981340451,1557.257999999961,1960.973900000092,2535.086099999985,128.39700000011362,2640.179999999702,167,207.66652095808442,177.35899999993853,56.90180899998416,276.59199999980626,283.56609999993816,292.9529599999404,126.91800000006333,300.1459999999497,167,208.66652095808442,178.35899999993853,56.90180899998416,277.59199999980626,284.56609999993816,293.9529599999404,127.91800000006333,301.1459999999497,0,241.0,1138.0,24.0,363.0,0.1747643219724438,0.909433962264151,0.2931873479318735,0.7581612258494337,0.09056603773584905,0.3015463917525773,1111.0,94,7,7,0.9306930693069307,0.9306930693069307,0.9306930693069307,0.9306930693069307,0.8437069306930692,0.08146004082668477,0.169205,0.5149700598802395,0.48502994011976047,,,not_computed_no_bbox_data,16,16,16.0,0,0,1403,250.0,250,204,46,138,17,121,16,0.816,0.03278688524590164,46,0.12318840579710146,0.13675213675213677,0.5695876288659794,0.9230769230769231,0.816,0.8662420382165605,0.4,0,14,7,69,131,0,124.0,167,0.6602532934131737,0.6355,0.12801398962727828,0.8478000000000001,0.9217199999999999,0.9956600000000002,0.5007,1.0829,167,0.0,0.0,0.0,0.0,0.0,0.0,0.0,0.0,167,0,0,0,0,0.0,0.0,3597968.538,215878.112269,1766.0,158.94,155.2,14.744,110.262,9.372286,3565606.721,28524.85377,501.0,75.15,23746.306,9973.44872,8912.972,3743.44834,1233.0,369.9,0.0,0.0,216061.168555,42686.80083000001,258747.969385,4312.466156416666,146.51640395526613,1549.389038233533,2561.861083019802,2752.637972180851,14.744,258747.969384,3600000.0000000005,3599999.999,mixed__s03__full_secure,full_secure,ablation,,,True,
secure,mixed,3,3600.0,6a58abc35733528f,True,synthetic_distribution,False,disable_adaptive_trigger,1766,363,265,1403,34393.28200000001,0.009553689444444445,167,2.783333333333333,167,2.783333333333333,101,94,388,99,70,0.7070707070707071,0.29292929292929293,0.35471698113207545,70,476.2381142856896,248.34350000007544,626.7431981340451,1557.257999999961,1960.973900000092,2535.086099999985,128.39700000011362,2640.179999999702,167,207.66652095808442,177.35899999993853,56.90180899998416,276.59199999980626,283.56609999993816,292.9529599999404,126.91800000006333,300.1459999999497,167,208.66652095808442,178.35899999993853,56.90180899998416,277.59199999980626,284.56609999993816,293.9529599999404,127.91800000006333,301.1459999999497,0,241.0,1140.0,24.0,361.0,0.17451122375090514,0.909433962264151,0.2928311057108141,0.759493670886076,0.09056603773584905,0.3015463917525773,1112.0,94,7,7,0.9306930693069307,0.9306930693069307,0.9306930693069307,0.9306930693069307,0.8437069306930692,0.08146004082668477,0.169205,0.5149700598802395,0.48502994011976047,,,not_computed_no_bbox_data,16,16,16.0,0,0,1403,250.0,250,204,46,138,17,121,16,0.816,0.03278688524590164,46,0.12318840579710146,0.13675213675213677,0.5695876288659794,0.9230769230769231,0.816,0.8662420382165605,0.4,0,14,7,69,131,0,124.0,167,0.6602532934131737,0.6355,0.12801398962727828,0.8478000000000001,0.9217199999999999,0.9956600000000002,0.5007,1.0829,167,0.0,0.0,0.0,0.0,0.0,0.0,0.0,0.0,167,0,0,0,0,0.0,0.0,3597968.538,215878.112269,1766.0,158.94,155.2,14.744,110.262,9.372286,3565606.721,28524.85377,501.0,75.15,23746.306,9973.44872,8912.972,3743.44834,1233.0,369.9,0.0,0.0,216061.168555,42686.80083000001,258747.969385,4312.466156416666,146.51640395526613,1549.389038233533,2561.861083019802,2752.637972180851,14.744,258747.969384,3600000.0000000005,3599999.999,mixed__s03__no_adaptive_trigger,no_adaptive_trigger,ablation,,,True,
secure,mixed,3,3600.0,6a58abc35733528f,True,synthetic_distribution,False,disable_burst_detection,1766,363,265,1403,50206.43,0.013946230555555555,236,3.933333333333333,236,3.933333333333333,111,103,388,99,77,0.7777777777777778,0.2222222222222222,0.3886792452830189,77,516.105090909073,253.5779999999795,677.74856115741,1626.3042000000373,2221.865000000038,2697.8318399997042,128.39700000011362,2880.395999999717,236,214.46849576271595,244.15049999998882,56.57195819933951,277.05200000002515,284.17249999998603,290.32265000006885,126.91800000006333,300.1459999999497,236,215.46849576271595,245.15049999998882,56.57195819933951,278.05200000002515,285.17249999998603,291.32265000006885,127.91800000006333,301.1459999999497,0,241.0,1138.0,24.0,363.0,0.1747643219724438,0.909433962264151,0.2931873479318735,0.7581612258494337,0.09056603773584905,0.3015463917525773,1111.0,103,8,8,0.9279279279279279,0.9279279279279279,0.9279279279279279,0.9279279279279279,0.8403450450450454,0.0853169030878287,0.1639714285714286,0.4449152542372881,0.5550847457627118,,,not_computed_no_bbox_data,22,22,22.0,0,0,1403,250.0,250,146,104,138,6,132,6,0.584,0.07412687099073414,104,0.043478260869565216,0.05128205128205128,0.3917525773195876,0.9605263157894737,0.584,0.7263681592039802,0.4,0,14,7,0,131,0,124.0,236,0.661911440677966,0.6359999999999999,0.1280899344810607,0.8546,0.9178499999999999,1.010585,0.5007,1.0829,236,0.0,0.0,0.0,0.0,0.0,0.0,0.0,0.0,236,0,0,0,0,0.0,0.0,3597922.589,215875.355324,1766.0,158.94,155.2,14.744,156.211,13.277957,3549793.573,28398.348586,708.0,106.2,33370.418,14015.575474,14457.009,6071.943756,1671.0,501.3,0.0,0.0,216062.31728100003,49093.367816000005,265155.68509700004,4419.261418283334,150.1447820481314,1123.5410385466103,2388.789955828829,2574.3270397766996,14.744,265155.685098,3600000.0000000005,3600000.0,mixed__s03__no_burst_detection,no_burst_detection,ablation,,,True,
secure,mixed,3,3600.0,6a58abc35733528f,True,synthetic_distribution,False,disable_consistency_check,1766,363,265,1403,44443.91499999999,0.012345531944444443,210,3.5,210,3.5,101,94,388,99,70,0.7070707070707071,0.29292929292929293,0.35471698113207545,70,476.2381142856896,248.34350000007544,626.7431981340451,1557.257999999961,1960.973900000092,2535.086099999985,128.39700000011362,2640.179999999702,210,213.34264285714556,241.84900000007474,56.043753416058536,276.27480000002544,283.5056499999482,290.42171000002185,126.91800000006333,300.1459999999497,210,214.34264285714556,242.84900000007474,56.043753416058536,277.27480000002544,284.5056499999482,291.42171000002185,127.91800000006333,301.1459999999497,0,241.0,1138.0,24.0,363.0,0.1747643219724438,0.909433962264151,0.2931873479318735,0.7581612258494337,0.09056603773584905,0.3015463917525773,1111.0,94,7,7,0.9306930693069307,0.9306930693069307,0.9306930693069307,0.9306930693069307,0.8437069306930692,0.08146004082668477,0.169205,0.4523809523809524,0.5476190476190477,,,not_computed_no_bbox_data,17,17,17.0,0,0,1403,250.0,250,161,89,138,17,121,16,0.644,0.06343549536707056,89,0.12318840579710146,0.13675213675213677,0.4587628865979381,0.9044943820224719,0.644,0.7523364485981309,0.4,0,15,7,156,0,0,124.0,210,0.6565161904761905,0.62775,0.12556269264579012,0.84189,0.9234899999999999,1.0035699999999999,0.5007,1.0829,210,0.0,0.0,0.0,0.0,0.0,0.0,0.0,0.0,210,0,0,0,0,0.0,0.0,3597940.932,215876.455893,1766.0,158.94,155.2,14.744,137.868,11.718818,3555556.09,28444.448723,630.0,94.5,29729.02,12486.188205,12589.39,5287.543847,1495.5,448.65,0.0,0.0,216061.858711,46761.330775,262823.18948600005,4380.386491433334,148.82400310645528,1251.5389975523813,2602.2097968910894,2795.991377510639,14.744,262823.189486,3600000.0,3600000.0,mixed__s03__no_consistency_check,no_consistency_check,ablation,,,True,
secure,mixed,3,3600.0,6a58abc35733528f,True,synthetic_distribution,False,disable_cooldown,1766,363,265,1403,67051.927,0.018625535277777775,309,5.15,328,5.466666666666667,177,164,1379,99,82,0.8282828282828283,0.1717171717171717,0.6188679245283019,82,346.1536341463249,185.0920000001788,376.1839463478336,864.0911999999433,1306.67444999991,1596.1076700000228,128.39700000011362,1712.5800000000745,328,216.28248170732456,236.19199999980628,72.36606976781391,278.9369000001228,287.7484499999555,486.8222300000017,126.91800000006333,635.6500000001397,328,217.28248170732456,237.19199999980628,72.36606976781391,279.9369000001228,288.7484499999555,487.8222300000017,127.91800000006333,636.6500000001397,0,241.0,1138.0,24.0,363.0,0.1747643219724438,0.909433962264151,0.2931873479318735,0.7581612258494337,0.09056603773584905,0.1747643219724438,1111.0,164,13,16,0.9265536723163842,0.9111111111111111,0.9187675070028011,0.9265536723163842,0.8409344444444444,0.10583609617649159,0.15910000000000002,0.5213414634146342,0.47865853658536583,,,not_computed_no_bbox_data,34,34,34.0,0,0,1403,1111.0,1111,986,125,268,65,203,61,0.8874887488748875,0.08909479686386315,125,0.24253731343283583,0.25311203319502074,0.7621464829586657,0.9381541389153187,0.8874887488748875,0.9121184088806661,0.4,8,24,26,354,639,0,0.0,328,0.6575463414634147,0.6334500000000001,0.12245596719207794,0.84423,0.9095449999999998,0.9829420000000001,0.5007,1.0829,328,10.136628048780489,0.0,48.731534326536604,0.0,62.24059999999977,247.51539000000005,0.0,500.409,328,0,0,0,0,0.0,0.0,3597466.726,215848.003531,1766.0,158.94,551.6,52.402,215.674,18.332331,3532948.07,28263.584562,927.0,139.05,46411.488,19492.824821,17311.942,7271.015669,2401.5,720.45,0.0,0.0,216077.677862,55886.92505199999,271964.602914,4532.7433819,154.000341400906,829.1603747378049,1536.5231803050847,1658.3207494756098,52.402,271964.602915,3600000.0,3599999.9999999995,mixed__s03__no_cooldown,no_cooldown,ablation,,,True,
secure,mixed,3,3600.0,6a58abc35733528f,True,synthetic_distribution,False,disable_early_exit,1766,363,265,1403,43914.598,0.012198499444444445,167,2.783333333333333,167,2.783333333333333,101,99,388,99,71,0.7171717171717171,0.2828282828282829,0.37358490566037733,71,470.107915492963,273.9820000003092,498.17071577426924,1283.2759999996051,1640.6835000000428,2332.280300000065,234.0820000001695,2487.8700000001118,167,264.6803532934292,264.5910000000149,14.882979470822853,282.78899999987334,290.2668000003323,298.7831000001403,225.99800000002142,304.8070000000298,167,265.6803532934292,265.5910000000149,14.882979470822853,283.78899999987334,291.2668000003323,299.7831000001403,226.99800000002142,305.8070000000298,0,241.0,1138.0,24.0,363.0,0.1747643219724438,0.909433962264151,0.2931873479318735,0.7581612258494337,0.09056603773584905,0.3015463917525773,1111.0,99,2,2,0.9801980198019802,0.9801980198019802,0.9801980198019802,0.9801980198019802,0.8664346534653465,0.09642034374097987,0.15993000000000002,0.0,1.0,,,not_computed_no_bbox_data,16,16,16.0,0,0,1403,250.0,250,204,46,138,17,121,16,0.816,0.03278688524590164,46,0.12318840579710146,0.13675213675213677,0.5695876288659794,0.9230769230769231,0.816,0.8662420382165605,0.4,0,14,7,69,131,0,124.0,167,0.6602532934131737,0.6355,0.12801398962727828,0.8478000000000001,0.9217199999999999,0.9956600000000002,0.5007,1.0829,167,0.0,0.0,0.0,0.0,0.0,0.0,0.0,0.0,167,0,0,0,0,0.0,0.0,3597968.538,215878.112269,1766.0,158.94,155.2,14.744,110.262,9.372286,3556085.409,28448.683272,501.0,75.15,23746.306,9973.44872,18431.284,7741.139476,1236.0,370.8,0.0,0.0,216061.168555,46609.221468,262670.390023,4377.839833716667,148.73748019422425,1572.876586964072,2600.696930920792,2653.236262858586,14.744,262670.390023,3600000.0000000005,3599999.999,mixed__s03__no_early_exit,no_early_exit,ablation,,,True,
secure,mixed,3,3600.0,6a58abc35733528f,True,synthetic_distribution,False,disable_rate_limit,1766,363,265,1403,34393.28200000001,0.009553689444444445,167,2.783333333333333,167,2.783333333333333,101,94,388,99,70,0.7070707070707071,0.29292929292929293,0.35471698113207545,70,476.2381142856896,248.34350000007544,626.7431981340451,1557.257999999961,1960.973900000092,2535.086099999985,128.39700000011362,2640.179999999702,167,207.66652095808442,177.35899999993853,56.90180899998416,276.59199999980626,283.56609999993816,292.9529599999404,126.91800000006333,300.1459999999497,167,208.66652095808442,178.35899999993853,56.90180899998416,277.59199999980626,284.56609999993816,293.9529599999404,127.91800000006333,301.1459999999497,0,241.0,1138.0,24.0,363.0,0.1747643219724438,0.909433962264151,0.2931873479318735,0.7581612258494337,0.09056603773584905,0.3015463917525773,1111.0,94,7,7,0.9306930693069307,0.9306930693069307,0.9306930693069307,0.9306930693069307,0.8437069306930692,0.08146004082668477,0.169205,0.5149700598802395,0.48502994011976047,,,not_computed_no_bbox_data,16,16,16.0,0,0,1403,250.0,250,204,46,138,17,121,16,0.816,0.03278688524590164,46,0.12318840579710146,0.13675213675213677,0.5695876288659794,0.9230769230769231,0.816,0.8662420382165605,0.4,0,14,7,69,131,0,124.0,167,0.6602532934131737,0.6355,0.12801398962727828,0.8478000000000001,0.9217199999999999,0.9956600000000002,0.5007,1.0829,167,0.0,0.0,0.0,0.0,0.0,0.0,0.0,0.0,167,0,0,0,0,0.0,0.0,3597968.538,215878.112269,1766.0,158.94,155.2,14.744,110.262,9.372286,3565606.721,28524.85377,501.0,75.15,23746.306,9973.44872,8912.972,3743.44834,1233.0,369.9,0.0,0.0,216061.168555,42686.80083000001,258747.969385,4312.466156416666,146.51640395526613,1549.389038233533,2561.861083019802,2752.637972180851,14.744,258747.969384,3600000.0000000005,3599999.999,mixed__s03__no_rate_limit,no_rate_limit,ablation,,,True,
secure,mixed,3,3600.0,6a58abc35733528f,True,synthetic_distribution,False,disable_replay_protection,1766,363,265,1403,38829.3,0.010785916666666668,187,3.1166666666666667,187,3.1166666666666667,107,99,388,99,71,0.7171717171717171,0.2828282828282829,0.37358490566037733,71,510.2263098591293,253.5779999999795,684.9923542914792,1568.7870000000112,2316.135500000033,2714.9459999997625,128.39700000011362,2889.399999999907,187,209.3561818181851,186.47600000025705,57.218988031752886,278.4347999998834,283.6707999999868,298.1284399998327,126.91800000006333,302.2299999999814,187,210.3561818181851,187.47600000025705,57.218988031752886,279.4347999998834,284.6707999999868,299.1284399998327,127.91800000006333,303.2299999999814,0,241.0,1138.0,24.0,363.0,0.1747643219724438,0.909433962264151,0.2931873479318735,0.7581612258494337,0.09056603773584905,0.3015463917525773,1111.0,99,8,8,0.9252336448598131,0.9252336448598131,0.9252336448598131,0.9252336448598131,0.8438084112149533,0.08056955289135175,0.169205,0.5026737967914439,0.49732620320855614,,,not_computed_no_bbox_data,30,30,30.0,0,0,1403,250.0,250,190,60,138,11,127,10,0.76,0.042765502494654314,60,0.07971014492753623,0.08547008547008547,0.5180412371134021,0.945273631840796,0.76,0.8425720620842572,0.4,0,0,0,70,131,0,124.0,187,0.6544358288770054,0.6266,0.12465962841554495,0.8309000000000001,0.9125199999999999,0.9858599999999993,0.5007,1.0829,187,0.0,0.0,0.0,0.0,0.0,0.0,0.0,0.0,187,0,0,0,0,0.0,0.0,3597956.42,215877.385222,1766.0,158.94,155.2,14.744,122.38,10.402269,3561170.703,28489.365626,561.0,84.15,26555.236,11153.19905,10315.061,4332.325573,1398.0,419.4,0.0,0.0,216061.47149100003,44478.44024900001,260539.91174,4342.331862333333,147.53109385050962,1393.261560106952,2434.9524461682245,2631.7162802020202,14.744,260539.91174,3600000.0,3600000.0000000005,mixed__s03__no_replay_protection,no_replay_protection,ablation,,,True,
secure,mixed,3,3600.0,6a58abc35733528f,True,synthetic_distribution,False,disable_security,1766,363,265,1403,84772.689,0.023547969166666665,388,6.466666666666667,388,6.466666666666667,117,108,388,99,78,0.7878787878787878,0.21212121212121215,0.4075471698113208,78,546.1319487179467,254.10450000001583,724.9755333287849,1714.082000000123,2475.045550000033,2882.066919999854,127.99699999997392,2889.0,388,219.80173969073266,248.8804999999702,54.717242684871614,276.15769999986514,282.8430499998969,289.7245300002559,126.51800000004005,301.8300000000745,388,220.80173969073266,249.8804999999702,54.717242684871614,277.15769999986514,283.8430499998969,290.7245300002559,127.51800000004005,302.8300000000745,0,241.0,1138.0,24.0,363.0,0.1747643219724438,0.909433962264151,0.2931873479318735,0.7581612258494337,0.09056603773584905,0.3015463917525773,1111.0,108,9,9,0.9230769230769231,0.9230769230769231,0.9230769230769231,0.9230769230769231,0.8406102564102567,0.08435051088762091,0.1639714285714286,0.3788659793814433,0.6211340206185567,,,not_computed_no_bbox_data,42,42,42.0,0,0,1403,250.0,0,0,0,0,0,0,0,,0.1781895937277263,250,,,,,,,0.0,0,0,0,0,0,0,124.0,388,0.6589853092783505,0.6329,0.12532910398462463,0.8467200000000001,0.92367,1.006884,0.5007,1.0829,388,0.0,0.0,0.0,0.0,0.0,0.0,0.0,0.0,388,0,0,0,0,0.0,0.0,3597978.313,215878.698805,1766.0,158.94,0.0,0.0,255.687,21.73336,3515227.317,28121.818537,1164.0,174.6,54468.87,22876.925295,26495.313,11128.031496,2644.5,793.35,0.0,0.0,216059.372165,63094.72532799999,279154.097493,4652.568291549999,158.07140288391844,719.4693234355669,2385.9324572051282,2584.7601619722222,0.0,279154.097493,3600000.0,3600000.0,mixed__s03__no_security,no_security,ablation,,,True,
always_on,mixed,4,3600.0,344bd2893be875b2,True,synthetic_distribution,False,,472,330,259,142,3600000.0,1.0,1,0.016666666666666666,438,7.3,252,224,0,76,75,0.9868421052631579,0.013157894736842146,0.8648648648648649,75,427.5488400000195,327.26299999980256,307.69004936417247,691.2630000000123,1301.0137999999683,1448.1974199998567,143.68399999989197,1491.4629999999888,0,,,,,,,,,438,331.2542625570828,311.9169999998994,130.89555945127563,478.4362000002992,574.6705000000479,742.915900000038,134.13100000005215,1092.8240000000224,0,,,,,,,,,,,,224,29,34,0.8853754940711462,0.8682170542635659,0.8767123287671234,0.8888888888888888,0.840758527131783,0.10636974838075375,0.16308805970149257,0.5273972602739726,0.4726027397260274,,,not_computed_no_bbox_data,40,39,40.0,17740,249,142,,0,0,0,0,0,0,0,,0.795774647887324,113,,,,,,,0.0,0,0,0,0,0,0,,0,,,,,,,,,0,,,,,,,,,0,0,0,0,0,3600000.0,18000.0,0.0,0.0,0.0,0.0,0.0,0.0,0.0,0.0,0.0,0.0,0.0,0.0,2552209.28,1071927.897713,937581.22,393784.112287,110209.5,33062.85,0.0,0.0,18000.0,1498774.86,1516774.86,25279.581000000002,3213.506059322034,,6018.947857142857,6771.316339285715,0.0,1516774.86,3600000.0,3600000.0,mixed__s04__always_on,always_on,ablation,,,True,
secure,mixed,4,3600.0,344bd2893be875b2,True,synthetic_distribution,False,,472,330,259,142,23434.863999999998,0.006509684444444444,116,1.9333333333333333,116,1.9333333333333333,89,78,154,76,53,0.6973684210526315,0.3026315789473685,0.30115830115830117,53,443.4310754716988,247.73300000000745,651.8553488684402,1002.4261999999179,2169.8003999999837,2652.056799999921,134.41200000001118,2899.8939999998547,116,203.74959482757862,173.47649999981513,56.576121312637255,273.0004999998491,279.8467500000843,287.66274999994783,133.41200000001118,291.50400000019,116,204.74959482757862,174.47649999981513,56.576121312637255,274.0004999998491,280.8467500000843,288.66274999994783,134.41200000001118,292.50400000019,0,246.0,126.0,13.0,87.0,0.6612903225806451,0.9498069498069498,0.7797147385103012,0.5915492957746479,0.05019305019305019,0.6688311688311688,113.0,78,11,13,0.8764044943820225,0.8571428571428571,0.8666666666666666,0.8764044943820225,0.8421626373626372,0.10225583020417374,0.19740000000000002,0.5431034482758621,0.45689655172413796,,,not_computed_no_bbox_data,12,12,12.0,0,0,142,40.0,40,26,14,114,12,102,12,0.65,0.09859154929577464,14,0.10526315789473684,0.11650485436893204,0.24675324675324675,0.6842105263157895,0.65,0.6666666666666667,0.4,0,8,10,2,18,0,143.0,116,0.6548456896551724,0.64505,0.1154225246589706,0.81825,0.863025,0.928675,0.501,0.9356,116,0.0,0.0,0.0,0.0,0.0,0.0,0.0,0.0,116,0,0,0,0,0.0,0.0,3599390.438,215963.426274,472.0,42.48,61.6,5.852,75.962,6.456779,3576565.138,28612.5211,348.0,52.2,16284.418,6839.455577,5903.944,2479.656669,898.5,269.55,0.0,0.0,216018.21505300002,38253.383346,254271.59839899998,4237.859973316667,538.7110135572034,2191.9965379224136,2856.984251674157,3259.8922871666664,5.852,254271.598399,3600000.0,3600000.0,mixed__s04__full_secure,full_secure,ablation,,,True,
secure,mixed,4,3600.0,344bd2893be875b2,True,synthetic_distribution,False,disable_adaptive_trigger,472,330,259,142,23434.863999999998,0.006509684444444444,116,1.9333333333333333,116,1.9333333333333333,89,78,154,76,53,0.6973684210526315,0.3026315789473685,0.30115830115830117,53,443.4310754716988,247.73300000000745,651.8553488684402,1002.4261999999179,2169.8003999999837,2652.056799999921,134.41200000001118,2899.8939999998547,116,203.74959482757862,173.47649999981513,56.576121312637255,273.0004999998491,279.8467500000843,287.66274999994783,133.41200000001118,291.50400000019,116,204.74959482757862,174.47649999981513,56.576121312637255,274.0004999998491,280.8467500000843,288.66274999994783,134.41200000001118,292.50400000019,0,247.0,126.0,12.0,87.0,0.6621983914209115,0.9536679536679536,0.7816455696202532,0.5915492957746479,0.04633204633204633,0.6688311688311688,113.0,78,11,13,0.8764044943820225,0.8571428571428571,0.8666666666666666,0.8764044943820225,0.8421626373626372,0.10225583020417374,0.19740000000000002,0.5431034482758621,0.45689655172413796,,,not_computed_no_bbox_data,12,12,12.0,0,0,142,40.0,40,26,14,114,12,102,12,0.65,0.09859154929577464,14,0.10526315789473684,0.11650485436893204,0.24675324675324675,0.6842105263157895,0.65,0.6666666666666667,0.4,0,8,10,2,18,0,144.0,116,0.6548456896551724,0.64505,0.1154225246589706,0.81825,0.863025,0.928675,0.501,0.9356,116,0.0,0.0,0.0,0.0,0.0,0.0,0.0,0.0,116,0,0,0,0,0.0,0.0,3599390.438,215963.426274,472.0,42.48,61.6,5.852,75.962,6.456779,3576565.138,28612.5211,348.0,52.2,16284.418,6839.455577,5903.944,2479.656669,898.5,269.55,0.0,0.0,216018.21505300002,38253.383346,254271.59839899998,4237.859973316667,538.7110135572034,2191.9965379224136,2856.984251674157,3259.8922871666664,5.852,254271.598399,3600000.0,3600000.0,mixed__s04__no_adaptive_trigger,no_adaptive_trigger,ablation,,,True,
secure,mixed,4,3600.0,344bd2893be875b2,True,synthetic_distribution,False,disable_burst_detection,472,330,259,142,23957.442999999996,0.006654845277777777,118,1.9666666666666666,118,1.9666666666666666,91,78,154,76,53,0.6973684210526315,0.3026315789473685,0.30115830115830117,53,443.4310754716988,247.73300000000745,651.8553488684402,1002.4261999999179,2169.8003999999837,2652.056799999921,134.41200000001118,2899.8939999998547,118,204.75363559321113,175.56799999985378,56.61463636670532,272.4606999997515,279.60205000009154,287.6488499999419,133.41200000001118,291.50400000019,118,205.75363559321113,176.56799999985378,56.61463636670532,273.4606999997515,280.60205000009154,288.6488499999419,134.41200000001118,292.50400000019,0,246.0,126.0,13.0,87.0,0.6612903225806451,0.9498069498069498,0.7797147385103012,0.5915492957746479,0.05019305019305019,0.6688311688311688,113.0,78,13,15,0.8571428571428571,0.8387096774193549,0.8478260869565217,0.8571428571428571,0.841258064516129,0.10229986221523792,0.19740000000000002,0.5338983050847458,0.4661016949152542,,,not_computed_no_bbox_data,12,12,12.0,0,0,142,40.0,40,26,14,114,10,104,10,0.65,0.09859154929577464,14,0.08771929824561403,0.0970873786407767,0.23376623376623376,0.7222222222222222,0.65,0.6842105263157895,0.4,0,8,10,0,18,0,143.0,118,0.6563830508474576,0.64505,0.11735052198186506,0.82639,0.883245,0.928605,0.501,0.9356,118,0.0,0.0,0.0,0.0,0.0,0.0,0.0,0.0,118,0,0,0,0,0.0,0.0,3599388.947,215963.33681,472.0,42.48,61.6,5.852,77.453,6.583519,3576042.558,28608.340464,354.0,53.1,16547.37,6949.895244,6142.572,2579.880392,913.5,274.05,0.0,0.0,216018.25232900004,38465.2661,254483.518429,4241.391973816667,539.1599966716102,2156.639986686441,2796.5221805384613,3262.609210628205,5.852,254483.518429,3600000.0000000005,3600000.0000000005,mixed__s04__no_burst_detection,no_burst_detection,ablation,,,True,
secure,mixed,4,3600.0,344bd2893be875b2,True,synthetic_distribution,False,disable_consistency_check,472,330,259,142,25938.183,0.007205050833333334,127,2.1166666666666667,127,2.1166666666666667,89,78,154,76,53,0.6973684210526315,0.3026315789473685,0.30115830115830117,53,443.4310754716988,247.73300000000745,651.8553488684402,1002.4261999999179,2169.8003999999837,2652.056799999921,134.41200000001118,2899.8939999998547,127,205.95844094487748,178.79899999999907,56.29392625103334,272.73059999980035,279.81250000006986,287.58629999991507,133.41200000001118,291.50400000019,127,206.95844094487748,179.79899999999907,56.29392625103334,273.73059999980035,280.81250000006986,288.58629999991507,134.41200000001118,292.50400000019,0,246.0,126.0,13.0,87.0,0.6612903225806451,0.9498069498069498,0.7797147385103012,0.5915492957746479,0.05019305019305019,0.6688311688311688,113.0,78,11,13,0.8764044943820225,0.8571428571428571,0.8666666666666666,0.8764044943820225,0.8421626373626372,0.10225583020417374,0.19740000000000002,0.5196850393700787,0.48031496062992124,,,not_computed_no_bbox_data,13,13,13.0,0,0,142,40.0,40,15,25,114,12,102,12,0.375,0.176056338028169,25,0.10526315789473684,0.11650485436893204,0.17532467532467533,0.5555555555555556,0.375,0.44776119402985076,0.4,0,8,10,9,0,0,143.0,127,0.6547472440944884,0.6464,0.11217392732940859,0.812,0.85504,0.92829,0.501,0.9356,127,0.0,0.0,0.0,0.0,0.0,0.0,0.0,0.0,127,0,0,0,0,0.0,0.0,3599383.247,215962.994822,472.0,42.48,61.6,5.852,83.153,7.068002,3574061.819,28592.494555,381.0,57.15,17808.032,7479.373543,6783.148,2848.922342,966.0,289.8,0.0,0.0,216018.39482400005,39267.74044,255286.13526399998,4254.768921066667,540.8604560677966,2010.1270493228344,2868.3835422921347,3272.899170051282,5.852,255286.135264,3600000.0,3599999.9990000003,mixed__s04__no_consistency_check,no_consistency_check,ablation,,,True,
secure,mixed,4,3600.0,344bd2893be875b2,True,synthetic_distribution,False,disable_cooldown,472,330,259,142,48010.317,0.013336199166666668,227,3.783333333333333,243,4.05,194,174,372,76,74,0.9736842105263158,0.02631578947368418,0.6718146718146718,74,319.9823243243429,244.41150000016205,312.47304221819115,623.1738999999158,1229.8887000000216,1380.624569999969,134.41200000001118,1396.313000000082,243,207.64869547326094,167.5639999999985,75.67989287530663,276.5264000000432,285.13109999992884,500.2153399998979,124.06499999994412,628.5389999998733,243,208.64869547326094,168.5639999999985,75.67989287530663,277.5264000000432,286.13109999992884,501.2153399998979,125.06499999994412,629.5389999998733,0,246.0,126.0,13.0,87.0,0.6612903225806451,0.9498069498069498,0.7797147385103012,0.5915492957746479,0.05019305019305019,0.6612903225806451,113.0,174,20,24,0.8969072164948454,0.8787878787878788,0.8877551020408163,0.8969072164948454,0.8498025252525252,0.09667867834420683,0.19168461538461537,0.5761316872427984,0.42386831275720166,,,not_computed_no_bbox_data,18,18,18.0,0,0,142,113.0,113,81,32,259,48,211,48,0.7168141592920354,0.22535211267605634,32,0.18532818532818532,0.1951219512195122,0.3467741935483871,0.627906976744186,0.7168141592920354,0.6694214876033058,0.4,3,17,31,23,55,0,0.0,243,0.6621362139917695,0.6489,0.121667592494028,0.8315400000000002,0.8808799999999999,1.007735999999999,0.501,1.0924,243,8.343954732510289,0.0,42.83130911077282,0.0,17.769199999999962,240.21871999999948,0.0,365.608,243,0,0,0,0,0.0,0.0,3599218.301,215953.09806,472.0,42.48,148.8,14.136,160.899,13.676415,3551989.689,28415.917513,681.0,102.15,34014.45,14286.069004,11408.361,4791.511581,1906.5,571.95,0.0,0.0,216023.390475,48167.598098,264190.988573,4403.183142883334,559.7266707055085,1087.205714292181,1361.8092194484536,1518.3390147873563,14.136,264190.988573,3600000.0,3600000.0,mixed__s04__no_cooldown,no_cooldown,ablation,,,True,
secure,mixed,4,3600.0,344bd2893be875b2,True,synthetic_distribution,False,disable_early_exit,472,330,259,142,30460.515999999996,0.008461254444444443,116,1.9333333333333333,116,1.9333333333333333,89,81,154,76,55,0.7236842105263158,0.2763157894736842,0.3127413127413127,55,564.3377272727289,266.405999999959,736.842829454662,1905.0139999999788,2430.125200000021,2897.6389599999925,234.1339999998454,2899.8939999998547,116,264.31556896552325,262.6504999999888,14.57292021418571,281.7480000000214,288.7012500000419,303.80304999999095,227.9769999999553,311.0219999998808,116,265.31556896552325,263.6504999999888,14.57292021418571,282.7480000000214,289.7012500000419,304.80304999999095,228.9769999999553,312.0219999998808,0,246.0,126.0,13.0,87.0,0.6612903225806451,0.9498069498069498,0.7797147385103012,0.5915492957746479,0.05019305019305019,0.6688311688311688,113.0,81,8,10,0.9101123595505618,0.8901098901098901,0.8999999999999999,0.9101123595505618,0.8672483516483517,0.11116558456508557,0.18456363636363635,0.0,1.0,,,not_computed_no_bbox_data,12,12,12.0,0,0,142,40.0,40,26,14,114,12,102,12,0.65,0.09859154929577464,14,0.10526315789473684,0.11650485436893204,0.24675324675324675,0.6842105263157895,0.65,0.6666666666666667,0.4,0,8,10,2,18,0,143.0,116,0.6548456896551724,0.64505,0.1154225246589706,0.81825,0.863025,0.928675,0.501,0.9356,116,0.0,0.0,0.0,0.0,0.0,0.0,0.0,0.0,116,0,0,0,0,0.0,0.0,3599390.438,215963.426274,472.0,42.48,61.6,5.852,75.962,6.456779,3569539.484,28556.31587,348.0,52.2,16284.418,6839.455577,12928.098,5429.801235,900.0,270.0,0.0,0.0,216018.21505300002,41147.772681999995,257165.98773499997,4286.099795583333,544.8431943538135,2216.9481701293103,2889.505480168539,3174.8887374691353,5.852,257165.987735,3600000.0,3600000.0000000005,mixed__s04__no_early_exit,no_early_exit,ablation,,,True,
secure,mixed,4,3600.0,344bd2893be875b2,True,synthetic_distribution,False,disable_rate_limit,472,330,259,142,23434.863999999998,0.006509684444444444,116,1.9333333333333333,116,1.9333333333333333,89,78,154,76,53,0.6973684210526315,0.3026315789473685,0.30115830115830117,53,443.4310754716988,247.73300000000745,651.8553488684402,1002.4261999999179,2169.8003999999837,2652.056799999921,134.41200000001118,2899.8939999998547,116,203.74959482757862,173.47649999981513,56.576121312637255,273.0004999998491,279.8467500000843,287.66274999994783,133.41200000001118,291.50400000019,116,204.74959482757862,174.47649999981513,56.576121312637255,274.0004999998491,280.8467500000843,288.66274999994783,134.41200000001118,292.50400000019,0,246.0,126.0,13.0,87.0,0.6612903225806451,0.9498069498069498,0.7797147385103012,0.5915492957746479,0.05019305019305019,0.6688311688311688,113.0,78,11,13,0.8764044943820225,0.8571428571428571,0.8666666666666666,0.8764044943820225,0.8421626373626372,0.10225583020417374,0.19740000000000002,0.5431034482758621,0.45689655172413796,,,not_computed_no_bbox_data,12,12,12.0,0,0,142,40.0,40,26,14,114,12,102,12,0.65,0.09859154929577464,14,0.10526315789473684,0.11650485436893204,0.24675324675324675,0.6842105263157895,0.65,0.6666666666666667,0.4,0,8,10,2,18,0,143.0,116,0.6548456896551724,0.64505,0.1154225246589706,0.81825,0.863025,0.928675,0.501,0.9356,116,0.0,0.0,0.0,0.0,0.0,0.0,0.0,0.0,116,0,0,0,0,0.0,0.0,3599390.438,215963.426274,472.0,42.48,61.6,5.852,75.962,6.456779,3576565.138,28612.5211,348.0,52.2,16284.418,6839.455577,5903.944,2479.656669,898.5,269.55,0.0,0.0,216018.21505300002,38253.383346,254271.59839899998,4237.859973316667,538.7110135572034,2191.9965379224136,2856.984251674157,3259.8922871666664,5.852,254271.598399,3600000.0,3600000.0,mixed__s04__no_rate_limit,no_rate_limit,ablation,,,True,
secure,mixed,4,3600.0,344bd2893be875b2,True,synthetic_distribution,False,disable_replay_protection,472,330,259,142,26498.239,0.007360621944444445,133,2.216666666666667,133,2.216666666666667,97,85,154,76,57,0.75,0.25,0.3281853281853282,57,537.5998421052727,259.19999999995343,740.459046083234,2081.2458000000333,2305.503199999965,2790.6732799999786,134.41200000001118,2899.8939999998547,133,200.95524060149856,167.5639999999985,56.03812392945157,270.6431999999098,279.2344000000041,287.5445999998972,132.51600000006147,291.50400000019,133,201.95524060149856,168.5639999999985,56.03812392945157,271.6431999999098,280.2344000000041,288.5445999998972,133.51600000006147,292.50400000019,0,246.0,126.0,13.0,87.0,0.6612903225806451,0.9498069498069498,0.7797147385103012,0.5915492957746479,0.05019305019305019,0.6688311688311688,113.0,85,12,15,0.8762886597938144,0.85,0.8629441624365483,0.8762886597938144,0.8378950000000001,0.10687479068441905,0.19740000000000002,0.5639097744360902,0.43609022556390975,,,not_computed_no_bbox_data,20,20,20.0,0,0,142,40.0,40,18,22,114,3,111,3,0.45,0.15492957746478872,22,0.02631578947368421,0.02912621359223301,0.13636363636363635,0.8571428571428571,0.45,0.5901639344262294,0.4,0,0,0,3,18,0,143.0,133,0.656806015037594,0.6437,0.11316593191134605,0.82128,0.8668799999999998,0.930424,0.501,0.9356,133,0.0,0.0,0.0,0.0,0.0,0.0,0.0,0.0,133,0,0,0,0,0.0,0.0,3599379.045,215962.742688,472.0,42.48,61.6,5.852,87.355,7.425192,3573501.764,28588.014111,399.0,59.85,18607.55,7815.171058,6456.686,2711.808108,1035.0,310.5,0.0,0.0,216018.49988000002,39485.34327699999,255503.843157,4258.39738595,541.3217016038135,1921.0815274962406,2634.0602387319586,3005.9275665529412,5.852,255503.843157,3600000.0,3600000.0,mixed__s04__no_replay_protection,no_replay_protection,ablation,,,True,
secure,mixed,4,3600.0,344bd2893be875b2,True,synthetic_distribution,False,disable_security,472,330,259,142,31299.23,0.008694230555555555,154,2.566666666666667,154,2.566666666666667,100,86,154,76,57,0.75,0.25,0.33204633204633205,57,537.1998421052656,258.79999999981374,740.4590460832565,2080.8458000000915,2305.103200000058,2790.2732800000717,134.01199999987148,2899.493999999948,154,204.5508831168753,175.1679999998887,56.343566376046226,271.02929999982007,279.6827499998268,289.12338999993165,132.1160000001546,297.36599999992177,154,205.5508831168753,176.1679999998887,56.343566376046226,272.02929999982007,280.6827499998268,290.12338999993165,133.1160000001546,298.36599999992177,0,246.0,126.0,13.0,87.0,0.6612903225806451,0.9498069498069498,0.7797147385103012,0.5915492957746479,0.05019305019305019,0.6688311688311688,113.0,86,14,17,0.86,0.8349514563106796,0.8472906403940887,0.86,0.8378864077669902,0.1065279278935016,0.19740000000000002,0.525974025974026,0.474025974025974,,,not_computed_no_bbox_data,21,21,21.0,0,0,142,40.0,0,0,0,0,0,0,0,,0.28169014084507044,40,,,,,,,0.0,0,0,0,0,0,0,143.0,154,0.6548987012987013,0.64255,0.11067170906715426,0.8126000000000001,0.8655949999999999,0.930046,0.501,0.9356,154,0.0,0.0,0.0,0.0,0.0,0.0,0.0,0.0,154,0,0,0,0,0.0,0.0,3599427.145,215965.628724,472.0,42.48,0.0,0.0,100.855,8.572641,3568700.772,28549.606176,462.0,69.3,21509.778,9034.106962,8158.949,3426.758789,1168.5,350.55,0.0,0.0,216016.68136500003,41430.321927000005,257447.003292,4290.7833882,545.4385662966101,1671.7337876103898,2574.47003292,2993.56980572093,0.0,257447.003292,3600000.0,3599999.999,mixed__s04__no_security,no_security,ablation,,,True,
always_on,mixed,5,3600.0,becc32cd5d8abbe0,True,synthetic_distribution,False,,1404,392,298,1012,3600000.0,1.0,1,0.016666666666666666,1046,17.433333333333334,292,266,0,98,96,0.9795918367346939,0.020408163265306145,0.8926174496644296,96,447.7068541666863,337.3935000002384,432.4980341533032,610.3255000000354,1239.482500000071,2734.9635999999937,161.37000000011176,2832.350000000093,0,,,,,,,,,1046,329.4659311663511,321.9265000000596,105.49792553361654,459.8169999999227,496.36350000000675,608.2684999999703,139.1929999999702,1068.1779999999562,0,,,,,,,,,,,,266,28,32,0.9047619047619048,0.8926174496644296,0.8986486486486487,0.910958904109589,0.8367835570469798,0.10997068341244605,0.15516666666666667,0.4359464627151052,0.5640535372848948,,,not_computed_no_bbox_data,78,76,78.0,17021,206,1012,,0,0,0,0,0,0,0,,0.650197628458498,658,,,,,,,0.0,0,0,0,0,0,0,,0,,,,,,,,,0,,,,,,,,,0,0,0,0,0,3600000.0,18000.0,0.0,0.0,0.0,0.0,0.0,0.0,0.0,0.0,0.0,0.0,0.0,0.0,2536235.083,1065218.734953,954161.685,400747.907594,109603.232,32880.969609,0.0,0.0,18000.0,1498847.612156,1516847.612156,25280.79353593333,1080.3757921339031,,5194.683603273973,5702.434632165414,0.0,1516847.612156,3600000.0,3600000.0,mixed__s05__always_on,always_on,ablation,,,True,
secure,mixed,5,3600.0,becc32cd5d8abbe0,True,synthetic_distribution,False,,1404,392,298,1012,32578.616,0.009049615555555557,158,2.6333333333333333,158,2.6333333333333333,102,94,325,98,68,0.6938775510204082,0.30612244897959184,0.31543624161073824,68,740.8135000000186,256.8565000000526,1107.9544542063402,2368.761799999909,3343.7820000001343,4445.9073400000225,132.39399999997113,5121.333000000101,158,207.9163924050596,227.25150000024587,55.8161846750752,276.6556999998633,281.07995000012454,294.76407000021544,130.32400000002235,305.74500000011176,158,208.9163924050596,228.25150000024587,55.8161846750752,277.6556999998633,282.07995000012454,295.76407000021544,131.32400000002235,306.74500000011176,0,275.0,816.0,23.0,290.0,0.2520623281393217,0.9228187919463087,0.3959683225341972,0.7377938517179023,0.07718120805369127,0.38461538461538464,801.0,94,8,12,0.9215686274509803,0.8867924528301887,0.9038461538461539,0.9215686274509803,0.8240056603773587,0.12608901982344037,0.1410888888888889,0.4936708860759494,0.5063291139240507,,,not_computed_no_bbox_data,16,16,16.0,0,0,1012,191.0,191,148,43,134,19,115,19,0.774869109947644,0.042490118577075096,43,0.1417910447761194,0.152,0.5138461538461538,0.8862275449101796,0.774869109947644,0.8268156424581006,0.4,0,13,13,47,94,0,150.0,158,0.6602506329113923,0.6255999999999999,0.12602519096418244,0.8612200000000001,0.91462,0.977558,0.5005,1.0356,158,0.0,0.0,0.0,0.0,0.0,0.0,0.0,0.0,158,0,0,0,0,0.0,0.0,3598361.68,215901.700818,1404.0,126.36,130.0,12.35,104.32,8.867175,3567421.379,28539.371035,474.0,71.1,22180.524,9315.820265,8725.596,3664.750399,1198.5,359.55,0.0,0.0,216049.277993,41950.591699,257999.869692,4299.9978282,183.76059094871795,1632.9105676708862,2529.4104871764707,2744.6794648085106,12.35,257999.869691,3600000.0,3599999.9990000003,mixed__s05__full_secure,full_secure,ablation,,,True,
secure,mixed,5,3600.0,becc32cd5d8abbe0,True,synthetic_distribution,False,disable_adaptive_trigger,1404,392,298,1012,32627.628,0.00906323,159,2.65,159,2.65,103,95,326,98,68,0.6938775510204082,0.30612244897959184,0.3187919463087248,68,692.4639852941364,255.30200000001605,1059.3592323632354,2180.946499999986,3004.2153500003733,4445.9073400000225,132.39399999997113,5121.333000000101,159,206.92698113207095,176.42399999999907,55.87226715483561,276.5867999998387,281.0513000001432,294.7145800002198,130.32400000002235,305.74500000011176,159,207.92698113207095,177.42399999999907,55.87226715483561,277.5867999998387,282.0513000001432,295.7145800002198,131.32400000002235,306.74500000011176,0,276.0,816.0,22.0,290.0,0.25274725274725274,0.9261744966442953,0.3971223021582734,0.7377938517179023,0.0738255033557047,0.38650306748466257,801.0,95,8,12,0.9223300970873787,0.8878504672897196,0.9047619047619048,0.9223300970873787,0.8249140186915888,0.12546537780613973,0.1410888888888889,0.5031446540880503,0.4968553459119497,,,not_computed_no_bbox_data,16,16,16.0,0,0,1012,191.0,191,148,43,135,19,116,19,0.774869109947644,0.042490118577075096,43,0.14074074074074075,0.15079365079365079,0.5122699386503068,0.8862275449101796,0.774869109947644,0.8268156424581006,0.4,0,13,13,47,94,0,150.0,159,0.6595798742138365,0.6244,0.12591176777122629,0.8609800000000001,0.91428,0.9774519999999999,0.5005,1.0356,159,0.0,0.0,0.0,0.0,0.0,0.0,0.0,0.0,159,0,0,0,0,0.0,0.0,3598360.727,215901.643601,1404.0,126.36,130.4,12.388,104.873,8.914232,3567372.368,28538.978943,477.0,71.55,22326.383,9377.080664,8616.75,3619.034823,1207.5,362.25,0.0,0.0,216049.305833,41968.89443,258018.20026299998,4300.303337716667,183.77364691096864,1622.7559764968553,2505.031070514563,2715.9810553999996,12.388,258018.200263,3600000.0,3600000.0009999997,mixed__s05__no_adaptive_trigger,no_adaptive_trigger,ablation,,,True,
secure,mixed,5,3600.0,becc32cd5d8abbe0,True,synthetic_distribution,False,disable_burst_detection,1404,392,298,1012,43487.564,0.012079878888888888,205,3.4166666666666665,205,3.4166666666666665,111,103,325,98,74,0.7551020408163265,0.24489795918367352,0.34563758389261745,74,778.5960810811004,258.4100000000326,1103.1074251537057,2398.500199999963,3266.736000000253,4385.421460000013,132.39399999997113,5121.333000000101,205,213.86006829267686,244.83700000029057,54.672606224957136,275.70979999987173,280.485599999968,292.5483200003859,130.32400000002235,305.74500000011176,205,214.86006829267686,245.83700000029057,54.672606224957136,276.70979999987173,281.485599999968,293.5483200003859,131.32400000002235,306.74500000011176,0,275.0,816.0,23.0,290.0,0.2520623281393217,0.9228187919463087,0.3959683225341972,0.7377938517179023,0.07718120805369127,0.38461538461538464,801.0,103,8,12,0.9279279279279279,0.8956521739130435,0.911504424778761,0.9279279279279279,0.8258313043478261,0.12178842551896717,0.1410888888888889,0.43414634146341463,0.5658536585365853,,,not_computed_no_bbox_data,18,18,18.0,0,0,1012,191.0,191,110,81,134,10,124,10,0.5759162303664922,0.0800395256916996,81,0.07462686567164178,0.08,0.36923076923076925,0.9166666666666666,0.5759162303664922,0.707395498392283,0.4,0,13,13,0,94,0,150.0,205,0.6658678048780489,0.6348,0.12681933126271613,0.86194,0.91448,0.975592,0.5005,1.0356,205,0.0,0.0,0.0,0.0,0.0,0.0,0.0,0.0,205,0,0,0,0,0.0,0.0,3598329.497,215899.769826,1404.0,126.36,130.0,12.35,136.503,11.602746,3556512.433,28452.099467,615.0,92.25,28728.298,12065.885323,12639.768,5308.702636,1504.5,451.35,0.0,0.0,216050.08257199998,46370.287426,262420.369998,4373.6728333,186.90909544017092,1280.0993658439024,2364.1474774594594,2547.7705825048542,12.35,262420.369999,3600000.0,3599999.9990000003,mixed__s05__no_burst_detection,no_burst_detection,ablation,,,True,
secure,mixed,5,3600.0,becc32cd5d8abbe0,True,synthetic_distribution,False,disable_consistency_check,1404,392,298,1012,40273.772,0.011187158888888889,192,3.2,192,3.2,102,94,325,98,68,0.6938775510204082,0.30612244897959184,0.31543624161073824,68,740.8135000000186,256.8565000000526,1107.9544542063402,2368.761799999909,3343.7820000001343,4445.9073400000225,132.39399999997113,5121.333000000101,192,211.48574999999343,242.08350000018254,55.828179351267835,274.93980000002773,281.19784999996193,293.0814100003662,130.32400000002235,305.74500000011176,192,212.48574999999343,243.08350000018254,55.828179351267835,275.93980000002773,282.19784999996193,294.0814100003662,131.32400000002235,306.74500000011176,0,275.0,816.0,23.0,290.0,0.2520623281393217,0.9228187919463087,0.3959683225341972,0.7377938517179023,0.07718120805369127,0.38461538461538464,801.0,94,8,12,0.9215686274509803,0.8867924528301887,0.9038461538461539,0.9215686274509803,0.8240056603773587,0.12608901982344037,0.1410888888888889,0.4635416666666667,0.5364583333333334,,,not_computed_no_bbox_data,17,17,17.0,0,0,1012,191.0,191,114,77,134,19,115,19,0.5968586387434555,0.07608695652173914,77,0.1417910447761194,0.152,0.40923076923076923,0.8571428571428571,0.5968586387434555,0.7037037037037036,0.4,0,13,13,107,0,0,150.0,192,0.6650697916666667,0.6288,0.12810450463920814,0.8585000000000002,0.9166599999999999,0.9964700000000002,0.5005,1.0754,192,0.0,0.0,0.0,0.0,0.0,0.0,0.0,0.0,192,0,0,0,0,0.0,0.0,3598338.307,215900.29841,1404.0,126.36,130.0,12.35,127.693,10.85392,3559726.225,28477.809797,576.0,86.4,26986.759,11334.438877,11307.016,4748.946755,1404.0,421.2,0.0,0.0,216049.86232999997,45068.795429,261118.657759,4351.977629316667,185.98194997079773,1359.9930091614583,2559.98684077451,2777.8580612659575,12.35,261118.657759,3600000.0,3600000.0,mixed__s05__no_consistency_check,no_consistency_check,ablation,,,True,
secure,mixed,5,3600.0,becc32cd5d8abbe0,True,synthetic_distribution,False,disable_cooldown,1404,392,298,1012,67206.683,0.018668523055555556,300,5.0,327,5.45,201,184,1091,98,82,0.8367346938775511,0.16326530612244894,0.6174496644295302,82,492.21026829269726,255.30200000001605,686.0699095673679,1375.5553000003101,2312.7578999998764,3140.868800000078,132.39399999997113,3176.849000000395,327,218.14948623854204,233.6980000003241,75.25013175058373,280.46139999993613,300.7959000001661,514.570080000069,126.5909999999567,553.8809999998193,327,219.15334250765642,234.6980000003241,75.26416535104688,281.46139999993613,301.7959000001661,515.570080000069,127.5909999999567,555.8680000000168,0,275.0,816.0,23.0,290.0,0.2520623281393217,0.9228187919463087,0.3959683225341972,0.7377938517179023,0.07718120805369127,0.2520623281393217,801.0,184,17,23,0.9154228855721394,0.8888888888888888,0.9019607843137254,0.9154228855721394,0.8287859903381641,0.11888837322553243,0.12724615384615387,0.5045871559633027,0.4954128440366973,,,not_computed_no_bbox_data,25,25,25.0,0,0,1012,801.0,801,694,107,290,70,220,68,0.8664169787765293,0.10573122529644269,107,0.2413793103448276,0.24727272727272728,0.7002749770852429,0.9083769633507853,0.8664169787765293,0.8869009584664537,0.4,6,29,33,256,440,0,0.0,327,0.6595122324159021,0.6268,0.12286078748503426,0.8364400000000002,0.90326,0.987152,0.5005,1.0498,327,10.907296636085626,0.0,46.69744995527965,0.0,72.09159999999999,245.18978000000007,0.0,396.293,327,0,0,0,0,0.0,0.0,3597943.939,215876.636351,1404.0,126.36,436.4,41.458,215.661,18.331169,3532793.308,28262.346464,900.0,135.0,46128.159,19373.826893,17736.533,7449.343748,2442.0,732.6,0.0,0.0,216062.78552,55953.117105,272015.902625,4533.598377083333,193.74352038817662,831.8529132262996,1353.3129483830844,1478.347296875,41.458,272015.902625,3599999.9999999995,3600000.0,mixed__s05__no_cooldown,no_cooldown,ablation,,,True,
secure,mixed,5,3600.0,becc32cd5d8abbe0,True,synthetic_distribution,False,disable_early_exit,1404,392,298,1012,41220.772,0.011450214444444443,158,2.6333333333333333,158,2.6333333333333333,102,96,325,98,67,0.6836734693877551,0.3163265306122449,0.3221476510067114,67,705.1378656716669,269.9279999998398,1001.4235677199457,1847.478800000017,3060.8573000004035,4324.027260000034,235.55099999997765,5121.333000000101,158,262.61361392404325,261.6920000000391,14.949179480151589,281.18969999989497,288.89345000000105,301.0938000000269,226.88500000024214,309.79899999999907,158,263.61361392404325,262.6920000000391,14.949179480151589,282.18969999989497,289.89345000000105,302.0938000000269,227.88500000024214,310.79899999999907,0,275.0,816.0,23.0,290.0,0.2520623281393217,0.9228187919463087,0.3959683225341972,0.7377938517179023,0.07718120805369127,0.38461538461538464,801.0,96,6,10,0.9411764705882353,0.9056603773584906,0.923076923076923,0.9411764705882353,0.8414160377358492,0.13597752204774943,0.14068888888888892,0.0,1.0,,,not_computed_no_bbox_data,16,16,16.0,0,0,1012,191.0,191,148,43,134,19,115,19,0.774869109947644,0.042490118577075096,43,0.1417910447761194,0.152,0.5138461538461538,0.8862275449101796,0.774869109947644,0.8268156424581006,0.4,0,13,13,47,94,0,150.0,158,0.6602506329113923,0.6255999999999999,0.12602519096418244,0.8612200000000001,0.91462,0.977558,0.5005,1.0356,158,0.0,0.0,0.0,0.0,0.0,0.0,0.0,0.0,158,0,0,0,0,0.0,0.0,3598361.68,215901.700818,1404.0,126.36,130.0,12.35,104.32,8.867175,3558779.222,28470.233772,474.0,71.1,22180.524,9315.820265,17378.254,7298.866702,1188.0,356.4,0.0,0.0,216049.277993,45512.420739,261561.698732,4359.361645533333,186.29750621937322,1655.453789443038,2564.3303797254903,2724.601028458333,12.35,261561.698732,3600000.0,3600000.0000000005,mixed__s05__no_early_exit,no_early_exit,ablation,,,True,
secure,mixed,5,3600.0,becc32cd5d8abbe0,True,synthetic_distribution,False,disable_rate_limit,1404,392,298,1012,32578.616,0.009049615555555557,158,2.6333333333333333,158,2.6333333333333333,102,94,325,98,68,0.6938775510204082,0.30612244897959184,0.31543624161073824,68,740.8135000000186,256.8565000000526,1107.9544542063402,2368.761799999909,3343.7820000001343,4445.9073400000225,132.39399999997113,5121.333000000101,158,207.9163924050596,227.25150000024587,55.8161846750752,276.6556999998633,281.07995000012454,294.76407000021544,130.32400000002235,305.74500000011176,158,208.9163924050596,228.25150000024587,55.8161846750752,277.6556999998633,282.07995000012454,295.76407000021544,131.32400000002235,306.74500000011176,0,275.0,816.0,23.0,290.0,0.2520623281393217,0.9228187919463087,0.3959683225341972,0.7377938517179023,0.07718120805369127,0.38461538461538464,801.0,94,8,12,0.9215686274509803,0.8867924528301887,0.9038461538461539,0.9215686274509803,0.8240056603773587,0.12608901982344037,0.1410888888888889,0.4936708860759494,0.5063291139240507,,,not_computed_no_bbox_data,16,16,16.0,0,0,1012,191.0,191,148,43,134,19,115,19,0.774869109947644,0.042490118577075096,43,0.1417910447761194,0.152,0.5138461538461538,0.8862275449101796,0.774869109947644,0.8268156424581006,0.4,0,13,13,47,94,0,150.0,158,0.6602506329113923,0.6255999999999999,0.12602519096418244,0.8612200000000001,0.91462,0.977558,0.5005,1.0356,158,0.0,0.0,0.0,0.0,0.0,0.0,0.0,0.0,158,0,0,0,0,0.0,0.0,3598361.68,215901.700818,1404.0,126.36,130.0,12.35,104.32,8.867175,3567421.379,28539.371035,474.0,71.1,22180.524,9315.820265,8725.596,3664.750399,1198.5,359.55,0.0,0.0,216049.277993,41950.591699,257999.869692,4299.9978282,183.76059094871795,1632.9105676708862,2529.4104871764707,2744.6794648085106,12.35,257999.869691,3600000.0,3599999.9990000003,mixed__s05__no_rate_limit,no_rate_limit,ablation,,,True,
secure,mixed,5,3600.0,becc32cd5d8abbe0,True,synthetic_distribution,False,disable_replay_protection,1404,392,298,1012,37225.481,0.010340411388888889,181,3.0166666666666666,181,3.0166666666666666,109,100,325,98,68,0.6938775510204082,0.30612244897959184,0.33557046979865773,68,682.8857647058957,256.8565000000526,1010.5508190633589,2069.100100000005,2591.6279000002187,4445.9073400000225,132.39399999997113,5121.333000000101,181,207.38838121547178,176.42399999999907,56.046083210308595,276.4489999997895,281.5669999998063,295.895399999991,130.32400000002235,305.74500000011176,181,208.38838121547178,177.42399999999907,56.046083210308595,277.4489999997895,282.5669999998063,296.895399999991,131.32400000002235,306.74500000011176,0,275.0,816.0,23.0,290.0,0.2520623281393217,0.9228187919463087,0.3959683225341972,0.7377938517179023,0.07718120805369127,0.38461538461538464,801.0,100,9,13,0.9174311926605505,0.8849557522123894,0.9009009009009009,0.9174311926605505,0.8296946902654868,0.12518138970588977,0.1410888888888889,0.5027624309392266,0.4972375690607735,,,not_computed_no_bbox_data,32,32,32.0,0,0,1012,191.0,191,132,59,134,12,122,12,0.6910994764397905,0.058300395256917,59,0.08955223880597014,0.096,0.4430769230769231,0.9166666666666666,0.6910994764397905,0.7880597014925372,0.4,0,0,0,50,94,0,150.0,181,0.661843093922652,0.6283,0.12320270793983303,0.8438,0.9082,0.9751199999999999,0.5005,1.0356,181,0.0,0.0,0.0,0.0,0.0,0.0,0.0,0.0,181,0,0,0,0,0.0,0.0,3598346.206,215900.772377,1404.0,126.36,130.0,12.35,119.794,10.182466,3562774.513,28502.196105,543.0,81.45,25394.631,10665.745179,9900.355,4158.149286,1387.5,416.25,0.0,0.0,216049.66484299998,43823.79057,259873.45541299996,4331.224256883333,185.09505371296294,1435.764947033149,2384.1601414036695,2598.7345541299997,12.35,259873.455413,3600000.0,3599999.999,mixed__s05__no_replay_protection,no_replay_protection,ablation,,,True,
secure,mixed,5,3600.0,becc32cd5d8abbe0,True,synthetic_distribution,False,disable_security,1404,392,298,1012,69482.218,0.01930061611111111,325,5.416666666666667,325,5.416666666666667,121,112,325,98,75,0.7653061224489796,0.23469387755102045,0.37583892617449666,75,744.1792799999953,258.8179999999702,1022.5129006546028,2143.4583999999336,2776.4746000003524,4374.9404799999675,131.99400000006426,5120.932999999961,325,215.11298153846454,245.43700000000536,55.30359872724825,274.30060000005176,280.59180000003545,294.3921199999889,123.21799999987707,305.34499999997206,325,216.11298153846454,246.43700000000536,55.30359872724825,275.30060000005176,281.59180000003545,295.3921199999889,124.21799999987707,306.34499999997206,0,275.0,816.0,23.0,290.0,0.2520623281393217,0.9228187919463087,0.3959683225341972,0.7377938517179023,0.07718120805369127,0.38461538461538464,801.0,112,9,13,0.9256198347107438,0.896,0.9105691056910571,0.9256198347107438,0.832392,0.12055614847648323,0.1410888888888889,0.4246153846153846,0.5753846153846154,,,not_computed_no_bbox_data,36,36,36.0,0,0,1012,191.0,0,0,0,0,0,0,0,,0.18873517786561264,191,,,,,,,0.0,0,0,0,0,0,0,150.0,325,0.6662224615384615,0.6388,0.12328336858323904,0.8400200000000001,0.89476,0.9817039999999999,0.5005,1.0754,325,0.0,0.0,0.0,0.0,0.0,0.0,0.0,0.0,325,0,0,0,0,0.0,0.0,3598379.478,215902.7687,1404.0,126.36,0.0,0.0,216.522,18.404342,3530517.783,28244.142265,975.0,146.25,45626.998,19163.339069,20592.719,8648.942016,2287.5,686.25,0.0,0.0,216047.53304199997,56888.92335,272936.45639199996,4548.940939866666,194.39918546438744,839.8044812061537,2255.6731933223136,2436.9326463571424,0.0,272936.456393,3600000.0,3600000.0,mixed__s05__no_security,no_security,ablation,,,True,
always_on,mixed,6,3600.0,938d0b5bfacca6c1,True,synthetic_distribution,False,,2025,365,286,1660,3600000.0,1.0,1,0.016666666666666666,1457,24.283333333333335,282,251,0,98,95,0.9693877551020408,0.030612244897959218,0.8776223776223776,95,457.390978947348,343.77900000009686,388.07351909774275,989.5818000000675,1290.6415999998683,1723.1285000002683,142.55899999989197,2579.3040000000037,0,,,,,,,,,1457,327.654183939601,324.57299999997485,89.41027709749282,448.49040000000974,483.86959999999965,530.3501199999546,125.18000000005122,673.1469999998808,0,,,,,,,,,,,,251,35,35,0.8776223776223776,0.8776223776223776,0.8776223776223775,0.8900709219858156,0.8314562937062936,0.11600013768399767,0.17460526315789468,0.37542896362388467,0.6245710363761153,,,not_computed_no_bbox_data,91,87,91.0,16548,193,1660,,0,0,0,0,0,0,0,,0.6596385542168675,1095,,,,,,,0.0,0,0,0,0,0,0,,0,,,,,,,,,0,,,,,,,,,0,0,0,0,0,3600000.0,18000.0,0.0,0.0,0.0,0.0,0.0,0.0,0.0,0.0,0.0,0.0,0.0,0.0,2528504.239,1061971.780431,962298.761,404165.479569,109197.0,32759.1,0.0,0.0,18000.0,1498896.36,1516896.36,25281.606000000003,749.0846222222223,,5379.065106382979,6043.411792828686,0.0,1516896.36,3600000.0,3600000.0,mixed__s06__always_on,always_on,ablation,,,True,
secure,mixed,6,3600.0,938d0b5bfacca6c1,True,synthetic_distribution,False,,2025,365,286,1660,34718.606,0.009644057222222223,176,2.933333333333333,176,2.933333333333333,120,108,432,98,77,0.7857142857142857,0.2142857142857143,0.3776223776223776,77,459.7141948051933,174.89600000000792,718.1607361200587,1517.9382000000685,1879.244600000001,3029.1260799999536,132.52599999960512,4423.016999999993,176,199.0051874999948,165.47200000012526,55.9516602597445,268.92699999990873,277.8530000000319,284.90774999999576,127.2960000000894,288.75199999999313,176,200.0051874999948,166.47200000012526,55.9516602597445,269.92699999990873,278.8530000000319,285.90774999999576,128.2960000000894,289.75199999999313,0,267.0,1328.0,19.0,411.0,0.16739811912225705,0.9335664335664335,0.2838915470494418,0.7636572742955722,0.06643356643356643,0.3101851851851852,1314.0,108,12,15,0.9,0.8780487804878049,0.888888888888889,0.9,0.84380081300813,0.11252859781940967,0.17185,0.5681818181818182,0.4318181818181818,,,not_computed_no_bbox_data,14,14,14.0,0,0,1660,290.0,290,245,45,142,11,131,11,0.8448275862068966,0.02710843373493976,45,0.07746478873239436,0.08208955223880597,0.5925925925925926,0.95703125,0.8448275862068966,0.8974358974358974,0.4,0,5,11,75,165,0,133.0,176,0.6675204545454545,0.64545,0.11821851792008212,0.8328,0.889475,0.9541000000000001,0.5007,1.0044,176,0.0,0.0,0.0,0.0,0.0,0.0,0.0,0.0,176,0,0,0,0,0.0,0.0,3597684.716,215861.08298,2025.0,182.25,172.8,16.416,117.484,9.986112,3565281.394,28522.251156,528.0,79.2,24478.384,10280.921307,8380.221,3519.693016,1332.0,399.6,0.0,0.0,216069.73509200002,42801.665478999996,258871.400571,4314.5233428500005,127.83772867703703,1470.8602305170455,2157.2616714250003,2396.9574126944444,16.416,258871.400571,3600000.0,3599999.999,mixed__s06__full_secure,full_secure,ablation,,,True,
secure,mixed,6,3600.0,938d0b5bfacca6c1,True,synthetic_distribution,False,disable_adaptive_trigger,2025,365,286,1660,34718.606,0.009644057222222223,176,2.933333333333333,176,2.933333333333333,120,108,432,98,77,0.7857142857142857,0.2142857142857143,0.3776223776223776,77,459.7141948051933,174.89600000000792,718.1607361200587,1517.9382000000685,1879.244600000001,3029.1260799999536,132.52599999960512,4423.016999999993,176,199.0051874999948,165.47200000012526,55.9516602597445,268.92699999990873,277.8530000000319,284.90774999999576,127.2960000000894,288.75199999999313,176,200.0051874999948,166.47200000012526,55.9516602597445,269.92699999990873,278.8530000000319,285.90774999999576,128.2960000000894,289.75199999999313,0,267.0,1328.0,19.0,411.0,0.16739811912225705,0.9335664335664335,0.2838915470494418,0.7636572742955722,0.06643356643356643,0.3101851851851852,1314.0,108,12,15,0.9,0.8780487804878049,0.888888888888889,0.9,0.84380081300813,0.11252859781940967,0.17185,0.5681818181818182,0.4318181818181818,,,not_computed_no_bbox_data,14,14,14.0,0,0,1660,290.0,290,245,45,142,11,131,11,0.8448275862068966,0.02710843373493976,45,0.07746478873239436,0.08208955223880597,0.5925925925925926,0.95703125,0.8448275862068966,0.8974358974358974,0.4,0,5,11,75,165,0,133.0,176,0.6675204545454545,0.64545,0.11821851792008212,0.8328,0.889475,0.9541000000000001,0.5007,1.0044,176,0.0,0.0,0.0,0.0,0.0,0.0,0.0,0.0,176,0,0,0,0,0.0,0.0,3597684.716,215861.08298,2025.0,182.25,172.8,16.416,117.484,9.986112,3565281.394,28522.251156,528.0,79.2,24478.384,10280.921307,8380.221,3519.693016,1332.0,399.6,0.0,0.0,216069.73509200002,42801.665478999996,258871.400571,4314.5233428500005,127.83772867703703,1470.8602305170455,2157.2616714250003,2396.9574126944444,16.416,258871.400571,3600000.0,3599999.999,mixed__s06__no_adaptive_trigger,no_adaptive_trigger,ablation,,,True,
secure,mixed,6,3600.0,938d0b5bfacca6c1,True,synthetic_distribution,False,disable_burst_detection,2025,365,286,1660,51848.229999999996,0.01440228611111111,251,4.183333333333334,251,4.183333333333334,122,110,432,98,78,0.7959183673469388,0.20408163265306123,0.38461538461538464,78,455.8059743589732,173.68349999995553,714.3165367342244,1510.5959000000844,1858.1181999999965,3010.7854099999695,132.52599999960512,4423.016999999993,251,208.3043306772948,236.9379999996163,56.0430211725829,269.6970000001602,278.6655000000028,288.68799999999646,127.2960000000894,303.7480000000214,251,209.3043306772948,237.9379999996163,56.0430211725829,270.6970000001602,279.6655000000028,289.68799999999646,128.2960000000894,304.7480000000214,0,267.0,1328.0,19.0,411.0,0.16739811912225705,0.9335664335664335,0.2838915470494418,0.7636572742955722,0.06643356643356643,0.3101851851851852,1314.0,110,12,15,0.9016393442622951,0.88,0.8906882591093117,0.9016393442622951,0.8439184,0.11162841251800691,0.17185,0.4820717131474104,0.5179282868525896,,,not_computed_no_bbox_data,20,20,20.0,0,0,1660,290.0,290,172,118,142,9,133,9,0.593103448275862,0.07108433734939759,118,0.06338028169014084,0.06716417910447761,0.41898148148148145,0.9502762430939227,0.593103448275862,0.7303609341825902,0.4,0,5,11,0,165,0,133.0,251,0.6653474103585658,0.6461,0.12115663425197538,0.8269,0.8933500000000001,1.0122499999999999,0.5001,1.0435,251,0.0,0.0,0.0,0.0,0.0,0.0,0.0,0.0,251,0,0,0,0,0.0,0.0,3597635.198,215858.111859,2025.0,182.25,172.8,16.416,167.002,14.1952,3548151.767,28385.214139,753.0,112.95,35010.355,14704.349073,14287.878,6000.908629,1797.0,539.1,0.0,0.0,216070.97305899998,49742.521840999994,265813.4949,4430.224915,131.2659234074074,1059.0179079681275,2178.79913852459,2416.4863172727273,16.416,265813.4949,3599999.9999999995,3600000.0,mixed__s06__no_burst_detection,no_burst_detection,ablation,,,True,
secure,mixed,6,3600.0,938d0b5bfacca6c1,True,synthetic_distribution,False,disable_consistency_check,2025,365,286,1660,45714.773,0.012698548055555555,223,3.716666666666667,223,3.716666666666667,120,108,432,98,77,0.7857142857142857,0.2142857142857143,0.3776223776223776,77,459.7141948051933,174.89600000000792,718.1607361200587,1517.9382000000685,1879.244600000001,3029.1260799999536,132.52599999960512,4423.016999999993,223,206.7377040358749,177.57700000004843,56.702537310620386,270.34780000002354,279.90439999997614,288.7238399999946,127.2960000000894,296.41700000001583,223,207.7377040358749,178.57700000004843,56.702537310620386,271.34780000002354,280.90439999997614,289.7238399999946,128.2960000000894,297.41700000001583,0,267.0,1328.0,19.0,411.0,0.16739811912225705,0.9335664335664335,0.2838915470494418,0.7636572742955722,0.06643356643356643,0.3101851851851852,1314.0,108,12,15,0.9,0.8780487804878049,0.888888888888889,0.9,0.84380081300813,0.11252859781940967,0.17185,0.5022421524663677,0.4977578475336323,,,not_computed_no_bbox_data,16,16,16.0,0,0,1660,290.0,290,198,92,142,11,131,11,0.6827586206896552,0.05542168674698795,92,0.07746478873239436,0.08208955223880597,0.4837962962962963,0.9473684210526315,0.6827586206896552,0.7935871743486973,0.4,0,5,11,193,0,0,133.0,223,0.6683771300448431,0.6401,0.12152971485083906,0.8478400000000001,0.91915,0.9727560000000001,0.5007,1.0044,223,0.0,0.0,0.0,0.0,0.0,0.0,0.0,0.0,223,0,0,0,0,0.0,0.0,3597653.152,215859.189105,2025.0,182.25,172.8,16.416,149.048,12.669101,3554285.226,28434.281805,669.0,100.35,31122.971,13071.647712,12301.304,5166.547549,1621.5,486.45,0.0,0.0,216070.524206,47259.277065999995,263329.801272,4388.8300212,130.03940803555557,1180.8511267802692,2194.4150106,2438.2389006666667,16.416,263329.801271,3599999.9999999995,3600000.0009999997,mixed__s06__no_consistency_check,no_consistency_check,ablation,,,True,
secure,mixed,6,3600.0,938d0b5bfacca6c1,True,synthetic_distribution,False,disable_cooldown,2025,365,286,1660,71775.687,0.019937690833333334,329,5.483333333333333,353,5.883333333333334,214,188,1595,98,86,0.8775510204081632,0.12244897959183676,0.6573426573426573,86,394.27920930232796,245.303499999849,509.49081537603433,1044.117000000144,1549.9805000000342,2409.8694499999983,131.3739999999525,2866.3900000001304,353,214.1560084985852,228.05500000016764,69.15278061083119,279.49020000007005,291.20200000023465,439.4880800000114,127.01000000000931,524.5920000001788,353,215.1585410764898,229.05500000016764,69.15423945441502,280.49020000007005,292.20200000023465,440.4880800000114,128.0100000000093,525.5920000001788,0,267.0,1328.0,19.0,411.0,0.16739811912225705,0.9335664335664335,0.2838915470494418,0.7636572742955722,0.06643356643356643,0.16739811912225705,1314.0,188,26,29,0.8785046728971962,0.8663594470046083,0.8723897911832946,0.8785046728971962,0.8371824884792628,0.10869488883380679,0.15866923076923076,0.5184135977337111,0.48158640226628896,,,not_computed_no_bbox_data,20,20,20.0,0,0,1660,1314.0,1314,1191,123,281,51,230,50,0.906392694063927,0.07409638554216867,123,0.18149466192170818,0.18726591760299627,0.7786833855799373,0.9589371980676329,0.906392694063927,0.9319248826291081,0.4,11,18,35,433,745,0,0.0,353,0.6625790368271954,0.6432,0.11801343727507793,0.8143,0.88494,0.9919720000000004,0.5007,1.171,353,9.100322946175636,0.0,41.00004394347645,0.0,54.65899999999962,241.33320000000035,0.0,277.925,353,0,0,0,0,0.0,0.0,3597103.11,215826.186576,2025.0,182.25,638.0,60.61,233.89,19.880683,3528224.307,28225.794456,987.0,148.05,49418.064,20755.586868,18789.129,7891.434193,2581.5,774.45,0.0,0.0,216088.927259,57795.315516999995,273884.24277600006,4564.737379600001,135.25147791407412,775.8760418583571,1279.8329101682245,1456.8310785957449,60.61,273884.242776,3600000.0,3600000.0,mixed__s06__no_cooldown,no_cooldown,ablation,,,True,
secure,mixed,6,3600.0,938d0b5bfacca6c1,True,synthetic_distribution,False,disable_early_exit,2025,365,286,1660,45736.22900000001,0.012704508055555558,176,2.933333333333333,176,2.933333333333333,120,112,432,98,80,0.8163265306122449,0.18367346938775508,0.3916083916083916,80,500.68583749999743,264.4929999999513,682.8710011760858,1493.909400000121,1716.9892000001505,3085.3061999998968,238.6909999999989,4525.570999999996,176,261.6052727272608,261.8759999999893,13.206662930270546,279.752000000095,283.9817499999772,288.20924999999716,219.03100000019185,288.75199999999313,176,262.6052727272608,262.8759999999893,13.206662930270546,280.752000000095,284.9817499999772,289.20924999999716,220.03100000019185,289.75199999999313,0,267.0,1328.0,19.0,411.0,0.16739811912225705,0.9335664335664335,0.2838915470494418,0.7636572742955722,0.06643356643356643,0.3101851851851852,1314.0,112,8,11,0.9333333333333333,0.9105691056910569,0.9218106995884775,0.9333333333333333,0.8719886178861789,0.12471714962413623,0.16573749999999998,0.0,1.0,,,not_computed_no_bbox_data,14,14,14.0,0,0,1660,290.0,290,245,45,142,11,131,11,0.8448275862068966,0.02710843373493976,45,0.07746478873239436,0.08208955223880597,0.5925925925925926,0.95703125,0.8448275862068966,0.8974358974358974,0.4,0,5,11,75,165,0,133.0,176,0.6675204545454545,0.64545,0.11821851792008212,0.8328,0.889475,0.9541000000000001,0.5007,1.0044,176,0.0,0.0,0.0,0.0,0.0,0.0,0.0,0.0,176,0,0,0,0,0.0,0.0,3597684.716,215861.08298,2025.0,182.25,172.8,16.416,117.484,9.986112,3554263.773,28434.110183,528.0,79.2,24478.384,10280.921307,19375.343,8137.644108,1354.5,406.35,0.0,0.0,216069.73509200002,47338.225598000005,263407.96069,4390.132678166667,130.07800527901233,1496.6361402840907,2195.0663390833333,2351.856791875,16.416,263407.960689,3600000.0,3600000.0,mixed__s06__no_early_exit,no_early_exit,ablation,,,True,
secure,mixed,6,3600.0,938d0b5bfacca6c1,True,synthetic_distribution,False,disable_rate_limit,2025,365,286,1660,34718.606,0.009644057222222223,176,2.933333333333333,176,2.933333333333333,120,108,432,98,77,0.7857142857142857,0.2142857142857143,0.3776223776223776,77,459.7141948051933,174.89600000000792,718.1607361200587,1517.9382000000685,1879.244600000001,3029.1260799999536,132.52599999960512,4423.016999999993,176,199.0051874999948,165.47200000012526,55.9516602597445,268.92699999990873,277.8530000000319,284.90774999999576,127.2960000000894,288.75199999999313,176,200.0051874999948,166.47200000012526,55.9516602597445,269.92699999990873,278.8530000000319,285.90774999999576,128.2960000000894,289.75199999999313,0,267.0,1328.0,19.0,411.0,0.16739811912225705,0.9335664335664335,0.2838915470494418,0.7636572742955722,0.06643356643356643,0.3101851851851852,1314.0,108,12,15,0.9,0.8780487804878049,0.888888888888889,0.9,0.84380081300813,0.11252859781940967,0.17185,0.5681818181818182,0.4318181818181818,,,not_computed_no_bbox_data,14,14,14.0,0,0,1660,290.0,290,245,45,142,11,131,11,0.8448275862068966,0.02710843373493976,45,0.07746478873239436,0.08208955223880597,0.5925925925925926,0.95703125,0.8448275862068966,0.8974358974358974,0.4,0,5,11,75,165,0,133.0,176,0.6675204545454545,0.64545,0.11821851792008212,0.8328,0.889475,0.9541000000000001,0.5007,1.0044,176,0.0,0.0,0.0,0.0,0.0,0.0,0.0,0.0,176,0,0,0,0,0.0,0.0,3597684.716,215861.08298,2025.0,182.25,172.8,16.416,117.484,9.986112,3565281.394,28522.251156,528.0,79.2,24478.384,10280.921307,8380.221,3519.693016,1332.0,399.6,0.0,0.0,216069.73509200002,42801.665478999996,258871.400571,4314.5233428500005,127.83772867703703,1470.8602305170455,2157.2616714250003,2396.9574126944444,16.416,258871.400571,3600000.0,3599999.999,mixed__s06__no_rate_limit,no_rate_limit,ablation,,,True,
secure,mixed,6,3600.0,938d0b5bfacca6c1,True,synthetic_distribution,False,disable_replay_protection,2025,365,286,1660,38002.331,0.010556203055555555,192,3.2,192,3.2,129,117,432,98,78,0.7959183673469388,0.20408163265306123,0.4090909090909091,78,489.63156410256227,209.57399999993504,760.8354282919867,1572.7397999999694,2220.9364499999906,3168.1110399999825,132.52599999960512,4423.016999999993,192,199.67033854166274,165.47200000012526,56.03073210960593,269.4868999999977,277.5756999999576,284.1149499999949,127.2960000000894,288.75199999999313,192,200.67033854166274,166.47200000012526,56.03073210960593,270.4868999999977,278.5756999999576,285.1149499999949,128.2960000000894,289.75199999999313,0,267.0,1328.0,19.0,411.0,0.16739811912225705,0.9335664335664335,0.2838915470494418,0.7636572742955722,0.06643356643356643,0.3101851851851852,1314.0,117,12,15,0.9069767441860465,0.8863636363636364,0.896551724137931,0.9069767441860465,0.8435484848484849,0.11274176362316833,0.17185,0.5625,0.4375,,,not_computed_no_bbox_data,21,21,21.0,0,0,1660,290.0,290,238,52,142,2,140,2,0.8206896551724138,0.03132530120481928,52,0.014084507042253521,0.014925373134328358,0.5555555555555556,0.9916666666666667,0.8206896551724138,0.8981132075471697,0.4,0,0,0,75,165,0,133.0,192,0.6642088541666666,0.6417999999999999,0.11777318770918449,0.83113,0.884995,0.9484680000000002,0.5007,1.0044,192,0.0,0.0,0.0,0.0,0.0,0.0,0.0,0.0,192,0,0,0,0,0.0,0.0,3597674.672,215860.480312,2025.0,182.25,172.8,16.416,127.528,10.839891,3561997.668,28495.981343,576.0,86.4,26722.06,11223.265185,9246.272,3883.434292,1458.0,437.4,0.0,0.0,216069.986203,44126.48082,260196.46702299998,4336.607783716666,128.49208248049382,1355.1899324114581,2017.0268761472867,2223.9014275470086,16.416,260196.467023,3599999.9999999995,3600000.0,mixed__s06__no_replay_protection,no_replay_protection,ablation,,,True,
secure,mixed,6,3600.0,938d0b5bfacca6c1,True,synthetic_distribution,False,disable_security,2025,365,286,1660,93658.375,0.02601621527777778,432,7.2,432,7.2,131,119,432,98,79,0.8061224489795918,0.19387755102040816,0.4160839160839161,79,484.99411392403925,174.49600000001374,756.8802113857421,1568.7572000000628,2219.3133000000726,3151.4135599999963,132.12599999969825,4422.616999999969,432,218.1297037037041,249.2729999999865,54.778758454191546,271.498699999979,279.5740500000353,290.0937700000091,126.89600000018254,303.34799999999814,432,219.1297037037041,250.2729999999865,54.778758454191546,272.498699999979,280.5740500000353,291.0937700000091,127.89600000018254,304.34799999999814,0,267.0,1328.0,19.0,411.0,0.16739811912225705,0.9335664335664335,0.2838915470494418,0.7636572742955722,0.06643356643356643,0.3101851851851852,1314.0,119,12,15,0.9083969465648855,0.8880597014925373,0.8981132075471697,0.9083969465648855,0.8436619402985074,0.11190134739173892,0.17185,0.3888888888888889,0.6111111111111112,,,not_computed_no_bbox_data,32,32,32.0,0,0,1660,290.0,0,0,0,0,0,0,0,,0.1746987951807229,290,,,,,,,0.0,0,0,0,0,0,0,133.0,432,0.6603525462962963,0.6368,0.12377004646461921,0.8277100000000001,0.8917199999999998,1.015233,0.5001,1.338,432,0.0,0.0,0.0,0.0,0.0,0.0,0.0,0.0,432,0,0,0,0,0.0,0.0,3597689.728,215861.383681,2025.0,182.25,0.0,0.0,285.272,24.248118,3506341.622,28050.732976,1296.0,194.4,60502.343,25410.983853,28933.535,12152.084904,2926.5,877.95,0.0,0.0,216067.881799,66686.151733,282754.03353200003,4712.567225533334,139.63162149728396,654.5232257685186,2158.4277368854964,2376.084315394958,0.0,282754.033532,3600000.0,3600000.0,mixed__s06__no_security,no_security,ablation,,,True,
always_on,mixed,7,3600.0,0182a0020d56088b,True,synthetic_distribution,False,,1394,392,277,1002,3600000.0,1.0,1,0.016666666666666666,1067,17.783333333333335,269,241,0,93,90,0.967741935483871,0.032258064516129004,0.8700361010830325,90,537.9911888889143,351.76350000011735,524.241345259211,1338.4187999999397,1700.0500499999848,2432.4461000000274,130.73300000000745,2931.121999999974,0,,,,,,,,,1067,335.1914329896942,325.1790000000037,111.52012226064387,462.67119999993594,507.7800000000512,695.494179999963,117.62799999990966,1063.6499999999996,0,,,,,,,,,,,,241,30,34,0.8892988929889298,0.8763636363636363,0.8827838827838829,0.895910780669145,0.8375261818181818,0.11075964230307675,0.17748508771929827,0.41705716963448924,0.5829428303655108,,,not_computed_no_bbox_data,110,108,110.0,16982,221,1002,,0,0,0,0,0,0,0,,0.6766467065868264,678,,,,,,,0.0,0,0,0,0,0,0,,0,,,,,,,,,0,,,,,,,,,0,0,0,0,0,3600000.0,18000.0,0.0,0.0,0.0,0.0,0.0,0.0,0.0,0.0,0.0,0.0,0.0,0.0,2537645.611,1065811.15662,952818.389,400183.72338,109536.0,32860.8,0.0,0.0,18000.0,1498855.68,1516855.68,25280.928,1088.1317647058822,,5638.8686988847585,6294.006970954357,0.0,1516855.68,3600000.0,3600000.0,mixed__s07__always_on,always_on,ablation,,,True,
secure,mixed,7,3600.0,0182a0020d56088b,True,synthetic_distribution,False,,1394,392,277,1002,32071.460000000003,0.008908738888888889,161,2.683333333333333,161,2.683333333333333,98,87,318,93,59,0.6344086021505376,0.3655913978494624,0.3140794223826715,59,498.2399491525569,183.54799999995157,719.079667364389,1343.676799999946,1786.8153000000382,3188.622080000101,124.47899999981746,3981.5540000000037,161,200.90516149069393,175.23199999995995,54.39710524982242,268.2729999999283,275.7990000001155,287.59640000015503,119.6589999999851,294.6620000000112,161,201.90516149069393,176.23199999995995,54.39710524982242,269.2729999999283,276.7990000001155,288.59640000015503,120.6589999999851,295.6620000000112,0,253.0,798.0,24.0,319.0,0.2407231208372978,0.9133574007220217,0.38102409638554213,0.7144136078782453,0.08664259927797834,0.3490566037735849,771.0,87,12,12,0.8787878787878788,0.8787878787878788,0.8787878787878788,0.8877551020408163,0.8462838383838384,0.09419120664693847,0.22523999999999997,0.5652173913043478,0.43478260869565216,,,not_computed_no_bbox_data,21,20,21.0,0,0,1002,187.0,187,145,42,131,12,119,12,0.7754010695187166,0.041916167664670656,42,0.0916030534351145,0.10810810810810811,0.4937106918238994,0.9235668789808917,0.7754010695187166,0.8430232558139534,0.4,0,15,11,40,91,0,142.0,161,0.6569211180124224,0.6266,0.11498588576969886,0.8151,0.8606,0.9879600000000002,0.5001,1.0055,161,0.0,0.0,0.0,0.0,0.0,0.0,0.0,0.0,161,0,0,0,0,0.0,0.0,3598373.036,215902.382153,1394.0,125.46,127.2,12.084,105.764,8.98995,3567928.538,28543.428307,483.0,72.45,22743.027,9552.07121,7619.935,3200.372652,1225.5,367.65,0.0,0.0,216048.916103,41735.972169,257784.88827199998,4296.414804533333,184.92459703873743,1601.1483743602482,2630.4580435918365,2963.044692781609,12.084,257784.888272,3600000.0,3600000.0,mixed__s07__full_secure,full_secure,ablation,,,True,
secure,mixed,7,3600.0,0182a0020d56088b,True,synthetic_distribution,False,disable_adaptive_trigger,1394,392,277,1002,32360.933,0.008989148055555556,162,2.7,162,2.7,98,87,319,93,59,0.6344086021505376,0.3655913978494624,0.3140794223826715,59,498.2399491525569,183.54799999995157,719.079667364389,1343.676799999946,1786.8153000000382,3188.622080000101,124.47899999981746,3981.5540000000037,162,201.46118518519526,175.89600000000792,54.68775181165192,270.6850000000792,277.8272500001243,291.4618700000062,119.6589999999851,294.6620000000112,162,202.46118518519523,176.89600000000792,54.68775181165192,271.6850000000792,278.8272500001243,292.4618700000062,120.6589999999851,295.6620000000112,0,253.0,799.0,24.0,318.0,0.24049429657794677,0.9133574007220217,0.38073739653875094,0.7153088630259624,0.08664259927797834,0.34796238244514105,771.0,87,12,12,0.8787878787878788,0.8787878787878788,0.8787878787878788,0.8877551020408163,0.8462838383838384,0.09419120664693847,0.2211,0.5617283950617284,0.4382716049382716,,,not_computed_no_bbox_data,21,20,21.0,0,0,1002,187.0,187,145,42,132,12,120,12,0.7754010695187166,0.041916167664670656,42,0.09090909090909091,0.10810810810810811,0.49216300940438873,0.9235668789808917,0.7754010695187166,0.8430232558139534,0.4,0,15,11,40,91,0,142.0,162,0.6559858024691358,0.6265499999999999,0.11524474516376598,0.8148500000000001,0.86055,0.9877359999999997,0.5001,1.0055,162,0.0,0.0,0.0,0.0,0.0,0.0,0.0,0.0,162,0,0,0,0,0.0,0.0,3598372.131,215902.32783,1394.0,125.46,127.6,12.122,106.269,9.032907,3567639.065,28541.112523,486.0,72.9,22904.616,9619.938608,7738.819,3250.303938,1231.5,369.45,0.0,0.0,216048.94273699998,41853.705068999996,257902.647806,4298.377463433333,185.00907303156384,1591.9916531234567,2631.659671489796,2964.3982506436782,12.122,257902.647806,3600000.0,3600000.0,mixed__s07__no_adaptive_trigger,no_adaptive_trigger,ablation,,,True,
secure,mixed,7,3600.0,0182a0020d56088b,True,synthetic_distribution,False,disable_burst_detection,1394,392,277,1002,41234.876000000004,0.011454132222222224,201,3.35,201,3.35,103,91,318,93,63,0.6774193548387096,0.32258064516129037,0.3285198555956679,63,592.6996507936658,192.45700000005309,848.7821954078007,1647.1153999999638,2558.755200000153,3619.691000000063,124.47899999981746,3981.5540000000037,201,206.86057213931105,182.54799999995157,55.214722645820316,271.216999999946,278.9899999999907,292.21400000015274,119.6589999999851,301.5419999998994,201,207.86057213931105,183.54799999995157,55.214722645820316,272.216999999946,279.9899999999907,293.21400000015274,120.6589999999851,302.5419999998994,0,253.0,798.0,24.0,319.0,0.2407231208372978,0.9133574007220217,0.38102409638554213,0.7144136078782453,0.08664259927797834,0.3490566037735849,771.0,91,13,13,0.875,0.875,0.875,0.883495145631068,0.8476384615384615,0.0926809123609428,0.22523999999999997,0.5124378109452736,0.48756218905472637,,,not_computed_no_bbox_data,24,23,24.0,0,0,1002,187.0,187,110,77,131,7,124,7,0.5882352941176471,0.07684630738522955,77,0.05343511450381679,0.06306306306306306,0.36792452830188677,0.9401709401709402,0.5882352941176471,0.7236842105263159,0.4,0,15,11,0,91,0,142.0,201,0.6583960199004976,0.6283,0.1181970108931677,0.8216,0.8868,0.979,0.5001,1.0055,201,0.0,0.0,0.0,0.0,0.0,0.0,0.0,0.0,201,0,0,0,0,0.0,0.0,3598346.462,215900.787747,1394.0,125.46,127.2,12.084,132.338,11.248691,3558765.12,28470.12096,603.0,90.45,28446.835,11947.670554,10704.545,4495.909065,1480.5,444.15,0.0,0.0,216049.58043799998,45448.300579,261497.88101699998,4358.29801695,187.5881499404591,1300.9844826716417,2538.814378805825,2873.603088098901,12.084,261497.881018,3600000.0,3600000.0,mixed__s07__no_burst_detection,no_burst_detection,ablation,,,True,
secure,mixed,7,3600.0,0182a0020d56088b,True,synthetic_distribution,False,disable_consistency_check,1394,392,277,1002,38112.043999999994,0.010586678888888887,187,3.1166666666666667,187,3.1166666666666667,98,87,318,93,59,0.6344086021505376,0.3655913978494624,0.3140794223826715,59,498.2399491525569,183.54799999995157,719.079667364389,1343.676799999946,1786.8153000000382,3188.622080000101,124.47899999981746,3981.5540000000037,187,205.52155080214465,180.20900000003166,54.45171262766622,271.05860000003594,278.3211000000127,286.4451199996657,119.6589999999851,294.6620000000112,187,206.52155080214465,181.20900000003166,54.45171262766622,272.05860000003594,279.3211000000127,287.4451199996657,120.6589999999851,295.6620000000112,0,253.0,798.0,24.0,319.0,0.2407231208372978,0.9133574007220217,0.38102409638554213,0.7144136078782453,0.08664259927797834,0.3490566037735849,771.0,87,12,12,0.8787878787878788,0.8787878787878788,0.8787878787878788,0.8877551020408163,0.8462838383838384,0.09419120664693847,0.22523999999999997,0.5187165775401069,0.48128342245989303,,,not_computed_no_bbox_data,23,22,23.0,0,0,1002,187.0,187,119,68,131,12,119,12,0.6363636363636364,0.06786427145708583,68,0.0916030534351145,0.10810810810810811,0.4119496855345912,0.9083969465648855,0.6363636363636364,0.7484276729559748,0.4,0,15,11,105,0,0,142.0,187,0.662703743315508,0.6326,0.11772155016397393,0.8305400000000001,0.88981,0.9821359999999997,0.5001,1.0055,187,0.0,0.0,0.0,0.0,0.0,0.0,0.0,0.0,187,0,0,0,0,0.0,0.0,3598354.875,215901.29248,1394.0,125.46,127.2,12.084,123.925,10.533653,3561887.955,28495.103638,561.0,84.15,26324.247,11056.183677,9839.298,4132.505354,1387.5,416.25,0.0,0.0,216049.370133,44184.192669000004,260233.562802,4337.2260467,186.68117848063127,1391.6233304919785,2655.444518387755,2991.190377034483,12.084,260233.562802,3600000.0,3600000.0,mixed__s07__no_consistency_check,no_consistency_check,ablation,,,True,
secure,mixed,7,3600.0,0182a0020d56088b,True,synthetic_distribution,False,disable_cooldown,1394,392,277,1002,65942.457,0.018317349166666667,294,4.9,320,5.333333333333333,189,170,1051,93,81,0.8709677419354839,0.12903225806451613,0.6137184115523465,81,433.27864197533296,245.55000000004657,611.5346129393603,1148.3430000003427,1545.808999999892,2887.8548000001388,124.47899999981746,3981.5540000000037,320,222.50224375001207,242.82499999995343,79.0331777229816,282.03999999992084,307.3105499997735,514.5925299997259,119.6589999999851,671.963000000047,320,223.50800625001148,243.82499999995343,79.05337279652382,283.03999999992084,308.3105499997735,515.5925299997259,120.6589999999851,672.963000000047,0,253.0,798.0,24.0,319.0,0.2407231208372978,0.9133574007220217,0.38102409638554213,0.7144136078782453,0.08664259927797834,0.2407231208372978,771.0,170,20,23,0.8947368421052632,0.8808290155440415,0.887728459530026,0.8994708994708994,0.8362958549222799,0.10646234703826284,0.211812,0.503125,0.496875,,,not_computed_no_bbox_data,37,36,37.0,0,0,1002,771.0,771,669,102,280,62,218,60,0.867704280155642,0.10179640718562874,102,0.22142857142857142,0.23715415019762845,0.6955280685061845,0.9151846785225718,0.867704280155642,0.8908122503328895,0.4,1,32,41,235,422,0,0.0,320,0.65613375,0.6297999999999999,0.11746061883239431,0.81852,0.8711200000000001,0.976055,0.5001,1.2359,320,14.727212499999998,0.0,60.77502358198176,0.0,116.56965000000007,346.4547000000002,0.0,514.777,320,0,0,0,0,0.0,0.0,3597975.637,215878.538211,1394.0,125.46,420.4,39.938,209.963,17.846867,3534057.533,28272.460268,882.0,132.3,45224.166,18994.149683,17451.301,7329.546253,2385.0,715.5,0.0,0.0,216061.78307799998,55443.956203999995,271505.73928199994,4525.095654699999,194.7673882941176,848.4554352562498,1436.5383030793648,1597.0925840117643,39.938,271505.739282,3600000.0,3600000.0,mixed__s07__no_cooldown,no_cooldown,ablation,,,True,
secure,mixed,7,3600.0,0182a0020d56088b,True,synthetic_distribution,False,disable_early_exit,1394,392,277,1002,42083.467000000004,0.011689851944444446,161,2.683333333333333,161,2.683333333333333,98,94,318,93,64,0.6881720430107527,0.31182795698924726,0.33935018050541516,64,453.19542187500406,271.5205000000424,474.58372766365835,1312.9771999999261,1432.5547499999404,2062.9828300000136,236.16600000020117,2716.5190000000875,161,263.09150931677067,262.3619999997318,16.002346203409346,283.8410000000149,290.6140000000596,299.1207999999519,217.52899999998044,316.42700000002515,161,264.09150931677067,263.3619999997318,16.002346203409346,284.8410000000149,291.6140000000596,300.1207999999519,218.52899999998044,317.42700000002515,0,253.0,798.0,24.0,319.0,0.2407231208372978,0.9133574007220217,0.38102409638554213,0.7144136078782453,0.08664259927797834,0.3490566037735849,771.0,94,5,5,0.9494949494949495,0.9494949494949495,0.9494949494949495,0.9591836734693877,0.8695272727272725,0.10460891679535896,0.20536500000000002,0.0,1.0,,,not_computed_no_bbox_data,21,20,21.0,0,0,1002,187.0,187,145,42,131,12,119,12,0.7754010695187166,0.041916167664670656,42,0.0916030534351145,0.10810810810810811,0.4937106918238994,0.9235668789808917,0.7754010695187166,0.8430232558139534,0.4,0,15,11,40,91,0,142.0,161,0.6569211180124224,0.6266,0.11498588576969886,0.8151,0.8606,0.9879600000000002,0.5001,1.0055,161,0.0,0.0,0.0,0.0,0.0,0.0,0.0,0.0,161,0,0,0,0,0.0,0.0,3598373.036,215902.382153,1394.0,125.46,127.2,12.084,105.764,8.98995,3557916.535,28463.332277,483.0,72.45,22743.027,9552.07121,17630.439,7404.784273,1227.0,368.1,0.0,0.0,216048.916103,45860.737759999996,261909.653863,4365.160897716667,187.883539356528,1626.7680364161492,2672.547488397959,2786.2729134361703,12.084,261909.653862,3600000.0,3600000.0009999997,mixed__s07__no_early_exit,no_early_exit,ablation,,,True,
secure,mixed,7,3600.0,0182a0020d56088b,True,synthetic_distribution,False,disable_rate_limit,1394,392,277,1002,32071.460000000003,0.008908738888888889,161,2.683333333333333,161,2.683333333333333,98,87,318,93,59,0.6344086021505376,0.3655913978494624,0.3140794223826715,59,498.2399491525569,183.54799999995157,719.079667364389,1343.676799999946,1786.8153000000382,3188.622080000101,124.47899999981746,3981.5540000000037,161,200.90516149069393,175.23199999995995,54.39710524982242,268.2729999999283,275.7990000001155,287.59640000015503,119.6589999999851,294.6620000000112,161,201.90516149069393,176.23199999995995,54.39710524982242,269.2729999999283,276.7990000001155,288.59640000015503,120.6589999999851,295.6620000000112,0,253.0,798.0,24.0,319.0,0.2407231208372978,0.9133574007220217,0.38102409638554213,0.7144136078782453,0.08664259927797834,0.3490566037735849,771.0,87,12,12,0.8787878787878788,0.8787878787878788,0.8787878787878788,0.8877551020408163,0.8462838383838384,0.09419120664693847,0.22523999999999997,0.5652173913043478,0.43478260869565216,,,not_computed_no_bbox_data,21,20,21.0,0,0,1002,187.0,187,145,42,131,12,119,12,0.7754010695187166,0.041916167664670656,42,0.0916030534351145,0.10810810810810811,0.4937106918238994,0.9235668789808917,0.7754010695187166,0.8430232558139534,0.4,0,15,11,40,91,0,142.0,161,0.6569211180124224,0.6266,0.11498588576969886,0.8151,0.8606,0.9879600000000002,0.5001,1.0055,161,0.0,0.0,0.0,0.0,0.0,0.0,0.0,0.0,161,0,0,0,0,0.0,0.0,3598373.036,215902.382153,1394.0,125.46,127.2,12.084,105.764,8.98995,3567928.538,28543.428307,483.0,72.45,22743.027,9552.07121,7619.935,3200.372652,1225.5,367.65,0.0,0.0,216048.916103,41735.972169,257784.88827199998,4296.414804533333,184.92459703873743,1601.1483743602482,2630.4580435918365,2963.044692781609,12.084,257784.888272,3600000.0,3600000.0,mixed__s07__no_rate_limit,no_rate_limit,ablation,,,True,
secure,mixed,7,3600.0,0182a0020d56088b,True,synthetic_distribution,False,disable_replay_protection,1394,392,277,1002,37362.588,0.010378496666666667,184,3.066666666666667,184,3.066666666666667,104,93,318,93,64,0.6881720430107527,0.31182795698924726,0.33574007220216606,64,612.9727187500089,226.2929999998887,845.7062334737133,1733.4513000000213,2535.3549999999555,3627.3327200000062,124.47899999981746,3981.5540000000037,184,204.76260869566232,178.39500000001863,55.07825805307928,270.91310000005177,277.6137500001234,292.6301600001286,119.6589999999851,307.3059999998659,184,205.76260869566232,179.39500000001863,55.07825805307928,271.91310000005177,278.6137500001234,293.6301600001286,120.6589999999851,308.3059999998659,0,253.0,798.0,24.0,319.0,0.2407231208372978,0.9133574007220217,0.38102409638554213,0.7144136078782453,0.08664259927797834,0.3490566037735849,771.0,93,12,12,0.8857142857142857,0.8857142857142857,0.8857142857142857,0.8942307692307693,0.84212,0.09845587883373484,0.22523999999999997,0.532608695652174,0.4673913043478261,,,not_computed_no_bbox_data,38,37,38.0,0,0,1002,187.0,187,128,59,131,6,125,6,0.6844919786096256,0.05888223552894212,59,0.04580152671755725,0.05405405405405406,0.42138364779874216,0.9552238805970149,0.6844919786096256,0.7975077881619937,0.4,0,0,0,43,91,0,142.0,184,0.6573233695652173,0.6257999999999999,0.11487472933569902,0.8196500000000001,0.8747099999999999,0.9828079999999997,0.5001,1.0055,184,0.0,0.0,0.0,0.0,0.0,0.0,0.0,0.0,184,0,0,0,0,0.0,0.0,3598357.853,215901.471169,1394.0,125.46,127.2,12.084,120.947,10.28051,3562637.408,28501.099267,552.0,82.8,25962.016,10904.046574,9435.576,3962.941912,1413.0,423.9,0.0,0.0,216049.295679,43874.787753000004,259924.08343199998,4332.0680572,186.45917032424677,1412.6308882173912,2499.270033,2794.882617548387,12.084,259924.083432,3600000.0000000005,3599999.9999999995,mixed__s07__no_replay_protection,no_replay_protection,ablation,,,True,
secure,mixed,7,3600.0,0182a0020d56088b,True,synthetic_distribution,False,disable_security,1394,392,277,1002,67872.29800000001,0.018853416111111115,318,5.3,318,5.3,110,98,318,93,69,0.7419354838709677,0.25806451612903225,0.35379061371841153,69,719.0750434782913,256.2750000001397,952.1555886257287,2210.351000000029,2772.5494000001795,3598.8199200000577,124.0789999999106,3981.154000000097,318,214.75055974843875,244.43800000008196,54.96907319466697,274.317300000065,279.18260000009906,291.18721000002694,119.25899999996182,306.905999999959,318,215.75055974843875,245.43800000008196,54.96907319466697,275.317300000065,280.18260000009906,292.18721000002694,120.25899999996182,307.905999999959,0,253.0,798.0,24.0,319.0,0.2407231208372978,0.9133574007220217,0.38102409638554213,0.7144136078782453,0.08664259927797834,0.3490566037735849,771.0,98,13,13,0.8828828828828829,0.8828828828828829,0.8828828828828829,0.8909090909090909,0.8433,0.0965618115744804,0.22523999999999997,0.4308176100628931,0.5691823899371069,,,not_computed_no_bbox_data,50,49,50.0,0,0,1002,187.0,0,0,0,0,0,0,0,,0.18662674650698602,187,,,,,,,0.0,0,0,0,0,0,0,142.0,318,0.6574622641509433,0.62785,0.11962703933462476,0.83186,0.890675,0.9776739999999998,0.5001,1.1326,318,0.0,0.0,0.0,0.0,0.0,0.0,0.0,0.0,318,0,0,0,0,0.0,0.0,3598396.927,215903.815644,1394.0,125.46,0.0,0.0,209.073,17.771172,3532127.696,28257.021569,954.0,143.1,44801.779,18816.747354,19865.024,8343.310261,2251.5,675.45,0.0,0.0,216047.046816,56235.629184,272282.676,4538.044599999999,195.32473170731706,856.2348301886792,2475.2970545454546,2778.3946530612243,0.0,272282.675999,3600000.0,3599999.9990000003,mixed__s07__no_security,no_security,ablation,,,True,
always_on,mixed,8,3600.0,aaafd3ed17e7ef3a,True,synthetic_distribution,False,,1117,337,262,780,3600000.0,1.0,1,0.016666666666666666,865,14.416666666666666,257,234,0,92,90,0.9782608695652174,0.021739130434782594,0.8931297709923665,90,405.16438888890275,309.59450000012293,347.9190743815715,581.8251000000403,1421.090350000013,1745.8526199998428,132.4250000002794,1775.5270000000019,0,,,,,,,,,865,325.26319190751485,321.0189999998547,93.9592941220133,454.40279999994675,486.85060000009827,542.4225199999335,126.75,698.7020000000484,0,,,,,,,,,,,,234,24,28,0.9069767441860465,0.8931297709923665,0.9,0.9105058365758755,0.8410645038167939,0.10229446601522033,0.1572743243243243,0.42658959537572255,0.5734104046242775,,,not_computed_no_bbox_data,73,72,73.0,17193,219,780,,0,0,0,0,0,0,0,,0.6782051282051282,529,,,,,,,0.0,0,0,0,0,0,0,,0,,,,,,,,,0,,,,,,,,,0,0,0,0,0,3600000.0,18000.0,0.0,0.0,0.0,0.0,0.0,0.0,0.0,0.0,0.0,0.0,0.0,0.0,2536286.526,1065240.340908,954225.474,400774.699092,109488.0,32846.4,0.0,0.0,18000.0,1498861.44,1516861.44,25281.023999999998,1357.978012533572,,5902.184591439688,6482.313846153846,0.0,1516861.44,3600000.0,3600000.0,mixed__s08__always_on,always_on,ablation,,,True,
secure,mixed,8,3600.0,aaafd3ed17e7ef3a,True,synthetic_distribution,False,,1117,337,262,780,33880.945999999996,0.009411373888888888,164,2.7333333333333334,164,2.7333333333333334,111,101,293,92,73,0.7934782608695652,0.2065217391304348,0.38549618320610685,73,542.4506164383566,168.77600000007078,896.4934167932233,1827.1581999999553,2574.7064000000705,3965.4660000000717,127.20699999993667,4554.804000000004,164,208.31879268292855,189.2005000001518,56.8022420158675,276.42839999990537,281.97774999998506,288.04182999996937,126.20699999993667,295.93699999991804,164,209.31879268292855,190.2005000001518,56.8022420158675,277.42839999990537,282.97774999998506,289.04182999996937,127.20699999993667,296.93699999991804,0,251.0,622.0,11.0,233.0,0.28751431844215347,0.9580152671755725,0.44229074889867837,0.7274853801169591,0.04198473282442748,0.4334470989761092,609.0,101,10,12,0.9099099099099099,0.8938053097345132,0.9017857142857143,0.9099099099099099,0.840278761061947,0.10649982348352863,0.15474615384615384,0.5060975609756098,0.49390243902439024,,,not_computed_no_bbox_data,16,16,16.0,0,0,780,153.0,153,115,38,140,14,126,14,0.7516339869281046,0.04871794871794872,38,0.1,0.11023622047244094,0.4402730375426621,0.8914728682170543,0.7516339869281046,0.8156028368794327,0.4,0,8,9,31,81,0,124.0,164,0.6683024390243902,0.64295,0.1240734835457119,0.84245,0.90264,0.982123,0.5002,1.0435,164,0.0,0.0,0.0,0.0,0.0,0.0,0.0,0.0,164,0,0,0,0,0.0,0.0,3598656.198,215919.371877,1117.0,100.53,117.2,11.134,109.602,9.316174,3566119.055,28528.952442,492.0,73.8,23130.447,9714.787927,9004.497,3781.888847,1254.0,376.2,0.0,0.0,216040.352051,42475.629216,258515.981267,4308.599687783333,231.43776299641897,1576.316958945122,2328.972804207207,2559.564170960396,11.134,258515.981267,3600000.0,3599999.9990000003,mixed__s08__full_secure,full_secure,ablation,,,True,
secure,mixed,8,3600.0,aaafd3ed17e7ef3a,True,synthetic_distribution,False,disable_adaptive_trigger,1117,337,262,780,33880.945999999996,0.009411373888888888,164,2.7333333333333334,164,2.7333333333333334,111,101,293,92,73,0.7934782608695652,0.2065217391304348,0.38549618320610685,73,542.4506164383566,168.77600000007078,896.4934167932233,1827.1581999999553,2574.7064000000705,3965.4660000000717,127.20699999993667,4554.804000000004,164,208.31879268292855,189.2005000001518,56.8022420158675,276.42839999990537,281.97774999998506,288.04182999996937,126.20699999993667,295.93699999991804,164,209.31879268292855,190.2005000001518,56.8022420158675,277.42839999990537,282.97774999998506,289.04182999996937,127.20699999993667,296.93699999991804,0,251.0,622.0,11.0,233.0,0.28751431844215347,0.9580152671755725,0.44229074889867837,0.7274853801169591,0.04198473282442748,0.4334470989761092,609.0,101,10,12,0.9099099099099099,0.8938053097345132,0.9017857142857143,0.9099099099099099,0.840278761061947,0.10649982348352863,0.15474615384615384,0.5060975609756098,0.49390243902439024,,,not_computed_no_bbox_data,16,16,16.0,0,0,780,153.0,153,115,38,140,14,126,14,0.7516339869281046,0.04871794871794872,38,0.1,0.11023622047244094,0.4402730375426621,0.8914728682170543,0.7516339869281046,0.8156028368794327,0.4,0,8,9,31,81,0,124.0,164,0.6683024390243902,0.64295,0.1240734835457119,0.84245,0.90264,0.982123,0.5002,1.0435,164,0.0,0.0,0.0,0.0,0.0,0.0,0.0,0.0,164,0,0,0,0,0.0,0.0,3598656.198,215919.371877,1117.0,100.53,117.2,11.134,109.602,9.316174,3566119.055,28528.952442,492.0,73.8,23130.447,9714.787927,9004.497,3781.888847,1254.0,376.2,0.0,0.0,216040.352051,42475.629216,258515.981267,4308.599687783333,231.43776299641897,1576.316958945122,2328.972804207207,2559.564170960396,11.134,258515.981267,3600000.0,3599999.9990000003,mixed__s08__no_adaptive_trigger,no_adaptive_trigger,ablation,,,True,
secure,mixed,8,3600.0,aaafd3ed17e7ef3a,True,synthetic_distribution,False,disable_burst_detection,1117,337,262,780,40646.287,0.011290635277777777,195,3.25,195,3.25,118,108,293,92,77,0.8369565217391305,0.1630434782608695,0.4122137404580153,77,517.5676753246756,168.78200000000652,785.1480632189933,1503.3894000000278,2564.0172000000257,3175.046360000021,127.20699999993667,3736.279000000097,195,210.16863076922698,239.0570000000298,56.3408214850898,275.77800000007267,280.2852999998722,287.8065399999451,126.20699999993667,295.93699999991804,195,211.16863076922698,240.0570000000298,56.3408214850898,276.77800000007267,281.2852999998722,288.8065399999451,127.20699999993667,296.93699999991804,0,251.0,622.0,11.0,233.0,0.28751431844215347,0.9580152671755725,0.44229074889867837,0.7274853801169591,0.04198473282442748,0.4334470989761092,609.0,108,10,12,0.9152542372881356,0.9,0.9075630252100839,0.9152542372881356,0.8413066666666665,0.10566105213547397,0.15474615384615384,0.48717948717948717,0.5128205128205128,,,not_computed_no_bbox_data,17,17,17.0,0,0,780,153.0,153,91,62,140,7,133,7,0.5947712418300654,0.07948717948717948,62,0.05,0.05511811023622047,0.33447098976109213,0.9285714285714286,0.5947712418300654,0.7250996015936256,0.4,0,8,9,0,81,0,124.0,195,0.6652866666666665,0.6371,0.12189831458907198,0.8219599999999999,0.90242,0.989824,0.5002,1.0435,195,0.0,0.0,0.0,0.0,0.0,0.0,0.0,0.0,195,0,0,0,0,0.0,0.0,3598636.069,215918.164135,1117.0,100.53,117.2,11.134,129.731,11.027142,3559353.713,28474.829707,585.0,87.75,27531.901,11563.398231,11068.386,4648.722156,1461.0,438.3,0.0,0.0,216040.855277,45213.000094,261253.85537099998,4354.23092285,233.8888588818263,1339.763360876923,2214.015723483051,2419.017179361111,11.134,261253.855371,3600000.0000000005,3600000.0,mixed__s08__no_burst_detection,no_burst_detection,ablation,,,True,
secure,mixed,8,3600.0,aaafd3ed17e7ef3a,True,synthetic_distribution,False,disable_consistency_check,1117,337,262,780,41677.524000000005,0.011577090000000002,199,3.316666666666667,199,3.316666666666667,111,101,293,92,73,0.7934782608695652,0.2065217391304348,0.38549618320610685,73,542.4506164383566,168.77600000007078,896.4934167932233,1827.1581999999553,2574.7064000000705,3965.4660000000717,127.20699999993667,4554.804000000004,199,211.1608291457239,239.0570000000298,56.75064260446759,276.3724000000395,282.8672999999253,291.161459999783,126.20699999993667,308.5669999998063,199,212.16443216079784,240.0570000000298,56.74613429830479,277.3724000000395,283.8672999999253,292.161459999783,127.20699999993667,309.5669999998063,0,251.0,622.0,11.0,233.0,0.28751431844215347,0.9580152671755725,0.44229074889867837,0.7274853801169591,0.04198473282442748,0.4334470989761092,609.0,101,10,12,0.9099099099099099,0.8938053097345132,0.9017857142857143,0.9099099099099099,0.840278761061947,0.10649982348352863,0.15474615384615384,0.47738693467336685,0.5226130653266332,,,not_computed_no_bbox_data,17,17,17.0,0,0,780,153.0,153,80,73,140,14,126,14,0.5228758169934641,0.09358974358974359,73,0.1,0.11023622047244094,0.32081911262798635,0.851063829787234,0.5228758169934641,0.6477732793522267,0.4,0,8,9,77,0,0,124.0,199,0.6622919597989949,0.6371,0.11934328016644784,0.8209200000000001,0.89483,0.9793580000000001,0.5002,1.0435,199,0.0,0.0,0.0,0.0,0.0,0.0,0.0,0.0,199,0,0,0,0,0.0,0.0,3598634.003,215918.040202,1117.0,100.53,117.2,11.134,131.797,11.202713,3558322.477,28466.579815,597.0,89.55,28046.701,11779.61456,11566.822,4858.065148,1467.0,440.1,0.0,0.0,216040.906915,45633.909523,261674.816438,4361.246940633334,234.26572644404655,1314.948826321608,2357.430778720721,2590.8397667128716,11.134,261674.816439,3600000.0,3600000.0,mixed__s08__no_consistency_check,no_consistency_check,ablation,,,True,
secure,mixed,8,3600.0,aaafd3ed17e7ef3a,True,synthetic_distribution,False,disable_cooldown,1117,337,262,780,66132.326,0.018370090555555555,304,5.066666666666666,322,5.366666666666666,198,180,873,92,80,0.8695652173913043,0.13043478260869568,0.6870229007633588,80,419.49337500000274,171.5524999999907,565.1642137781124,1252.4635999998784,1662.1326000000063,2621.391060000111,127.20699999993667,2997.8150000000023,322,217.79261180124473,226.72500000009313,79.05158969639628,280.08909999986645,294.13765000021084,486.6204600000152,126.20699999993667,718.1480000000447,322,218.79261180124473,227.72500000009313,79.05158969639628,281.08909999986645,295.13765000021084,487.6204600000152,127.20699999993667,719.1480000000447,0,251.0,622.0,11.0,233.0,0.28751431844215347,0.9580152671755725,0.44229074889867837,0.7274853801169591,0.04198473282442748,0.28751431844215347,609.0,180,18,20,0.9090909090909091,0.9,0.9045226130653266,0.9090909090909091,0.8444395,0.09495549547209871,0.15474615384615384,0.5124223602484472,0.48757763975155277,,,not_computed_no_bbox_data,30,30,30.0,0,0,780,609.0,609,500,109,264,51,213,51,0.8210180623973727,0.13974358974358975,109,0.19318181818181818,0.20318725099601595,0.6311569301260023,0.9074410163339383,0.8210180623973727,0.8620689655172414,0.4,13,18,13,142,365,0,0.0,322,0.6597968944099379,0.6284000000000001,0.12047690019012706,0.8287300000000001,0.90222,0.9754830000000003,0.5002,1.0795,322,10.686965838509316,0.0,53.31666567605212,0.0,33.14279999999996,237.7133300000007,0.0,521.852,322,0,0,0,0,0.0,0.0,3598321.345,215899.280691,1117.0,100.53,349.2,33.174,212.455,18.058688,3533867.672,28270.941373,912.0,136.8,45284.548,19019.510245,17526.78,7361.247665,2409.0,722.7,0.0,0.0,216051.04337899998,55511.199283,271562.242662,4526.0373777,243.1174956687556,843.3610020559006,1371.5264780909092,1508.6791259,33.174,271562.242662,3600000.0000000005,3599999.9999999995,mixed__s08__no_cooldown,no_cooldown,ablation,,,True,
secure,mixed,8,3600.0,aaafd3ed17e7ef3a,True,synthetic_distribution,False,disable_early_exit,1117,337,262,780,43125.681,0.011979355833333332,164,2.7333333333333334,164,2.7333333333333334,111,104,293,92,74,0.8043478260869565,0.19565217391304346,0.3969465648854962,74,544.5037972973123,269.4189999999944,776.9227439554763,1413.6769000000556,2179.9075499999653,3447.5847799999833,236.875,4663.628999999957,164,264.6891463414623,264.0889999999199,14.924664822507953,282.6843999999575,288.4061500000069,299.248499999987,235.64999999990687,317.0219999998808,164,265.6891463414623,265.0889999999199,14.924664822507953,283.6843999999575,289.4061500000069,300.248499999987,236.64999999990687,318.0219999998808,0,251.0,622.0,11.0,233.0,0.28751431844215347,0.9580152671755725,0.44229074889867837,0.7274853801169591,0.04198473282442748,0.4334470989761092,609.0,104,7,9,0.9369369369369369,0.9203539823008849,0.9285714285714286,0.9369369369369369,0.8680176991150442,0.12042424503017338,0.15389230769230766,0.0,1.0,,,not_computed_no_bbox_data,16,16,16.0,0,0,780,153.0,153,115,38,140,14,126,14,0.7516339869281046,0.04871794871794872,38,0.1,0.11023622047244094,0.4402730375426621,0.8914728682170543,0.7516339869281046,0.8156028368794327,0.4,0,8,9,31,81,0,124.0,164,0.6683024390243902,0.64295,0.1240734835457119,0.84245,0.90264,0.982123,0.5002,1.0435,164,0.0,0.0,0.0,0.0,0.0,0.0,0.0,0.0,164,0,0,0,0,0.0,0.0,3598656.198,215919.371877,1117.0,100.53,117.2,11.134,109.602,9.316174,3556874.321,28454.99457,492.0,73.8,23130.447,9714.787927,18261.231,7669.717142,1242.0,372.6,0.0,0.0,216040.352051,46285.899638999996,262326.25169,4372.104194833333,234.84892720680395,1599.5503151829269,2363.299564774775,2522.3678047115386,11.134,262326.25169,3600000.0,3599999.9990000003,mixed__s08__no_early_exit,no_early_exit,ablation,,,True,
secure,mixed,8,3600.0,aaafd3ed17e7ef3a,True,synthetic_distribution,False,disable_rate_limit,1117,337,262,780,33880.945999999996,0.009411373888888888,164,2.7333333333333334,164,2.7333333333333334,111,101,293,92,73,0.7934782608695652,0.2065217391304348,0.38549618320610685,73,542.4506164383566,168.77600000007078,896.4934167932233,1827.1581999999553,2574.7064000000705,3965.4660000000717,127.20699999993667,4554.804000000004,164,208.31879268292855,189.2005000001518,56.8022420158675,276.42839999990537,281.97774999998506,288.04182999996937,126.20699999993667,295.93699999991804,164,209.31879268292855,190.2005000001518,56.8022420158675,277.42839999990537,282.97774999998506,289.04182999996937,127.20699999993667,296.93699999991804,0,251.0,622.0,11.0,233.0,0.28751431844215347,0.9580152671755725,0.44229074889867837,0.7274853801169591,0.04198473282442748,0.4334470989761092,609.0,101,10,12,0.9099099099099099,0.8938053097345132,0.9017857142857143,0.9099099099099099,0.840278761061947,0.10649982348352863,0.15474615384615384,0.5060975609756098,0.49390243902439024,,,not_computed_no_bbox_data,16,16,16.0,0,0,780,153.0,153,115,38,140,14,126,14,0.7516339869281046,0.04871794871794872,38,0.1,0.11023622047244094,0.4402730375426621,0.8914728682170543,0.7516339869281046,0.8156028368794327,0.4,0,8,9,31,81,0,124.0,164,0.6683024390243902,0.64295,0.1240734835457119,0.84245,0.90264,0.982123,0.5002,1.0435,164,0.0,0.0,0.0,0.0,0.0,0.0,0.0,0.0,164,0,0,0,0,0.0,0.0,3598656.198,215919.371877,1117.0,100.53,117.2,11.134,109.602,9.316174,3566119.055,28528.952442,492.0,73.8,23130.447,9714.787927,9004.497,3781.888847,1254.0,376.2,0.0,0.0,216040.352051,42475.629216,258515.981267,4308.599687783333,231.43776299641897,1576.316958945122,2328.972804207207,2559.564170960396,11.134,258515.981267,3600000.0,3599999.9990000003,mixed__s08__no_rate_limit,no_rate_limit,ablation,,,True,
secure,mixed,8,3600.0,aaafd3ed17e7ef3a,True,synthetic_distribution,False,disable_replay_protection,1117,337,262,780,37379.285,0.010383134722222223,181,3.0166666666666666,181,3.0166666666666666,118,107,293,92,74,0.8043478260869565,0.19565217391304346,0.4083969465648855,74,558.0477972972976,168.77900000003865,900.3849082216459,1817.863099999959,2572.0341000000594,3957.2807500000686,127.20699999993667,4554.804000000004,181,208.2438895027593,180.49300000001676,56.99652394330726,276.4619999998249,282.77799999993294,287.912799999956,126.20699999993667,295.93699999991804,181,209.2438895027593,181.49300000001676,56.99652394330726,277.4619999998249,283.77799999993294,288.912799999956,127.20699999993667,296.93699999991804,0,251.0,622.0,11.0,233.0,0.28751431844215347,0.9580152671755725,0.44229074889867837,0.7274853801169591,0.04198473282442748,0.4334470989761092,609.0,107,11,13,0.9067796610169492,0.8916666666666667,0.8991596638655461,0.9067796610169492,0.8391558333333333,0.10438209366692792,0.15474615384615384,0.5082872928176796,0.49171270718232046,,,not_computed_no_bbox_data,26,26,26.0,0,0,780,153.0,153,105,48,140,7,133,7,0.6862745098039216,0.06153846153846154,48,0.05,0.05511811023622047,0.3822525597269625,0.9375,0.6862745098039216,0.7924528301886793,0.4,0,0,0,31,81,0,124.0,181,0.6702348066298343,0.6438,0.12448428349524093,0.8393,0.9027,0.9963199999999994,0.5002,1.0435,181,0.0,0.0,0.0,0.0,0.0,0.0,0.0,0.0,181,0,0,0,0,0.0,0.0,3598644.487,215918.669228,1117.0,100.53,117.2,11.134,121.313,10.311593,3562620.716,28500.965726,543.0,81.45,25541.744,10727.532478,9902.54,4159.066887,1392.0,417.6,0.0,0.0,216040.644821,43886.615091,259927.259912,4332.1209985333335,232.70121746821846,1436.0622094585635,2202.7733890847458,2429.226728149533,11.134,259927.259912,3600000.0000000005,3600000.0,mixed__s08__no_replay_protection,no_replay_protection,ablation,,,True,
secure,mixed,8,3600.0,aaafd3ed17e7ef3a,True,synthetic_distribution,False,disable_security,1117,337,262,780,62343.33200000001,0.017317592222222226,293,4.883333333333334,293,4.883333333333334,125,114,293,92,78,0.8478260869565217,0.15217391304347827,0.4351145038167939,78,532.2840128205304,169.47899999993388,791.3752746244987,1668.1643000000213,2560.944899999839,3167.2617200000755,126.8070000000298,3735.87900000019,293,214.10383617748315,246.96999999997206,56.64984453611013,276.03959999992514,282.401200000057,290.95399999988257,125.8070000000298,308.1669999998994,293,215.10628327645827,247.96999999997206,56.64663724834479,277.03959999992514,283.401200000057,291.95399999988257,126.8070000000298,309.1669999998994,0,251.0,622.0,11.0,233.0,0.28751431844215347,0.9580152671755725,0.44229074889867837,0.7274853801169591,0.04198473282442748,0.4334470989761092,609.0,114,11,13,0.912,0.8976377952755905,0.9047619047619047,0.912,0.8401889763779528,0.1037042094233329,0.15474615384615384,0.447098976109215,0.552901023890785,,,not_computed_no_bbox_data,31,31,31.0,0,0,780,153.0,0,0,0,0,0,0,0,,0.19615384615384615,153,,,,,,,0.0,0,0,0,0,0,0,124.0,293,0.6654726962457338,0.6426,0.11903925422511889,0.81976,0.8973199999999998,0.9907319999999993,0.5002,1.0435,293,0.0,0.0,0.0,0.0,0.0,0.0,0.0,0.0,293,0,0,0,0,0.0,0.0,3598688.016,215921.280961,1117.0,100.53,0.0,0.0,194.984,16.573639,3537656.668,28301.253342,879.0,131.85,41393.252,17385.165813,17978.58,7551.003749,2092.5,627.75,0.0,0.0,216038.38460000002,53997.022904000005,270035.407504,4500.590125066667,241.75058863384064,921.6225512081911,2160.283260032,2368.73164477193,0.0,270035.407503,3600000.0,3600000.0,mixed__s08__no_security,no_security,ablation,,,True,
always_on,mixed,9,3600.0,a2318a0d4d6b2939,True,synthetic_distribution,False,,2209,272,204,1937,3600000.0,1.0,1,0.016666666666666666,1544,25.733333333333334,200,169,0,60,58,0.9666666666666667,0.033333333333333326,0.8284313725490197,58,455.99746551723746,351.1524999998546,350.9212264475605,896.4773999998822,1212.2217000002036,1696.3762900000715,181.36399999982677,1908.3610000000335,0,,,,,,,,,1544,328.0597687823771,324.47100000001956,86.99650969173153,446.0635999999475,477.1700500000239,528.0639700000268,138.13899999996647,580.561999999918,0,,,,,,,,,,,,169,31,35,0.845,0.8284313725490197,0.8366336633663367,0.845,0.8407382352941177,0.10539882412493856,0.1655476923076923,0.3633419689119171,0.6366580310880829,,,not_computed_no_bbox_data,98,98,98.0,16455,234,1937,,0,0,0,0,0,0,0,,0.6582343830665979,1275,,,,,,,0.0,0,0,0,0,0,0,,0,,,,,,,,,0,,,,,,,,,0,0,0,0,0,3600000.0,18000.0,0.0,0.0,0.0,0.0,0.0,0.0,0.0,0.0,0.0,0.0,0.0,0.0,2528613.483,1062017.662871,962284.017,404159.287129,109102.5,32730.75,0.0,0.0,18000.0,1498907.7,1516907.7,25281.795,686.6942960615663,,7584.5385,8975.785207100591,0.0,1516907.7,3600000.0,3600000.0,mixed__s09__always_on,always_on,ablation,,,True,
secure,mixed,9,3600.0,a2318a0d4d6b2939,True,synthetic_distribution,False,,2209,272,204,1937,27922.681,0.007756300277777778,131,2.183333333333333,131,2.183333333333333,65,57,432,60,41,0.6833333333333333,0.31666666666666665,0.27941176470588236,41,700.4038536584984,242.41699999989942,1259.2539584680196,1934.9399999999441,3165.8599999998696,5356.687199999953,131.10699999984354,6095.13599999994,131,214.87879389312695,245.59599999990314,54.910492701053066,274.39700000034645,284.0479999998679,291.0369000000879,130.10699999984354,302.2530000000261,131,215.87879389312695,246.59599999990314,54.910492701053066,275.39700000034645,285.0479999998679,292.0369000000879,131.10699999984354,303.2530000000261,0,184.0,1539.0,20.0,466.0,0.10679048171793383,0.9019607843137255,0.1909704203425013,0.7675810473815461,0.09803921568627451,0.18055555555555555,1521.0,57,8,10,0.8769230769230769,0.8507462686567164,0.8636363636363636,0.8769230769230769,0.8375910447761195,0.12281986530088798,0.21180000000000002,0.44274809160305345,0.5572519083969466,,,not_computed_no_bbox_data,11,11,11.0,0,0,1937,339.0,339,290,49,93,11,82,11,0.855457227138643,0.025296850800206504,49,0.11827956989247312,0.14102564102564102,0.6967592592592593,0.9634551495016611,0.855457227138643,0.9062499999999999,0.4,0,16,6,88,191,0,106.0,131,0.6512801526717558,0.6282,0.1164178716255484,0.7958,0.8935,0.9814899999999999,0.501,1.0074,131,0.0,0.0,0.0,0.0,0.0,0.0,0.0,0.0,131,0,0,0,0,0.0,0.0,3597532.883,215851.972954,2209.0,198.81,172.8,16.416,85.317,7.251982,3572077.319,28576.618553,393.0,58.95,18510.366,7774.353737,8072.815,3390.58224,946.5,283.95,0.0,0.0,216074.45093599998,40084.45453,256158.905466,4269.3150911,115.96147825531915,1955.4114921068701,3940.9062379384613,4494.015885368421,16.416,256158.905465,3599999.9999999995,3600000.0,mixed__s09__full_secure,full_secure,ablation,,,True,
secure,mixed,9,3600.0,a2318a0d4d6b2939,True,synthetic_distribution,False,disable_adaptive_trigger,2209,272,204,1937,27922.681,0.007756300277777778,131,2.183333333333333,131,2.183333333333333,65,57,432,60,41,0.6833333333333333,0.31666666666666665,0.27941176470588236,41,700.4038536584984,242.41699999989942,1259.2539584680196,1934.9399999999441,3165.8599999998696,5356.687199999953,131.10699999984354,6095.13599999994,131,214.87879389312695,245.59599999990314,54.910492701053066,274.39700000034645,284.0479999998679,291.0369000000879,130.10699999984354,302.2530000000261,131,215.87879389312695,246.59599999990314,54.910492701053066,275.39700000034645,285.0479999998679,292.0369000000879,131.10699999984354,303.2530000000261,0,184.0,1539.0,20.0,466.0,0.10679048171793383,0.9019607843137255,0.1909704203425013,0.7675810473815461,0.09803921568627451,0.18055555555555555,1521.0,57,8,10,0.8769230769230769,0.8507462686567164,0.8636363636363636,0.8769230769230769,0.8375910447761195,0.12281986530088798,0.21180000000000002,0.44274809160305345,0.5572519083969466,,,not_computed_no_bbox_data,11,11,11.0,0,0,1937,339.0,339,290,49,93,11,82,11,0.855457227138643,0.025296850800206504,49,0.11827956989247312,0.14102564102564102,0.6967592592592593,0.9634551495016611,0.855457227138643,0.9062499999999999,0.4,0,16,6,88,191,0,106.0,131,0.6512801526717558,0.6282,0.1164178716255484,0.7958,0.8935,0.9814899999999999,0.501,1.0074,131,0.0,0.0,0.0,0.0,0.0,0.0,0.0,0.0,131,0,0,0,0,0.0,0.0,3597532.883,215851.972954,2209.0,198.81,172.8,16.416,85.317,7.251982,3572077.319,28576.618553,393.0,58.95,18510.366,7774.353737,8072.815,3390.58224,946.5,283.95,0.0,0.0,216074.45093599998,40084.45453,256158.905466,4269.3150911,115.96147825531915,1955.4114921068701,3940.9062379384613,4494.015885368421,16.416,256158.905465,3599999.9999999995,3600000.0,mixed__s09__no_adaptive_trigger,no_adaptive_trigger,ablation,,,True,
secure,mixed,9,3600.0,a2318a0d4d6b2939,True,synthetic_distribution,False,disable_burst_detection,2209,272,204,1937,48236.399999999994,0.013398999999999998,219,3.65,219,3.65,70,60,432,60,44,0.7333333333333333,0.2666666666666667,0.29411764705882354,44,900.6286136363286,250.29350000002887,1445.9601996485155,3055.5379999998036,4201.192949999997,5430.114339999976,131.10699999984354,6095.13599999994,219,221.975926940642,250.43399999989197,53.32829735724204,276.0404000000097,281.98130000001476,292.32920000007607,128.17999999999302,302.2530000000261,219,222.975926940642,251.43399999989197,53.32829735724204,277.0404000000097,282.98130000001476,293.32920000007607,129.17999999999302,303.2530000000261,0,184.0,1539.0,20.0,466.0,0.10679048171793383,0.9019607843137255,0.1909704203425013,0.7675810473815461,0.09803921568627451,0.18055555555555555,1521.0,60,10,12,0.8571428571428571,0.8333333333333334,0.8450704225352113,0.8571428571428571,0.8296194444444445,0.12639960179881216,0.21180000000000002,0.3698630136986301,0.6301369863013698,,,not_computed_no_bbox_data,14,14,14.0,0,0,1937,339.0,339,207,132,93,6,87,6,0.6106194690265486,0.06814661848218895,132,0.06451612903225806,0.07692307692307693,0.4930555555555556,0.971830985915493,0.6106194690265486,0.7500000000000001,0.4,0,16,6,0,191,0,106.0,219,0.6473315068493151,0.6214,0.12167670377396393,0.80428,0.90679,0.9948119999999999,0.501,1.134,219,0.0,0.0,0.0,0.0,0.0,0.0,0.0,0.0,219,0,0,0,0,0.0,0.0,3597476.435,215848.586108,2209.0,198.81,172.8,16.416,141.765,12.050013,3551763.597,28414.108779,657.0,98.55,30823.851,12946.017422,15267.552,6412.371668,1488.0,446.4,0.0,0.0,216075.86212099998,48317.447868999996,264393.30999,4406.555166499999,119.68913987777273,1207.2753880821917,3777.0472855714283,4406.555166499999,16.416,264393.309991,3600000.0,3600000.0,mixed__s09__no_burst_detection,no_burst_detection,ablation,,,True,
secure,mixed,9,3600.0,a2318a0d4d6b2939,True,synthetic_distribution,False,disable_consistency_check,2209,272,204,1937,42113.612,0.011698225555555556,193,3.216666666666667,193,3.216666666666667,65,57,432,60,41,0.6833333333333333,0.31666666666666665,0.27941176470588236,41,700.4038536584984,242.41699999989942,1259.2539584680196,1934.9399999999441,3165.8599999998696,5356.687199999953,131.10699999984354,6095.13599999994,193,219.92766839378552,249.16900000022724,54.193617134296666,275.6951999995857,283.8385999998936,291.53012000016867,130.10699999984354,302.2530000000261,193,220.92766839378552,250.16900000022724,54.193617134296666,276.6951999995857,284.8385999998936,292.53012000016867,131.10699999984354,303.2530000000261,0,184.0,1539.0,20.0,466.0,0.10679048171793383,0.9019607843137255,0.1909704203425013,0.7675810473815461,0.09803921568627451,0.18055555555555555,1521.0,57,8,10,0.8769230769230769,0.8507462686567164,0.8636363636363636,0.8769230769230769,0.8375910447761195,0.12281986530088798,0.21180000000000002,0.39378238341968913,0.6062176165803109,,,not_computed_no_bbox_data,13,13,13.0,0,0,1937,339.0,339,228,111,93,11,82,11,0.672566371681416,0.05730511099638617,111,0.11827956989247312,0.14102564102564102,0.5532407407407407,0.9539748953974896,0.672566371681416,0.7889273356401384,0.4,0,16,6,217,0,0,106.0,193,0.6514772020725389,0.6375,0.10969989981405709,0.79468,0.8475399999999993,0.9736159999999998,0.5009,1.0074,193,0.0,0.0,0.0,0.0,0.0,0.0,0.0,0.0,193,0,0,0,0,0.0,0.0,3597492.466,215849.547937,2209.0,198.81,172.8,16.416,125.734,10.687423,3557886.392,28463.091134,579.0,86.85,27144.828,11400.827762,13065.28,5487.417704,1324.5,397.35,0.0,0.0,216075.46136,45835.53659999999,261910.99795999998,4365.183299333333,118.56541329108192,1357.0518029015543,4029.3999686153843,4594.929788771929,16.416,261910.997959,3600000.0,3600000.0,mixed__s09__no_consistency_check,no_consistency_check,ablation,,,True,
secure,mixed,9,3600.0,a2318a0d4d6b2939,True,synthetic_distribution,False,disable_cooldown,2209,272,204,1937,68169.949,0.018936096944444442,282,4.7,318,5.3,131,112,1723,60,51,0.85,0.15000000000000002,0.5490196078431373,51,509.40799999996653,253.98600000003353,944.4083933284284,1058.036000000313,1531.2280000001192,4531.999000000069,131.10699999984354,6095.13599999994,318,234.7564245282954,249.57099999990896,80.1556806271378,292.68829999999724,396.31659999998516,490.4413799998442,130.10699999984354,643.3169999998063,318,235.7564245282954,250.57099999990896,80.1556806271378,293.68829999999724,397.31659999998516,491.4413799998442,131.10699999984354,644.3169999998063,0,184.0,1539.0,20.0,466.0,0.10679048171793383,0.9019607843137255,0.1909704203425013,0.7675810473815461,0.09803921568627451,0.10679048171793383,1521.0,112,19,22,0.8549618320610687,0.835820895522388,0.8452830188679246,0.8549618320610687,0.8427753731343284,0.10873797466073373,0.20367222222222223,0.41823899371069184,0.5817610062893082,,,not_computed_no_bbox_data,28,28,28.0,0,0,1937,1521.0,1521,1355,166,202,50,152,50,0.89086127547666,0.0856995353639649,166,0.24752475247524752,0.2717391304347826,0.8154381892048752,0.9644128113879004,0.89086127547666,0.9261790840738209,0.4,11,28,16,454,896,0,0.0,318,0.6497452830188678,0.62765,0.11367734637396437,0.79622,0.8754899999999999,0.9832599999999998,0.501,1.0282,318,18.673575471698115,0.0,60.42469806321388,30.499800000000356,193.23509999999987,264.73435999999964,0.0,363.738,318,0,0,0,0,0.0,0.0,3596895.182,215813.710941,2209.0,198.81,689.2,65.474,206.618,17.5625,3531830.051,28254.64041,846.0,126.9,44684.723,18767.583547,20404.226,8569.774917,2235.0,670.5,0.0,0.0,216095.55744099998,56389.398874000006,272484.95631499996,4541.415938583333,123.35217578768672,856.870931808176,2080.0378344656488,2432.9013956696426,65.474,272484.956316,3600000.0,3600000.0,mixed__s09__no_cooldown,no_cooldown,ablation,,,True,
secure,mixed,9,3600.0,a2318a0d4d6b2939,True,synthetic_distribution,False,disable_early_exit,2209,272,204,1937,34305.411,0.009529280833333334,131,2.183333333333333,131,2.183333333333333,65,61,432,60,44,0.7333333333333333,0.2666666666666667,0.29901960784313725,44,637.5856590909067,274.4865000001155,1045.8002768225722,1582.4431000000097,2017.5725499998405,4886.434379999988,238.61200000019744,6095.13599999994,131,263.6019236641284,262.8770000003278,15.204919474962553,281.86800000001676,289.8839999998454,300.828000000026,225.21799999987707,302.8560000001453,131,264.6019236641284,263.8770000003278,15.204919474962553,282.86800000001676,290.8839999998454,301.828000000026,226.21799999987707,303.8560000001453,0,184.0,1539.0,20.0,466.0,0.10679048171793383,0.9019607843137255,0.1909704203425013,0.7675810473815461,0.09803921568627451,0.18055555555555555,1521.0,61,4,6,0.9384615384615385,0.9104477611940298,0.9242424242424243,0.9384615384615385,0.8630119402985075,0.13266106793697313,0.20258,0.0,1.0,,,not_computed_no_bbox_data,11,11,11.0,0,0,1937,339.0,339,290,49,93,11,82,11,0.855457227138643,0.025296850800206504,49,0.11827956989247312,0.14102564102564102,0.6967592592592593,0.9634551495016611,0.855457227138643,0.9062499999999999,0.4,0,16,6,88,191,0,106.0,131,0.6512801526717558,0.6282,0.1164178716255484,0.7958,0.8935,0.9814899999999999,0.501,1.0074,131,0.0,0.0,0.0,0.0,0.0,0.0,0.0,0.0,131,0,0,0,0,0.0,0.0,3597532.883,215851.972954,2209.0,198.81,172.8,16.416,85.317,7.251982,3565694.592,28525.556735,393.0,58.95,18510.366,7774.353737,14460.042,6073.217664,942.0,282.6,0.0,0.0,216074.45093599998,42714.678135999995,258789.129072,4313.1521512,117.152163454957,1975.4895349007634,3981.3712164923077,4242.444738885246,16.416,258789.129072,3599999.9999999995,3600000.0,mixed__s09__no_early_exit,no_early_exit,ablation,,,True,
secure,mixed,9,3600.0,a2318a0d4d6b2939,True,synthetic_distribution,False,disable_rate_limit,2209,272,204,1937,27922.681,0.007756300277777778,131,2.183333333333333,131,2.183333333333333,65,57,432,60,41,0.6833333333333333,0.31666666666666665,0.27941176470588236,41,700.4038536584984,242.41699999989942,1259.2539584680196,1934.9399999999441,3165.8599999998696,5356.687199999953,131.10699999984354,6095.13599999994,131,214.87879389312695,245.59599999990314,54.910492701053066,274.39700000034645,284.0479999998679,291.0369000000879,130.10699999984354,302.2530000000261,131,215.87879389312695,246.59599999990314,54.910492701053066,275.39700000034645,285.0479999998679,292.0369000000879,131.10699999984354,303.2530000000261,0,184.0,1539.0,20.0,466.0,0.10679048171793383,0.9019607843137255,0.1909704203425013,0.7675810473815461,0.09803921568627451,0.18055555555555555,1521.0,57,8,10,0.8769230769230769,0.8507462686567164,0.8636363636363636,0.8769230769230769,0.8375910447761195,0.12281986530088798,0.21180000000000002,0.44274809160305345,0.5572519083969466,,,not_computed_no_bbox_data,11,11,11.0,0,0,1937,339.0,339,290,49,93,11,82,11,0.855457227138643,0.025296850800206504,49,0.11827956989247312,0.14102564102564102,0.6967592592592593,0.9634551495016611,0.855457227138643,0.9062499999999999,0.4,0,16,6,88,191,0,106.0,131,0.6512801526717558,0.6282,0.1164178716255484,0.7958,0.8935,0.9814899999999999,0.501,1.0074,131,0.0,0.0,0.0,0.0,0.0,0.0,0.0,0.0,131,0,0,0,0,0.0,0.0,3597532.883,215851.972954,2209.0,198.81,172.8,16.416,85.317,7.251982,3572077.319,28576.618553,393.0,58.95,18510.366,7774.353737,8072.815,3390.58224,946.5,283.95,0.0,0.0,216074.45093599998,40084.45453,256158.905466,4269.3150911,115.96147825531915,1955.4114921068701,3940.9062379384613,4494.015885368421,16.416,256158.905465,3599999.9999999995,3600000.0,mixed__s09__no_rate_limit,no_rate_limit,ablation,,,True,
secure,mixed,9,3600.0,a2318a0d4d6b2939,True,synthetic_distribution,False,disable_replay_protection,2209,272,204,1937,32158.129999999997,0.008932813888888887,152,2.533333333333333,152,2.533333333333333,70,62,432,60,42,0.7,0.30000000000000004,0.30392156862745096,42,693.9501666666278,244.50899999996182,1170.9782192472687,2225.7317999999036,2779.230049999662,4894.1328399999,131.10699999984354,6095.13599999994,152,213.2882236842071,242.31000000005588,54.70282746826745,273.7292999996338,282.37785000000764,290.71203000003476,130.10699999984354,302.2530000000261,152,214.2882236842071,243.31000000005588,54.70282746826745,274.7292999996338,283.37785000000764,291.71203000003476,131.10699999984354,303.2530000000261,0,184.0,1539.0,20.0,466.0,0.10679048171793383,0.9019607843137255,0.1909704203425013,0.7675810473815461,0.09803921568627451,0.18055555555555555,1521.0,62,8,10,0.8857142857142857,0.8611111111111112,0.8732394366197184,0.8857142857142857,0.8392194444444444,0.11938916911133715,0.21180000000000002,0.45394736842105265,0.5460526315789473,,,not_computed_no_bbox_data,27,27,27.0,0,0,1937,339.0,339,274,65,93,6,87,6,0.8082595870206489,0.03355704697986577,65,0.06451612903225806,0.07692307692307693,0.6481481481481481,0.9785714285714285,0.8082595870206489,0.8852988691437802,0.4,0,0,0,89,191,0,106.0,152,0.6507032894736843,0.6255,0.11563141339593727,0.79706,0.8718599999999997,0.9788230000000001,0.501,1.0074,152,0.0,0.0,0.0,0.0,0.0,0.0,0.0,0.0,152,0,0,0,0,0.0,0.0,3597519.293,215851.157597,2209.0,198.81,172.8,16.416,98.907,8.407071,3567841.871,28542.734969,456.0,68.4,21419.909,8996.361804,9164.72,3849.182321,1117.5,335.25,0.0,0.0,216074.790668,41791.92909400001,257866.719762,4297.7786627,116.73459473155273,1696.491577381579,3683.810282314286,4159.14064132258,16.416,257866.719762,3600000.0,3600000.0,mixed__s09__no_replay_protection,no_replay_protection,ablation,,,True,
secure,mixed,9,3600.0,a2318a0d4d6b2939,True,synthetic_distribution,False,disable_security,2209,272,204,1937,96420.224,0.026783395555555554,432,7.2,432,7.2,76,66,432,60,46,0.7666666666666667,0.23333333333333328,0.3235294117647059,46,957.9092173913095,257.2585000000545,1433.3704797619673,2981.589999999851,4001.0637500000885,5398.783100000013,130.70699999993667,6094.7360000000335,432,224.51457638888334,251.125,52.68659612022476,275.7780999999959,280.85954999979003,291.37634000021967,127.77999999999884,303.4860000000335,432,225.51457638888334,252.125,52.68659612022476,276.7780999999959,281.85954999979003,292.37634000021967,128.77999999999884,304.4860000000335,0,184.0,1539.0,20.0,466.0,0.10679048171793383,0.9019607843137255,0.1909704203425013,0.7675810473815461,0.09803921568627451,0.18055555555555555,1521.0,66,10,12,0.868421052631579,0.8461538461538461,0.8571428571428572,0.868421052631579,0.8313217948717949,0.12239635280984551,0.21180000000000002,0.3402777777777778,0.6597222222222222,,,not_computed_no_bbox_data,36,36,36.0,0,0,1937,339.0,0,0,0,0,0,0,0,,0.1750129065565307,339,,,,,,,0.0,0,0,0,0,0,0,106.0,432,0.6519979166666666,0.6263,0.11704892018821608,0.80693,0.86644,0.993304,0.5008,1.134,432,0.0,0.0,0.0,0.0,0.0,0.0,0.0,0.0,432,0,0,0,0,0.0,0.0,3597509.338,215850.560274,2209.0,198.81,0.0,0.0,281.662,23.941279,3503579.782,28028.638254,1296.0,194.4,60663.884,25478.831348,31632.834,13285.790326,2827.5,848.25,0.0,0.0,216073.31155299998,67835.90992800001,283909.221481,4731.820358016667,128.52386667315528,657.1972719467593,3735.64765106579,4301.6548709242425,0.0,283909.221481,3600000.0,3600000.0,mixed__s09__no_security,no_security,ablation,,,True,
always_on,mixed,10,3600.0,80bb42071521856e,True,synthetic_distribution,False,,993,249,166,744,3600000.0,1.0,1,0.016666666666666666,769,12.816666666666666,165,145,0,56,54,0.9642857142857143,0.0357142857142857,0.8734939759036144,54,499.5739444444259,319.8080000000191,508.3396392962796,1309.2227000001121,1781.7990499999134,2190.0379599999637,152.5690000000177,2359.0379999999423,0,,,,,,,,,769,324.6875136541029,321.1899999999441,100.97018477607476,448.8635999999941,496.4766000001226,628.3117599999297,132.89600000000792,865.4989999999816,0,,,,,,,,,,,,145,20,21,0.8787878787878788,0.8734939759036144,0.8761329305135952,0.8787878787878788,0.8470614457831324,0.09161968602980515,0.14439999999999997,0.42912873862158646,0.5708712613784135,,,not_computed_no_bbox_data,68,68,68.0,17298,243,744,,0,0,0,0,0,0,0,,0.7016129032258065,522,,,,,,,0.0,0,0,0,0,0,0,,0,,,,,,,,,0,,,,,,,,,0,0,0,0,0,3600000.0,18000.0,0.0,0.0,0.0,0.0,0.0,0.0,0.0,0.0,0.0,0.0,0.0,0.0,2537189.117,1065619.429101,953372.383,400416.400899,109438.5,32831.55,0.0,0.0,18000.0,1498867.3800000001,1516867.3800000001,25281.123000000003,1527.5603021148038,,9193.135636363637,10461.154344827588,0.0,1516867.38,3600000.0,3600000.0,mixed__s10__always_on,always_on,ablation,,,True,
secure,mixed,10,3600.0,80bb42071521856e,True,synthetic_distribution,False,,993,249,166,744,24796.466999999997,0.006887907499999999,123,2.05,123,2.05,68,59,235,56,42,0.75,0.25,0.35542168674698793,42,454.82288095236953,167.41599999996834,677.2544941518321,1674.683799999998,2171.491749999997,2624.4320100000828,140.1260000000475,2878.2380000001285,123,203.30983739837743,173.4320000000298,56.87670454810616,273.2324000000022,285.61850000002886,303.1551800000481,130.48600000003353,310.8889999999665,123,204.30983739837743,174.4320000000298,56.87670454810616,274.2324000000022,286.61850000002886,304.1551800000481,131.48600000003353,311.8889999999665,0,155.0,597.0,11.0,230.0,0.20611702127659576,0.9337349397590361,0.3376906318082789,0.7218863361547763,0.06626506024096386,0.3191489361702128,576.0,59,9,10,0.8676470588235294,0.855072463768116,0.8613138686131386,0.8676470588235294,0.851559420289855,0.08781462145244073,0.14375555555555553,0.5447154471544715,0.45528455284552843,,,not_computed_no_bbox_data,17,17,17.0,0,0,744,142.0,142,106,36,93,6,87,6,0.7464788732394366,0.04838709677419355,36,0.06451612903225806,0.08,0.4765957446808511,0.9464285714285714,0.7464788732394366,0.8346456692913385,0.4,0,6,3,34,69,0,80.0,123,0.6583186991869918,0.6392,0.1101433926413941,0.81434,0.8552899999999999,1.007766,0.5003,1.0283,123,0.0,0.0,0.0,0.0,0.0,0.0,0.0,0.0,123,0,0,0,0,0.0,0.0,3598832.027,215929.92163,993.0,89.37,94.0,8.93,80.973,6.882691,3575203.538,28601.628307,369.0,55.35,17311.905,7271.000257,6182.556,2596.67363,933.0,279.9,0.0,0.0,216035.104321,38804.552193999996,254839.65651499998,4247.327608583333,256.6361092799597,2071.867126138211,3747.642007573529,4319.316212118643,8.93,254839.656515,3600000.0,3599999.999,mixed__s10__full_secure,full_secure,ablation,,,True,
secure,mixed,10,3600.0,80bb42071521856e,True,synthetic_distribution,False,disable_adaptive_trigger,993,249,166,744,24962.814,0.006934114999999999,124,2.066666666666667,124,2.066666666666667,69,60,236,56,43,0.7678571428571429,0.2321428571428571,0.3614457831325301,43,496.8100232558026,167.89199999999255,723.5733644702187,1884.8297999998563,2251.7524000000208,2618.691440000069,140.1260000000475,2878.2380000001285,124,203.02633064516468,173.23200000001816,56.73293285348999,272.9310999999929,285.6087500000256,303.1158700000495,130.48600000003353,310.8889999999665,124,204.02633064516468,174.23200000001816,56.73293285348999,273.9310999999929,286.6087500000256,304.1158700000495,131.48600000003353,311.8889999999665,0,156.0,597.0,10.0,230.0,0.20717131474103587,0.9397590361445783,0.33949945593035913,0.7218863361547763,0.060240963855421686,0.3220338983050847,576.0,60,9,10,0.8695652173913043,0.8571428571428571,0.8633093525179856,0.8695652173913043,0.8521971428571428,0.08733908926395761,0.14375555555555553,0.5483870967741935,0.45161290322580644,,,not_computed_no_bbox_data,17,17,17.0,0,0,744,142.0,142,106,36,94,6,88,6,0.7464788732394366,0.04838709677419355,36,0.06382978723404255,0.07894736842105263,0.4745762711864407,0.9464285714285714,0.7464788732394366,0.8346456692913385,0.4,0,6,3,34,69,0,80.0,124,0.6578983870967741,0.6369,0.10979454647841932,0.81301,0.8549349999999999,1.007469,0.5003,1.0283,124,0.0,0.0,0.0,0.0,0.0,0.0,0.0,0.0,124,0,0,0,0,0.0,0.0,3598831.021,215929.86126,993.0,89.37,94.4,8.968,81.579,6.934215,3575037.191,28600.297529,372.0,55.8,17466.253,7335.826112,6182.556,2596.67363,942.0,282.6,0.0,0.0,216035.13347499998,38871.197271,254906.330746,4248.438845766666,256.7032535206445,2055.6962156935483,3694.2946484927534,4248.438845766666,8.968,254906.330746,3600000.0,3600000.0,mixed__s10__no_adaptive_trigger,no_adaptive_trigger,ablation,,,True,
secure,mixed,10,3600.0,80bb42071521856e,True,synthetic_distribution,False,disable_burst_detection,993,249,166,744,32524.734999999997,0.00903464861111111,157,2.6166666666666667,157,2.6166666666666667,71,62,235,56,45,0.8035714285714286,0.1964285714285714,0.37349397590361444,45,559.2774666666545,174.4320000000298,787.0011544331915,2078.8029999999335,2305.068599999975,2810.1317200000726,140.1260000000475,2878.2380000001285,157,208.87024840764693,238.06700000027195,56.69119635818265,274.0966000000364,284.6574000000022,301.8186400000937,128.93400000000838,310.8889999999665,157,209.87024840764693,239.06700000027195,56.69119635818265,275.0966000000364,285.6574000000022,302.8186400000937,129.93400000000838,311.8889999999665,0,155.0,597.0,11.0,230.0,0.20611702127659576,0.9337349397590361,0.3376906318082789,0.7218863361547763,0.06626506024096386,0.3191489361702128,576.0,62,9,10,0.8732394366197183,0.8611111111111112,0.8671328671328671,0.8732394366197183,0.8520833333333333,0.08639111032775287,0.14375555555555553,0.4840764331210191,0.5159235668789809,,,not_computed_no_bbox_data,18,18,18.0,0,0,744,142.0,142,75,67,93,3,90,3,0.528169014084507,0.09005376344086022,67,0.03225806451612903,0.04,0.33191489361702126,0.9615384615384616,0.528169014084507,0.6818181818181818,0.4,0,6,3,0,69,0,80.0,157,0.6579866242038217,0.6316,0.113633105107409,0.8146,0.8730399999999996,1.02046,0.5003,1.0313,157,0.0,0.0,0.0,0.0,0.0,0.0,0.0,0.0,157,0,0,0,0,0.0,0.0,3598809.697,215928.581795,993.0,89.37,94.0,8.93,103.303,8.780791,3567475.272,28539.802179,471.0,70.65,22031.736,9253.329257,8874.491,3727.286335,1147.5,344.25,0.0,0.0,216035.662586,41935.317770999995,257970.98035700002,4299.516339283334,259.78950690533736,1643.1272634203824,3633.3940895352116,4160.822263822581,8.93,257970.980356,3600000.0,3599999.999,mixed__s10__no_burst_detection,no_burst_detection,ablation,,,True,
secure,mixed,10,3600.0,80bb42071521856e,True,synthetic_distribution,False,disable_consistency_check,993,249,166,744,31598.908,0.008777474444444443,153,2.55,153,2.55,68,59,235,56,42,0.75,0.25,0.35542168674698793,42,454.82288095236953,167.41599999996834,677.2544941518321,1674.683799999998,2171.491749999997,2624.4320100000828,140.1260000000475,2878.2380000001285,153,208.24695424836344,229.71200000029057,57.048808677230674,276.9640000000596,285.52099999999626,301.9758800000883,129.09400000004098,310.8889999999665,153,209.24695424836344,230.71200000029057,57.048808677230674,277.9640000000596,286.52099999999626,302.9758800000883,130.09400000004098,311.8889999999665,0,155.0,597.0,11.0,230.0,0.20611702127659576,0.9337349397590361,0.3376906318082789,0.7218863361547763,0.06626506024096386,0.3191489361702128,576.0,59,9,10,0.8676470588235294,0.855072463768116,0.8613138686131386,0.8676470588235294,0.851559420289855,0.08781462145244073,0.14375555555555553,0.49019607843137253,0.5098039215686274,,,not_computed_no_bbox_data,18,18,18.0,0,0,744,142.0,142,76,66,93,6,87,6,0.5352112676056338,0.08870967741935484,66,0.06451612903225806,0.08,0.34893617021276596,0.926829268292683,0.5352112676056338,0.6785714285714285,0.4,4,6,3,69,0,0,80.0,153,0.6618849673202614,0.6446,0.11302295165796718,0.81748,0.8683000000000001,0.9988559999999997,0.5003,1.0283,153,0.0,0.0,0.0,0.0,0.0,0.0,0.0,0.0,153,0,0,0,0,0.0,0.0,3598811.732,215928.703923,993.0,89.37,94.0,8.93,101.268,8.607776,3568401.097,28547.208775,459.0,68.85,21331.888,8959.393012,8693.515,3651.276285,1114.5,334.35,0.0,0.0,216035.61169899997,41561.078072,257596.689771,4293.27816285,259.41257781571,1683.6384952352942,3788.186614279412,4366.0455893389835,8.93,257596.689771,3600000.0,3600000.0,mixed__s10__no_consistency_check,no_consistency_check,ablation,,,True,
secure,mixed,10,3600.0,80bb42071521856e,True,synthetic_distribution,False,disable_cooldown,993,249,166,744,46751.529,0.012986535833333333,217,3.6166666666666667,228,3.8,122,108,752,56,47,0.8392857142857143,0.1607142857142857,0.6506024096385542,47,391.1592127659496,167.89199999999255,461.22427075424235,1145.5102000001816,1541.8961000001045,1795.5456199997661,139.95799999998417,1919.9079999998212,228,213.427859649128,202.40199999988545,69.4223304362211,279.4986999999848,298.06495000009295,473.76600999990427,128.54400000022724,550.4809999999125,228,214.427859649128,203.40199999988545,69.4223304362211,280.4986999999848,299.06495000009295,474.76600999990427,129.54400000022724,551.4809999999125,0,155.0,597.0,11.0,230.0,0.20611702127659576,0.9337349397590361,0.3376906318082789,0.7218863361547763,0.06626506024096386,0.20611702127659576,576.0,108,14,15,0.8852459016393442,0.8780487804878049,0.8816326530612244,0.8852459016393442,0.8496276422764227,0.08675909958493701,0.17108095238095236,0.5131578947368421,0.4868421052631579,,,not_computed_no_bbox_data,29,29,29.0,0,0,744,576.0,576,492,84,176,32,144,32,0.8541666666666666,0.11290322580645161,84,0.18181818181818182,0.2064516129032258,0.6968085106382979,0.9389312977099237,0.8541666666666666,0.8945454545454545,0.4,9,21,12,186,296,0,0.0,228,0.6545600877192981,0.6294500000000001,0.11330697352860739,0.81625,0.8552299999999999,0.9806579999999999,0.5003,1.0283,228,6.6753991228070175,0.0,34.919847516501015,0.0,0.0,201.41863999999967,0.0,290.632,228,0,0,0,0,0.0,0.0,3598556.96,215913.417612,993.0,89.37,300.8,28.576,149.24,12.685383,3553248.479,28425.987831,651.0,97.65,32103.664,13483.538957,12280.857,5157.959905,1716.0,514.8,0.0,0.0,216044.048995,47679.936692999996,263723.985688,4395.399761466667,265.58306715810676,1156.684147754386,2161.6720138360656,2441.88875637037,28.576,263723.985688,3600000.0,3599999.9999999995,mixed__s10__no_cooldown,no_cooldown,ablation,,,True,
secure,mixed,10,3600.0,80bb42071521856e,True,synthetic_distribution,False,disable_early_exit,993,249,166,744,32151.288000000004,0.008930913333333335,123,2.05,123,2.05,68,64,235,56,45,0.8035714285714286,0.1964285714285714,0.3855421686746988,45,408.67555555556,265.0339999999851,478.41151852417147,309.14139999998736,1728.8835999998244,2228.7393999999954,241.96400000003632,2370.162000000011,123,263.1051626016345,261.0799999999581,16.19788451344736,285.59900000002233,290.35100000007077,305.01762000009415,221.1579999998212,310.8889999999665,123,264.1051626016345,262.0799999999581,16.19788451344736,286.59900000002233,291.35100000007077,306.01762000009415,222.1579999998212,311.8889999999665,0,155.0,597.0,11.0,230.0,0.20611702127659576,0.9337349397590361,0.3376906318082789,0.7218863361547763,0.06626506024096386,0.3191489361702128,576.0,64,4,5,0.9411764705882353,0.927536231884058,0.9343065693430658,0.9411764705882353,0.8804376811594203,0.09954539919266112,0.13662222222222223,0.0,1.0,,,not_computed_no_bbox_data,17,17,17.0,0,0,744,142.0,142,106,36,93,6,87,6,0.7464788732394366,0.04838709677419355,36,0.06451612903225806,0.08,0.4765957446808511,0.9464285714285714,0.7464788732394366,0.8346456692913385,0.4,0,6,3,34,69,0,80.0,123,0.6583186991869918,0.6392,0.1101433926413941,0.81434,0.8552899999999999,1.007766,0.5003,1.0283,123,0.0,0.0,0.0,0.0,0.0,0.0,0.0,0.0,123,0,0,0,0,0.0,0.0,3598832.027,215929.92163,993.0,89.37,94.0,8.93,80.973,6.882691,3567848.714,28542.789715,369.0,55.35,17311.905,7271.000257,13549.38,5690.739722,921.0,276.3,0.0,0.0,216035.104321,41836.179694,257871.28401499995,4297.854733583333,259.68910776938566,2096.5145041869914,3792.22476492647,4029.2388127343743,8.93,257871.284015,3600000.0,3599999.999,mixed__s10__no_early_exit,no_early_exit,ablation,,,True,
secure,mixed,10,3600.0,80bb42071521856e,True,synthetic_distribution,False,disable_rate_limit,993,249,166,744,24796.466999999997,0.006887907499999999,123,2.05,123,2.05,68,59,235,56,42,0.75,0.25,0.35542168674698793,42,454.82288095236953,167.41599999996834,677.2544941518321,1674.683799999998,2171.491749999997,2624.4320100000828,140.1260000000475,2878.2380000001285,123,203.30983739837743,173.4320000000298,56.87670454810616,273.2324000000022,285.61850000002886,303.1551800000481,130.48600000003353,310.8889999999665,123,204.30983739837743,174.4320000000298,56.87670454810616,274.2324000000022,286.61850000002886,304.1551800000481,131.48600000003353,311.8889999999665,0,155.0,597.0,11.0,230.0,0.20611702127659576,0.9337349397590361,0.3376906318082789,0.7218863361547763,0.06626506024096386,0.3191489361702128,576.0,59,9,10,0.8676470588235294,0.855072463768116,0.8613138686131386,0.8676470588235294,0.851559420289855,0.08781462145244073,0.14375555555555553,0.5447154471544715,0.45528455284552843,,,not_computed_no_bbox_data,17,17,17.0,0,0,744,142.0,142,106,36,93,6,87,6,0.7464788732394366,0.04838709677419355,36,0.06451612903225806,0.08,0.4765957446808511,0.9464285714285714,0.7464788732394366,0.8346456692913385,0.4,0,6,3,34,69,0,80.0,123,0.6583186991869918,0.6392,0.1101433926413941,0.81434,0.8552899999999999,1.007766,0.5003,1.0283,123,0.0,0.0,0.0,0.0,0.0,0.0,0.0,0.0,123,0,0,0,0,0.0,0.0,3598832.027,215929.92163,993.0,89.37,94.0,8.93,80.973,6.882691,3575203.538,28601.628307,369.0,55.35,17311.905,7271.000257,6182.556,2596.67363,933.0,279.9,0.0,0.0,216035.104321,38804.552193999996,254839.65651499998,4247.327608583333,256.6361092799597,2071.867126138211,3747.642007573529,4319.316212118643,8.93,254839.656515,3600000.0,3599999.999,mixed__s10__no_rate_limit,no_rate_limit,ablation,,,True,
secure,mixed,10,3600.0,80bb42071521856e,True,synthetic_distribution,False,disable_replay_protection,993,249,166,744,26431.912000000004,0.007342197777777779,131,2.183333333333333,131,2.183333333333333,71,62,235,56,44,0.7857142857142857,0.2142857142857143,0.37349397590361444,44,537.3361590908978,171.16200000001118,764.1676846079539,2105.285499999952,2248.59160000002,2651.846870000062,140.1260000000475,2878.2380000001285,131,203.48979389313445,173.4320000000298,56.897012769456836,273.83500000002095,285.5405000000028,302.8407000000588,130.48600000003353,310.8889999999665,131,204.48979389313445,174.4320000000298,56.897012769456836,274.83500000002095,286.5405000000028,303.8407000000588,131.48600000003353,311.8889999999665,0,155.0,597.0,11.0,230.0,0.20611702127659576,0.9337349397590361,0.3376906318082789,0.7218863361547763,0.06626506024096386,0.3191489361702128,576.0,62,9,10,0.8732394366197183,0.8611111111111112,0.8671328671328671,0.8732394366197183,0.8500722222222223,0.08704351222431392,0.14375555555555553,0.5419847328244275,0.4580152671755725,,,not_computed_no_bbox_data,22,22,22.0,0,0,744,142.0,142,101,41,93,3,90,3,0.7112676056338029,0.05510752688172043,41,0.03225806451612903,0.04,0.4425531914893617,0.9711538461538461,0.7112676056338029,0.8211382113821138,0.4,0,0,0,35,69,0,80.0,131,0.6597068702290076,0.6425,0.11083566850962435,0.817,0.86035,1.0053899999999996,0.5003,1.0283,131,0.0,0.0,0.0,0.0,0.0,0.0,0.0,0.0,131,0,0,0,0,0.0,0.0,3598826.579,215929.594723,993.0,89.37,94.0,8.93,86.421,7.345809,3573568.093,28588.544744,393.0,58.95,18427.016,7739.346894,6614.391,2778.044036,997.5,299.25,0.0,0.0,216035.24053199997,39464.135674,255499.376206,4258.322936766666,257.30047956294055,1950.3769176030532,3598.5827634647885,4120.957680741935,8.93,255499.376206,3600000.0,3599999.9999999995,mixed__s10__no_replay_protection,no_replay_protection,ablation,,,True,
secure,mixed,10,3600.0,80bb42071521856e,True,synthetic_distribution,False,disable_security,993,249,166,744,49848.601,0.013846833611111112,235,3.9166666666666665,235,3.9166666666666665,74,65,235,56,47,0.8392857142857143,0.1607142857142857,0.39156626506024095,47,631.6790638297996,244.95599999977276,845.3256413877417,2216.36940000006,2340.783700000029,2806.635979999997,139.72600000002421,2877.837999999989,235,213.438991489357,244.00700000021607,56.07700741754661,275.508400000009,284.3522999999928,299.1232399998233,128.5339999999851,310.4890000000596,235,214.438991489357,245.00700000021607,56.07700741754661,276.508400000009,285.3522999999928,300.1232399998233,129.5339999999851,311.4890000000596,0,155.0,597.0,11.0,230.0,0.20611702127659576,0.9337349397590361,0.3376906318082789,0.7218863361547763,0.06626506024096386,0.3191489361702128,576.0,65,9,10,0.8783783783783784,0.8666666666666667,0.87248322147651,0.8783783783783784,0.8506346666666667,0.08570683295055542,0.14375555555555553,0.4297872340425532,0.5702127659574469,,,not_computed_no_bbox_data,27,27,27.0,0,0,744,142.0,0,0,0,0,0,0,0,,0.19086021505376344,142,,,,,,,0.0,0,0,0,0,0,0,80.0,235,0.6610161702127659,0.6328,0.12037833696687736,0.8243,0.9103299999999998,1.0072619999999999,0.5002,1.0313,235,0.0,0.0,0.0,0.0,0.0,0.0,0.0,0.0,235,0,0,0,0,0.0,0.0,3598851.662,215931.099713,993.0,89.37,0.0,0.0,155.338,13.20374,3550151.406,28401.211244,705.0,105.75,32761.518,13759.837683,14742.576,6191.881986,1639.5,491.85,0.0,0.0,216033.673453,48950.530912999995,264984.20436599996,4416.403406099999,266.85216955287007,1127.592359004255,3580.867626567567,4076.6800671692304,0.0,264984.204366,3600000.0,3600000.0,mixed__s10__no_security,no_security,ablation,,,True,
always_on,normal,1,3600.0,d1d08bf672c85296,True,synthetic_distribution,False,,278,278,218,0,3600000.0,1.0,1,0.016666666666666666,275,4.583333333333333,215,191,0,75,74,0.9866666666666667,0.013333333333333308,0.8761467889908257,74,423.68870270272186,305.0045000000391,362.10911561468106,955.1337000001224,1094.4482499999106,1761.028720000017,163.85800000000745,2436.815999999875,0,,,,,,,,,275,307.6597890909129,297.2129999999888,93.34199308979785,441.2327999999281,471.48409999992145,542.6809999999491,145.54999999993015,640.1450000000186,0,,,,,,,,,,,,191,24,26,0.8883720930232558,0.880184331797235,0.8842592592592592,0.8883720930232558,0.8419428571428572,0.10217112078899997,0.19973620689655172,0.5454545454545454,0.45454545454545453,,,not_computed_no_bbox_data,0,0,0.0,17868,207,0,,0,0,0,0,0,0,0,,,0,,,,,,,0.0,0,0,0,0,0,0,,0,,,,,,,,,0,,,,,,,,,0,0,0,0,0,3600000.0,18000.0,0.0,0.0,0.0,0.0,0.0,0.0,0.0,0.0,0.0,0.0,0.0,0.0,2548401.99,1070328.835751,941844.51,395574.694249,109753.5,32926.05,0.0,0.0,18000.0,1498829.58,1516829.58,25280.493000000002,5456.221510791367,,7055.021302325582,7941.516125654451,0.0,1516829.58,3600000.0,3600000.0,normal__s01__always_on,always_on,ablation,,,True,
secure,normal,1,3600.0,d1d08bf672c85296,True,synthetic_distribution,False,,278,278,218,0,22328.697000000004,0.006202415833333334,115,1.9166666666666667,115,1.9166666666666667,100,92,118,75,62,0.8266666666666667,0.17333333333333334,0.42201834862385323,62,489.0154193548677,178.44000000006054,673.2632014884551,1711.1244999999878,2263.964000000064,2484.2614700001104,136.21899999998277,2522.248000000138,115,195.86216521739362,165.76599999982864,53.53309830538544,269.6636000000639,271.85120000005696,281.98510000015887,124.72800000011921,301.4399999999441,115,196.86216521739362,166.76599999982864,53.53309830538544,270.6636000000639,272.85120000005696,282.98510000015887,125.72800000011921,302.4399999999441,0,203.0,15.0,15.0,45.0,0.9311926605504587,0.9311926605504587,0.9311926605504587,0.25,0.06880733944954129,0.8898305084745762,0.0,92,8,10,0.92,0.9019607843137255,0.9108910891089109,0.92,0.8535382352941175,0.1048506349637451,0.2056230769230769,0.6086956521739131,0.391304347826087,,,not_computed_no_bbox_data,0,0,0.0,0,0,0,0.0,0,0,0,118,3,115,3,,,0,0.025423728813559324,0.02857142857142857,0.025423728813559324,0.0,,,0.4,0,0,1,2,0,0,98.0,115,0.6460869565217391,0.6144,0.11270975262659046,0.7891000000000001,0.9130199999999999,0.964474,0.5024,1.0474,115,0.0,0.0,0.0,0.0,0.0,0.0,0.0,0.0,115,0,0,0,0,0.0,0.0,3599600.5,215976.029985,278.0,25.02,47.2,4.484,74.3,6.315522,3577671.31,28621.370478,345.0,51.75,16067.545,6748.368993,5013.145,2105.520899,903.0,270.9,0.0,0.0,216011.84950699998,37797.910370000005,253809.75987699997,4230.162664616666,912.9847477589927,2207.0413902347823,2538.09759877,2758.801737793478,4.484,253809.759876,3600000.0,3600000.0,normal__s01__full_secure,full_secure,ablation,,,True,
secure,normal,1,3600.0,d1d08bf672c85296,True,synthetic_distribution,False,disable_adaptive_trigger,278,278,218,0,22328.697000000004,0.006202415833333334,115,1.9166666666666667,115,1.9166666666666667,100,92,118,75,62,0.8266666666666667,0.17333333333333334,0.42201834862385323,62,489.0154193548677,178.44000000006054,673.2632014884551,1711.1244999999878,2263.964000000064,2484.2614700001104,136.21899999998277,2522.248000000138,115,195.86216521739362,165.76599999982864,53.53309830538544,269.6636000000639,271.85120000005696,281.98510000015887,124.72800000011921,301.4399999999441,115,196.86216521739362,166.76599999982864,53.53309830538544,270.6636000000639,272.85120000005696,282.98510000015887,125.72800000011921,302.4399999999441,0,203.0,15.0,15.0,45.0,0.9311926605504587,0.9311926605504587,0.9311926605504587,0.25,0.06880733944954129,0.8898305084745762,0.0,92,8,10,0.92,0.9019607843137255,0.9108910891089109,0.92,0.8535382352941175,0.1048506349637451,0.2056230769230769,0.6086956521739131,0.391304347826087,,,not_computed_no_bbox_data,0,0,0.0,0,0,0,0.0,0,0,0,118,3,115,3,,,0,0.025423728813559324,0.02857142857142857,0.025423728813559324,0.0,,,0.4,0,0,1,2,0,0,98.0,115,0.6460869565217391,0.6144,0.11270975262659046,0.7891000000000001,0.9130199999999999,0.964474,0.5024,1.0474,115,0.0,0.0,0.0,0.0,0.0,0.0,0.0,0.0,115,0,0,0,0,0.0,0.0,3599600.5,215976.029985,278.0,25.02,47.2,4.484,74.3,6.315522,3577671.31,28621.370478,345.0,51.75,16067.545,6748.368993,5013.145,2105.520899,903.0,270.9,0.0,0.0,216011.84950699998,37797.910370000005,253809.75987699997,4230.162664616666,912.9847477589927,2207.0413902347823,2538.09759877,2758.801737793478,4.484,253809.759876,3600000.0,3600000.0,normal__s01__no_adaptive_trigger,no_adaptive_trigger,ablation,,,True,
secure,normal,1,3600.0,d1d08bf672c85296,True,synthetic_distribution,False,disable_burst_detection,278,278,218,0,22815.758000000005,0.006337710555555557,117,1.95,117,1.95,102,94,118,75,63,0.84,0.16000000000000003,0.43119266055045874,63,499.5447301587581,179.18900000001304,673.0207271759404,1701.616999999993,2247.608000000065,2483.6387400001104,136.21899999998277,2522.248000000138,117,196.70488888888997,166.6699999999255,53.467044916465426,269.4474000000861,271.5658000000752,281.9404000001552,124.72800000011921,301.4399999999441,117,197.70488888888997,167.6699999999255,53.467044916465426,270.4474000000861,272.5658000000752,282.9404000001552,125.72800000011921,302.4399999999441,0,203.0,15.0,15.0,45.0,0.9311926605504587,0.9311926605504587,0.9311926605504587,0.25,0.06880733944954129,0.8898305084745762,0.0,94,8,10,0.9215686274509803,0.9038461538461539,0.9126213592233009,0.9215686274509803,0.8511384615384615,0.10585482576347657,0.2056230769230769,0.5982905982905983,0.4017094017094017,,,not_computed_no_bbox_data,0,0,0.0,0,0,0,0.0,0,0,0,118,1,117,1,,,0,0.00847457627118644,0.009523809523809525,0.00847457627118644,0.0,,,0.4,0,0,1,0,0,0,98.0,117,0.6446461538461538,0.6144,0.11248602176643194,0.7852000000000001,0.9116799999999998,0.964456,0.5024,1.0474,117,0.0,0.0,0.0,0.0,0.0,0.0,0.0,0.0,117,0,0,0,0,0.0,0.0,3599599.376,215975.962564,278.0,25.02,47.2,4.484,75.424,6.411034,3577184.249,28617.473989,351.0,52.65,16342.012,6863.64519,5203.239,2185.360409,919.5,275.85,0.0,0.0,216011.87759799996,37994.979588,254006.85718599998,4233.447619766666,913.693730884892,2170.9987793675214,2490.263305745098,2702.200608361702,4.484,254006.857186,3600000.0000000005,3600000.0,normal__s01__no_burst_detection,no_burst_detection,ablation,,,True,
secure,normal,1,3600.0,d1d08bf672c85296,True,synthetic_distribution,False,disable_consistency_check,278,278,218,0,22328.697000000004,0.006202415833333334,115,1.9166666666666667,115,1.9166666666666667,100,92,118,75,62,0.8266666666666667,0.17333333333333334,0.42201834862385323,62,489.0154193548677,178.44000000006054,673.2632014884551,1711.1244999999878,2263.964000000064,2484.2614700001104,136.21899999998277,2522.248000000138,115,195.86216521739362,165.76599999982864,53.53309830538544,269.6636000000639,271.85120000005696,281.98510000015887,124.72800000011921,301.4399999999441,115,196.86216521739362,166.76599999982864,53.53309830538544,270.6636000000639,272.85120000005696,282.98510000015887,125.72800000011921,302.4399999999441,0,203.0,15.0,15.0,45.0,0.9311926605504587,0.9311926605504587,0.9311926605504587,0.25,0.06880733944954129,0.8898305084745762,0.0,92,8,10,0.92,0.9019607843137255,0.9108910891089109,0.92,0.8535382352941175,0.1048506349637451,0.2056230769230769,0.6086956521739131,0.391304347826087,,,not_computed_no_bbox_data,0,0,0.0,0,0,0,0.0,0,0,0,118,3,115,3,,,0,0.025423728813559324,0.02857142857142857,0.025423728813559324,0.0,,,0.4,0,0,1,2,0,0,98.0,115,0.6460869565217391,0.6144,0.11270975262659046,0.7891000000000001,0.9130199999999999,0.964474,0.5024,1.0474,115,0.0,0.0,0.0,0.0,0.0,0.0,0.0,0.0,115,0,0,0,0,0.0,0.0,3599600.5,215976.029985,278.0,25.02,47.2,4.484,74.3,6.315522,3577671.31,28621.370478,345.0,51.75,16067.545,6748.368993,5013.145,2105.520899,903.0,270.9,0.0,0.0,216011.84950699998,37797.910370000005,253809.75987699997,4230.162664616666,912.9847477589927,2207.0413902347823,2538.09759877,2758.801737793478,4.484,253809.759876,3600000.0,3600000.0,normal__s01__no_consistency_check,no_consistency_check,ablation,,,True,
secure,normal,1,3600.0,d1d08bf672c85296,True,synthetic_distribution,False,disable_cooldown,278,278,218,0,37735.98700000001,0.010482218611111113,187,3.1166666666666667,195,3.25,178,160,218,75,69,0.92,0.07999999999999996,0.7339449541284404,69,380.61044927538626,179.18900000001304,505.3614581427397,1025.5374000000304,1539.6519999999878,2430.475879999957,136.21899999998277,2522.248000000138,195,200.16361025639807,164.11800000001676,61.27781449673962,271.1408000001218,283.6981999999552,386.78467999997395,124.72800000011921,433.76800000015646,195,201.16361025639807,165.11800000001676,61.27781449673962,272.1408000001218,284.6981999999552,387.78467999997395,125.72800000011921,434.76800000015646,0,203.0,15.0,15.0,45.0,0.9311926605504587,0.9311926605504587,0.9311926605504587,0.25,0.06880733944954129,0.9311926605504587,0.0,160,18,20,0.898876404494382,0.8888888888888888,0.8938547486033519,0.898876404494382,0.8502633333333334,0.09697584039394415,0.20688666666666666,0.6153846153846154,0.38461538461538464,,,not_computed_no_bbox_data,0,0,0.0,0,0,0,0.0,0,0,0,218,23,195,23,,,0,0.10550458715596331,0.11330049261083744,0.10550458715596331,0.0,,,0.4,2,0,15,6,0,0,0.0,195,0.6577020512820512,0.634,0.11632921066311122,0.82608,0.8895699999999997,0.9695680000000002,0.5011,1.0584,195,4.92603076923077,0.0,25.331507458553663,0.0,0.0,139.32850000000008,0.0,162.466,195,0,0,0,0,0.0,0.0,3599506.548,215970.392882,278.0,25.02,87.2,8.284,128.252,10.901417,3562264.017,28498.112133,561.0,84.15,27320.407,11474.570837,8299.077,3485.612185,1555.5,466.65,0.0,0.0,216014.59829899998,44009.095155,260023.693454,4333.728224233333,935.3370268129496,1333.454838225641,1460.8072665955056,1625.1480840875,8.284,260023.693454,3600000.0,3600000.001,normal__s01__no_cooldown,no_cooldown,ablation,,,True,
secure,normal,1,3600.0,d1d08bf672c85296,True,synthetic_distribution,False,disable_early_exit,278,278,218,0,30000.933,0.0083335925,115,1.9166666666666667,115,1.9166666666666667,100,97,118,75,63,0.84,0.16000000000000003,0.44495412844036697,63,483.7977619047878,264.50900000007823,632.7241943697384,1343.9639999999963,1844.139200000069,2899.0615800000664,241.27100000018254,3615.466000000015,115,262.5772521739233,260.93599999998696,13.453476624871303,281.4708000001032,289.35730000007896,292.7985000000219,233.37999999988824,301.4399999999441,115,263.5772521739233,261.93599999998696,13.453476624871303,282.4708000001032,290.35730000007896,293.7985000000219,234.37999999988824,302.4399999999441,0,203.0,15.0,15.0,45.0,0.9311926605504587,0.9311926605504587,0.9311926605504587,0.25,0.06880733944954129,0.8898305084745762,0.0,97,3,5,0.97,0.9509803921568627,0.9603960396039604,0.97,0.8799862745098036,0.11604406046050579,0.1980923076923077,0.0,1.0,,,not_computed_no_bbox_data,0,0,0.0,0,0,0,0.0,0,0,0,118,3,115,3,,,0,0.025423728813559324,0.02857142857142857,0.025423728813559324,0.0,,,0.4,0,0,1,2,0,0,98.0,115,0.6460869565217391,0.6144,0.11270975262659046,0.7891000000000001,0.9130199999999999,0.964474,0.5024,1.0474,115,0.0,0.0,0.0,0.0,0.0,0.0,0.0,0.0,115,0,0,0,0,0.0,0.0,3599600.5,215976.029985,278.0,25.02,47.2,4.484,74.3,6.315522,3569999.074,28559.992589,345.0,51.75,16067.545,6748.368993,12680.881,5325.970071,907.5,272.25,0.0,0.0,216011.84950699998,40958.331653,256970.18115999998,4282.836352666666,924.3531696402877,2234.5233144347826,2569.7018116,2649.1771253608244,4.484,256970.18116,3600000.0,3600000.0,normal__s01__no_early_exit,no_early_exit,ablation,,,True,
secure,normal,1,3600.0,d1d08bf672c85296,True,synthetic_distribution,False,disable_rate_limit,278,278,218,0,22328.697000000004,0.006202415833333334,115,1.9166666666666667,115,1.9166666666666667,100,92,118,75,62,0.8266666666666667,0.17333333333333334,0.42201834862385323,62,489.0154193548677,178.44000000006054,673.2632014884551,1711.1244999999878,2263.964000000064,2484.2614700001104,136.21899999998277,2522.248000000138,115,195.86216521739362,165.76599999982864,53.53309830538544,269.6636000000639,271.85120000005696,281.98510000015887,124.72800000011921,301.4399999999441,115,196.86216521739362,166.76599999982864,53.53309830538544,270.6636000000639,272.85120000005696,282.98510000015887,125.72800000011921,302.4399999999441,0,203.0,15.0,15.0,45.0,0.9311926605504587,0.9311926605504587,0.9311926605504587,0.25,0.06880733944954129,0.8898305084745762,0.0,92,8,10,0.92,0.9019607843137255,0.9108910891089109,0.92,0.8535382352941175,0.1048506349637451,0.2056230769230769,0.6086956521739131,0.391304347826087,,,not_computed_no_bbox_data,0,0,0.0,0,0,0,0.0,0,0,0,118,3,115,3,,,0,0.025423728813559324,0.02857142857142857,0.025423728813559324,0.0,,,0.4,0,0,1,2,0,0,98.0,115,0.6460869565217391,0.6144,0.11270975262659046,0.7891000000000001,0.9130199999999999,0.964474,0.5024,1.0474,115,0.0,0.0,0.0,0.0,0.0,0.0,0.0,0.0,115,0,0,0,0,0.0,0.0,3599600.5,215976.029985,278.0,25.02,47.2,4.484,74.3,6.315522,3577671.31,28621.370478,345.0,51.75,16067.545,6748.368993,5013.145,2105.520899,903.0,270.9,0.0,0.0,216011.84950699998,37797.910370000005,253809.75987699997,4230.162664616666,912.9847477589927,2207.0413902347823,2538.09759877,2758.801737793478,4.484,253809.759876,3600000.0,3600000.0,normal__s01__no_rate_limit,no_rate_limit,ablation,,,True,
secure,normal,1,3600.0,d1d08bf672c85296,True,synthetic_distribution,False,disable_replay_protection,278,278,218,0,22588.858000000004,0.006274682777777779,116,1.9333333333333333,116,1.9333333333333333,101,92,118,75,62,0.8266666666666667,0.17333333333333334,0.42201834862385323,62,489.0154193548677,178.44000000006054,673.2632014884551,1711.1244999999878,2263.964000000064,2484.2614700001104,136.21899999998277,2522.248000000138,116,196.43240517241418,166.21799999987707,53.652519202080775,269.55550000007497,271.7085000000661,281.96275000015703,124.72800000011921,301.4399999999441,116,197.43240517241418,167.21799999987707,53.652519202080775,270.55550000007497,272.7085000000661,282.96275000015703,125.72800000011921,302.4399999999441,0,203.0,15.0,15.0,45.0,0.9311926605504587,0.9311926605504587,0.9311926605504587,0.25,0.06880733944954129,0.8898305084745762,0.0,92,9,11,0.9108910891089109,0.8932038834951457,0.9019607843137256,0.9108910891089109,0.8508844660194175,0.10775551644791631,0.2056230769230769,0.603448275862069,0.39655172413793105,,,not_computed_no_bbox_data,0,0,0.0,0,0,0,0.0,0,0,0,118,2,116,2,,,0,0.01694915254237288,0.01904761904761905,0.01694915254237288,0.0,,,0.4,0,0,0,2,0,0,98.0,116,0.6472836206896551,0.6144499999999999,0.11295634473699045,0.7909,0.91235,0.964465,0.5024,1.0474,116,0.0,0.0,0.0,0.0,0.0,0.0,0.0,0.0,116,0,0,0,0,0.0,0.0,3599599.715,215975.98289,278.0,25.02,47.2,4.484,75.085,6.382239,3577411.149,28619.28919,348.0,52.2,16202.866,6805.203715,5127.485,2153.543818,910.5,273.15,0.0,0.0,216011.869129,37903.386723,253915.255852,4231.920930866667,913.3642296834532,2188.924619413793,2514.012434178218,2759.948433173913,4.484,253915.255852,3600000.0,3600000.0,normal__s01__no_replay_protection,no_replay_protection,ablation,,,True,
secure,normal,1,3600.0,d1d08bf672c85296,True,synthetic_distribution,False,disable_security,278,278,218,0,23075.919,0.0064099775000000005,118,1.9666666666666666,118,1.9666666666666666,103,94,118,75,63,0.84,0.16000000000000003,0.43119266055045874,63,499.144730158771,178.78900000010617,673.0207271759446,1701.2169999998532,2247.2080000001465,2483.2387400002035,135.8189999999595,2521.848000000231,118,196.85832203390575,166.3815000000177,53.57642540372836,268.9392999999924,271.0230999999796,281.5180500000372,124.32800000021234,301.04000000003725,118,197.85832203390575,167.3815000000177,53.57642540372836,269.9392999999924,272.0230999999796,282.5180500000372,125.32800000021234,302.04000000003725,0,203.0,15.0,15.0,45.0,0.9311926605504587,0.9311926605504587,0.9311926605504587,0.25,0.06880733944954129,0.8898305084745762,0.0,94,9,11,0.912621359223301,0.8952380952380953,0.903846153846154,0.912621359223301,0.8485580952380951,0.10861225474573474,0.2056230769230769,0.5932203389830508,0.4067796610169492,,,not_computed_no_bbox_data,0,0,0.0,0,0,0,0.0,0,0,0,0,0,0,0,,,0,,,,,,,0.0,0,0,0,0,0,0,98.0,118,0.6458347457627117,0.6144499999999999,0.11274601315908311,0.7885,0.9110099999999999,0.964447,0.5024,1.0474,118,0.0,0.0,0.0,0.0,0.0,0.0,0.0,0.0,118,0,0,0,0,0.0,0.0,3599645.791,215978.747469,278.0,25.02,0.0,0.0,76.209,6.477752,3576924.088,28615.3927,354.0,53.1,16477.333,6920.479913,5317.579,2233.383329,927.0,278.1,0.0,0.0,216010.245221,38100.45594199999,254110.701163,4235.178352716666,914.0672703705036,2153.4805183305084,2467.0941860485436,2703.3053315212765,0.0,254110.701163,3600000.0,3600000.0,normal__s01__no_security,no_security,ablation,,,True,
always_on,normal,2,3600.0,96d67eb7472f5f82,True,synthetic_distribution,False,,222,222,173,0,3600000.0,1.0,1,0.016666666666666666,222,3.7,168,156,0,52,52,1.0,0.0,0.9017341040462428,52,446.07544230771015,311.68049999999243,473.7693261507017,507.0853999999701,1541.5819499999507,2285.313260000159,136.25800000003073,2780.3060000003316,0,,,,,,,,,222,306.04200900900764,300.0854999999319,90.55769072962129,424.9939999999944,478.2767500001485,504.72021999985424,136.25800000003073,513.3660000001546,0,,,,,,,,,,,,156,14,17,0.9176470588235294,0.9017341040462428,0.9096209912536443,0.9285714285714286,0.8295849710982658,0.12501407271771484,0.14528367346938775,0.5630630630630631,0.4369369369369369,,,not_computed_no_bbox_data,2,0,2.0,17934,231,0,,0,0,0,0,0,0,0,,,0,,,,,,,0.0,0,0,0,0,0,0,,0,,,,,,,,,0,,,,,,,,,0,0,0,0,0,3600000.0,18000.0,0.0,0.0,0.0,0.0,0.0,0.0,0.0,0.0,0.0,0.0,0.0,0.0,2551483.017,1071622.867023,938742.483,394271.842977,109774.5,32932.35,0.0,0.0,18000.0,1498827.06,1516827.06,25280.451,6832.554324324325,,9028.7325,9723.250384615385,0.0,1516827.06,3600000.0,3600000.0,normal__s02__always_on,always_on,ablation,,,True,
secure,normal,2,3600.0,96d67eb7472f5f82,True,synthetic_distribution,False,,222,222,173,0,16394.555999999997,0.004554043333333332,84,1.4,84,1.4,76,70,90,52,45,0.8653846153846154,0.13461538461538458,0.4046242774566474,45,423.47057777781714,248.78000000002794,619.0567405573015,1081.437000000058,1434.9937999999145,2882.3595200002087,133.5380000001751,3275.13300000038,84,196.90941666666617,164.3114999999525,57.25995022644143,274.31760000005613,277.327800000034,283.21737000001616,130.84499999997206,288.0819999999994,84,197.90941666666617,165.3114999999525,57.25995022644143,275.31760000005613,278.327800000034,284.21737000001616,131.84499999997206,289.0819999999994,0,150.0,10.0,23.0,39.0,0.9375,0.8670520231213873,0.900900900900901,0.20408163265306123,0.1329479768786127,0.9111111111111111,0.0,70,7,6,0.9090909090909091,0.9210526315789473,0.915032679738562,0.9210526315789473,0.8444236842105263,0.10017245778279385,0.1976,0.5952380952380952,0.40476190476190477,,,not_computed_no_bbox_data,1,0,1.0,0,0,0,0.0,0,0,0,90,6,84,6,,,0,0.06666666666666667,0.07317073170731707,0.06666666666666667,0.0,,,0.4,0,0,4,2,0,0,68.0,84,0.6662333333333333,0.6461,0.12390632911023673,0.8082,0.87767,1.0004540000000004,0.5037,1.2463,84,0.0,0.0,0.0,0.0,0.0,0.0,0.0,0.0,84,0,0,0,0,0.0,0.0,3599686.036,215981.162169,222.0,19.98,36.0,3.42,55.964,4.756928,3583605.447,28668.843576,252.0,37.8,11635.761,4887.019686,3830.292,1608.722593,676.5,202.95,0.0,0.0,216009.319097,35405.335855,251414.654952,4190.2442492,1132.4984457297298,2993.0316065714287,3308.087565157895,3591.6379278857144,3.42,251414.654952,3600000.0,3600000.0,normal__s02__full_secure,full_secure,ablation,,,True,
secure,normal,2,3600.0,96d67eb7472f5f82,True,synthetic_distribution,False,disable_adaptive_trigger,222,222,173,0,16394.555999999997,0.004554043333333332,84,1.4,84,1.4,76,70,90,52,45,0.8653846153846154,0.13461538461538458,0.4046242774566474,45,423.47057777781714,248.78000000002794,619.0567405573015,1081.437000000058,1434.9937999999145,2882.3595200002087,133.5380000001751,3275.13300000038,84,196.90941666666617,164.3114999999525,57.25995022644143,274.31760000005613,277.327800000034,283.21737000001616,130.84499999997206,288.0819999999994,84,197.90941666666617,165.3114999999525,57.25995022644143,275.31760000005613,278.327800000034,284.21737000001616,131.84499999997206,289.0819999999994,0,150.0,10.0,23.0,39.0,0.9375,0.8670520231213873,0.900900900900901,0.20408163265306123,0.1329479768786127,0.9111111111111111,0.0,70,7,6,0.9090909090909091,0.9210526315789473,0.915032679738562,0.9210526315789473,0.8444236842105263,0.10017245778279385,0.1976,0.5952380952380952,0.40476190476190477,,,not_computed_no_bbox_data,1,0,1.0,0,0,0,0.0,0,0,0,90,6,84,6,,,0,0.06666666666666667,0.07317073170731707,0.06666666666666667,0.0,,,0.4,0,0,4,2,0,0,68.0,84,0.6662333333333333,0.6461,0.12390632911023673,0.8082,0.87767,1.0004540000000004,0.5037,1.2463,84,0.0,0.0,0.0,0.0,0.0,0.0,0.0,0.0,84,0,0,0,0,0.0,0.0,3599686.036,215981.162169,222.0,19.98,36.0,3.42,55.964,4.756928,3583605.447,28668.843576,252.0,37.8,11635.761,4887.019686,3830.292,1608.722593,676.5,202.95,0.0,0.0,216009.319097,35405.335855,251414.654952,4190.2442492,1132.4984457297298,2993.0316065714287,3308.087565157895,3591.6379278857144,3.42,251414.654952,3600000.0,3600000.0,normal__s02__no_adaptive_trigger,no_adaptive_trigger,ablation,,,True,
secure,normal,2,3600.0,96d67eb7472f5f82,True,synthetic_distribution,False,disable_burst_detection,222,222,173,0,16820.918,0.004672477222222223,86,1.4333333333333333,86,1.4333333333333333,78,72,90,52,47,0.9038461538461539,0.09615384615384615,0.4161849710982659,47,492.44546808514775,252.98600000003353,690.2646185115608,1353.5733999999238,2088.3191000000334,2864.5061800001977,133.5380000001751,3275.13300000038,86,197.32261627906988,164.3114999999525,57.27690599499135,274.28400000009333,277.2410000000673,283.1001500000166,130.84499999997206,288.0819999999994,86,198.32261627906988,165.3114999999525,57.27690599499135,275.28400000009333,278.2410000000673,284.1001500000166,131.84499999997206,289.0819999999994,0,150.0,10.0,23.0,39.0,0.9375,0.8670520231213873,0.900900900900901,0.20408163265306123,0.1329479768786127,0.9111111111111111,0.0,72,7,6,0.9113924050632911,0.9230769230769231,0.9171974522292994,0.9230769230769231,0.8438423076923078,0.09894843536983221,0.1976,0.5930232558139535,0.4069767441860465,,,not_computed_no_bbox_data,1,0,1.0,0,0,0,0.0,0,0,0,90,4,86,4,,,0,0.044444444444444446,0.04878048780487805,0.044444444444444446,0.0,,,0.4,0,0,4,0,0,0,68.0,86,0.6639976744186047,0.6434500000000001,0.12363477616302375,0.8082,0.87565,0.9945300000000016,0.5037,1.2463,86,0.0,0.0,0.0,0.0,0.0,0.0,0.0,0.0,86,0,0,0,0,0.0,0.0,3599684.896,215981.093756,222.0,19.98,36.0,3.42,57.104,4.853846,3583179.085,28665.432683,258.0,38.7,11931.232,5011.117352,3940.183,1654.876809,691.5,207.45,0.0,0.0,216009.34760200002,35577.576843999996,251586.924446,4193.1154074333335,1133.2744344414414,2925.4293540232557,3225.473390333333,3494.2628395277775,3.42,251586.924446,3600000.0,3600000.0,normal__s02__no_burst_detection,no_burst_detection,ablation,,,True,
secure,normal,2,3600.0,96d67eb7472f5f82,True,synthetic_distribution,False,disable_consistency_check,222,222,173,0,16394.555999999997,0.004554043333333332,84,1.4,84,1.4,76,70,90,52,45,0.8653846153846154,0.13461538461538458,0.4046242774566474,45,423.47057777781714,248.78000000002794,619.0567405573015,1081.437000000058,1434.9937999999145,2882.3595200002087,133.5380000001751,3275.13300000038,84,196.90941666666617,164.3114999999525,57.25995022644143,274.31760000005613,277.327800000034,283.21737000001616,130.84499999997206,288.0819999999994,84,197.90941666666617,165.3114999999525,57.25995022644143,275.31760000005613,278.327800000034,284.21737000001616,131.84499999997206,289.0819999999994,0,150.0,10.0,23.0,39.0,0.9375,0.8670520231213873,0.900900900900901,0.20408163265306123,0.1329479768786127,0.9111111111111111,0.0,70,7,6,0.9090909090909091,0.9210526315789473,0.915032679738562,0.9210526315789473,0.8444236842105263,0.10017245778279385,0.1976,0.5952380952380952,0.40476190476190477,,,not_computed_no_bbox_data,1,0,1.0,0,0,0,0.0,0,0,0,90,6,84,6,,,0,0.06666666666666667,0.07317073170731707,0.06666666666666667,0.0,,,0.4,0,0,4,2,0,0,68.0,84,0.6662333333333333,0.6461,0.12390632911023673,0.8082,0.87767,1.0004540000000004,0.5037,1.2463,84,0.0,0.0,0.0,0.0,0.0,0.0,0.0,0.0,84,0,0,0,0,0.0,0.0,3599686.036,215981.162169,222.0,19.98,36.0,3.42,55.964,4.756928,3583605.447,28668.843576,252.0,37.8,11635.761,4887.019686,3830.292,1608.722593,676.5,202.95,0.0,0.0,216009.319097,35405.335855,251414.654952,4190.2442492,1132.4984457297298,2993.0316065714287,3308.087565157895,3591.6379278857144,3.42,251414.654952,3600000.0,3600000.0,normal__s02__no_consistency_check,no_consistency_check,ablation,,,True,
secure,normal,2,3600.0,96d67eb7472f5f82,True,synthetic_distribution,False,disable_cooldown,222,222,173,0,27772.678,0.007714632777777778,139,2.316666666666667,145,2.4166666666666665,132,122,160,52,48,0.9230769230769231,0.07692307692307687,0.7052023121387283,48,420.61914583337153,176.22250000007625,659.7028431866335,1013.2994000002991,2065.099299999958,2901.2251400000982,133.5380000001751,3197.2020000000484,145,196.29340000000454,164.14500000001863,55.9926348924684,274.30080000007473,279.0311999998521,287.0194000000579,130.84499999997206,291.68299999972805,145,197.29340000000454,165.14500000001863,55.9926348924684,275.30080000007473,280.0311999998521,288.0194000000579,131.84499999997206,292.68299999972805,0,150.0,10.0,23.0,39.0,0.9375,0.8670520231213873,0.900900900900901,0.20408163265306123,0.1329479768786127,0.9375,0.0,122,11,13,0.9172932330827067,0.9037037037037037,0.9104477611940299,0.9242424242424242,0.8407896296296296,0.1196576293006919,0.18161999999999998,0.6275862068965518,0.3724137931034483,,,not_computed_no_bbox_data,1,0,1.0,0,0,0,0.0,0,0,0,160,15,145,15,,,0,0.09375,0.1,0.09375,0.0,,,0.4,0,0,12,3,0,0,0.0,145,0.6634634482758621,0.6417,0.12030497000320173,0.81,0.8764799999999999,0.9528439999999999,0.5028,1.2463,145,3.024013793103448,0.0,17.6162445002184,0.0,0.0,100.16400000000014,0.0,142.177,145,0,0,0,0,0.0,0.0,3599617.798,215977.067858,222.0,19.98,64.0,6.08,96.202,8.177201,3572227.323,28577.818585,417.0,62.55,20192.219,8480.732143,6002.458,2521.03217,1161.0,348.3,0.0,0.0,216011.305059,39990.432898,256001.73795699998,4266.695632616666,1153.1609817882882,1765.529227289655,1939.4071057348483,2098.3749012868852,6.08,256001.737957,3600000.0,3600000.0,normal__s02__no_cooldown,no_cooldown,ablation,,,True,
secure,normal,2,3600.0,96d67eb7472f5f82,True,synthetic_distribution,False,disable_early_exit,222,222,173,0,21901.703999999998,0.006083806666666666,84,1.4,84,1.4,76,70,90,52,46,0.8846153846153846,0.11538461538461542,0.4046242774566474,46,561.7643913043858,266.21400000015274,769.6072346753805,1276.579000000027,2289.0682499999893,3433.507050000013,241.4360000000015,3699.05700000003,84,262.4707499999917,262.02249999996275,12.719829298972677,278.4683999999746,283.3549000001454,288.72238999999985,240.30099999997765,291.849000000002,84,263.4707499999917,263.02249999996275,12.719829298972677,279.4683999999746,284.3549000001454,289.72238999999985,241.30099999997765,292.849000000002,0,150.0,10.0,23.0,39.0,0.9375,0.8670520231213873,0.900900900900901,0.20408163265306123,0.1329479768786127,0.9111111111111111,0.0,70,7,6,0.9090909090909091,0.9210526315789473,0.915032679738562,0.9210526315789473,0.8714236842105263,0.11437308059553297,0.187325,0.0,1.0,,,not_computed_no_bbox_data,1,0,1.0,0,0,0,0.0,0,0,0,90,6,84,6,,,0,0.06666666666666667,0.07317073170731707,0.06666666666666667,0.0,,,0.4,0,0,4,2,0,0,68.0,84,0.6662333333333333,0.6461,0.12390632911023673,0.8082,0.87767,1.0004540000000004,0.5037,1.2463,84,0.0,0.0,0.0,0.0,0.0,0.0,0.0,0.0,84,0,0,0,0,0.0,0.0,3599686.036,215981.162169,222.0,19.98,36.0,3.42,55.964,4.756928,3578098.298,28624.786382,252.0,37.8,11635.761,4887.019686,9347.941,3926.135276,666.0,199.8,0.0,0.0,216009.319097,37675.541344,253684.86044099994,4228.081007349999,1142.7245965810807,3020.0578623928564,3337.958690013157,3624.069434871428,3.42,253684.86044,3600000.0,3600000.0,normal__s02__no_early_exit,no_early_exit,ablation,,,True,
secure,normal,2,3600.0,96d67eb7472f5f82,True,synthetic_distribution,False,disable_rate_limit,222,222,173,0,16394.555999999997,0.004554043333333332,84,1.4,84,1.4,76,70,90,52,45,0.8653846153846154,0.13461538461538458,0.4046242774566474,45,423.47057777781714,248.78000000002794,619.0567405573015,1081.437000000058,1434.9937999999145,2882.3595200002087,133.5380000001751,3275.13300000038,84,196.90941666666617,164.3114999999525,57.25995022644143,274.31760000005613,277.327800000034,283.21737000001616,130.84499999997206,288.0819999999994,84,197.90941666666617,165.3114999999525,57.25995022644143,275.31760000005613,278.327800000034,284.21737000001616,131.84499999997206,289.0819999999994,0,150.0,10.0,23.0,39.0,0.9375,0.8670520231213873,0.900900900900901,0.20408163265306123,0.1329479768786127,0.9111111111111111,0.0,70,7,6,0.9090909090909091,0.9210526315789473,0.915032679738562,0.9210526315789473,0.8444236842105263,0.10017245778279385,0.1976,0.5952380952380952,0.40476190476190477,,,not_computed_no_bbox_data,1,0,1.0,0,0,0,0.0,0,0,0,90,6,84,6,,,0,0.06666666666666667,0.07317073170731707,0.06666666666666667,0.0,,,0.4,0,0,4,2,0,0,68.0,84,0.6662333333333333,0.6461,0.12390632911023673,0.8082,0.87767,1.0004540000000004,0.5037,1.2463,84,0.0,0.0,0.0,0.0,0.0,0.0,0.0,0.0,84,0,0,0,0,0.0,0.0,3599686.036,215981.162169,222.0,19.98,36.0,3.42,55.964,4.756928,3583605.447,28668.843576,252.0,37.8,11635.761,4887.019686,3830.292,1608.722593,676.5,202.95,0.0,0.0,216009.319097,35405.335855,251414.654952,4190.2442492,1132.4984457297298,2993.0316065714287,3308.087565157895,3591.6379278857144,3.42,251414.654952,3600000.0,3600000.0,normal__s02__no_rate_limit,no_rate_limit,ablation,,,True,
secure,normal,2,3600.0,96d67eb7472f5f82,True,synthetic_distribution,False,disable_replay_protection,222,222,173,0,17348.879999999997,0.004819133333333333,88,1.4666666666666666,88,1.4666666666666666,80,74,90,52,45,0.8653846153846154,0.13461538461538458,0.4277456647398844,45,423.47057777781714,248.78000000002794,619.0567405573015,1081.437000000058,1434.9937999999145,2882.3595200002087,133.5380000001751,3275.13300000038,88,198.878386363633,166.39650000003166,57.37888621000535,274.2504000001305,277.1542000001005,282.9829300000169,130.84499999997206,288.0819999999994,88,199.878386363633,167.39650000003166,57.37888621000535,275.2504000001305,278.1542000001005,283.9829300000169,131.84499999997206,289.0819999999994,0,150.0,10.0,23.0,39.0,0.9375,0.8670520231213873,0.900900900900901,0.20408163265306123,0.1329479768786127,0.9111111111111111,0.0,74,7,6,0.9135802469135802,0.925,0.9192546583850932,0.925,0.8436775000000001,0.09840733349100629,0.1976,0.5795454545454546,0.42045454545454547,,,not_computed_no_bbox_data,1,0,1.0,0,0,0,0.0,0,0,0,90,2,88,2,,,0,0.022222222222222223,0.024390243902439025,0.022222222222222223,0.0,,,0.4,0,0,0,2,0,0,68.0,88,0.6660204545454546,0.6455,0.12445035215504675,0.8091,0.88447,0.9886059999999985,0.5037,1.2463,88,0.0,0.0,0.0,0.0,0.0,0.0,0.0,0.0,88,0,0,0,0,0.0,0.0,3599683.39,215981.003397,222.0,19.98,36.0,3.42,58.61,4.981854,3582651.123,28661.208982,264.0,39.6,12196.387,5122.482702,4180.49,1755.80574,708.0,212.4,0.0,0.0,216009.38525100003,35791.497424,251800.882675,4196.681377916667,1134.2382102477477,2861.3736667613634,3147.5110334375,3402.714630743243,3.42,251800.882675,3600000.0,3600000.0000000005,normal__s02__no_replay_protection,no_replay_protection,ablation,,,True,
secure,normal,2,3600.0,96d67eb7472f5f82,True,synthetic_distribution,False,disable_security,222,222,173,0,17775.242,0.004937567222222222,90,1.5,90,1.5,82,76,90,52,47,0.9038461538461539,0.09615384615384615,0.4393063583815029,47,492.0454680851396,252.58600000012666,690.2646185115237,1353.173400000017,2087.9191000000565,2864.1061799999993,133.13800000026822,3274.7330000000075,90,198.82946666665532,165.99650000000838,57.37978835464058,273.8168000002514,276.66739999996935,282.46570999999665,130.4450000000652,287.6819999999998,90,199.82946666665532,166.99650000000838,57.37978835464058,274.8168000002514,277.66739999996935,283.46570999999665,131.4450000000652,288.6819999999998,0,150.0,10.0,23.0,39.0,0.9375,0.8670520231213873,0.900900900900901,0.20408163265306123,0.1329479768786127,0.9111111111111111,0.0,76,7,6,0.9156626506024096,0.926829268292683,0.9212121212121213,0.926829268292683,0.8431426829268294,0.09726345542193261,0.1976,0.5777777777777777,0.4222222222222222,,,not_computed_no_bbox_data,1,0,1.0,0,0,0,0.0,0,0,0,0,0,0,0,,,0,,,,,,,0.0,0,0,0,0,0,0,68.0,90,0.6638888888888889,0.64295,0.1241771753841744,0.8085000000000001,0.88389,0.9826819999999998,0.5037,1.2463,90,0.0,0.0,0.0,0.0,0.0,0.0,0.0,0.0,90,0,0,0,0,0.0,0.0,3599718.25,215983.094984,222.0,19.98,0.0,0.0,59.75,5.078772,3582224.761,28657.798089,270.0,40.5,12491.858,5246.580368,4290.381,1801.959956,723.0,216.9,0.0,0.0,216008.153756,35963.738413,251971.892169,4199.53153615,1135.0085232837837,2799.6876907666665,3072.8279532804877,3315.419633802632,0.0,251971.89217,3600000.0,3600000.0,normal__s02__no_security,no_security,ablation,,,True,
always_on,normal,3,3600.0,7ad9e6f4631091be,True,synthetic_distribution,False,,363,363,265,0,3600000.0,1.0,1,0.016666666666666666,361,6.016666666666667,261,231,0,99,96,0.9696969696969697,0.030303030303030276,0.8716981132075472,96,425.56986458333967,305.6645000000717,392.76877575031057,754.887500000099,1434.2982499999925,1877.252750000334,133.3870000001043,2002.7620000001043,0,,,,,,,,,361,316.453542936284,301.6049999999814,104.88298126622546,447.95200000004843,484.56300000008196,589.5682000000467,133.3870000001043,1074.7609999999404,0,,,,,,,,,,,,231,31,33,0.8816793893129771,0.875,0.8783269961977187,0.8850574712643678,0.8351295454545454,0.10423001343995761,0.1539340206185567,0.5124653739612188,0.48753462603878117,,,not_computed_no_bbox_data,1,0,1.0,17854,241,0,,0,0,0,0,0,0,0,,,0,,,,,,,0.0,0,0,0,0,0,0,,0,,,,,,,,,0,,,,,,,,,0,0,0,0,0,3600000.0,18000.0,0.0,0.0,0.0,0.0,0.0,0.0,0.0,0.0,0.0,0.0,0.0,0.0,2556147.542,1073581.967684,933509.458,392073.972316,110343.0,33102.9,0.0,0.0,18000.0,1498758.8399999999,1516758.8399999999,25279.314,4178.399008264462,,5811.336551724137,6566.055584415583,0.0,1516758.84,3600000.0,3600000.0,normal__s03__always_on,always_on,ablation,,,True,
secure,normal,3,3600.0,7ad9e6f4631091be,True,synthetic_distribution,False,,363,363,265,0,28864.070999999996,0.008017797499999998,143,2.3833333333333333,143,2.3833333333333333,120,109,151,99,80,0.8080808080808081,0.19191919191919193,0.41132075471698115,80,480.2557749999936,254.53549999999814,643.8051593419433,1559.4102000003684,2299.2253000000433,2480.966300000022,134.58700000005774,2509.9830000000075,143,203.555223776215,167.25900000002002,56.3863272990107,275.650800000038,282.2242999997223,290.00870000010127,133.58700000005774,300.1119999999646,143,204.555223776215,168.25900000002002,56.3863272990107,276.650800000038,283.2242999997223,291.00870000010127,134.58700000005774,301.1119999999646,0,241.0,27.0,24.0,71.0,0.8992537313432836,0.909433962264151,0.9043151969981239,0.2755102040816326,0.09056603773584905,0.847682119205298,0.0,109,12,11,0.9008264462809917,0.9083333333333333,0.904564315352697,0.9083333333333333,0.8459333333333333,0.0850029869305476,0.1736739130434783,0.5454545454545454,0.45454545454545453,,,not_computed_no_bbox_data,1,0,1.0,0,0,0,0.0,0,0,0,151,8,143,8,,,0,0.052980132450331126,0.0625,0.052980132450331126,0.0,,,0.4,0,0,8,0,0,0,113.0,143,0.6596748251748252,0.6338,0.11562030529092981,0.82996,0.8961200000000001,0.9397320000000002,0.5006,0.9664,143,0.0,0.0,0.0,0.0,0.0,0.0,0.0,0.0,143,0,0,0,0,0.0,0.0,3599482.267,215968.935992,363.0,32.67,60.4,5.738,94.333,8.018344,3571135.931,28569.087452,429.0,64.35,20146.871,8461.685667,7178.198,3014.843126,1110.0,333.0,0.0,0.0,216015.36233600005,40442.966244999996,256458.328581,4274.30547635,706.4967729504133,1793.4148851818181,2137.152738175,2352.828702577982,5.738,256458.328581,3600000.0,3599999.9999999995,normal__s03__full_secure,full_secure,ablation,,,True,
secure,normal,3,3600.0,7ad9e6f4631091be,True,synthetic_distribution,False,disable_adaptive_trigger,363,363,265,0,28864.070999999996,0.008017797499999998,143,2.3833333333333333,143,2.3833333333333333,120,109,151,99,80,0.8080808080808081,0.19191919191919193,0.41132075471698115,80,480.2557749999936,254.53549999999814,643.8051593419433,1559.4102000003684,2299.2253000000433,2480.966300000022,134.58700000005774,2509.9830000000075,143,203.555223776215,167.25900000002002,56.3863272990107,275.650800000038,282.2242999997223,290.00870000010127,133.58700000005774,300.1119999999646,143,204.555223776215,168.25900000002002,56.3863272990107,276.650800000038,283.2242999997223,291.00870000010127,134.58700000005774,301.1119999999646,0,241.0,28.0,24.0,70.0,0.895910780669145,0.909433962264151,0.9026217228464418,0.2857142857142857,0.09056603773584905,0.847682119205298,0.0,109,12,11,0.9008264462809917,0.9083333333333333,0.904564315352697,0.9083333333333333,0.8459333333333333,0.0850029869305476,0.1736739130434783,0.5454545454545454,0.45454545454545453,,,not_computed_no_bbox_data,1,0,1.0,0,0,0,0.0,0,0,0,151,8,143,8,,,0,0.052980132450331126,0.0625,0.052980132450331126,0.0,,,0.4,0,0,8,0,0,0,113.0,143,0.6596748251748252,0.6338,0.11562030529092981,0.82996,0.8961200000000001,0.9397320000000002,0.5006,0.9664,143,0.0,0.0,0.0,0.0,0.0,0.0,0.0,0.0,143,0,0,0,0,0.0,0.0,3599482.267,215968.935992,363.0,32.67,60.4,5.738,94.333,8.018344,3571135.931,28569.087452,429.0,64.35,20146.871,8461.685667,7178.198,3014.843126,1110.0,333.0,0.0,0.0,216015.36233600005,40442.966244999996,256458.328581,4274.30547635,706.4967729504133,1793.4148851818181,2137.152738175,2352.828702577982,5.738,256458.328581,3600000.0,3599999.9999999995,normal__s03__no_adaptive_trigger,no_adaptive_trigger,ablation,,,True,
secure,normal,3,3600.0,7ad9e6f4631091be,True,synthetic_distribution,False,disable_burst_detection,363,363,265,0,28864.070999999996,0.008017797499999998,143,2.3833333333333333,143,2.3833333333333333,120,109,151,99,80,0.8080808080808081,0.19191919191919193,0.41132075471698115,80,480.2557749999936,254.53549999999814,643.8051593419433,1559.4102000003684,2299.2253000000433,2480.966300000022,134.58700000005774,2509.9830000000075,143,203.555223776215,167.25900000002002,56.3863272990107,275.650800000038,282.2242999997223,290.00870000010127,133.58700000005774,300.1119999999646,143,204.555223776215,168.25900000002002,56.3863272990107,276.650800000038,283.2242999997223,291.00870000010127,134.58700000005774,301.1119999999646,0,241.0,27.0,24.0,71.0,0.8992537313432836,0.909433962264151,0.9043151969981239,0.2755102040816326,0.09056603773584905,0.847682119205298,0.0,109,12,11,0.9008264462809917,0.9083333333333333,0.904564315352697,0.9083333333333333,0.8459333333333333,0.0850029869305476,0.1736739130434783,0.5454545454545454,0.45454545454545453,,,not_computed_no_bbox_data,1,0,1.0,0,0,0,0.0,0,0,0,151,8,143,8,,,0,0.052980132450331126,0.0625,0.052980132450331126,0.0,,,0.4,0,0,8,0,0,0,113.0,143,0.6596748251748252,0.6338,0.11562030529092981,0.82996,0.8961200000000001,0.9397320000000002,0.5006,0.9664,143,0.0,0.0,0.0,0.0,0.0,0.0,0.0,0.0,143,0,0,0,0,0.0,0.0,3599482.267,215968.935992,363.0,32.67,60.4,5.738,94.333,8.018344,3571135.931,28569.087452,429.0,64.35,20146.871,8461.685667,7178.198,3014.843126,1110.0,333.0,0.0,0.0,216015.36233600005,40442.966244999996,256458.328581,4274.30547635,706.4967729504133,1793.4148851818181,2137.152738175,2352.828702577982,5.738,256458.328581,3600000.0,3599999.9999999995,normal__s03__no_burst_detection,no_burst_detection,ablation,,,True,
secure,normal,3,3600.0,7ad9e6f4631091be,True,synthetic_distribution,False,disable_consistency_check,363,363,265,0,28864.070999999996,0.008017797499999998,143,2.3833333333333333,143,2.3833333333333333,120,109,151,99,80,0.8080808080808081,0.19191919191919193,0.41132075471698115,80,480.2557749999936,254.53549999999814,643.8051593419433,1559.4102000003684,2299.2253000000433,2480.966300000022,134.58700000005774,2509.9830000000075,143,203.555223776215,167.25900000002002,56.3863272990107,275.650800000038,282.2242999997223,290.00870000010127,133.58700000005774,300.1119999999646,143,204.555223776215,168.25900000002002,56.3863272990107,276.650800000038,283.2242999997223,291.00870000010127,134.58700000005774,301.1119999999646,0,241.0,27.0,24.0,71.0,0.8992537313432836,0.909433962264151,0.9043151969981239,0.2755102040816326,0.09056603773584905,0.847682119205298,0.0,109,12,11,0.9008264462809917,0.9083333333333333,0.904564315352697,0.9083333333333333,0.8459333333333333,0.0850029869305476,0.1736739130434783,0.5454545454545454,0.45454545454545453,,,not_computed_no_bbox_data,1,0,1.0,0,0,0,0.0,0,0,0,151,8,143,8,,,0,0.052980132450331126,0.0625,0.052980132450331126,0.0,,,0.4,0,0,8,0,0,0,113.0,143,0.6596748251748252,0.6338,0.11562030529092981,0.82996,0.8961200000000001,0.9397320000000002,0.5006,0.9664,143,0.0,0.0,0.0,0.0,0.0,0.0,0.0,0.0,143,0,0,0,0,0.0,0.0,3599482.267,215968.935992,363.0,32.67,60.4,5.738,94.333,8.018344,3571135.931,28569.087452,429.0,64.35,20146.871,8461.685667,7178.198,3014.843126,1110.0,333.0,0.0,0.0,216015.36233600005,40442.966244999996,256458.328581,4274.30547635,706.4967729504133,1793.4148851818181,2137.152738175,2352.828702577982,5.738,256458.328581,3600000.0,3599999.9999999995,normal__s03__no_consistency_check,no_consistency_check,ablation,,,True,
secure,normal,3,3600.0,7ad9e6f4631091be,True,synthetic_distribution,False,disable_cooldown,363,363,265,0,49790.538,0.013830705,234,3.9,243,4.05,213,188,268,99,94,0.9494949494949495,0.0505050505050505,0.7094339622641509,94,426.7823191489224,255.1184999998659,502.62312189087976,1167.8748999997974,1646.4773000000969,2201.489050000075,134.58700000005774,2294.2240000000456,243,217.38883127571373,171.94100000010803,90.69163751692987,280.120199999772,290.3255000000703,600.2540999999592,133.58700000005774,904.0540000000037,243,218.38883127571373,172.94100000010803,90.69163751692987,281.120199999772,291.3255000000703,601.2540999999592,134.58700000005774,905.0540000000037,0,241.0,27.0,24.0,71.0,0.8992537313432836,0.909433962264151,0.9043151969981239,0.2755102040816326,0.09056603773584905,0.8992537313432836,0.0,188,26,28,0.8785046728971962,0.8703703703703703,0.8744186046511628,0.8826291079812206,0.8343416666666668,0.10877154221279037,0.16429999999999995,0.522633744855967,0.4773662551440329,,,not_computed_no_bbox_data,1,0,1.0,0,0,0,0.0,0,0,0,268,25,243,25,,,0,0.09328358208955224,0.1037344398340249,0.09328358208955224,0.0,,,0.4,0,0,25,0,0,0,0.0,243,0.6613065843621398,0.6371,0.11679156558235604,0.82996,0.8893599999999999,0.9631659999999999,0.5006,1.1082,243,10.772617283950618,0.0,61.817991892134955,0.0,0.0,337.6420999999998,0.0,598.288,243,0,0,0,0,0.0,0.0,3599369.102,215962.146145,363.0,32.67,107.2,10.184,160.698,13.659294,3550209.469,28401.675752,702.0,105.3,34289.335,14401.520558,12889.696,5413.672487,1909.5,572.85,0.0,0.0,216018.65943900004,48895.018797000004,264913.67823599995,4415.227970599999,729.7897472066114,1090.1797458271603,1243.7261889014082,1409.1153097659571,10.184,264913.678236,3600000.0,3600000.0,normal__s03__no_cooldown,no_cooldown,ablation,,,True,
secure,normal,3,3600.0,7ad9e6f4631091be,True,synthetic_distribution,False,disable_early_exit,363,363,265,0,37531.001000000004,0.010425278055555556,143,2.3833333333333333,143,2.3833333333333333,120,116,151,99,82,0.8282828282828283,0.1717171717171717,0.4377358490566038,82,452.10374390242055,266.2534999998752,505.72133479345496,1158.6538999997558,1583.6199000002352,2463.485280000251,235.69899999978952,2502.8610000000335,143,264.16310489509243,262.1629999997094,14.367167252282401,283.4238000001293,287.9560000000347,302.95689999998086,232.89300000015646,307.0879999999888,143,265.16310489509243,263.1629999997094,14.367167252282401,284.4238000001293,288.9560000000347,303.95689999998086,233.89300000015646,308.0879999999888,0,241.0,27.0,24.0,71.0,0.8992537313432836,0.909433962264151,0.9043151969981239,0.2755102040816326,0.09056603773584905,0.847682119205298,0.0,116,5,4,0.9586776859504132,0.9666666666666667,0.9626556016597511,0.9666666666666667,0.8693208333333333,0.09623530589206881,0.16857391304347827,0.0,1.0,,,not_computed_no_bbox_data,1,0,1.0,0,0,0,0.0,0,0,0,151,8,143,8,,,0,0.052980132450331126,0.0625,0.052980132450331126,0.0,,,0.4,0,0,8,0,0,0,113.0,143,0.6596748251748252,0.6338,0.11562030529092981,0.82996,0.8961200000000001,0.9397320000000002,0.5006,0.9664,143,0.0,0.0,0.0,0.0,0.0,0.0,0.0,0.0,143,0,0,0,0,0.0,0.0,3599482.267,215968.935992,363.0,32.67,60.4,5.738,94.333,8.018344,3562469.005,28499.752037,429.0,64.35,20146.871,8461.685667,15842.125,6653.692379,1113.0,333.9,0.0,0.0,216015.36233600005,44013.380083,260028.742419,4333.81237365,716.3326237438016,1818.382814118881,2166.906186825,2241.6270898189655,5.738,260028.74242,3600000.0,3600000.0009999997,normal__s03__no_early_exit,no_early_exit,ablation,,,True,
secure,normal,3,3600.0,7ad9e6f4631091be,True,synthetic_distribution,False,disable_rate_limit,363,363,265,0,28864.070999999996,0.008017797499999998,143,2.3833333333333333,143,2.3833333333333333,120,109,151,99,80,0.8080808080808081,0.19191919191919193,0.41132075471698115,80,480.2557749999936,254.53549999999814,643.8051593419433,1559.4102000003684,2299.2253000000433,2480.966300000022,134.58700000005774,2509.9830000000075,143,203.555223776215,167.25900000002002,56.3863272990107,275.650800000038,282.2242999997223,290.00870000010127,133.58700000005774,300.1119999999646,143,204.555223776215,168.25900000002002,56.3863272990107,276.650800000038,283.2242999997223,291.00870000010127,134.58700000005774,301.1119999999646,0,241.0,27.0,24.0,71.0,0.8992537313432836,0.909433962264151,0.9043151969981239,0.2755102040816326,0.09056603773584905,0.847682119205298,0.0,109,12,11,0.9008264462809917,0.9083333333333333,0.904564315352697,0.9083333333333333,0.8459333333333333,0.0850029869305476,0.1736739130434783,0.5454545454545454,0.45454545454545453,,,not_computed_no_bbox_data,1,0,1.0,0,0,0,0.0,0,0,0,151,8,143,8,,,0,0.052980132450331126,0.0625,0.052980132450331126,0.0,,,0.4,0,0,8,0,0,0,113.0,143,0.6596748251748252,0.6338,0.11562030529092981,0.82996,0.8961200000000001,0.9397320000000002,0.5006,0.9664,143,0.0,0.0,0.0,0.0,0.0,0.0,0.0,0.0,143,0,0,0,0,0.0,0.0,3599482.267,215968.935992,363.0,32.67,60.4,5.738,94.333,8.018344,3571135.931,28569.087452,429.0,64.35,20146.871,8461.685667,7178.198,3014.843126,1110.0,333.0,0.0,0.0,216015.36233600005,40442.966244999996,256458.328581,4274.30547635,706.4967729504133,1793.4148851818181,2137.152738175,2352.828702577982,5.738,256458.328581,3600000.0,3599999.9999999995,normal__s03__no_rate_limit,no_rate_limit,ablation,,,True,
secure,normal,3,3600.0,7ad9e6f4631091be,True,synthetic_distribution,False,disable_replay_protection,363,363,265,0,30547.692999999996,0.008485470277777777,151,2.5166666666666666,151,2.5166666666666666,128,116,151,99,81,0.8181818181818182,0.18181818181818177,0.4377358490566038,81,510.13616049381847,254.58499999996275,693.9912478363035,1585.0440000002272,2394.25,2588.099799999968,134.58700000005774,2900.5669999998063,151,204.00424503310703,167.38800000026822,56.32620263155239,275.1620000000112,282.0494999998482,289.8035000000964,133.58700000005774,300.1119999999646,151,205.00424503310703,168.38800000026822,56.32620263155239,276.1620000000112,283.0494999998482,290.8035000000964,134.58700000005774,301.1119999999646,0,241.0,27.0,24.0,71.0,0.8992537313432836,0.909433962264151,0.9043151969981239,0.2755102040816326,0.09056603773584905,0.847682119205298,0.0,116,13,12,0.8992248062015504,0.90625,0.9027237354085603,0.90625,0.8467375,0.08398341699828998,0.1736739130434783,0.5364238410596026,0.46357615894039733,,,not_computed_no_bbox_data,1,0,1.0,0,0,0,0.0,0,0,0,151,0,151,0,,,0,0.0,0.0,0.0,,,,0.4,0,0,0,0,0,0,113.0,151,0.6544264900662251,0.63,0.11575303578566842,0.8274,0.8894,0.9385,0.5006,0.9664,151,0.0,0.0,0.0,0.0,0.0,0.0,0.0,0.0,151,0,0,0,0,0.0,0.0,3599477.782,215968.666892,363.0,32.67,60.4,5.738,98.818,8.39957,3569452.309,28555.618472,453.0,67.95,21227.163,8915.408608,7696.028,3232.3316,1171.5,351.45,0.0,0.0,216015.47446200004,41122.75867999999,257138.233142,4285.637219033333,708.3697882699724,1702.9022062384106,2008.892446421875,2216.708906396552,5.738,257138.233142,3600000.0,3600000.0,normal__s03__no_replay_protection,no_replay_protection,ablation,,,True,
secure,normal,3,3600.0,7ad9e6f4631091be,True,synthetic_distribution,False,disable_security,363,363,265,0,30547.692999999996,0.008485470277777777,151,2.5166666666666666,151,2.5166666666666666,128,116,151,99,81,0.8181818181818182,0.18181818181818177,0.4377358490566038,81,509.7361604938212,254.18500000005588,693.9912478362825,1584.6439999998547,2393.850000000093,2587.6998000000613,134.18700000015087,2900.1669999998994,151,203.60424503311273,166.98800000036135,56.32620263155188,274.7620000001043,281.6494999999413,289.4035000001313,133.18700000015087,299.71200000005774,151,204.60424503311273,167.98800000036135,56.32620263155188,275.7620000001043,282.6494999999413,290.4035000001313,134.18700000015087,300.71200000005774,0,241.0,27.0,24.0,71.0,0.8992537313432836,0.909433962264151,0.9043151969981239,0.2755102040816326,0.09056603773584905,0.847682119205298,0.0,116,13,12,0.8992248062015504,0.90625,0.9027237354085603,0.90625,0.8467375,0.08398341699828998,0.1736739130434783,0.5364238410596026,0.46357615894039733,,,not_computed_no_bbox_data,1,0,1.0,0,0,0,0.0,0,0,0,0,0,0,0,,,0,,,,,,,0.0,0,0,0,0,0,0,113.0,151,0.6544264900662251,0.63,0.11575303578566842,0.8274,0.8894,0.9385,0.5006,0.9664,151,0.0,0.0,0.0,0.0,0.0,0.0,0.0,0.0,151,0,0,0,0,0.0,0.0,3599538.182,215972.290892,363.0,32.67,0.0,0.0,98.818,8.39957,3569452.309,28555.618472,453.0,67.95,21227.163,8915.408608,7696.028,3232.3316,1171.5,351.45,0.0,0.0,216013.360462,41122.75867999999,257136.119142,4285.6019857,708.3639645785124,1702.8882062384107,2008.875930796875,2216.6906822586207,0.0,257136.119142,3600000.0,3600000.0,normal__s03__no_security,no_security,ablation,,,True,
always_on,normal,4,3600.0,815045d7f8be93e5,True,synthetic_distribution,False,,301,301,231,0,3600000.0,1.0,1,0.016666666666666666,298,4.966666666666667,224,203,0,68,68,1.0,0.0,0.8787878787878788,68,422.38126470588514,317.2410000000382,384.2728701575054,667.5975000000094,1217.1013000001078,2061.1492099999514,150.07800000021234,2285.4899999999907,0,,,,,,,,,298,328.4176040268509,305.3834999999963,120.7885369425567,481.04669999990153,530.8889499999581,693.4456799999205,144.5219999999972,748.1439999998547,0,,,,,,,,,,,,203,21,28,0.90625,0.8787878787878788,0.8923076923076922,0.90625,0.8360255411255411,0.11208647281582584,0.16916716417910446,0.5302013422818792,0.4697986577181208,,,not_computed_no_bbox_data,0,0,0.0,17885,250,0,,0,0,0,0,0,0,0,,,0,,,,,,,0.0,0,0,0,0,0,0,,0,,,,,,,,,0,,,,,,,,,0,0,0,0,0,3600000.0,18000.0,0.0,0.0,0.0,0.0,0.0,0.0,0.0,0.0,0.0,0.0,0.0,0.0,2552788.934,1072171.352249,937111.066,393586.647751,110100.0,33030.0,0.0,0.0,18000.0,1498788.0,1516788.0,25279.8,5039.162790697675,,6771.375,7471.862068965517,0.0,1516788.0,3600000.0,3600000.0,normal__s04__always_on,always_on,ablation,,,True,
secure,normal,4,3600.0,815045d7f8be93e5,True,synthetic_distribution,False,,301,301,231,0,20515.016,0.005698615555555555,103,1.7166666666666666,103,1.7166666666666666,88,78,111,68,54,0.7941176470588235,0.20588235294117652,0.33766233766233766,54,474.3889444444902,207.7729999999865,706.4371951633614,1438.4355000000114,2293.107050000071,2834.0810500000416,134.6929999999702,2888.8910000000615,103,200.90221359225646,167.5639999999985,56.526128893641,271.1716000000946,280.4424000000348,286.00654000007546,133.42700000014156,296.66400000010617,103,201.90221359225646,168.5639999999985,56.526128893641,272.1716000000946,281.4424000000348,287.00654000007546,134.42700000014156,297.66400000010617,0,219.0,13.0,12.0,57.0,0.9439655172413793,0.948051948051948,0.9460043196544276,0.18571428571428572,0.05194805194805195,0.9009009009009009,0.0,78,10,14,0.8863636363636364,0.8478260869565217,0.8666666666666666,0.8863636363636364,0.8455554347826085,0.11428519499180279,0.17544545454545454,0.5631067961165048,0.4368932038834951,,,not_computed_no_bbox_data,0,0,0.0,0,0,0,0.0,0,0,0,111,8,103,8,,,0,0.07207207207207207,0.08,0.07207207207207207,0.0,,,0.4,0,0,7,1,0,0,119.0,103,0.6596116504854369,0.6489,0.11971777948859794,0.83158,0.8873499999999999,1.0284040000000003,0.5027,1.0924,103,0.0,0.0,0.0,0.0,0.0,0.0,0.0,0.0,103,0,0,0,0,0.0,0.0,3599586.66,215975.199607,301.0,27.09,44.4,4.218,67.94,5.77489,3579484.987,28635.879897,309.0,46.35,14399.499,6047.789748,5007.013,2102.945656,799.5,239.85,0.0,0.0,216012.28249699998,37072.815301,253085.09779799997,4218.0849633,840.814278398671,2457.1368718252425,2875.9670204318177,3244.6807409999997,4.218,253085.097798,3600000.0,3599999.999,normal__s04__full_secure,full_secure,ablation,,,True,
secure,normal,4,3600.0,815045d7f8be93e5,True,synthetic_distribution,False,disable_adaptive_trigger,301,301,231,0,20515.016,0.005698615555555555,103,1.7166666666666666,103,1.7166666666666666,88,78,111,68,54,0.7941176470588235,0.20588235294117652,0.33766233766233766,54,474.3889444444902,207.7729999999865,706.4371951633614,1438.4355000000114,2293.107050000071,2834.0810500000416,134.6929999999702,2888.8910000000615,103,200.90221359225646,167.5639999999985,56.526128893641,271.1716000000946,280.4424000000348,286.00654000007546,133.42700000014156,296.66400000010617,103,201.90221359225646,168.5639999999985,56.526128893641,272.1716000000946,281.4424000000348,287.00654000007546,134.42700000014156,297.66400000010617,0,220.0,13.0,11.0,57.0,0.944206008583691,0.9523809523809523,0.9482758620689655,0.18571428571428572,0.047619047619047616,0.9009009009009009,0.0,78,10,14,0.8863636363636364,0.8478260869565217,0.8666666666666666,0.8863636363636364,0.8455554347826085,0.11428519499180279,0.17544545454545454,0.5631067961165048,0.4368932038834951,,,not_computed_no_bbox_data,0,0,0.0,0,0,0,0.0,0,0,0,111,8,103,8,,,0,0.07207207207207207,0.08,0.07207207207207207,0.0,,,0.4,0,0,7,1,0,0,120.0,103,0.6596116504854369,0.6489,0.11971777948859794,0.83158,0.8873499999999999,1.0284040000000003,0.5027,1.0924,103,0.0,0.0,0.0,0.0,0.0,0.0,0.0,0.0,103,0,0,0,0,0.0,0.0,3599586.66,215975.199607,301.0,27.09,44.4,4.218,67.94,5.77489,3579484.987,28635.879897,309.0,46.35,14399.499,6047.789748,5007.013,2102.945656,799.5,239.85,0.0,0.0,216012.28249699998,37072.815301,253085.09779799997,4218.0849633,840.814278398671,2457.1368718252425,2875.9670204318177,3244.6807409999997,4.218,253085.097798,3600000.0,3599999.999,normal__s04__no_adaptive_trigger,no_adaptive_trigger,ablation,,,True,
secure,normal,4,3600.0,815045d7f8be93e5,True,synthetic_distribution,False,disable_burst_detection,301,301,231,0,20797.828,0.005777174444444445,104,1.7333333333333334,104,1.7333333333333334,89,79,111,68,55,0.8088235294117647,0.19117647058823528,0.341991341991342,55,551.9334363636835,235.74699999997392,905.8338321766189,1905.289200000029,2593.9812000000143,3740.095700000093,134.6929999999702,4739.336000000127,104,201.7057692307931,167.56699999991542,56.844831163663784,273.80619999985214,281.2092000000528,285.9968100000778,133.42700000014156,296.66400000010617,104,202.7057692307931,168.56699999991542,56.844831163663784,274.80619999985214,282.2092000000528,286.9968100000778,134.42700000014156,297.66400000010617,0,219.0,13.0,12.0,57.0,0.9439655172413793,0.948051948051948,0.9460043196544276,0.18571428571428572,0.05194805194805195,0.9009009009009009,0.0,79,10,14,0.8876404494382022,0.8494623655913979,0.8681318681318682,0.8876404494382022,0.8449268817204301,0.11382389729580261,0.17544545454545454,0.5576923076923077,0.4423076923076923,,,not_computed_no_bbox_data,0,0,0.0,0,0,0,0.0,0,0,0,111,7,104,7,,,0,0.06306306306306306,0.07,0.06306306306306306,0.0,,,0.4,0,0,7,0,0,0,119.0,104,0.6601913461538462,0.6493500000000001,0.11928179502092093,0.82997,0.886875,1.027356,0.5027,1.0924,104,0.0,0.0,0.0,0.0,0.0,0.0,0.0,0.0,104,0,0,0,0,0.0,0.0,3599585.94,215975.156416,301.0,27.09,44.4,4.218,68.66,5.836078,3579202.175,28633.6174,312.0,46.8,14544.154,6108.544571,5133.171,2155.931938,808.5,242.55,0.0,0.0,216012.300494,37187.443909,253199.744403,4219.99574005,841.1951641295681,2434.612926951923,2844.9409483483146,3205.0600557341772,4.218,253199.744402,3600000.0,3600000.0,normal__s04__no_burst_detection,no_burst_detection,ablation,,,True,
secure,normal,4,3600.0,815045d7f8be93e5,True,synthetic_distribution,False,disable_consistency_check,301,301,231,0,20515.016,0.005698615555555555,103,1.7166666666666666,103,1.7166666666666666,88,78,111,68,54,0.7941176470588235,0.20588235294117652,0.33766233766233766,54,474.3889444444902,207.7729999999865,706.4371951633614,1438.4355000000114,2293.107050000071,2834.0810500000416,134.6929999999702,2888.8910000000615,103,200.90221359225646,167.5639999999985,56.526128893641,271.1716000000946,280.4424000000348,286.00654000007546,133.42700000014156,296.66400000010617,103,201.90221359225646,168.5639999999985,56.526128893641,272.1716000000946,281.4424000000348,287.00654000007546,134.42700000014156,297.66400000010617,0,219.0,13.0,12.0,57.0,0.9439655172413793,0.948051948051948,0.9460043196544276,0.18571428571428572,0.05194805194805195,0.9009009009009009,0.0,78,10,14,0.8863636363636364,0.8478260869565217,0.8666666666666666,0.8863636363636364,0.8455554347826085,0.11428519499180279,0.17544545454545454,0.5631067961165048,0.4368932038834951,,,not_computed_no_bbox_data,0,0,0.0,0,0,0,0.0,0,0,0,111,8,103,8,,,0,0.07207207207207207,0.08,0.07207207207207207,0.0,,,0.4,0,0,7,1,0,0,119.0,103,0.6596116504854369,0.6489,0.11971777948859794,0.83158,0.8873499999999999,1.0284040000000003,0.5027,1.0924,103,0.0,0.0,0.0,0.0,0.0,0.0,0.0,0.0,103,0,0,0,0,0.0,0.0,3599586.66,215975.199607,301.0,27.09,44.4,4.218,67.94,5.77489,3579484.987,28635.879897,309.0,46.35,14399.499,6047.789748,5007.013,2102.945656,799.5,239.85,0.0,0.0,216012.28249699998,37072.815301,253085.09779799997,4218.0849633,840.814278398671,2457.1368718252425,2875.9670204318177,3244.6807409999997,4.218,253085.097798,3600000.0,3599999.999,normal__s04__no_consistency_check,no_consistency_check,ablation,,,True,
secure,normal,4,3600.0,815045d7f8be93e5,True,synthetic_distribution,False,disable_cooldown,301,301,231,0,38413.679000000004,0.01067046638888889,184,3.066666666666667,197,3.283333333333333,179,165,232,68,65,0.9558823529411765,0.044117647058823484,0.7142857142857143,65,339.29072307696333,179.79899999999907,445.5433189205069,575.2172000000313,1021.1719999999739,2296.473280000072,125.06500000017695,2511.912000000011,197,203.7999238578746,164.4539999999106,71.17507350719353,276.1434000000358,284.0641999999061,477.3174399999898,124.06500000017695,607.3220000000147,197,204.7999238578746,165.4539999999106,71.17507350719353,277.1434000000358,285.0641999999061,478.3174399999898,125.06500000017695,608.3220000000147,0,219.0,13.0,12.0,57.0,0.9439655172413793,0.948051948051948,0.9460043196544276,0.18571428571428572,0.05194805194805195,0.9439655172413793,0.0,165,14,19,0.9217877094972067,0.8967391304347826,0.9090909090909092,0.9217877094972067,0.8450532608695652,0.10354656137130912,0.16133846153846157,0.5989847715736041,0.4010152284263959,,,not_computed_no_bbox_data,0,0,0.0,0,0,0,0.0,0,0,0,232,35,197,35,,,0,0.15086206896551724,0.1598173515981735,0.15086206896551724,0.0,,,0.4,3,0,23,9,0,0,0.0,197,0.6610111675126904,0.6445,0.12175427737177794,0.8386800000000001,0.8806799999999999,1.0329759999999995,0.5027,1.1162,197,7.0800913705583755,0.0,36.785731523598976,0.0,10.793199999999903,221.5053199999999,0.0,330.705,197,0,0,0,0,0.0,0.0,3599475.981,215968.558857,301.0,27.09,92.8,8.816,130.219,11.06862,3561586.329,28492.69063,552.0,82.8,27546.394,11569.485272,8762.778,3680.366654,1552.5,465.75,0.0,0.0,216015.533477,44291.092555999996,260306.626033,4338.443767216667,864.8060665548173,1321.353431639594,1454.2269610782123,1577.6159153515152,8.816,260306.626033,3600000.0,3600000.0009999997,normal__s04__no_cooldown,no_cooldown,ablation,,,True,
secure,normal,4,3600.0,815045d7f8be93e5,True,synthetic_distribution,False,disable_early_exit,301,301,231,0,27040.126999999993,0.007511146388888887,103,1.7166666666666666,103,1.7166666666666666,88,81,111,68,57,0.8382352941176471,0.16176470588235292,0.35064935064935066,57,576.1671052632,265.3780000000261,761.4605206357397,1808.4528000000275,2672.1182000000485,2912.2585999999287,233.47999999998137,2921.898999999976,103,264.2529126213803,261.39000000001397,16.22795443967276,282.94620000030847,295.7860000000335,305.4495400000493,232.47999999998137,328.83399999979883,103,265.2529126213803,262.39000000001397,16.22795443967276,283.94620000030847,296.7860000000335,306.4495400000493,233.47999999998137,329.83399999979883,0,219.0,13.0,12.0,57.0,0.9439655172413793,0.948051948051948,0.9460043196544276,0.18571428571428572,0.05194805194805195,0.9009009009009009,0.0,81,7,11,0.9204545454545454,0.8804347826086957,0.8999999999999999,0.9204545454545454,0.8668847826086955,0.12337828894691603,0.16061818181818183,0.0,1.0,,,not_computed_no_bbox_data,0,0,0.0,0,0,0,0.0,0,0,0,111,8,103,8,,,0,0.07207207207207207,0.08,0.07207207207207207,0.0,,,0.4,0,0,7,1,0,0,119.0,103,0.6596116504854369,0.6489,0.11971777948859794,0.83158,0.8873499999999999,1.0284040000000003,0.5027,1.0924,103,0.0,0.0,0.0,0.0,0.0,0.0,0.0,0.0,103,0,0,0,0,0.0,0.0,3599586.66,215975.199607,301.0,27.09,44.4,4.218,67.94,5.77489,3572959.87,28583.678964,309.0,46.35,14399.499,6047.789748,11539.63,4846.64466,792.0,237.6,0.0,0.0,216012.28249699998,39762.063372,255774.34586899998,4262.905764483333,849.748657372093,2483.246076398058,2906.5266576022727,3157.707973691358,4.218,255774.345869,3600000.0,3599999.999,normal__s04__no_early_exit,no_early_exit,ablation,,,True,
secure,normal,4,3600.0,815045d7f8be93e5,True,synthetic_distribution,False,disable_rate_limit,301,301,231,0,20515.016,0.005698615555555555,103,1.7166666666666666,103,1.7166666666666666,88,78,111,68,54,0.7941176470588235,0.20588235294117652,0.33766233766233766,54,474.3889444444902,207.7729999999865,706.4371951633614,1438.4355000000114,2293.107050000071,2834.0810500000416,134.6929999999702,2888.8910000000615,103,200.90221359225646,167.5639999999985,56.526128893641,271.1716000000946,280.4424000000348,286.00654000007546,133.42700000014156,296.66400000010617,103,201.90221359225646,168.5639999999985,56.526128893641,272.1716000000946,281.4424000000348,287.00654000007546,134.42700000014156,297.66400000010617,0,219.0,13.0,12.0,57.0,0.9439655172413793,0.948051948051948,0.9460043196544276,0.18571428571428572,0.05194805194805195,0.9009009009009009,0.0,78,10,14,0.8863636363636364,0.8478260869565217,0.8666666666666666,0.8863636363636364,0.8455554347826085,0.11428519499180279,0.17544545454545454,0.5631067961165048,0.4368932038834951,,,not_computed_no_bbox_data,0,0,0.0,0,0,0,0.0,0,0,0,111,8,103,8,,,0,0.07207207207207207,0.08,0.07207207207207207,0.0,,,0.4,0,0,7,1,0,0,119.0,103,0.6596116504854369,0.6489,0.11971777948859794,0.83158,0.8873499999999999,1.0284040000000003,0.5027,1.0924,103,0.0,0.0,0.0,0.0,0.0,0.0,0.0,0.0,103,0,0,0,0,0.0,0.0,3599586.66,215975.199607,301.0,27.09,44.4,4.218,67.94,5.77489,3579484.987,28635.879897,309.0,46.35,14399.499,6047.789748,5007.013,2102.945656,799.5,239.85,0.0,0.0,216012.28249699998,37072.815301,253085.09779799997,4218.0849633,840.814278398671,2457.1368718252425,2875.9670204318177,3244.6807409999997,4.218,253085.097798,3600000.0,3599999.999,normal__s04__no_rate_limit,no_rate_limit,ablation,,,True,
secure,normal,4,3600.0,815045d7f8be93e5,True,synthetic_distribution,False,disable_replay_protection,301,301,231,0,21707.968,0.006029991111111111,109,1.8166666666666667,109,1.8166666666666667,94,82,111,68,56,0.8235294117647058,0.17647058823529416,0.354978354978355,56,519.5218392857621,238.13850000011735,736.5926353679145,1856.8710000000283,2259.4447500000824,2832.0127500000413,134.6929999999702,2888.8910000000615,109,200.8814587156178,167.5639999999985,56.2312966316925,270.44140000026675,279.8556000000331,285.94816000008956,133.42700000014156,296.66400000010617,109,201.8814587156178,168.5639999999985,56.2312966316925,271.44140000026675,280.8556000000331,286.94816000008956,134.42700000014156,297.66400000010617,0,219.0,13.0,12.0,57.0,0.9439655172413793,0.948051948051948,0.9460043196544276,0.18571428571428572,0.05194805194805195,0.9009009009009009,0.0,82,12,16,0.8723404255319149,0.8367346938775511,0.8541666666666667,0.8723404255319149,0.8416234693877551,0.11510026718198804,0.17544545454545454,0.5596330275229358,0.44036697247706424,,,not_computed_no_bbox_data,0,0,0.0,0,0,0,0.0,0,0,0,111,2,109,2,,,0,0.018018018018018018,0.02,0.018018018018018018,0.0,,,0.4,0,0,0,2,0,0,119.0,109,0.6564064220183486,0.6445,0.11811007756046378,0.82192,0.8845,1.0221160000000002,0.5027,1.0924,109,0.0,0.0,0.0,0.0,0.0,0.0,0.0,0.0,109,0,0,0,0,0.0,0.0,3599583.052,215974.983118,301.0,27.09,44.4,4.218,71.548,6.081583,3578292.035,28626.336283,327.0,49.05,15210.691,6388.490206,5322.774,2235.564928,847.5,254.25,0.0,0.0,216012.372701,37553.691417,253566.064118,4226.101068633334,842.4121731495017,2326.294166220184,2697.5113204042555,3092.269074609756,4.218,253566.064118,3600000.0,3600000.0000000005,normal__s04__no_replay_protection,no_replay_protection,ablation,,,True,
secure,normal,4,3600.0,815045d7f8be93e5,True,synthetic_distribution,False,disable_security,301,301,231,0,22137.076,0.006149187777777778,111,1.85,111,1.85,96,84,111,68,57,0.8382352941176471,0.16176470588235292,0.36363636363636365,57,593.1536666666715,240.12999999988824,919.3913949081419,2112.0899999999965,2566.2247999999195,3702.6868000000486,134.29300000006333,4738.93600000022,111,200.7586846846725,167.1640000000043,56.50906437410481,271.01500000001397,280.57400000008056,285.52869999997785,133.02699999976903,296.2639999999665,111,201.7586846846725,168.1640000000043,56.50906437410481,272.01500000001397,281.57400000008056,286.52869999997785,134.02699999976903,297.2639999999665,0,219.0,13.0,12.0,57.0,0.9439655172413793,0.948051948051948,0.9460043196544276,0.18571428571428572,0.05194805194805195,0.9009009009009009,0.0,84,12,16,0.875,0.84,0.8571428571428572,0.875,0.840916,0.11407284994664373,0.17544545454545454,0.5585585585585585,0.44144144144144143,,,not_computed_no_bbox_data,0,0,0.0,0,0,0,0.0,0,0,0,0,0,0,0,,,0,,,,,,,0.0,0,0,0,0,0,0,119.0,111,0.6558315315315315,0.6445,0.11781343647863692,0.8187,0.8835500000000001,1.0200200000000006,0.5027,1.0924,111,0.0,0.0,0.0,0.0,0.0,0.0,0.0,0.0,111,0,0,0,0,0.0,0.0,3599626.203,215977.572178,301.0,27.09,0.0,0.0,72.797,6.187748,3577862.927,28622.90342,333.0,49.95,15489.641,6505.649242,5448.931,2288.55121,865.5,259.65,0.0,0.0,216010.849926,37726.703872,253737.553798,4228.9592299666665,842.9819063056478,2285.92390809009,2643.099518729167,3020.685164261905,0.0,253737.553797,3600000.0,3599999.999,normal__s04__no_security,no_security,ablation,,,True,
always_on,normal,5,3600.0,cabbfa5428d22c29,True,synthetic_distribution,False,,392,392,298,0,3600000.0,1.0,1,0.016666666666666666,389,6.483333333333333,292,276,0,98,95,0.9693877551020408,0.030612244897959218,0.9261744966442953,95,396.8183894736951,306.3259999998845,333.585160514974,484.0498000000138,1150.3109999999865,1810.1761799999238,129.35900000017136,1999.1189999999478,0,,,,,,,,,389,318.4455655526987,309.2600000000093,96.6106259182143,451.0878000000492,485.19440000005994,556.8538399999964,129.35900000017136,666.3099999995902,0,,,,,,,,,,,,276,18,21,0.9387755102040817,0.9292929292929293,0.934010152284264,0.9452054794520548,0.8424875420875422,0.10061186734691316,0.15592934782608697,0.5449871465295629,0.455012853470437,,,not_computed_no_bbox_data,2,0,2.0,17731,213,0,,0,0,0,0,0,0,0,,,0,,,,,,,0.0,0,0,0,0,0,0,,0,,,,,,,,,0,,,,,,,,,0,0,0,0,0,3600000.0,18000.0,0.0,0.0,0.0,0.0,0.0,0.0,0.0,0.0,0.0,0.0,0.0,0.0,2543735.566,1068368.937908,946480.934,397521.992092,109783.5,32935.05,0.0,0.0,18000.0,1498825.9800000002,1516825.9800000002,25280.433000000005,3869.4540306122453,,5194.609520547946,5495.7463043478265,0.0,1516825.98,3600000.0,3600000.0,normal__s05__always_on,always_on,ablation,,,True,
secure,normal,5,3600.0,cabbfa5428d22c29,True,synthetic_distribution,False,,392,392,298,0,26707.0,0.007418611111111111,137,2.283333333333333,137,2.283333333333333,125,115,149,98,77,0.7857142857142857,0.2142857142857143,0.3859060402684564,77,573.4112077922291,236.35200000018813,912.5880943392427,1756.06180000012,2496.370600000024,3847.0557600000507,120.51300000003539,5121.594000000041,137,196.6772627737311,165.35399999981746,53.47637375394148,266.16060000001454,270.88539999998176,289.7596400000713,119.51300000003539,303.2229999997653,137,197.6772627737311,166.35399999981746,53.47637375394148,267.16060000001454,271.88539999998176,290.7596400000713,120.51300000003539,304.2229999997653,0,275.0,15.0,23.0,79.0,0.9482758620689655,0.9228187919463087,0.935374149659864,0.1595744680851064,0.07718120805369127,0.9328859060402684,0.0,115,11,12,0.9126984126984127,0.905511811023622,0.909090909090909,0.92,0.8423637795275591,0.10179716579246978,0.19140999999999997,0.5912408759124088,0.40875912408759124,,,not_computed_no_bbox_data,1,0,1.0,0,0,0,0.0,0,0,0,149,12,137,12,,,0,0.08053691275167785,0.08633093525179857,0.08053691275167785,0.0,,,0.4,0,0,10,2,0,0,136.0,137,0.6688919708029196,0.6399,0.12902903803270874,0.84614,0.9047199999999999,1.0013919999999992,0.5007,1.0391,137,0.0,0.0,0.0,0.0,0.0,0.0,0.0,0.0,137,0,0,0,0,0.0,0.0,3599456.762,215967.405747,392.0,35.28,59.6,5.662,91.638,7.789192,3573293.002,28586.34402,411.0,61.65,19134.322,8036.415097,6065.176,2547.373864,1096.5,328.95,0.0,0.0,216016.13693900002,39560.732981,255576.86992000003,4259.614498666667,651.9818110204083,1865.5245979562046,2044.6149593600003,2222.4075645217395,5.662,255576.86992,3600000.0,3600000.0,normal__s05__full_secure,full_secure,ablation,,,True,
secure,normal,5,3600.0,cabbfa5428d22c29,True,synthetic_distribution,False,disable_adaptive_trigger,392,392,298,0,26868.414,0.007463448333333333,138,2.3,138,2.3,126,116,150,98,77,0.7857142857142857,0.2142857142857143,0.38926174496644295,77,532.3224285714483,236.35200000018813,850.7442813706796,1545.4766000000534,2371.4922000000256,3569.3532800001917,120.51300000003539,5121.594000000041,138,196.4353115942092,164.75249999994412,53.599826870535544,266.7078000000212,271.4444500001031,289.68038000007624,119.51300000003539,303.2229999997653,138,197.4353115942092,165.75249999994412,53.599826870535544,267.7078000000212,272.4444500001031,290.68038000007624,120.51300000003539,304.2229999997653,0,276.0,15.0,22.0,79.0,0.9484536082474226,0.9261744966442953,0.9371816638370118,0.1595744680851064,0.0738255033557047,0.9333333333333333,0.0,116,11,12,0.9133858267716536,0.90625,0.9098039215686274,0.9206349206349206,0.843984375,0.10244882143675216,0.19140999999999997,0.5942028985507246,0.4057971014492754,,,not_computed_no_bbox_data,1,0,1.0,0,0,0,0.0,0,0,0,150,12,138,12,,,0,0.08,0.08571428571428572,0.08,0.0,,,0.4,0,0,10,2,0,0,136.0,138,0.6703630434782608,0.6426000000000001,0.12919532831268674,0.8460799999999999,0.904415,1.0008639999999998,0.5007,1.0391,138,0.0,0.0,0.0,0.0,0.0,0.0,0.0,0.0,138,0,0,0,0,0.0,0.0,3599455.491,215967.329432,392.0,35.28,60.0,5.7,92.509,7.863304,3573131.588,28585.052703,414.0,62.1,19270.105,8093.4443,6080.307,2553.728799,1104.0,331.2,0.0,0.0,216016.172736,39625.525802,255641.69853800003,4260.694975633333,652.1471901479592,1852.476076362319,2028.9023693492065,2203.8077460172417,5.7,255641.698538,3600000.0,3600000.0,normal__s05__no_adaptive_trigger,no_adaptive_trigger,ablation,,,True,
secure,normal,5,3600.0,cabbfa5428d22c29,True,synthetic_distribution,False,disable_burst_detection,392,392,298,0,27114.833,0.007531898055555555,139,2.316666666666667,139,2.316666666666667,127,117,149,98,78,0.7959183673469388,0.20408163265306123,0.3926174496644295,78,568.0610384615566,204.84149999998044,907.8732954943896,1720.340600000123,2493.8092000000174,3830.2855200000663,120.51300000003539,5121.594000000041,139,196.8047266187112,165.35399999981746,53.44406168010116,266.00580000001935,270.83319999997036,289.60112000008115,119.51300000003539,303.2229999997653,139,197.8047266187112,166.35399999981746,53.44406168010116,267.00580000001935,271.83319999997036,290.60112000008115,120.51300000003539,304.2229999997653,0,275.0,15.0,23.0,79.0,0.9482758620689655,0.9228187919463087,0.935374149659864,0.1595744680851064,0.07718120805369127,0.9328859060402684,0.0,117,11,12,0.9140625,0.9069767441860465,0.9105058365758755,0.9212598425196851,0.8433511627906978,0.10130791099745669,0.19140999999999997,0.5899280575539568,0.41007194244604317,,,not_computed_no_bbox_data,1,0,1.0,0,0,0,0.0,0,0,0,149,10,139,10,,,0,0.06711409395973154,0.07194244604316546,0.06711409395973154,0.0,,,0.4,0,0,10,0,0,0,136.0,139,0.6675258992805756,0.6399,0.12884913003149784,0.84602,0.90411,1.0003360000000003,0.5007,1.0391,139,0.0,0.0,0.0,0.0,0.0,0.0,0.0,0.0,139,0,0,0,0,0.0,0.0,3599455.615,215967.336876,392.0,35.28,59.6,5.662,92.785,7.886759,3572885.17,28583.081357,417.0,62.55,19406.306,8150.648494,6177.024,2594.35025,1114.5,334.35,0.0,0.0,216016.16563499998,39724.980101,255741.14573599998,4262.352428933333,652.4008819795918,1839.8643578129495,2013.7098089448816,2185.8217584273502,5.662,255741.145737,3600000.0000000005,3600000.0,normal__s05__no_burst_detection,no_burst_detection,ablation,,,True,
secure,normal,5,3600.0,cabbfa5428d22c29,True,synthetic_distribution,False,disable_consistency_check,392,392,298,0,26707.0,0.007418611111111111,137,2.283333333333333,137,2.283333333333333,125,115,149,98,77,0.7857142857142857,0.2142857142857143,0.3859060402684564,77,573.4112077922291,236.35200000018813,912.5880943392427,1756.06180000012,2496.370600000024,3847.0557600000507,120.51300000003539,5121.594000000041,137,196.6772627737311,165.35399999981746,53.47637375394148,266.16060000001454,270.88539999998176,289.7596400000713,119.51300000003539,303.2229999997653,137,197.6772627737311,166.35399999981746,53.47637375394148,267.16060000001454,271.88539999998176,290.7596400000713,120.51300000003539,304.2229999997653,0,275.0,15.0,23.0,79.0,0.9482758620689655,0.9228187919463087,0.935374149659864,0.1595744680851064,0.07718120805369127,0.9328859060402684,0.0,115,11,12,0.9126984126984127,0.905511811023622,0.909090909090909,0.92,0.8423637795275591,0.10179716579246978,0.19140999999999997,0.5912408759124088,0.40875912408759124,,,not_computed_no_bbox_data,1,0,1.0,0,0,0,0.0,0,0,0,149,12,137,12,,,0,0.08053691275167785,0.08633093525179857,0.08053691275167785,0.0,,,0.4,0,0,10,2,0,0,136.0,137,0.6688919708029196,0.6399,0.12902903803270874,0.84614,0.9047199999999999,1.0013919999999992,0.5007,1.0391,137,0.0,0.0,0.0,0.0,0.0,0.0,0.0,0.0,137,0,0,0,0,0.0,0.0,3599456.762,215967.405747,392.0,35.28,59.6,5.662,91.638,7.789192,3573293.002,28586.34402,411.0,61.65,19134.322,8036.415097,6065.176,2547.373864,1096.5,328.95,0.0,0.0,216016.13693900002,39560.732981,255576.86992000003,4259.614498666667,651.9818110204083,1865.5245979562046,2044.6149593600003,2222.4075645217395,5.662,255576.86992,3600000.0,3600000.0,normal__s05__no_consistency_check,no_consistency_check,ablation,,,True,
secure,normal,5,3600.0,cabbfa5428d22c29,True,synthetic_distribution,False,disable_cooldown,392,392,298,0,49857.386,0.013849273888888888,239,3.9833333333333334,256,4.266666666666667,239,222,290,98,89,0.9081632653061225,0.09183673469387754,0.7449664429530202,89,451.52985393259695,212.72599999979138,657.2807337855139,1353.5600000000559,2116.063599999944,3085.021040000208,120.51300000003539,3127.9139999998733,256,205.45286718749114,169.60399999993388,66.9396511666409,275.969000000041,290.3179999998538,438.65069999990516,119.51300000003539,470.74299999978393,256,206.457105468741,170.60399999993388,66.95554876928773,276.969000000041,291.3179999998538,439.65069999990516,120.51300000003539,471.74299999978393,0,275.0,15.0,23.0,79.0,0.9482758620689655,0.9228187919463087,0.935374149659864,0.1595744680851064,0.07718120805369127,0.9482758620689655,0.0,222,18,20,0.925,0.9173553719008265,0.9211618257261411,0.9288702928870293,0.8435537190082644,0.10076189965357062,0.17277142857142858,0.59765625,0.40234375,,,not_computed_no_bbox_data,1,0,1.0,0,0,0,0.0,0,0,0,290,34,256,33,,,0,0.11724137931034483,0.12,0.11724137931034483,0.0,,,0.4,1,0,27,6,0,0,0.0,256,0.6739269531250001,0.64425,0.1276641719516165,0.8489500000000001,0.9165,1.0126449999999998,0.5003,1.0391,256,8.965421875,0.0,40.56101830258816,0.0,59.75375,199.1122499999997,0.0,324.182,256,0,0,0,0,0.0,0.0,3599319.475,215959.168515,392.0,35.28,116.0,11.02,172.525,14.664604,3550142.617,28401.140933,717.0,107.55,35771.072,15023.850043,11327.812,4757.680965,2041.5,612.45,0.0,0.0,216020.13311899998,48902.67194099999,264922.80506,4415.380084333333,675.8234822959183,1034.854707265625,1108.463619497908,1193.3459687387387,11.02,264922.80506,3600000.0,3600000.001,normal__s05__no_cooldown,no_cooldown,ablation,,,True,
secure,normal,5,3600.0,cabbfa5428d22c29,True,synthetic_distribution,False,disable_early_exit,392,392,298,0,35533.212,0.009870336666666667,137,2.283333333333333,137,2.283333333333333,125,118,149,98,77,0.7857142857142857,0.2142857142857143,0.3959731543624161,77,637.3616623376869,265.2400000002235,901.4968997642671,1796.2034000000942,2548.383600000106,3847.0557600000507,223.62000000011176,5121.594000000041,137,261.1022043795721,261.3070000000298,14.891312659975894,277.7205999999307,288.0078000000445,302.092959999945,222.62000000011176,305.2600000000093,137,262.1022043795721,262.3070000000298,14.891312659975894,278.7205999999307,289.0078000000445,303.092959999945,223.62000000011176,306.2600000000093,0,275.0,15.0,23.0,79.0,0.9482758620689655,0.9228187919463087,0.935374149659864,0.1595744680851064,0.07718120805369127,0.9328859060402684,0.0,118,8,9,0.9365079365079365,0.9291338582677166,0.932806324110672,0.944,0.8623606299212598,0.11348471623371874,0.17976999999999999,0.0,1.0,,,not_computed_no_bbox_data,1,0,1.0,0,0,0,0.0,0,0,0,149,12,137,12,,,0,0.08053691275167785,0.08633093525179857,0.08053691275167785,0.0,,,0.4,0,0,10,2,0,0,136.0,137,0.6688919708029196,0.6399,0.12902903803270874,0.84614,0.9047199999999999,1.0013919999999992,0.5007,1.0391,137,0.0,0.0,0.0,0.0,0.0,0.0,0.0,0.0,137,0,0,0,0,0.0,0.0,3599456.762,215967.405747,392.0,35.28,59.6,5.662,91.638,7.789192,3564466.789,28515.734315,411.0,61.65,19134.322,8036.415097,14901.889,6258.793363,1086.0,325.8,0.0,0.0,216016.13693900002,43198.392775,259214.52971400003,4320.242161900001,661.2615553928572,1892.0768592262775,2073.7162377120003,2196.733302661017,5.662,259214.529714,3600000.0,3600000.0,normal__s05__no_early_exit,no_early_exit,ablation,,,True,
secure,normal,5,3600.0,cabbfa5428d22c29,True,synthetic_distribution,False,disable_rate_limit,392,392,298,0,26707.0,0.007418611111111111,137,2.283333333333333,137,2.283333333333333,125,115,149,98,77,0.7857142857142857,0.2142857142857143,0.3859060402684564,77,573.4112077922291,236.35200000018813,912.5880943392427,1756.06180000012,2496.370600000024,3847.0557600000507,120.51300000003539,5121.594000000041,137,196.6772627737311,165.35399999981746,53.47637375394148,266.16060000001454,270.88539999998176,289.7596400000713,119.51300000003539,303.2229999997653,137,197.6772627737311,166.35399999981746,53.47637375394148,267.16060000001454,271.88539999998176,290.7596400000713,120.51300000003539,304.2229999997653,0,275.0,15.0,23.0,79.0,0.9482758620689655,0.9228187919463087,0.935374149659864,0.1595744680851064,0.07718120805369127,0.9328859060402684,0.0,115,11,12,0.9126984126984127,0.905511811023622,0.909090909090909,0.92,0.8423637795275591,0.10179716579246978,0.19140999999999997,0.5912408759124088,0.40875912408759124,,,not_computed_no_bbox_data,1,0,1.0,0,0,0,0.0,0,0,0,149,12,137,12,,,0,0.08053691275167785,0.08633093525179857,0.08053691275167785,0.0,,,0.4,0,0,10,2,0,0,136.0,137,0.6688919708029196,0.6399,0.12902903803270874,0.84614,0.9047199999999999,1.0013919999999992,0.5007,1.0391,137,0.0,0.0,0.0,0.0,0.0,0.0,0.0,0.0,137,0,0,0,0,0.0,0.0,3599456.762,215967.405747,392.0,35.28,59.6,5.662,91.638,7.789192,3573293.002,28586.34402,411.0,61.65,19134.322,8036.415097,6065.176,2547.373864,1096.5,328.95,0.0,0.0,216016.13693900002,39560.732981,255576.86992000003,4259.614498666667,651.9818110204083,1865.5245979562046,2044.6149593600003,2222.4075645217395,5.662,255576.86992,3600000.0,3600000.0,normal__s05__no_rate_limit,no_rate_limit,ablation,,,True,
secure,normal,5,3600.0,cabbfa5428d22c29,True,synthetic_distribution,False,disable_replay_protection,392,392,298,0,28691.79,0.007969941666666668,147,2.45,147,2.45,135,125,149,98,78,0.7959183673469388,0.20408163265306123,0.41946308724832215,78,545.3589487179663,237.8860000000568,830.8059865487901,1536.7615000001151,2354.025650000001,3131.7284300001115,120.51300000003539,5121.594000000041,147,196.91396598641097,164.3000000002794,54.10305348957039,266.73540000002833,271.96310000021475,298.3423999998252,119.51300000003539,304.02700000000186,147,197.91396598641097,165.3000000002794,54.10305348957039,267.73540000002833,272.96310000021475,299.3423999998252,120.51300000003539,305.02700000000186,0,275.0,15.0,23.0,79.0,0.9482758620689655,0.9228187919463087,0.935374149659864,0.1595744680851064,0.07718120805369127,0.9328859060402684,0.0,125,11,12,0.9191176470588235,0.9124087591240876,0.9157509157509157,0.9259259259259259,0.8442043795620437,0.09935403413211495,0.19140999999999997,0.5918367346938775,0.40816326530612246,,,not_computed_no_bbox_data,1,0,1.0,0,0,0,0.0,0,0,0,149,2,147,2,,,0,0.013422818791946308,0.014388489208633094,0.013422818791946308,0.0,,,0.4,0,0,0,2,0,0,136.0,147,0.664487074829932,0.6385,0.12707470689781503,0.84206,0.90326,0.9961119999999996,0.5007,1.0391,147,0.0,0.0,0.0,0.0,0.0,0.0,0.0,0.0,147,0,0,0,0,0.0,0.0,3599450.721,215967.043266,392.0,35.28,59.6,5.662,97.679,8.302707,3571308.212,28570.4657,441.0,66.15,20526.804,8621.257645,6546.484,2749.523124,1177.5,353.25,0.0,0.0,216016.287973,40360.646469,256376.934442,4272.948907366666,654.0227919438776,1744.0607785170068,1899.0884032740742,2051.015475536,5.662,256376.934441,3600000.0,3600000.0,normal__s05__no_replay_protection,no_replay_protection,ablation,,,True,
secure,normal,5,3600.0,cabbfa5428d22c29,True,synthetic_distribution,False,disable_security,392,392,298,0,29099.623,0.008083228611111111,149,2.4833333333333334,149,2.4833333333333334,137,127,149,98,78,0.7959183673469388,0.20408163265306123,0.4261744966442953,78,515.9673205127986,204.44149999995716,803.6412990646115,1501.0436999999686,2157.5045999998792,3131.3284300002047,120.11299999989569,5121.194000000134,149,196.6296979865593,163.90000000037253,54.06434885201535,266.2802000001073,271.4687999999616,297.7301999999211,119.11299999989569,303.6269999999786,149,197.6296979865593,164.90000000037253,54.06434885201535,267.2802000001073,272.4687999999616,298.7301999999211,120.11299999989569,304.6269999999786,0,275.0,15.0,23.0,79.0,0.9482758620689655,0.9228187919463087,0.935374149659864,0.1595744680851064,0.07718120805369127,0.9328859060402684,0.0,127,11,12,0.9202898550724637,0.9136690647482014,0.9169675090252708,0.927007299270073,0.8450942446043165,0.09890875664241479,0.19140999999999997,0.5906040268456376,0.40939597315436244,,,not_computed_no_bbox_data,1,0,1.0,0,0,0,0.0,0,0,0,0,0,0,0,,,0,,,,,,,0.0,0,0,0,0,0,0,136.0,149,0.6632718120805369,0.6385,0.12688857427346892,0.8407800000000001,0.90318,0.9950560000000005,0.5007,1.0391,149,0.0,0.0,0.0,0.0,0.0,0.0,0.0,0.0,149,0,0,0,0,0.0,0.0,3599509.173,215970.550396,392.0,35.28,0.0,0.0,98.827,8.400273,3570900.38,28567.203037,447.0,67.05,20798.788,8735.491042,6658.332,2796.499511,1195.5,358.65,0.0,0.0,216014.230669,40524.89359,256539.124259,4275.652070983333,654.4365414770408,1721.7390889865771,1872.5483522554746,2019.9931044015748,0.0,256539.124258,3600000.0,3600000.0,normal__s05__no_security,no_security,ablation,,,True,
always_on,normal,6,3600.0,47f426e17d969614,True,synthetic_distribution,False,,365,365,286,0,3600000.0,1.0,1,0.016666666666666666,362,6.033333333333333,282,256,0,98,94,0.9591836734693877,0.04081632653061229,0.8951048951048951,94,444.2550319148701,342.86349999997765,395.52068259375824,860.3872999999734,1370.9057000000255,1861.005479999943,149.26500000013039,2579.3040000000037,0,,,,,,,,,362,314.4768839778963,310.5485000000335,98.242775517047,446.53949999999617,486.56350000000094,543.4956399999754,130.1490000000922,644.4249999998137,0,,,,,,,,,,,,256,30,30,0.8951048951048951,0.8951048951048951,0.8951048951048951,0.9078014184397163,0.8422772727272728,0.10422696728644112,0.18018684210526317,0.56353591160221,0.43646408839779005,,,not_computed_no_bbox_data,4,0,4.0,17763,205,0,,0,0,0,0,0,0,0,,,0,,,,,,,0.0,0,0,0,0,0,0,,0,,,,,,,,,0,,,,,,,,,0,0,0,0,0,3600000.0,18000.0,0.0,0.0,0.0,0.0,0.0,0.0,0.0,0.0,0.0,0.0,0.0,0.0,2546035.996,1069335.118397,944149.004,396542.581603,109815.0,32944.5,0.0,0.0,18000.0,1498822.2,1516822.2,25280.37,4155.677260273972,,5378.802127659575,5925.08671875,0.0,1516822.2,3600000.0,3600000.0,normal__s06__always_on,always_on,ablation,,,True,
secure,normal,6,3600.0,47f426e17d969614,True,synthetic_distribution,False,,365,365,286,0,27926.477,0.007757354722222222,143,2.3833333333333333,143,2.3833333333333333,128,116,152,98,81,0.826530612244898,0.173469387755102,0.40559440559440557,81,405.1598765431775,165.53300000005402,671.3866628928388,985.775999999838,1743.9599999999627,2939.929000000102,131.25499999988824,4423.016999999993,143,197.01966433564718,163.62100000004284,57.06991674622358,273.59699999997395,280.49709999997975,288.6982399999959,126.85300000011921,289.4089999999851,143,198.01966433564718,164.62100000004284,57.06991674622358,274.59699999997395,281.49709999997975,289.6982399999959,127.85300000011921,290.4089999999851,0,267.0,14.0,19.0,65.0,0.9501779359430605,0.9335664335664335,0.9417989417989417,0.17721518987341772,0.06643356643356643,0.9276315789473685,0.0,116,13,16,0.8992248062015504,0.8787878787878788,0.888888888888889,0.90625,0.8424469696969696,0.12142052685560298,0.2456818181818182,0.5944055944055944,0.40559440559440557,,,not_computed_no_bbox_data,1,0,1.0,0,0,0,0.0,0,0,0,152,9,143,9,,,0,0.05921052631578947,0.06382978723404255,0.05921052631578947,0.0,,,0.4,0,0,8,1,0,0,126.0,143,0.6590902097902097,0.6307,0.13331243632206521,0.87496,0.9168600000000001,1.0721900000000013,0.5001,1.1958,143,0.0,0.0,0.0,0.0,0.0,0.0,0.0,0.0,143,0,0,0,0,0.0,0.0,3599479.951,215968.797047,365.0,32.85,60.8,5.776,94.249,8.011184,3572073.52,28576.588164,429.0,64.35,19901.863,8358.782298,6458.617,2712.619098,1137.0,341.1,0.0,0.0,216015.43423100002,40053.43956,256068.873791,4267.814563183333,701.5585583315068,1790.691425111888,2000.5380764921874,2207.490291301724,5.776,256068.873791,3599999.9999999995,3600000.0,normal__s06__full_secure,full_secure,ablation,,,True,
secure,normal,6,3600.0,47f426e17d969614,True,synthetic_distribution,False,disable_adaptive_trigger,365,365,286,0,27926.477,0.007757354722222222,143,2.3833333333333333,143,2.3833333333333333,128,116,152,98,81,0.826530612244898,0.173469387755102,0.40559440559440557,81,405.1598765431775,165.53300000005402,671.3866628928388,985.775999999838,1743.9599999999627,2939.929000000102,131.25499999988824,4423.016999999993,143,197.01966433564718,163.62100000004284,57.06991674622358,273.59699999997395,280.49709999997975,288.6982399999959,126.85300000011921,289.4089999999851,143,198.01966433564718,164.62100000004284,57.06991674622358,274.59699999997395,281.49709999997975,289.6982399999959,127.85300000011921,290.4089999999851,0,267.0,14.0,19.0,65.0,0.9501779359430605,0.9335664335664335,0.9417989417989417,0.17721518987341772,0.06643356643356643,0.9276315789473685,0.0,116,13,16,0.8992248062015504,0.8787878787878788,0.888888888888889,0.90625,0.8424469696969696,0.12142052685560298,0.2456818181818182,0.5944055944055944,0.40559440559440557,,,not_computed_no_bbox_data,1,0,1.0,0,0,0,0.0,0,0,0,152,9,143,9,,,0,0.05921052631578947,0.06382978723404255,0.05921052631578947,0.0,,,0.4,0,0,8,1,0,0,126.0,143,0.6590902097902097,0.6307,0.13331243632206521,0.87496,0.9168600000000001,1.0721900000000013,0.5001,1.1958,143,0.0,0.0,0.0,0.0,0.0,0.0,0.0,0.0,143,0,0,0,0,0.0,0.0,3599479.951,215968.797047,365.0,32.85,60.8,5.776,94.249,8.011184,3572073.52,28576.588164,429.0,64.35,19901.863,8358.782298,6458.617,2712.619098,1137.0,341.1,0.0,0.0,216015.43423100002,40053.43956,256068.873791,4267.814563183333,701.5585583315068,1790.691425111888,2000.5380764921874,2207.490291301724,5.776,256068.873791,3599999.9999999995,3600000.0,normal__s06__no_adaptive_trigger,no_adaptive_trigger,ablation,,,True,
secure,normal,6,3600.0,47f426e17d969614,True,synthetic_distribution,False,disable_burst_detection,365,365,286,0,28160.437,0.007822343611111112,144,2.4,144,2.4,129,117,152,98,81,0.826530612244898,0.173469387755102,0.4090909090909091,81,405.1598765431775,165.53300000005402,671.3866628928388,985.775999999838,1743.9599999999627,2939.929000000102,131.25499999988824,4423.016999999993,144,197.28949999998247,164.0119999999879,56.96212926882458,273.4959999999614,280.47014999998083,288.696959999996,126.85300000011921,289.4089999999851,144,198.28949999998247,165.0119999999879,56.96212926882458,274.4959999999614,281.47014999998083,289.696959999996,127.85300000011921,290.4089999999851,0,267.0,14.0,19.0,65.0,0.9501779359430605,0.9335664335664335,0.9417989417989417,0.17721518987341772,0.06643356643356643,0.9276315789473685,0.0,117,13,16,0.9,0.8796992481203008,0.8897338403041826,0.9069767441860465,0.8417804511278194,0.12120371372613573,0.2456818181818182,0.5902777777777778,0.4097222222222222,,,not_computed_no_bbox_data,1,0,1.0,0,0,0,0.0,0,0,0,152,8,144,8,,,0,0.05263157894736842,0.05673758865248227,0.05263157894736842,0.0,,,0.4,0,0,8,0,0,0,126.0,144,0.6593486111111111,0.6321,0.13288167510412063,0.8741900000000001,0.9156899999999999,1.0710849999999992,0.5001,1.1958,144,0.0,0.0,0.0,0.0,0.0,0.0,0.0,0.0,144,0,0,0,0,0.0,0.0,3599479.254,215968.755267,365.0,32.85,60.8,5.776,94.946,8.070372,3571839.56,28574.716483,432.0,64.8,20042.056,8417.663593,6541.883,2747.591039,1144.5,343.35,0.0,0.0,216015.451639,40148.121114999994,256163.572754,4269.392879233334,701.8180075452054,1778.9136996805555,1985.764129875969,2189.4322457606836,5.776,256163.572755,3600000.0,3599999.999,normal__s06__no_burst_detection,no_burst_detection,ablation,,,True,
secure,normal,6,3600.0,47f426e17d969614,True,synthetic_distribution,False,disable_consistency_check,365,365,286,0,27926.477,0.007757354722222222,143,2.3833333333333333,143,2.3833333333333333,128,116,152,98,81,0.826530612244898,0.173469387755102,0.40559440559440557,81,405.1598765431775,165.53300000005402,671.3866628928388,985.775999999838,1743.9599999999627,2939.929000000102,131.25499999988824,4423.016999999993,143,197.01966433564718,163.62100000004284,57.06991674622358,273.59699999997395,280.49709999997975,288.6982399999959,126.85300000011921,289.4089999999851,143,198.01966433564718,164.62100000004284,57.06991674622358,274.59699999997395,281.49709999997975,289.6982399999959,127.85300000011921,290.4089999999851,0,267.0,14.0,19.0,65.0,0.9501779359430605,0.9335664335664335,0.9417989417989417,0.17721518987341772,0.06643356643356643,0.9276315789473685,0.0,116,13,16,0.8992248062015504,0.8787878787878788,0.888888888888889,0.90625,0.8424469696969696,0.12142052685560298,0.2456818181818182,0.5944055944055944,0.40559440559440557,,,not_computed_no_bbox_data,1,0,1.0,0,0,0,0.0,0,0,0,152,9,143,9,,,0,0.05921052631578947,0.06382978723404255,0.05921052631578947,0.0,,,0.4,0,0,8,1,0,0,126.0,143,0.6590902097902097,0.6307,0.13331243632206521,0.87496,0.9168600000000001,1.0721900000000013,0.5001,1.1958,143,0.0,0.0,0.0,0.0,0.0,0.0,0.0,0.0,143,0,0,0,0,0.0,0.0,3599479.951,215968.797047,365.0,32.85,60.8,5.776,94.249,8.011184,3572073.52,28576.588164,429.0,64.35,19901.863,8358.782298,6458.617,2712.619098,1137.0,341.1,0.0,0.0,216015.43423100002,40053.43956,256068.873791,4267.814563183333,701.5585583315068,1790.691425111888,2000.5380764921874,2207.490291301724,5.776,256068.873791,3599999.9999999995,3600000.0,normal__s06__no_consistency_check,no_consistency_check,ablation,,,True,
secure,normal,6,3600.0,47f426e17d969614,True,synthetic_distribution,False,disable_cooldown,365,365,286,0,47428.081,0.013174466944444444,240,4.0,245,4.083333333333333,228,207,281,98,91,0.9285714285714286,0.0714285714285714,0.7237762237762237,91,353.97682417579597,168.37100000004284,433.01720431588575,869.5509999999776,1430.6395000000193,1792.7292999999906,131.25499999988824,2439.9039999999804,245,198.4711836734637,163.52999999999884,59.32531307139933,273.4761999999406,281.54479999999313,311.50912000007935,126.85300000011921,444.15299999999115,245,199.4711836734637,164.52999999999884,59.32531307139933,274.4761999999406,282.54479999999313,312.50912000007935,127.85300000011921,445.15299999999115,0,267.0,14.0,19.0,65.0,0.9501779359430605,0.9335664335664335,0.9417989417989417,0.17721518987341772,0.06643356643356643,0.9501779359430605,0.0,207,22,25,0.9039301310043668,0.8922413793103449,0.8980477223427332,0.9078947368421053,0.8489987068965518,0.10470569493792208,0.22738461538461538,0.6163265306122448,0.3836734693877551,,,not_computed_no_bbox_data,1,0,1.0,0,0,0,0.0,0,0,0,281,36,245,35,,,0,0.12811387900355872,0.13108614232209737,0.12811387900355872,0.0,,,0.4,4,0,30,2,0,0,0.0,245,0.6568706122448981,0.6281,0.13317162795984766,0.86648,0.89554,1.110988,0.5001,1.1958,245,3.1547877551020407,0.0,25.685656550977384,0.0,0.0,109.24756000000008,0.0,277.925,245,0,0,0,0,0.0,0.0,3599361.667,215961.700033,365.0,32.85,112.4,10.678,160.933,13.679287,3552571.908,28420.575264,720.0,108.0,34331.484,14419.223424,10431.108,4381.065195,1945.5,583.65,0.0,0.0,216018.90732000003,47912.513883,263931.421203,4398.85702005,723.0997841178082,1077.2711069510203,1157.5939526447369,1275.0310203043477,10.678,263931.421202,3600000.0,3600000.0,normal__s06__no_cooldown,no_cooldown,ablation,,,True,
secure,normal,6,3600.0,47f426e17d969614,True,synthetic_distribution,False,disable_early_exit,365,365,286,0,37358.741,0.010377428055555556,143,2.3833333333333333,143,2.3833333333333333,128,119,152,98,81,0.826530612244898,0.173469387755102,0.4160839160839161,81,476.9685555555294,263.54300000006333,655.1300492600095,1092.277999999933,1743.9599999999627,3040.418199999915,233.32099999999627,4525.570999999996,143,262.97953146851665,262.15800000028685,14.846980340695968,282.1505999999237,287.13840000001653,300.1560000000057,229.82700000004843,309.2299999999814,143,263.97953146851665,263.15800000028685,14.846980340695968,283.1505999999237,288.13840000001653,301.1560000000057,230.82700000004843,310.2299999999814,0,267.0,14.0,19.0,65.0,0.9501779359430605,0.9335664335664335,0.9417989417989417,0.17721518987341772,0.06643356643356643,0.9276315789473685,0.0,119,10,13,0.9224806201550387,0.9015151515151515,0.9118773946360152,0.9296875,0.8650590909090908,0.13169095441212508,0.24114545454545455,0.0,1.0,,,not_computed_no_bbox_data,1,0,1.0,0,0,0,0.0,0,0,0,152,9,143,9,,,0,0.05921052631578947,0.06382978723404255,0.05921052631578947,0.0,,,0.4,0,0,8,1,0,0,126.0,143,0.6590902097902097,0.6307,0.13331243632206521,0.87496,0.9168600000000001,1.0721900000000013,0.5001,1.1958,143,0.0,0.0,0.0,0.0,0.0,0.0,0.0,0.0,143,0,0,0,0,0.0,0.0,3599479.951,215968.797047,365.0,32.85,60.8,5.776,94.249,8.011184,3562641.26,28501.130081,429.0,64.35,19901.863,8358.782298,15902.877,6679.208455,1125.0,337.5,0.0,0.0,216015.43423100002,43940.970834,259956.405065,4332.606751083334,712.2093289452055,1817.8769584965034,2030.9094145703125,2184.5076055882355,5.776,259956.405065,3599999.9999999995,3599999.9999999995,normal__s06__no_early_exit,no_early_exit,ablation,,,True,
secure,normal,6,3600.0,47f426e17d969614,True,synthetic_distribution,False,disable_rate_limit,365,365,286,0,27926.477,0.007757354722222222,143,2.3833333333333333,143,2.3833333333333333,128,116,152,98,81,0.826530612244898,0.173469387755102,0.40559440559440557,81,405.1598765431775,165.53300000005402,671.3866628928388,985.775999999838,1743.9599999999627,2939.929000000102,131.25499999988824,4423.016999999993,143,197.01966433564718,163.62100000004284,57.06991674622358,273.59699999997395,280.49709999997975,288.6982399999959,126.85300000011921,289.4089999999851,143,198.01966433564718,164.62100000004284,57.06991674622358,274.59699999997395,281.49709999997975,289.6982399999959,127.85300000011921,290.4089999999851,0,267.0,14.0,19.0,65.0,0.9501779359430605,0.9335664335664335,0.9417989417989417,0.17721518987341772,0.06643356643356643,0.9276315789473685,0.0,116,13,16,0.8992248062015504,0.8787878787878788,0.888888888888889,0.90625,0.8424469696969696,0.12142052685560298,0.2456818181818182,0.5944055944055944,0.40559440559440557,,,not_computed_no_bbox_data,1,0,1.0,0,0,0,0.0,0,0,0,152,9,143,9,,,0,0.05921052631578947,0.06382978723404255,0.05921052631578947,0.0,,,0.4,0,0,8,1,0,0,126.0,143,0.6590902097902097,0.6307,0.13331243632206521,0.87496,0.9168600000000001,1.0721900000000013,0.5001,1.1958,143,0.0,0.0,0.0,0.0,0.0,0.0,0.0,0.0,143,0,0,0,0,0.0,0.0,3599479.951,215968.797047,365.0,32.85,60.8,5.776,94.249,8.011184,3572073.52,28576.588164,429.0,64.35,19901.863,8358.782298,6458.617,2712.619098,1137.0,341.1,0.0,0.0,216015.43423100002,40053.43956,256068.873791,4267.814563183333,701.5585583315068,1790.691425111888,2000.5380764921874,2207.490291301724,5.776,256068.873791,3599999.9999999995,3600000.0,normal__s06__no_rate_limit,no_rate_limit,ablation,,,True,
secure,normal,6,3600.0,47f426e17d969614,True,synthetic_distribution,False,disable_replay_protection,365,365,286,0,29315.004999999997,0.008143056944444444,150,2.5,150,2.5,135,123,152,98,82,0.8367346938775511,0.16326530612244894,0.43006993006993005,82,433.5279756097239,166.04450000001816,714.9717014463125,1343.5107000000564,1948.3686500000338,3052.7618699999807,131.25499999988824,4423.016999999993,150,197.16207999998306,164.41149999995832,56.90589238317751,277.8862999999663,282.1023499999806,288.6892799999964,126.85300000011921,289.4089999999851,150,198.16207999998306,165.41149999995832,56.90589238317751,278.8862999999663,283.1023499999806,289.6892799999964,127.85300000011921,290.4089999999851,0,267.0,14.0,19.0,65.0,0.9501779359430605,0.9335664335664335,0.9417989417989417,0.17721518987341772,0.06643356643356643,0.9276315789473685,0.0,123,13,16,0.9044117647058824,0.8848920863309353,0.8945454545454545,0.9111111111111111,0.8416906474820144,0.11981979276389826,0.2456818181818182,0.6,0.4,,,not_computed_no_bbox_data,1,0,1.0,0,0,0,0.0,0,0,0,152,2,150,2,,,0,0.013157894736842105,0.014184397163120567,0.013157894736842105,0.0,,,0.4,0,0,0,2,0,0,126.0,150,0.657602,0.6301,0.13230794386353367,0.86957,0.9086699999999996,1.064454999999999,0.5001,1.1958,150,0.0,0.0,0.0,0.0,0.0,0.0,0.0,0.0,150,0,0,0,0,0.0,0.0,3599475.56,215968.53362,365.0,32.85,60.8,5.776,98.64,8.384371,3570684.993,28565.479944,450.0,67.5,20986.796,8814.454256,6681.211,2806.108667,1197.0,359.1,0.0,0.0,216015.543991,40612.642867,256628.186858,4277.136447633334,703.0909228986301,1710.8545790533333,1900.9495322814814,2086.4080232357724,5.776,256628.186859,3600000.0,3600000.0,normal__s06__no_replay_protection,no_replay_protection,ablation,,,True,
secure,normal,6,3600.0,47f426e17d969614,True,synthetic_distribution,False,disable_security,365,365,286,0,29717.953,0.008254986944444445,152,2.533333333333333,152,2.533333333333333,137,124,152,98,82,0.8367346938775511,0.16326530612244894,0.43356643356643354,82,433.12797560973206,165.64450000002398,714.9717014462918,1343.1107000001496,1947.9686500000046,3052.3618699999574,130.85499999998137,4422.616999999969,152,196.84390789471988,164.07650000002468,56.65580929869322,277.0773000000336,281.62064999999126,288.28671999999864,126.45300000021234,289.00899999961257,152,197.84390789471988,165.07650000002468,56.65580929869322,278.0773000000336,282.62064999999126,289.28671999999864,127.45300000021234,290.00899999961257,0,267.0,14.0,19.0,65.0,0.9501779359430605,0.9335664335664335,0.9417989417989417,0.17721518987341772,0.06643356643356643,0.9276315789473685,0.0,124,14,17,0.8985507246376812,0.8794326241134752,0.888888888888889,0.9051094890510949,0.8409602836879433,0.11919711458602189,0.2456818181818182,0.5986842105263158,0.40131578947368424,,,not_computed_no_bbox_data,1,0,1.0,0,0,0,0.0,0,0,0,0,0,0,0,,,0,,,,,,,0.0,0,0,0,0,0,0,126.0,152,0.6589973684210526,0.6321,0.13221425164255096,0.8670300000000001,0.9063299999999997,1.062245000000001,0.5001,1.1958,152,0.0,0.0,0.0,0.0,0.0,0.0,0.0,0.0,152,0,0,0,0,0.0,0.0,3599534.833,215972.089983,365.0,32.85,0.0,0.0,100.167,8.51419,3570282.045,28562.256362,456.0,68.4,21285.477,8939.900397,6764.478,2841.080608,1212.0,363.6,0.0,0.0,216013.454173,40775.237367,256788.69154,4279.811525666667,703.5306617534246,1689.3992864473685,1874.370011240876,2070.876544677419,0.0,256788.69154,3600000.0,3600000.0,normal__s06__no_security,no_security,ablation,,,True,
always_on,normal,7,3600.0,4ce3a93a66928742,True,synthetic_distribution,False,,392,392,277,0,3600000.0,1.0,1,0.016666666666666666,383,6.383333333333334,264,237,0,93,91,0.978494623655914,0.021505376344086002,0.855595667870036,91,475.38313186813355,334.4279999998398,414.89771373079174,919.1180000000022,1520.1134999999776,1994.7750999999946,145.14500000001863,2242.878999999957,0,,,,,,,,,383,356.73303133160016,328.3029999998398,163.682298748757,533.7763999999967,706.0392000000038,913.1183999999196,133.77700000000186,1188.9569999999367,0,,,,,,,,,,,,237,28,36,0.8943396226415095,0.8681318681318682,0.8810408921933086,0.8977272727272727,0.8210311355311356,0.123518952542955,0.16630727272727266,0.4960835509138381,0.5039164490861618,,,not_computed_no_bbox_data,1,0,1.0,17735,228,0,,0,0,0,0,0,0,0,,,0,,,,,,,0.0,0,0,0,0,0,0,,0,,,,,,,,,0,,,,,,,,,0,0,0,0,0,3600000.0,18000.0,0.0,0.0,0.0,0.0,0.0,0.0,0.0,0.0,0.0,0.0,0.0,0.0,2546446.222,1069507.413032,943819.778,396404.306968,109734.0,32920.2,0.0,0.0,18000.0,1498831.92,1516831.92,25280.532,3869.469183673469,,5745.575454545455,6400.134683544304,0.0,1516831.92,3600000.0,3600000.0,normal__s07__always_on,always_on,ablation,,,True,
secure,normal,7,3600.0,4ce3a93a66928742,True,synthetic_distribution,False,,392,392,277,0,23881.646999999997,0.0066337908333333325,120,2.0,120,2.0,98,94,131,93,67,0.7204301075268817,0.27956989247311825,0.33935018050541516,67,460.9415970149205,183.6799999999348,790.1016356754249,1078.311399999959,1612.1287999998076,4126.830580000094,131.30300000007264,4384.387000000002,120,200.72266666667144,165.57099999999718,56.117670133823296,273.17779999997003,280.1866500001168,293.2112000000049,125.84499999997206,297.36900000006426,120,201.72266666667144,166.57099999999718,56.117670133823296,274.17779999997003,281.1866500001168,294.2112000000049,126.84499999997206,298.36900000006426,0,253.0,27.0,24.0,88.0,0.9035714285714286,0.9133574007220217,0.9084380610412927,0.23478260869565218,0.08664259927797834,0.8549618320610687,0.0,94,5,7,0.9494949494949495,0.9306930693069307,0.9400000000000001,0.9591836734693877,0.8217801980198021,0.1158466978552276,0.16179999999999997,0.5666666666666667,0.43333333333333335,,,not_computed_no_bbox_data,1,0,1.0,0,0,0,0.0,0,0,0,131,11,120,11,,,0,0.08396946564885496,0.09821428571428571,0.08396946564885496,0.0,,,0.4,0,0,8,3,0,0,141.0,120,0.6542475000000001,0.61995,0.1207183728349416,0.8360100000000001,0.88971,0.961334,0.5008,0.979,120,0.0,0.0,0.0,0.0,0.0,0.0,0.0,0.0,120,0,0,0,0,0.0,0.0,3599477.091,215968.625438,392.0,35.28,52.4,4.978,78.509,6.673296,3576118.352,28608.946812,360.0,54.0,16930.318,7110.733373,5671.831,2382.168982,919.5,275.85,0.0,0.0,216015.55673399998,38431.699167,254447.255901,4240.78759835,649.1001426045918,2120.393799175,2596.4005704183674,2706.885701074468,4.978,254447.255901,3600000.0,3600000.0009999997,normal__s07__full_secure,full_secure,ablation,,,True,
secure,normal,7,3600.0,4ce3a93a66928742,True,synthetic_distribution,False,disable_adaptive_trigger,392,392,277,0,24010.718,0.006669643888888889,121,2.0166666666666666,121,2.0166666666666666,98,94,132,93,67,0.7204301075268817,0.27956989247311825,0.33935018050541516,67,460.9415970149205,183.6799999999348,790.1016356754249,1078.311399999959,1612.1287999998076,4126.830580000094,131.30300000007264,4384.387000000002,121,200.14533057851705,163.72299999999996,56.24305271829105,273.16599999996834,280.1740000001155,293.15500000000463,125.84499999997206,297.36900000006426,121,201.14533057851705,164.72299999999996,56.24305271829105,274.16599999996834,281.1740000001155,294.15500000000463,126.84499999997206,298.36900000006426,0,253.0,28.0,24.0,87.0,0.900355871886121,0.9133574007220217,0.9068100358422939,0.24347826086956523,0.08664259927797834,0.8484848484848485,0.0,94,5,7,0.9494949494949495,0.9306930693069307,0.9400000000000001,0.9591836734693877,0.8217801980198021,0.1158466978552276,0.15581999999999996,0.5702479338842975,0.4297520661157025,,,not_computed_no_bbox_data,1,0,1.0,0,0,0,0.0,0,0,0,132,11,121,11,,,0,0.08333333333333333,0.09821428571428571,0.08333333333333333,0.0,,,0.4,0,0,8,3,0,0,141.0,121,0.6559694214876033,0.6208,0.12169737524078268,0.8505,0.8889,0.96122,0.5008,0.979,121,0.0,0.0,0.0,0.0,0.0,0.0,0.0,0.0,121,0,0,0,0,0.0,0.0,3599475.828,215968.549684,392.0,35.28,52.8,5.016,79.372,6.746614,3575989.28,28607.914244,363.0,54.45,17050.389,7161.163233,5671.831,2382.168982,925.5,277.65,0.0,0.0,216015.592298,38483.34645900001,254498.938757,4241.648979283334,649.231986625,2103.297014520661,2596.9279465,2707.4355186914895,5.016,254498.938757,3600000.0,3599999.9999999995,normal__s07__no_adaptive_trigger,no_adaptive_trigger,ablation,,,True,
secure,normal,7,3600.0,4ce3a93a66928742,True,synthetic_distribution,False,disable_burst_detection,392,392,277,0,24441.327999999998,0.006789257777777777,123,2.05,123,2.05,101,97,131,93,69,0.7419354838709677,0.25806451612903225,0.35018050541516244,69,522.2906086956452,244.464999999851,859.4065669374822,1425.0881999999756,2444.6477999998233,4119.025840000093,131.30300000007264,4384.387000000002,123,200.42145528455708,167.4189999999944,56.085428755969986,272.77619999996386,280.0057000000961,293.0426000000042,124.01300000003539,297.36900000006426,123,201.42145528455708,168.4189999999944,56.085428755969986,273.77619999996386,281.0057000000961,294.0426000000042,125.01300000003539,298.36900000006426,0,253.0,27.0,24.0,88.0,0.9035714285714286,0.9133574007220217,0.9084380610412927,0.23478260869565218,0.08664259927797834,0.8549618320610687,0.0,97,5,7,0.9509803921568627,0.9326923076923077,0.9417475728155339,0.9603960396039604,0.8222365384615385,0.11427278983484775,0.16179999999999997,0.5691056910569106,0.43089430894308944,,,not_computed_no_bbox_data,1,0,1.0,0,0,0,0.0,0,0,0,131,8,123,8,,,0,0.061068702290076333,0.07142857142857142,0.061068702290076333,0.0,,,0.4,0,0,8,0,0,0,141.0,123,0.655610569105691,0.6208,0.12232918154663745,0.84728,0.9034799999999998,0.9609920000000001,0.5008,0.979,123,0.0,0.0,0.0,0.0,0.0,0.0,0.0,0.0,123,0,0,0,0,0.0,0.0,3599474.96,215968.497617,392.0,35.28,52.4,4.978,80.64,6.854376,3575558.67,28604.469363,369.0,55.35,17349.053,7286.602214,5778.277,2426.876227,945.0,283.5,0.0,0.0,216015.609993,38656.797804,254672.407797,4244.54012995,649.6745096862245,2070.5073804634144,2521.5089880891087,2625.4887401752576,4.978,254672.407797,3600000.0,3599999.9999999995,normal__s07__no_burst_detection,no_burst_detection,ablation,,,True,
secure,normal,7,3600.0,4ce3a93a66928742,True,synthetic_distribution,False,disable_consistency_check,392,392,277,0,23881.646999999997,0.0066337908333333325,120,2.0,120,2.0,98,94,131,93,67,0.7204301075268817,0.27956989247311825,0.33935018050541516,67,460.9415970149205,183.6799999999348,790.1016356754249,1078.311399999959,1612.1287999998076,4126.830580000094,131.30300000007264,4384.387000000002,120,200.72266666667144,165.57099999999718,56.117670133823296,273.17779999997003,280.1866500001168,293.2112000000049,125.84499999997206,297.36900000006426,120,201.72266666667144,166.57099999999718,56.117670133823296,274.17779999997003,281.1866500001168,294.2112000000049,126.84499999997206,298.36900000006426,0,253.0,27.0,24.0,88.0,0.9035714285714286,0.9133574007220217,0.9084380610412927,0.23478260869565218,0.08664259927797834,0.8549618320610687,0.0,94,5,7,0.9494949494949495,0.9306930693069307,0.9400000000000001,0.9591836734693877,0.8217801980198021,0.1158466978552276,0.16179999999999997,0.5666666666666667,0.43333333333333335,,,not_computed_no_bbox_data,1,0,1.0,0,0,0,0.0,0,0,0,131,11,120,11,,,0,0.08396946564885496,0.09821428571428571,0.08396946564885496,0.0,,,0.4,0,0,8,3,0,0,141.0,120,0.6542475000000001,0.61995,0.1207183728349416,0.8360100000000001,0.88971,0.961334,0.5008,0.979,120,0.0,0.0,0.0,0.0,0.0,0.0,0.0,0.0,120,0,0,0,0,0.0,0.0,3599477.091,215968.625438,392.0,35.28,52.4,4.978,78.509,6.673296,3576118.352,28608.946812,360.0,54.0,16930.318,7110.733373,5671.831,2382.168982,919.5,275.85,0.0,0.0,216015.55673399998,38431.699167,254447.255901,4240.78759835,649.1001426045918,2120.393799175,2596.4005704183674,2706.885701074468,4.978,254447.255901,3600000.0,3600000.0009999997,normal__s07__no_consistency_check,no_consistency_check,ablation,,,True,
secure,normal,7,3600.0,4ce3a93a66928742,True,synthetic_distribution,False,disable_cooldown,392,392,277,0,46440.496,0.012900137777777777,203,3.3833333333333333,229,3.816666666666667,196,177,280,93,87,0.9354838709677419,0.06451612903225812,0.6389891696750902,87,392.27403448275476,252.06599999964237,539.5430743839814,815.6008000000032,1306.8500000000306,2408.4432999999644,139.75399999972433,3994.1500000001397,229,236.9093100436679,239.30799999996088,129.056819546303,297.13060000000985,476.8574000000517,795.571479999921,125.84499999997206,1169.4249999999302,229,237.9168995633191,240.30799999996088,129.0677384601996,298.13060000000985,477.8574000000517,796.571479999921,126.84499999997206,1170.4249999999302,0,253.0,27.0,24.0,88.0,0.9035714285714286,0.9133574007220217,0.9084380610412927,0.23478260869565218,0.08664259927797834,0.9035714285714286,0.0,177,20,26,0.8984771573604061,0.8719211822660099,0.885,0.9030612244897959,0.820420197044335,0.12453793344715382,0.1726730769230769,0.5327510917030568,0.4672489082969432,,,not_computed_no_bbox_data,1,0,1.0,0,0,0,0.0,0,0,0,280,51,229,50,,,0,0.18214285714285713,0.1976284584980237,0.18214285714285713,0.0,,,0.4,0,0,30,21,0,0,0.0,229,0.656156768558952,0.6272,0.1180392973147698,0.85002,0.88284,0.9603079999999999,0.5008,0.979,229,32.399379912663754,0.0,112.38942677395734,67.17000000000073,247.71159999999992,539.8752799999999,0.0,916.705,229,0,0,0,0,0.0,0.0,3599345.74,215960.744411,392.0,35.28,112.0,10.64,150.26,12.772085,3553559.502,28428.47602,609.0,91.35,32302.895,13567.215928,11745.102,4932.943044,1783.5,535.05,0.0,0.0,216019.436496,47555.034992,263574.471488,4392.907858133333,672.3838558367347,1150.980224838428,1344.7677116734694,1489.121307841808,10.64,263574.471487,3600000.0,3599999.999,normal__s07__no_cooldown,no_cooldown,ablation,,,True,
secure,normal,7,3600.0,4ce3a93a66928742,True,synthetic_distribution,False,disable_early_exit,392,392,277,0,31380.066,0.008716685,120,2.0,120,2.0,98,96,131,93,68,0.7311827956989247,0.26881720430107525,0.34657039711191334,68,556.4496470588026,269.35250000003725,828.4116052473471,1379.6990000000224,2359.822849999832,4199.712890000128,233.47500000009313,4384.387000000002,120,263.20951666666355,263.5975000000326,16.318646240605183,282.3339000000502,288.82829999999376,302.9821199999063,217.52899999998044,306.9799999999814,120,264.20951666666355,264.5975000000326,16.318646240605183,283.3339000000502,289.82829999999376,303.9821199999063,218.52899999998044,307.9799999999814,0,253.0,27.0,24.0,88.0,0.9035714285714286,0.9133574007220217,0.9084380610412927,0.23478260869565218,0.08664259927797834,0.8549618320610687,0.0,96,3,5,0.9696969696969697,0.9504950495049505,0.96,0.9795918367346939,0.8409930693069306,0.1284111103117061,0.14688947368421054,0.0,1.0,,,not_computed_no_bbox_data,1,0,1.0,0,0,0,0.0,0,0,0,131,11,120,11,,,0,0.08396946564885496,0.09821428571428571,0.08396946564885496,0.0,,,0.4,0,0,8,3,0,0,141.0,120,0.6542475000000001,0.61995,0.1207183728349416,0.8360100000000001,0.88971,0.961334,0.5008,0.979,120,0.0,0.0,0.0,0.0,0.0,0.0,0.0,0.0,120,0,0,0,0,0.0,0.0,3599477.091,215968.625438,392.0,35.28,52.4,4.978,78.509,6.673296,3568619.933,28548.959461,360.0,54.0,16930.318,7110.733373,13174.75,5533.394914,915.0,274.5,0.0,0.0,216015.55673399998,41521.587748000005,257537.144482,4292.285741366667,656.9825114336735,2146.1428706833335,2627.930045734694,2682.6785883541665,4.978,257537.144482,3600000.0,3600000.001,normal__s07__no_early_exit,no_early_exit,ablation,,,True,
secure,normal,7,3600.0,4ce3a93a66928742,True,synthetic_distribution,False,disable_rate_limit,392,392,277,0,23881.646999999997,0.0066337908333333325,120,2.0,120,2.0,98,94,131,93,67,0.7204301075268817,0.27956989247311825,0.33935018050541516,67,460.9415970149205,183.6799999999348,790.1016356754249,1078.311399999959,1612.1287999998076,4126.830580000094,131.30300000007264,4384.387000000002,120,200.72266666667144,165.57099999999718,56.117670133823296,273.17779999997003,280.1866500001168,293.2112000000049,125.84499999997206,297.36900000006426,120,201.72266666667144,166.57099999999718,56.117670133823296,274.17779999997003,281.1866500001168,294.2112000000049,126.84499999997206,298.36900000006426,0,253.0,27.0,24.0,88.0,0.9035714285714286,0.9133574007220217,0.9084380610412927,0.23478260869565218,0.08664259927797834,0.8549618320610687,0.0,94,5,7,0.9494949494949495,0.9306930693069307,0.9400000000000001,0.9591836734693877,0.8217801980198021,0.1158466978552276,0.16179999999999997,0.5666666666666667,0.43333333333333335,,,not_computed_no_bbox_data,1,0,1.0,0,0,0,0.0,0,0,0,131,11,120,11,,,0,0.08396946564885496,0.09821428571428571,0.08396946564885496,0.0,,,0.4,0,0,8,3,0,0,141.0,120,0.6542475000000001,0.61995,0.1207183728349416,0.8360100000000001,0.88971,0.961334,0.5008,0.979,120,0.0,0.0,0.0,0.0,0.0,0.0,0.0,0.0,120,0,0,0,0,0.0,0.0,3599477.091,215968.625438,392.0,35.28,52.4,4.978,78.509,6.673296,3576118.352,28608.946812,360.0,54.0,16930.318,7110.733373,5671.831,2382.168982,919.5,275.85,0.0,0.0,216015.55673399998,38431.699167,254447.255901,4240.78759835,649.1001426045918,2120.393799175,2596.4005704183674,2706.885701074468,4.978,254447.255901,3600000.0,3600000.0009999997,normal__s07__no_rate_limit,no_rate_limit,ablation,,,True,
secure,normal,7,3600.0,4ce3a93a66928742,True,synthetic_distribution,False,disable_replay_protection,392,392,277,0,25197.251999999997,0.006999236666666666,126,2.1,126,2.1,104,99,131,93,69,0.7419354838709677,0.25806451612903225,0.3574007220216607,69,471.66989855071745,244.464999999851,780.9526647110985,1013.6701999999126,1606.2773999998342,4119.025840000093,131.30300000007264,4384.387000000002,126,201.68271428571902,170.24200000002747,55.79904401171399,273.2249999999767,279.75325000006706,292.87400000000343,125.84499999997206,297.36900000006426,126,202.68271428571902,171.24200000002747,55.79904401171399,274.2249999999767,280.75325000006706,293.87400000000343,126.84499999997206,298.36900000006426,0,253.0,27.0,24.0,88.0,0.9035714285714286,0.9133574007220217,0.9084380610412927,0.23478260869565218,0.08664259927797834,0.8549618320610687,0.0,99,6,8,0.9428571428571428,0.9252336448598131,0.9339622641509434,0.9519230769230769,0.8198757009345794,0.11556891911047082,0.16179999999999997,0.5634920634920635,0.4365079365079365,,,not_computed_no_bbox_data,1,0,1.0,0,0,0,0.0,0,0,0,131,5,126,5,,,0,0.03816793893129771,0.044642857142857144,0.03816793893129771,0.0,,,0.4,0,0,0,5,0,0,141.0,126,0.6534865079365079,0.61995,0.11864939366262238,0.8342499999999999,0.8818250000000001,0.96065,0.5008,0.979,126,0.0,0.0,0.0,0.0,0.0,0.0,0.0,0.0,126,0,0,0,0,0.0,0.0,3599473.261,215968.395661,392.0,35.28,52.4,4.978,82.339,6.998813,3574802.747,28598.421977,378.0,56.7,17845.633,7495.165999,6007.62,2523.200193,966.0,289.8,0.0,0.0,216015.652474,38963.288169,254978.94064299998,4249.649010716666,650.4564812321428,2023.6423860555553,2451.720583105769,2575.544854979798,4.978,254978.940644,3600000.0,3600000.0,normal__s07__no_replay_protection,no_replay_protection,ablation,,,True,
secure,normal,7,3600.0,4ce3a93a66928742,True,synthetic_distribution,False,disable_security,392,392,277,0,26162.928,0.00726748,131,2.183333333333333,131,2.183333333333333,109,104,131,93,73,0.7849462365591398,0.21505376344086025,0.37545126353790614,73,596.4889041095752,248.66599999996834,928.7388632298696,1617.580199999851,2765.4561999998027,4103.016360000002,130.90299999993294,4383.987000000008,131,201.0224961832022,171.47399999992922,55.664511400599864,272.76599999994505,278.93250000011176,292.19299999994394,123.61299999989569,296.969000000041,131,202.0224961832022,172.47399999992922,55.664511400599864,273.76599999994505,279.93250000011176,293.19299999994394,124.61299999989569,297.969000000041,0,253.0,27.0,24.0,88.0,0.9035714285714286,0.9133574007220217,0.9084380610412927,0.23478260869565218,0.08664259927797834,0.8549618320610687,0.0,104,6,8,0.9454545454545454,0.9285714285714286,0.9369369369369368,0.9541284403669725,0.82048125,0.11308489558395601,0.16179999999999997,0.5648854961832062,0.4351145038167939,,,not_computed_no_bbox_data,1,0,1.0,0,0,0,0.0,0,0,0,0,0,0,0,,,0,,,,,,,0.0,0,0,0,0,0,0,141.0,131,0.6544900763358779,0.6208,0.11952713168337833,0.8344,0.897,0.9600799999999998,0.5008,0.979,131,0.0,0.0,0.0,0.0,0.0,0.0,0.0,0.0,131,0,0,0,0,0.0,0.0,3599522.262,215971.335728,392.0,35.28,0.0,0.0,85.738,7.287718,3573837.071,28590.696568,393.0,58.95,18555.251,7793.205519,6206.678,2606.804677,1008.0,302.4,0.0,0.0,216013.903446,39352.056764,255365.96021,4256.099336833333,651.4437760459183,1949.3584748854962,2342.8069744036698,2455.4419250961537,0.0,255365.96021,3600000.0,3600000.0,normal__s07__no_security,no_security,ablation,,,True,
always_on,normal,8,3600.0,3f9fc7b26892d480,True,synthetic_distribution,False,,337,337,262,0,3600000.0,1.0,1,0.016666666666666666,337,5.616666666666666,259,240,0,92,90,0.9782608695652174,0.021739130434782594,0.916030534351145,90,365.7827444444506,288.26150000013877,281.0527990817847,496.2009999999967,921.4230999999621,1384.617799999902,131.02399999997579,2007.6000000000931,0,,,,,,,,,337,306.29567655787116,294.14199999999255,95.2968751149377,436.69580000001014,485.1829999999259,544.6200000000931,126.0109999999404,651.1190000000643,0,,,,,,,,,,,,240,20,22,0.9230769230769231,0.916030534351145,0.9195402298850576,0.9266409266409267,0.8328209923664122,0.10523316047415497,0.18013866666666664,0.5370919881305638,0.4629080118694362,,,not_computed_no_bbox_data,1,0,1.0,17768,228,0,,0,0,0,0,0,0,0,,,0,,,,,,,0.0,0,0,0,0,0,0,,0,,,,,,,,,0,,,,,,,,,0,0,0,0,0,3600000.0,18000.0,0.0,0.0,0.0,0.0,0.0,0.0,0.0,0.0,0.0,0.0,0.0,0.0,2542567.965,1067878.545113,947789.535,398071.604887,109642.5,32892.75,0.0,0.0,18000.0,1498842.9000000001,1516842.9000000001,25280.715000000004,4501.017507418398,,5856.536293436294,6320.178750000001,0.0,1516842.9,3600000.0,3600000.0,normal__s08__always_on,always_on,ablation,,,True,
secure,normal,8,3600.0,3f9fc7b26892d480,True,synthetic_distribution,False,,337,337,262,0,28683.364,0.007967601111111111,146,2.433333333333333,146,2.433333333333333,133,122,153,92,82,0.8913043478260869,0.10869565217391308,0.46564885496183206,82,395.9565609756194,175.58399999991525,583.8005476207024,1108.9776000002873,1753.831900000202,2691.9808699998803,135.35599999967963,2997.8150000000023,146,198.18158219179307,163.6054999998305,54.487825020309096,271.13649999990594,275.5882499999716,285.104899999965,126.31499999994412,291.7489999998361,146,199.18158219179307,164.6054999998305,54.487825020309096,272.13649999990594,276.5882499999716,286.104899999965,127.31499999994412,292.7489999998361,0,251.0,13.0,11.0,62.0,0.9507575757575758,0.9580152671755725,0.9543726235741445,0.17333333333333334,0.04198473282442748,0.9150326797385621,0.0,122,11,11,0.9172932330827067,0.9172932330827067,0.9172932330827067,0.9172932330827067,0.8379157894736843,0.09655808492278285,0.17668461538461538,0.5821917808219178,0.4178082191780822,,,not_computed_no_bbox_data,0,0,0.0,0,0,0,0.0,0,0,0,153,7,146,7,,,0,0.0457516339869281,0.05,0.0457516339869281,0.0,,,0.4,0,0,7,0,0,0,111.0,146,0.6595739726027396,0.6365000000000001,0.12661104982817395,0.853,0.903675,1.0361700000000005,0.5054,1.1319,146,0.0,0.0,0.0,0.0,0.0,0.0,0.0,0.0,146,0,0,0,0,0.0,0.0,3599505.502,215970.330112,337.0,30.33,61.2,5.814,96.298,8.185342,3571316.642,28570.533136,438.0,65.7,20505.066,8612.12767,6579.292,2763.302666,1161.0,348.3,0.0,0.0,216014.659454,40359.963472,256374.62292599998,4272.9103821,760.7555576439169,1755.9905679863014,1927.628743804511,2101.4313354590163,5.814,256374.622926,3600000.0,3600000.0,normal__s08__full_secure,full_secure,ablation,,,True,
secure,normal,8,3600.0,3f9fc7b26892d480,True,synthetic_distribution,False,disable_adaptive_trigger,337,337,262,0,28683.364,0.007967601111111111,146,2.433333333333333,146,2.433333333333333,133,122,153,92,82,0.8913043478260869,0.10869565217391308,0.46564885496183206,82,395.9565609756194,175.58399999991525,583.8005476207024,1108.9776000002873,1753.831900000202,2691.9808699998803,135.35599999967963,2997.8150000000023,146,198.18158219179307,163.6054999998305,54.487825020309096,271.13649999990594,275.5882499999716,285.104899999965,126.31499999994412,291.7489999998361,146,199.18158219179307,164.6054999998305,54.487825020309096,272.13649999990594,276.5882499999716,286.104899999965,127.31499999994412,292.7489999998361,0,251.0,13.0,11.0,62.0,0.9507575757575758,0.9580152671755725,0.9543726235741445,0.17333333333333334,0.04198473282442748,0.9150326797385621,0.0,122,11,11,0.9172932330827067,0.9172932330827067,0.9172932330827067,0.9172932330827067,0.8379157894736843,0.09655808492278285,0.17668461538461538,0.5821917808219178,0.4178082191780822,,,not_computed_no_bbox_data,0,0,0.0,0,0,0,0.0,0,0,0,153,7,146,7,,,0,0.0457516339869281,0.05,0.0457516339869281,0.0,,,0.4,0,0,7,0,0,0,111.0,146,0.6595739726027396,0.6365000000000001,0.12661104982817395,0.853,0.903675,1.0361700000000005,0.5054,1.1319,146,0.0,0.0,0.0,0.0,0.0,0.0,0.0,0.0,146,0,0,0,0,0.0,0.0,3599505.502,215970.330112,337.0,30.33,61.2,5.814,96.298,8.185342,3571316.642,28570.533136,438.0,65.7,20505.066,8612.12767,6579.292,2763.302666,1161.0,348.3,0.0,0.0,216014.659454,40359.963472,256374.62292599998,4272.9103821,760.7555576439169,1755.9905679863014,1927.628743804511,2101.4313354590163,5.814,256374.622926,3600000.0,3600000.0,normal__s08__no_adaptive_trigger,no_adaptive_trigger,ablation,,,True,
secure,normal,8,3600.0,3f9fc7b26892d480,True,synthetic_distribution,False,disable_burst_detection,337,337,262,0,28683.364,0.007967601111111111,146,2.433333333333333,146,2.433333333333333,133,122,153,92,82,0.8913043478260869,0.10869565217391308,0.46564885496183206,82,395.9565609756194,175.58399999991525,583.8005476207024,1108.9776000002873,1753.831900000202,2691.9808699998803,135.35599999967963,2997.8150000000023,146,198.18158219179307,163.6054999998305,54.487825020309096,271.13649999990594,275.5882499999716,285.104899999965,126.31499999994412,291.7489999998361,146,199.18158219179307,164.6054999998305,54.487825020309096,272.13649999990594,276.5882499999716,286.104899999965,127.31499999994412,292.7489999998361,0,251.0,13.0,11.0,62.0,0.9507575757575758,0.9580152671755725,0.9543726235741445,0.17333333333333334,0.04198473282442748,0.9150326797385621,0.0,122,11,11,0.9172932330827067,0.9172932330827067,0.9172932330827067,0.9172932330827067,0.8379157894736843,0.09655808492278285,0.17668461538461538,0.5821917808219178,0.4178082191780822,,,not_computed_no_bbox_data,0,0,0.0,0,0,0,0.0,0,0,0,153,7,146,7,,,0,0.0457516339869281,0.05,0.0457516339869281,0.0,,,0.4,0,0,7,0,0,0,111.0,146,0.6595739726027396,0.6365000000000001,0.12661104982817395,0.853,0.903675,1.0361700000000005,0.5054,1.1319,146,0.0,0.0,0.0,0.0,0.0,0.0,0.0,0.0,146,0,0,0,0,0.0,0.0,3599505.502,215970.330112,337.0,30.33,61.2,5.814,96.298,8.185342,3571316.642,28570.533136,438.0,65.7,20505.066,8612.12767,6579.292,2763.302666,1161.0,348.3,0.0,0.0,216014.659454,40359.963472,256374.62292599998,4272.9103821,760.7555576439169,1755.9905679863014,1927.628743804511,2101.4313354590163,5.814,256374.622926,3600000.0,3600000.0,normal__s08__no_burst_detection,no_burst_detection,ablation,,,True,
secure,normal,8,3600.0,3f9fc7b26892d480,True,synthetic_distribution,False,disable_consistency_check,337,337,262,0,28683.364,0.007967601111111111,146,2.433333333333333,146,2.433333333333333,133,122,153,92,82,0.8913043478260869,0.10869565217391308,0.46564885496183206,82,395.9565609756194,175.58399999991525,583.8005476207024,1108.9776000002873,1753.831900000202,2691.9808699998803,135.35599999967963,2997.8150000000023,146,198.18158219179307,163.6054999998305,54.487825020309096,271.13649999990594,275.5882499999716,285.104899999965,126.31499999994412,291.7489999998361,146,199.18158219179307,164.6054999998305,54.487825020309096,272.13649999990594,276.5882499999716,286.104899999965,127.31499999994412,292.7489999998361,0,251.0,13.0,11.0,62.0,0.9507575757575758,0.9580152671755725,0.9543726235741445,0.17333333333333334,0.04198473282442748,0.9150326797385621,0.0,122,11,11,0.9172932330827067,0.9172932330827067,0.9172932330827067,0.9172932330827067,0.8379157894736843,0.09655808492278285,0.17668461538461538,0.5821917808219178,0.4178082191780822,,,not_computed_no_bbox_data,0,0,0.0,0,0,0,0.0,0,0,0,153,7,146,7,,,0,0.0457516339869281,0.05,0.0457516339869281,0.0,,,0.4,0,0,7,0,0,0,111.0,146,0.6595739726027396,0.6365000000000001,0.12661104982817395,0.853,0.903675,1.0361700000000005,0.5054,1.1319,146,0.0,0.0,0.0,0.0,0.0,0.0,0.0,0.0,146,0,0,0,0,0.0,0.0,3599505.502,215970.330112,337.0,30.33,61.2,5.814,96.298,8.185342,3571316.642,28570.533136,438.0,65.7,20505.066,8612.12767,6579.292,2763.302666,1161.0,348.3,0.0,0.0,216014.659454,40359.963472,256374.62292599998,4272.9103821,760.7555576439169,1755.9905679863014,1927.628743804511,2101.4313354590163,5.814,256374.622926,3600000.0,3600000.0,normal__s08__no_consistency_check,no_consistency_check,ablation,,,True,
secure,normal,8,3600.0,3f9fc7b26892d480,True,synthetic_distribution,False,disable_cooldown,337,337,262,0,49474.63699999999,0.01374295472222222,246,4.1,252,4.2,236,219,264,92,89,0.967391304347826,0.03260869565217395,0.8358778625954199,89,345.5743146067568,193.47500000009313,446.81208962118745,802.5847999999767,1255.4303999998606,2040.1462000000504,135.35599999967963,2997.8150000000023,252,201.3698055555612,166.49300000001676,58.11533678641717,271.949199999962,278.84275000005726,303.65948000013617,126.31499999994412,446.87100000004284,252,202.3698055555612,167.49300000001676,58.11533678641717,272.949199999962,279.84275000005726,304.65948000013617,127.31499999994412,447.87100000004284,0,251.0,13.0,11.0,62.0,0.9507575757575758,0.9580152671755725,0.9543726235741445,0.17333333333333334,0.04198473282442748,0.9507575757575758,0.0,219,17,20,0.9279661016949152,0.9163179916317992,0.9221052631578948,0.9279661016949152,0.8340933054393305,0.10696579106983799,0.17668461538461538,0.5873015873015873,0.4126984126984127,,,not_computed_no_bbox_data,0,0,0.0,0,0,0,0.0,0,0,0,264,12,252,12,,,0,0.045454545454545456,0.04780876494023904,0.045454545454545456,0.0,,,0.4,1,0,11,0,0,0,0.0,252,0.6621928571428572,0.6365000000000001,0.12962761693513578,0.86653,0.9174199999999999,1.069198,0.5008,1.1319,252,3.313138888888889,0.0,22.840582593526566,0.0,0.0,135.61917000000048,0.0,227.188,252,0,0,0,0,0.0,0.0,3599390.527,215963.43164,337.0,30.33,105.6,10.032,166.873,14.184177,3550525.369,28404.202948,738.0,110.7,35395.345,14866.04477,11320.787,4754.730459,2020.5,606.15,0.0,0.0,216017.97781699998,48741.828176999996,264759.805994,4412.663433233333,785.6374065103857,1050.6341507698412,1121.8635847203388,1208.9488858173515,10.032,264759.805995,3600000.0,3600000.001,normal__s08__no_cooldown,no_cooldown,ablation,,,True,
secure,normal,8,3600.0,3f9fc7b26892d480,True,synthetic_distribution,False,disable_early_exit,337,337,262,0,37913.143,0.01053142861111111,146,2.433333333333333,146,2.433333333333333,133,125,153,92,83,0.9021739130434783,0.09782608695652173,0.4770992366412214,83,428.7985060240999,261.53200000012293,521.4295863758898,912.4314000001156,1637.5246999999886,2688.205139999877,224.44200000003912,2997.8150000000023,146,261.3992534246699,260.14549999998417,14.12693625119706,279.1809999999823,285.4504999999772,293.45619999999184,223.44200000003912,295.0219999999972,146,262.3992534246699,261.14549999998417,14.12693625119706,280.1809999999823,286.4504999999772,294.45619999999184,224.44200000003912,296.0219999999972,0,251.0,13.0,11.0,62.0,0.9507575757575758,0.9580152671755725,0.9543726235741445,0.17333333333333334,0.04198473282442748,0.9150326797385621,0.0,125,8,8,0.9398496240601504,0.9398496240601504,0.9398496240601504,0.9398496240601504,0.8673796992481203,0.11104223245138604,0.1703153846153846,0.0,1.0,,,not_computed_no_bbox_data,0,0,0.0,0,0,0,0.0,0,0,0,153,7,146,7,,,0,0.0457516339869281,0.05,0.0457516339869281,0.0,,,0.4,0,0,7,0,0,0,111.0,146,0.6595739726027396,0.6365000000000001,0.12661104982817395,0.853,0.903675,1.0361700000000005,0.5054,1.1319,146,0.0,0.0,0.0,0.0,0.0,0.0,0.0,0.0,146,0,0,0,0,0.0,0.0,3599505.502,215970.330112,337.0,30.33,61.2,5.814,96.298,8.185342,3562086.86,28496.694881,438.0,65.7,20505.066,8612.12767,15816.574,6642.961053,1153.5,346.05,0.0,0.0,216014.659454,44163.533604000004,260178.193058,4336.303217633334,772.0421158991098,1782.0424182054794,1956.2270154736843,2081.425544464,5.814,260178.193058,3600000.0,3600000.0,normal__s08__no_early_exit,no_early_exit,ablation,,,True,
secure,normal,8,3600.0,3f9fc7b26892d480,True,synthetic_distribution,False,disable_rate_limit,337,337,262,0,28683.364,0.007967601111111111,146,2.433333333333333,146,2.433333333333333,133,122,153,92,82,0.8913043478260869,0.10869565217391308,0.46564885496183206,82,395.9565609756194,175.58399999991525,583.8005476207024,1108.9776000002873,1753.831900000202,2691.9808699998803,135.35599999967963,2997.8150000000023,146,198.18158219179307,163.6054999998305,54.487825020309096,271.13649999990594,275.5882499999716,285.104899999965,126.31499999994412,291.7489999998361,146,199.18158219179307,164.6054999998305,54.487825020309096,272.13649999990594,276.5882499999716,286.104899999965,127.31499999994412,292.7489999998361,0,251.0,13.0,11.0,62.0,0.9507575757575758,0.9580152671755725,0.9543726235741445,0.17333333333333334,0.04198473282442748,0.9150326797385621,0.0,122,11,11,0.9172932330827067,0.9172932330827067,0.9172932330827067,0.9172932330827067,0.8379157894736843,0.09655808492278285,0.17668461538461538,0.5821917808219178,0.4178082191780822,,,not_computed_no_bbox_data,0,0,0.0,0,0,0,0.0,0,0,0,153,7,146,7,,,0,0.0457516339869281,0.05,0.0457516339869281,0.0,,,0.4,0,0,7,0,0,0,111.0,146,0.6595739726027396,0.6365000000000001,0.12661104982817395,0.853,0.903675,1.0361700000000005,0.5054,1.1319,146,0.0,0.0,0.0,0.0,0.0,0.0,0.0,0.0,146,0,0,0,0,0.0,0.0,3599505.502,215970.330112,337.0,30.33,61.2,5.814,96.298,8.185342,3571316.642,28570.533136,438.0,65.7,20505.066,8612.12767,6579.292,2763.302666,1161.0,348.3,0.0,0.0,216014.659454,40359.963472,256374.62292599998,4272.9103821,760.7555576439169,1755.9905679863014,1927.628743804511,2101.4313354590163,5.814,256374.622926,3600000.0,3600000.0,normal__s08__no_rate_limit,no_rate_limit,ablation,,,True,
secure,normal,8,3600.0,3f9fc7b26892d480,True,synthetic_distribution,False,disable_replay_protection,337,337,262,0,30112.033000000003,0.008364453611111112,153,2.55,153,2.55,140,128,153,92,82,0.8913043478260869,0.10869565217391308,0.48854961832061067,82,395.9565609756194,175.58399999991525,583.8005476207024,1108.9776000002873,1753.831900000202,2691.9808699998803,135.35599999967963,2997.8150000000023,153,198.52903921569816,164.53099999995902,54.427973845426024,271.4199999999255,276.2436000001617,286.00916000002064,126.31499999994412,291.7489999998361,153,199.52903921569816,165.53099999995902,54.427973845426024,272.4199999999255,277.2436000001617,287.00916000002064,127.31499999994412,292.7489999998361,0,251.0,13.0,11.0,62.0,0.9507575757575758,0.9580152671755725,0.9543726235741445,0.17333333333333334,0.04198473282442748,0.9150326797385621,0.0,128,12,12,0.9142857142857143,0.9142857142857143,0.9142857142857143,0.9142857142857143,0.8368099999999999,0.09571384532579578,0.17668461538461538,0.5816993464052288,0.41830065359477125,,,not_computed_no_bbox_data,0,0,0.0,0,0,0,0.0,0,0,0,153,0,153,0,,,0,0.0,0.0,0.0,,,,0.4,0,0,0,0,0,0,111.0,153,0.6594496732026144,0.6377,0.12472941456787624,0.84416,0.90322,1.0325719999999994,0.5054,1.1319,153,0.0,0.0,0.0,0.0,0.0,0.0,0.0,0.0,153,0,0,0,0,0.0,0.0,3599500.904,215970.054234,337.0,30.33,61.2,5.814,100.896,8.576169,3569887.972,28559.103777,459.0,68.85,21510.016,9034.206666,6929.512,2910.395029,1213.5,364.05,0.0,0.0,216014.77440300002,40936.605472,256951.379875,4282.522997916667,762.4670025964392,1679.4207834967322,1835.3669991071429,2007.4326552734376,5.814,256951.379875,3600000.0000000005,3600000.0,normal__s08__no_replay_protection,no_replay_protection,ablation,,,True,
secure,normal,8,3600.0,3f9fc7b26892d480,True,synthetic_distribution,False,disable_security,337,337,262,0,30112.033000000003,0.008364453611111112,153,2.55,153,2.55,140,128,153,92,82,0.8913043478260869,0.10869565217391308,0.48854961832061067,82,395.55656097560717,175.18399999989197,583.8005476207045,1108.5776000003573,1753.431900000069,2691.5808699999625,134.95599999977276,2997.4150000000373,153,198.12903921569057,164.1309999995865,54.42797384540745,271.0200000000186,275.84360000006853,285.609160000002,125.91499999992084,291.3489999999292,153,199.12903921569057,165.1309999995865,54.42797384540745,272.0200000000186,276.84360000006853,286.609160000002,126.91499999992084,292.3489999999292,0,251.0,13.0,11.0,62.0,0.9507575757575758,0.9580152671755725,0.9543726235741445,0.17333333333333334,0.04198473282442748,0.9150326797385621,0.0,128,12,12,0.9142857142857143,0.9142857142857143,0.9142857142857143,0.9142857142857143,0.8368099999999999,0.09571384532579578,0.17668461538461538,0.5816993464052288,0.41830065359477125,,,not_computed_no_bbox_data,0,0,0.0,0,0,0,0.0,0,0,0,0,0,0,0,,,0,,,,,,,0.0,0,0,0,0,0,0,111.0,153,0.6594496732026144,0.6377,0.12472941456787624,0.84416,0.90322,1.0325719999999994,0.5054,1.1319,153,0.0,0.0,0.0,0.0,0.0,0.0,0.0,0.0,153,0,0,0,0,0.0,0.0,3599562.104,215973.726234,337.0,30.33,0.0,0.0,100.896,8.576169,3569887.972,28559.103777,459.0,68.85,21510.016,9034.206666,6929.512,2910.395029,1213.5,364.05,0.0,0.0,216012.632403,40936.605472,256949.237875,4282.487297916667,762.4606465133531,1679.406783496732,1835.3516991071428,2007.4159208984374,0.0,256949.237875,3600000.0,3600000.0,normal__s08__no_security,no_security,ablation,,,True,
always_on,normal,9,3600.0,f0835d6b2ef77a36,True,synthetic_distribution,False,,236,236,169,0,3600000.0,1.0,1,0.016666666666666666,234,3.9,166,149,0,50,49,0.98,0.020000000000000018,0.8816568047337278,49,389.2332653061039,288.7689999998547,326.339235091499,494.5997999999993,1124.3606000000607,1675.884319999907,147.94000000017695,1714.9520000000484,0,,,,,,,,,234,307.8472307692175,300.29349999985425,96.4537334403869,445.9302999999957,480.44920000003185,524.247840000058,147.94000000017695,612.2020000000484,0,,,,,,,,,,,,149,17,20,0.8975903614457831,0.8816568047337278,0.88955223880597,0.8975903614457831,0.8263124260355029,0.11974542599638413,0.16025230769230772,0.5512820512820513,0.44871794871794873,,,not_computed_no_bbox_data,0,0,0.0,17907,248,0,,0,0,0,0,0,0,0,,,0,,,,,,,0.0,0,0,0,0,0,0,,0,,,,,,,,,0,,,,,,,,,0,0,0,0,0,3600000.0,18000.0,0.0,0.0,0.0,0.0,0.0,0.0,0.0,0.0,0.0,0.0,0.0,0.0,2547690.548,1070030.030262,942584.452,395885.469738,109725.0,32917.5,0.0,0.0,18000.0,1498833.0,1516833.0,25280.55,6427.2584745762715,,9137.548192771084,10180.087248322148,0.0,1516833.0,3600000.0,3600000.0,normal__s09__always_on,always_on,ablation,,,True,
secure,normal,9,3600.0,f0835d6b2ef77a36,True,synthetic_distribution,False,,236,236,169,0,17892.943,0.004970261944444445,90,1.5,90,1.5,73,67,96,50,45,0.9,0.09999999999999998,0.39644970414201186,45,501.0651999999885,170.24299999998766,995.9846927499133,1353.0012000000017,2032.254400000021,4451.203000000072,143.19599999999627,6091.699000000022,90,200.52701111110537,166.4409999998752,55.60456087519381,270.9130000000365,276.87839999990535,292.0474199999194,132.9680000001099,298.2970000000205,90,201.52701111110537,167.4409999998752,55.60456087519381,271.9130000000365,277.87839999990535,293.0474199999194,133.9680000001099,299.2970000000205,0,153.0,18.0,16.0,49.0,0.8947368421052632,0.9053254437869822,0.8999999999999999,0.26865671641791045,0.09467455621301775,0.8333333333333334,0.0,67,6,7,0.9178082191780822,0.9054054054054054,0.9115646258503401,0.9178082191780822,0.8229527027027027,0.11714146139986774,0.1640375,0.5777777777777777,0.4222222222222222,,,not_computed_no_bbox_data,0,0,0.0,0,0,0,0.0,0,0,0,96,6,90,6,,,0,0.0625,0.075,0.0625,0.0,,,0.4,0,0,6,0,0,0,73.0,90,0.6621644444444444,0.6345000000000001,0.13289341873873933,0.8309700000000001,0.9434549999999998,1.039838,0.504,1.134,90,0.0,0.0,0.0,0.0,0.0,0.0,0.0,0.0,90,0,0,0,0,0.0,0.0,3599666.005,215979.960311,236.0,21.24,38.4,3.648,59.595,5.065559,3582107.056,28656.856448,270.0,40.5,12699.948,5333.978274,4208.996,1767.778197,714.0,214.2,0.0,0.0,216009.91387,36013.312918999996,252023.226789,4200.38711315,1067.8950287669493,2800.2580754333335,3452.372969712329,3761.5406983432836,3.648,252023.22679,3600000.0,3599999.9999999995,normal__s09__full_secure,full_secure,ablation,,,True,
secure,normal,9,3600.0,f0835d6b2ef77a36,True,synthetic_distribution,False,disable_adaptive_trigger,236,236,169,0,17892.943,0.004970261944444445,90,1.5,90,1.5,73,67,96,50,45,0.9,0.09999999999999998,0.39644970414201186,45,501.0651999999885,170.24299999998766,995.9846927499133,1353.0012000000017,2032.254400000021,4451.203000000072,143.19599999999627,6091.699000000022,90,200.52701111110537,166.4409999998752,55.60456087519381,270.9130000000365,276.87839999990535,292.0474199999194,132.9680000001099,298.2970000000205,90,201.52701111110537,167.4409999998752,55.60456087519381,271.9130000000365,277.87839999990535,293.0474199999194,133.9680000001099,299.2970000000205,0,153.0,18.0,16.0,49.0,0.8947368421052632,0.9053254437869822,0.8999999999999999,0.26865671641791045,0.09467455621301775,0.8333333333333334,0.0,67,6,7,0.9178082191780822,0.9054054054054054,0.9115646258503401,0.9178082191780822,0.8229527027027027,0.11714146139986774,0.1640375,0.5777777777777777,0.4222222222222222,,,not_computed_no_bbox_data,0,0,0.0,0,0,0,0.0,0,0,0,96,6,90,6,,,0,0.0625,0.075,0.0625,0.0,,,0.4,0,0,6,0,0,0,73.0,90,0.6621644444444444,0.6345000000000001,0.13289341873873933,0.8309700000000001,0.9434549999999998,1.039838,0.504,1.134,90,0.0,0.0,0.0,0.0,0.0,0.0,0.0,0.0,90,0,0,0,0,0.0,0.0,3599666.005,215979.960311,236.0,21.24,38.4,3.648,59.595,5.065559,3582107.056,28656.856448,270.0,40.5,12699.948,5333.978274,4208.996,1767.778197,714.0,214.2,0.0,0.0,216009.91387,36013.312918999996,252023.226789,4200.38711315,1067.8950287669493,2800.2580754333335,3452.372969712329,3761.5406983432836,3.648,252023.22679,3600000.0,3599999.9999999995,normal__s09__no_adaptive_trigger,no_adaptive_trigger,ablation,,,True,
secure,normal,9,3600.0,f0835d6b2ef77a36,True,synthetic_distribution,False,disable_burst_detection,236,236,169,0,17892.943,0.004970261944444445,90,1.5,90,1.5,73,67,96,50,45,0.9,0.09999999999999998,0.39644970414201186,45,501.0651999999885,170.24299999998766,995.9846927499133,1353.0012000000017,2032.254400000021,4451.203000000072,143.19599999999627,6091.699000000022,90,200.52701111110537,166.4409999998752,55.60456087519381,270.9130000000365,276.87839999990535,292.0474199999194,132.9680000001099,298.2970000000205,90,201.52701111110537,167.4409999998752,55.60456087519381,271.9130000000365,277.87839999990535,293.0474199999194,133.9680000001099,299.2970000000205,0,153.0,18.0,16.0,49.0,0.8947368421052632,0.9053254437869822,0.8999999999999999,0.26865671641791045,0.09467455621301775,0.8333333333333334,0.0,67,6,7,0.9178082191780822,0.9054054054054054,0.9115646258503401,0.9178082191780822,0.8229527027027027,0.11714146139986774,0.1640375,0.5777777777777777,0.4222222222222222,,,not_computed_no_bbox_data,0,0,0.0,0,0,0,0.0,0,0,0,96,6,90,6,,,0,0.0625,0.075,0.0625,0.0,,,0.4,0,0,6,0,0,0,73.0,90,0.6621644444444444,0.6345000000000001,0.13289341873873933,0.8309700000000001,0.9434549999999998,1.039838,0.504,1.134,90,0.0,0.0,0.0,0.0,0.0,0.0,0.0,0.0,90,0,0,0,0,0.0,0.0,3599666.005,215979.960311,236.0,21.24,38.4,3.648,59.595,5.065559,3582107.056,28656.856448,270.0,40.5,12699.948,5333.978274,4208.996,1767.778197,714.0,214.2,0.0,0.0,216009.91387,36013.312918999996,252023.226789,4200.38711315,1067.8950287669493,2800.2580754333335,3452.372969712329,3761.5406983432836,3.648,252023.22679,3600000.0,3599999.9999999995,normal__s09__no_burst_detection,no_burst_detection,ablation,,,True,
secure,normal,9,3600.0,f0835d6b2ef77a36,True,synthetic_distribution,False,disable_consistency_check,236,236,169,0,17892.943,0.004970261944444445,90,1.5,90,1.5,73,67,96,50,45,0.9,0.09999999999999998,0.39644970414201186,45,501.0651999999885,170.24299999998766,995.9846927499133,1353.0012000000017,2032.254400000021,4451.203000000072,143.19599999999627,6091.699000000022,90,200.52701111110537,166.4409999998752,55.60456087519381,270.9130000000365,276.87839999990535,292.0474199999194,132.9680000001099,298.2970000000205,90,201.52701111110537,167.4409999998752,55.60456087519381,271.9130000000365,277.87839999990535,293.0474199999194,133.9680000001099,299.2970000000205,0,153.0,18.0,16.0,49.0,0.8947368421052632,0.9053254437869822,0.8999999999999999,0.26865671641791045,0.09467455621301775,0.8333333333333334,0.0,67,6,7,0.9178082191780822,0.9054054054054054,0.9115646258503401,0.9178082191780822,0.8229527027027027,0.11714146139986774,0.1640375,0.5777777777777777,0.4222222222222222,,,not_computed_no_bbox_data,0,0,0.0,0,0,0,0.0,0,0,0,96,6,90,6,,,0,0.0625,0.075,0.0625,0.0,,,0.4,0,0,6,0,0,0,73.0,90,0.6621644444444444,0.6345000000000001,0.13289341873873933,0.8309700000000001,0.9434549999999998,1.039838,0.504,1.134,90,0.0,0.0,0.0,0.0,0.0,0.0,0.0,0.0,90,0,0,0,0,0.0,0.0,3599666.005,215979.960311,236.0,21.24,38.4,3.648,59.595,5.065559,3582107.056,28656.856448,270.0,40.5,12699.948,5333.978274,4208.996,1767.778197,714.0,214.2,0.0,0.0,216009.91387,36013.312918999996,252023.226789,4200.38711315,1067.8950287669493,2800.2580754333335,3452.372969712329,3761.5406983432836,3.648,252023.22679,3600000.0,3599999.9999999995,normal__s09__no_consistency_check,no_consistency_check,ablation,,,True,
secure,normal,9,3600.0,f0835d6b2ef77a36,True,synthetic_distribution,False,disable_cooldown,236,236,169,0,30891.451,0.008580958611111111,150,2.5,158,2.6333333333333333,137,124,171,50,49,0.98,0.020000000000000018,0.7337278106508875,49,441.8458163265158,173.0270000002347,905.976193186359,955.9010000000708,1556.6367999998386,4033.8545200000162,143.19599999999627,6091.699000000022,158,202.62834810126378,165.20899999979883,62.51888022925183,273.961400000006,289.8793500001775,352.7291000002321,128.58499999996275,447.70699999993667,158,203.62834810126378,166.20899999979883,62.51888022925183,274.961400000006,290.8793500001775,353.7291000002321,129.58499999996275,448.70699999993667,0,153.0,18.0,16.0,49.0,0.8947368421052632,0.9053254437869822,0.8999999999999999,0.26865671641791045,0.09467455621301775,0.8947368421052632,0.0,124,13,16,0.9051094890510949,0.8857142857142857,0.8953068592057762,0.9051094890510949,0.8297342857142858,0.11728869551925465,0.16559444444444446,0.6012658227848101,0.3987341772151899,,,not_computed_no_bbox_data,0,0,0.0,0,0,0,0.0,0,0,0,171,13,158,13,,,0,0.07602339181286549,0.08496732026143791,0.07602339181286549,0.0,,,0.4,0,0,13,0,0,0,0.0,158,0.658337341772152,0.63605,0.1188974500506954,0.8202900000000001,0.8890750000000002,1.019536,0.503,1.134,158,5.392215189873418,0.0,28.468666204606805,0.0,1.9653000000000744,172.3719900000002,0.0,199.016,158,0,0,0,0,0.0,0.0,3599591.583,215975.494967,236.0,21.24,68.4,6.498,104.017,8.841464,3569108.55,28552.8684,450.0,67.5,22183.775,9317.18554,6994.675,2937.763435,1263.0,378.9,0.0,0.0,216012.074431,41254.217375,257266.29180600002,4287.771530100001,1090.1114059576273,1628.267669658228,1877.8561445693433,2074.7281597258066,6.498,257266.291807,3600000.0,3599999.9999999995,normal__s09__no_cooldown,no_cooldown,ablation,,,True,
secure,normal,9,3600.0,f0835d6b2ef77a36,True,synthetic_distribution,False,disable_early_exit,236,236,169,0,23625.522999999997,0.006562645277777777,90,1.5,90,1.5,73,70,96,50,46,0.92,0.07999999999999996,0.41420118343195267,46,535.0988695652194,271.07150000007823,943.4868867432131,1150.9495000001043,1590.9389999999808,4413.9190000000535,242.16400000010617,6091.699000000022,90,264.2223222222243,264.47600000025705,13.484097408310886,279.97520000021905,286.7054499999678,292.0474199999194,230.67900000000373,298.2970000000205,90,265.2223222222243,265.47600000025705,13.484097408310886,280.97520000021905,287.7054499999678,293.0474199999194,231.67900000000373,299.2970000000205,0,153.0,18.0,16.0,49.0,0.8947368421052632,0.9053254437869822,0.8999999999999999,0.26865671641791045,0.09467455621301775,0.8333333333333334,0.0,70,3,4,0.958904109589041,0.9459459459459459,0.9523809523809523,0.958904109589041,0.8464527027027027,0.13183569082823127,0.15533750000000002,0.0,1.0,,,not_computed_no_bbox_data,0,0,0.0,0,0,0,0.0,0,0,0,96,6,90,6,,,0,0.0625,0.075,0.0625,0.0,,,0.4,0,0,6,0,0,0,73.0,90,0.6621644444444444,0.6345000000000001,0.13289341873873933,0.8309700000000001,0.9434549999999998,1.039838,0.504,1.134,90,0.0,0.0,0.0,0.0,0.0,0.0,0.0,0.0,90,0,0,0,0,0.0,0.0,3599666.005,215979.960311,236.0,21.24,38.4,3.648,59.595,5.065559,3576374.476,28610.995812,270.0,40.5,12699.948,5333.978274,9947.575,4177.981599,708.0,212.4,0.0,0.0,216009.91387,38375.855685,254385.76955499998,4239.762825916666,1077.9058031991524,2826.508550611111,3484.736569246575,3634.0824222142855,3.648,254385.769555,3600000.0,3599999.999,normal__s09__no_early_exit,no_early_exit,ablation,,,True,
secure,normal,9,3600.0,f0835d6b2ef77a36,True,synthetic_distribution,False,disable_rate_limit,236,236,169,0,17892.943,0.004970261944444445,90,1.5,90,1.5,73,67,96,50,45,0.9,0.09999999999999998,0.39644970414201186,45,501.0651999999885,170.24299999998766,995.9846927499133,1353.0012000000017,2032.254400000021,4451.203000000072,143.19599999999627,6091.699000000022,90,200.52701111110537,166.4409999998752,55.60456087519381,270.9130000000365,276.87839999990535,292.0474199999194,132.9680000001099,298.2970000000205,90,201.52701111110537,167.4409999998752,55.60456087519381,271.9130000000365,277.87839999990535,293.0474199999194,133.9680000001099,299.2970000000205,0,153.0,18.0,16.0,49.0,0.8947368421052632,0.9053254437869822,0.8999999999999999,0.26865671641791045,0.09467455621301775,0.8333333333333334,0.0,67,6,7,0.9178082191780822,0.9054054054054054,0.9115646258503401,0.9178082191780822,0.8229527027027027,0.11714146139986774,0.1640375,0.5777777777777777,0.4222222222222222,,,not_computed_no_bbox_data,0,0,0.0,0,0,0,0.0,0,0,0,96,6,90,6,,,0,0.0625,0.075,0.0625,0.0,,,0.4,0,0,6,0,0,0,73.0,90,0.6621644444444444,0.6345000000000001,0.13289341873873933,0.8309700000000001,0.9434549999999998,1.039838,0.504,1.134,90,0.0,0.0,0.0,0.0,0.0,0.0,0.0,0.0,90,0,0,0,0,0.0,0.0,3599666.005,215979.960311,236.0,21.24,38.4,3.648,59.595,5.065559,3582107.056,28656.856448,270.0,40.5,12699.948,5333.978274,4208.996,1767.778197,714.0,214.2,0.0,0.0,216009.91387,36013.312918999996,252023.226789,4200.38711315,1067.8950287669493,2800.2580754333335,3452.372969712329,3761.5406983432836,3.648,252023.22679,3600000.0,3599999.9999999995,normal__s09__no_rate_limit,no_rate_limit,ablation,,,True,
secure,normal,9,3600.0,f0835d6b2ef77a36,True,synthetic_distribution,False,disable_replay_protection,236,236,169,0,18921.583,0.005255995277777778,96,1.6,96,1.6,79,73,96,50,45,0.9,0.09999999999999998,0.4319526627218935,45,501.0651999999885,170.24299999998766,995.9846927499133,1353.0012000000017,2032.254400000021,4451.203000000072,143.19599999999627,6091.699000000022,96,198.81883333332146,165.20899999979883,55.50180769074319,271.1890000000185,276.841499999864,291.6260999999125,132.9680000001099,298.2970000000205,96,199.81883333332146,166.20899999979883,55.50180769074319,272.1890000000185,277.841499999864,292.6260999999125,133.9680000001099,299.2970000000205,0,153.0,18.0,16.0,49.0,0.8947368421052632,0.9053254437869822,0.8999999999999999,0.26865671641791045,0.09467455621301775,0.8333333333333334,0.0,73,6,7,0.9240506329113924,0.9125,0.9182389937106918,0.9240506329113924,0.82750375,0.11423660594423413,0.1640375,0.59375,0.40625,,,not_computed_no_bbox_data,0,0,0.0,0,0,0,0.0,0,0,0,96,0,96,0,,,0,0.0,0.0,0.0,,,,0.4,0,0,0,0,0,0,73.0,96,0.662490625,0.6345000000000001,0.13099620330225323,0.82325,0.9278249999999999,1.0334899999999998,0.504,1.134,96,0.0,0.0,0.0,0.0,0.0,0.0,0.0,0.0,96,0,0,0,0,0.0,0.0,3599662.001,215979.720056,236.0,21.24,38.4,3.648,63.599,5.405921,3581078.416,28648.627328,288.0,43.2,13551.441,5691.605429,4320.142,1814.459826,762.0,228.6,0.0,0.0,216010.01397699997,36426.492583,252436.50656,4207.275109333334,1069.6462142372882,2629.5469433333333,3195.39881721519,3458.034336438356,3.648,252436.50656,3600000.0,3599999.9990000003,normal__s09__no_replay_protection,no_replay_protection,ablation,,,True,
secure,normal,9,3600.0,f0835d6b2ef77a36,True,synthetic_distribution,False,disable_security,236,236,169,0,18921.583,0.005255995277777778,96,1.6,96,1.6,79,73,96,50,45,0.9,0.09999999999999998,0.4319526627218935,45,500.66519999999826,169.84299999999348,995.9846927498616,1352.6011999999928,2031.8543999999279,4450.802999999904,142.7960000000894,6091.29899999965,96,198.41883333332132,164.80899999989197,55.501807690748066,270.78899999983514,276.44149999995716,291.22610000000566,132.56800000020303,297.8970000001136,96,199.41883333332132,165.80899999989197,55.501807690748066,271.78899999983514,277.44149999995716,292.22610000000566,133.56800000020303,298.8970000001136,0,153.0,18.0,16.0,49.0,0.8947368421052632,0.9053254437869822,0.8999999999999999,0.26865671641791045,0.09467455621301775,0.8333333333333334,0.0,73,6,7,0.9240506329113924,0.9125,0.9182389937106918,0.9240506329113924,0.82750375,0.11423660594423413,0.1640375,0.59375,0.40625,,,not_computed_no_bbox_data,0,0,0.0,0,0,0,0.0,0,0,0,0,0,0,0,,,0,,,,,,,0.0,0,0,0,0,0,0,73.0,96,0.662490625,0.6345000000000001,0.13099620330225323,0.82325,0.9278249999999999,1.0334899999999998,0.504,1.134,96,0.0,0.0,0.0,0.0,0.0,0.0,0.0,0.0,96,0,0,0,0,0.0,0.0,3599700.401,215982.024056,236.0,21.24,0.0,0.0,63.599,5.405921,3581078.416,28648.627328,288.0,43.2,13551.441,5691.605429,4320.142,1814.459826,762.0,228.6,0.0,0.0,216008.66997699998,36426.492583,252435.16256,4207.252709333333,1069.640519322034,2629.532943333333,3195.381804556962,3458.015925479452,0.0,252435.16256,3600000.0,3599999.9990000003,normal__s09__no_security,no_security,ablation,,,True,
always_on,normal,10,3600.0,220e83a8abd0d618,True,synthetic_distribution,False,,249,249,166,0,3600000.0,1.0,1,0.016666666666666666,247,4.116666666666666,164,147,0,56,55,0.9821428571428571,0.017857142857142905,0.8855421686746988,55,462.88067272727176,340.47199999995064,374.8406091979558,954.5984,1359.3444000000018,1727.391120000007,191.06099999998696,1981.3919999999925,0,,,,,,,,,247,322.685226720645,309.7600000000093,113.09621079113785,464.74079999998213,517.3949999999487,725.0772400000608,146.40500000002794,828.8499999999767,0,,,,,,,,,,,,147,18,19,0.8909090909090909,0.8855421686746988,0.8882175226586103,0.8963414634146342,0.8552885542168673,0.08814750476033227,0.16431111111111113,0.5546558704453441,0.44534412955465585,,,not_computed_no_bbox_data,1,0,1.0,17863,252,0,,0,0,0,0,0,0,0,,,0,,,,,,,0.0,0,0,0,0,0,0,,0,,,,,,,,,0,,,,,,,,,0,0,0,0,0,3600000.0,18000.0,0.0,0.0,0.0,0.0,0.0,0.0,0.0,0.0,0.0,0.0,0.0,0.0,2543066.49,1068087.925705,947376.51,397898.134295,109557.0,32867.1,0.0,0.0,18000.0,1498853.1600000001,1516853.1600000001,25280.886000000002,6091.779759036145,,9249.104634146343,10318.728979591839,0.0,1516853.16,3600000.0,3600000.0,normal__s10__always_on,always_on,ablation,,,True,
secure,normal,10,3600.0,220e83a8abd0d618,True,synthetic_distribution,False,,249,249,166,0,18158.348,0.005043985555555556,90,1.5,90,1.5,71,64,96,56,45,0.8035714285714286,0.1964285714285714,0.3855421686746988,45,370.20655555552804,165.00600000005215,511.98819642778705,829.2247999999686,1659.436199999879,2218.2964799999268,128.0529999998398,2379.0209999999497,90,203.4633222222134,165.57600000000093,57.886179134229124,274.3113999999943,278.32464999997757,286.4561299998872,127.05299999983981,288.93299999972805,90,204.4633222222134,166.57600000000093,57.886179134229124,275.3113999999943,279.32464999997757,287.4561299998872,128.0529999998398,289.93299999972805,0,153.0,21.0,13.0,62.0,0.8793103448275862,0.9216867469879518,0.9,0.25301204819277107,0.0783132530120482,0.8125,0.0,64,7,8,0.9014084507042254,0.8888888888888888,0.8951048951048951,0.9014084507042254,0.8522027777777778,0.08563164804618005,0.17322777777777779,0.5333333333333333,0.4666666666666667,,,not_computed_no_bbox_data,0,0,0.0,0,0,0,0.0,0,0,0,96,6,90,6,,,0,0.0625,0.07692307692307693,0.0625,0.0,,,0.4,0,0,3,3,0,0,75.0,90,0.6428022222222224,0.61895,0.10400550436792501,0.7902300000000001,0.838395,0.947346,0.5002,0.9639,90,0.0,0.0,0.0,0.0,0.0,0.0,0.0,0.0,90,0,0,0,0,0.0,0.0,3599654.748,215979.284872,249.0,22.41,38.4,3.648,57.852,4.917432,3581841.653,28654.733227,270.0,40.5,12574.274,5281.194916,4613.573,1937.700674,700.5,210.15,0.0,0.0,216010.26030399997,36124.278817,252134.53912099998,4202.242318683333,1012.5885105261043,2801.494879122222,3551.19069184507,3939.6021737656247,3.648,252134.539121,3600000.0,3600000.0,normal__s10__full_secure,full_secure,ablation,,,True,
secure,normal,10,3600.0,220e83a8abd0d618,True,synthetic_distribution,False,disable_adaptive_trigger,249,249,166,0,18716.072999999997,0.0051989091666666655,92,1.5333333333333334,92,1.5333333333333334,73,66,98,56,46,0.8214285714285714,0.1785714285714286,0.39759036144578314,46,387.3158260869291,171.30750000002445,560.5124026705067,738.8789999999572,1944.217999999877,2325.5830499999674,128.0529999998398,2379.0209999999497,92,205.13810869564307,171.82699999997567,57.52513185191953,274.2265999999945,278.19634999997214,286.4004699998908,127.05299999983981,288.93299999972805,92,206.13810869564307,172.82699999997567,57.52513185191953,275.2265999999945,279.19634999997214,287.4004699998908,128.0529999998398,289.93299999972805,0,156.0,21.0,10.0,62.0,0.8813559322033898,0.9397590361445783,0.9096209912536444,0.25301204819277107,0.060240963855421686,0.8163265306122449,0.0,66,7,8,0.9041095890410958,0.8918918918918919,0.8979591836734694,0.9041095890410958,0.8547364864864865,0.08520495125867372,0.17322777777777779,0.5217391304347826,0.4782608695652174,,,not_computed_no_bbox_data,0,0,0.0,0,0,0,0.0,0,0,0,98,6,92,6,,,0,0.061224489795918366,0.075,0.061224489795918366,0.0,,,0.4,0,0,3,3,0,0,76.0,92,0.6416326086956523,0.61195,0.10333249875336621,0.78981,0.836905,0.9469740000000001,0.5002,0.9639,92,0.0,0.0,0.0,0.0,0.0,0.0,0.0,0.0,92,0,0,0,0,0.0,0.0,3599652.77,215979.166193,249.0,22.41,39.2,3.724,59.03,5.017561,3581283.927,28650.271419,276.0,41.4,12887.649,5412.812449,4833.924,2030.248056,718.5,215.55,0.0,0.0,216010.317754,36350.281924,252360.599678,4206.009994633333,1013.4963842489959,2743.0499965,3456.9945161369865,3823.6454496666665,3.724,252360.599677,3600000.0,3600000.0000000005,normal__s10__no_adaptive_trigger,no_adaptive_trigger,ablation,,,True,
secure,normal,10,3600.0,220e83a8abd0d618,True,synthetic_distribution,False,disable_burst_detection,249,249,166,0,18728.948999999997,0.005202485833333333,93,1.55,93,1.55,74,67,96,56,47,0.8392857142857143,0.1607142857142857,0.4036144578313253,47,468.0332553191222,177.60899999999674,744.2817061083365,1313.2378000000374,1930.313999999872,3282.7379999999735,128.0529999998398,4052.5709999999963,93,203.098021505368,165.7730000000447,57.384885955346455,274.20819999999367,278.13219999996943,286.37263999989256,127.05299999983981,288.93299999972805,93,204.098021505368,166.7730000000447,57.384885955346455,275.20819999999367,279.13219999996943,287.37263999989256,128.0529999998398,289.93299999972805,0,153.0,21.0,13.0,62.0,0.8793103448275862,0.9216867469879518,0.9,0.25301204819277107,0.0783132530120482,0.8125,0.0,67,7,8,0.9054054054054054,0.8933333333333333,0.8993288590604026,0.9054054054054054,0.8517826666666667,0.09011106266388393,0.17322777777777779,0.5376344086021505,0.46236559139784944,,,not_computed_no_bbox_data,0,0,0.0,0,0,0,0.0,0,0,0,96,3,93,3,,,0,0.03125,0.038461538461538464,0.03125,0.0,,,0.4,0,0,3,0,0,0,75.0,93,0.6503139784946238,0.6264,0.11410663833087645,0.79638,0.8582,0.9732839999999998,0.5002,1.0812,93,0.0,0.0,0.0,0.0,0.0,0.0,0.0,0.0,93,0,0,0,0,0.0,0.0,3599652.121,215979.127251,249.0,22.41,38.4,3.648,60.479,5.140728,3581271.052,28650.168417,279.0,41.85,13004.095,5461.720017,4719.853,1982.33808,726.0,217.8,0.0,0.0,216010.325979,36353.876514,252364.20249299996,4206.07004155,1013.510853385542,2713.593575193548,3410.327060716216,3766.6298879552232,3.648,252364.202493,3599999.9999999995,3600000.0000000005,normal__s10__no_burst_detection,no_burst_detection,ablation,,,True,
secure,normal,10,3600.0,220e83a8abd0d618,True,synthetic_distribution,False,disable_consistency_check,249,249,166,0,18158.348,0.005043985555555556,90,1.5,90,1.5,71,64,96,56,45,0.8035714285714286,0.1964285714285714,0.3855421686746988,45,370.20655555552804,165.00600000005215,511.98819642778705,829.2247999999686,1659.436199999879,2218.2964799999268,128.0529999998398,2379.0209999999497,90,203.4633222222134,165.57600000000093,57.886179134229124,274.3113999999943,278.32464999997757,286.4561299998872,127.05299999983981,288.93299999972805,90,204.4633222222134,166.57600000000093,57.886179134229124,275.3113999999943,279.32464999997757,287.4561299998872,128.0529999998398,289.93299999972805,0,153.0,21.0,13.0,62.0,0.8793103448275862,0.9216867469879518,0.9,0.25301204819277107,0.0783132530120482,0.8125,0.0,64,7,8,0.9014084507042254,0.8888888888888888,0.8951048951048951,0.9014084507042254,0.8522027777777778,0.08563164804618005,0.17322777777777779,0.5333333333333333,0.4666666666666667,,,not_computed_no_bbox_data,0,0,0.0,0,0,0,0.0,0,0,0,96,6,90,6,,,0,0.0625,0.07692307692307693,0.0625,0.0,,,0.4,0,0,3,3,0,0,75.0,90,0.6428022222222224,0.61895,0.10400550436792501,0.7902300000000001,0.838395,0.947346,0.5002,0.9639,90,0.0,0.0,0.0,0.0,0.0,0.0,0.0,0.0,90,0,0,0,0,0.0,0.0,3599654.748,215979.284872,249.0,22.41,38.4,3.648,57.852,4.917432,3581841.653,28654.733227,270.0,40.5,12574.274,5281.194916,4613.573,1937.700674,700.5,210.15,0.0,0.0,216010.26030399997,36124.278817,252134.53912099998,4202.242318683333,1012.5885105261043,2801.494879122222,3551.19069184507,3939.6021737656247,3.648,252134.539121,3600000.0,3600000.0,normal__s10__no_consistency_check,no_consistency_check,ablation,,,True,
secure,normal,10,3600.0,220e83a8abd0d618,True,synthetic_distribution,False,disable_cooldown,249,249,166,0,30514.593,0.008476275833333333,145,2.4166666666666665,155,2.5833333333333335,132,118,174,56,54,0.9642857142857143,0.0357142857142857,0.7108433734939759,54,400.22668518515843,250.20450000005076,443.3296538626779,1168.1025999999956,1337.8284000000856,1873.445409999937,128.0529999998398,2013.7379999998957,155,209.37756774192712,165.37899999995716,76.73233256993869,277.6117999999784,300.79679999982403,501.79458000001773,127.05299999983981,595.6300000000047,155,210.37756774192712,166.37899999995716,76.73233256993869,278.6117999999784,301.79679999982403,502.79458000001773,128.0529999998398,596.6300000000047,0,153.0,21.0,13.0,62.0,0.8793103448275862,0.9216867469879518,0.9,0.25301204819277107,0.0783132530120482,0.8793103448275862,0.0,118,14,16,0.8939393939393939,0.8805970149253731,0.887218045112782,0.8939393939393939,0.8597798507462686,0.08296740530373779,0.16679523809523808,0.5741935483870968,0.4258064516129032,,,not_computed_no_bbox_data,0,0,0.0,0,0,0,0.0,0,0,0,174,19,155,19,,,0,0.10919540229885058,0.12418300653594772,0.10919540229885058,0.0,,,0.4,0,0,11,8,0,0,0.0,155,0.647592258064516,0.6272,0.10817366780878652,0.80094,0.8635099999999998,0.9538560000000001,0.5002,0.972,155,10.802535483870969,0.0,49.2323286017334,0.0,40.69689999999973,262.2341000000002,0.0,339.692,155,0,0,0,0,0.0,0.0,3599581.023,215974.861396,249.0,22.41,69.6,6.612,100.377,8.532023,3569485.407,28555.88326,435.0,65.25,21561.872,9055.986397,7293.72,3063.362478,1224.0,367.2,0.0,0.0,216012.415419,41107.682135,257120.09755399998,4285.334959233333,1032.6108335502008,1658.8393390580643,1947.8795269242423,2178.983877576271,6.612,257120.097553,3600000.0,3599999.9990000003,normal__s10__no_cooldown,no_cooldown,ablation,,,True,
secure,normal,10,3600.0,220e83a8abd0d618,True,synthetic_distribution,False,disable_early_exit,249,249,166,0,23472.948999999997,0.006520263611111111,90,1.5,90,1.5,71,64,96,56,47,0.8392857142857143,0.1607142857142857,0.3855421686746988,47,430.3230638297862,269.22500000009313,498.81825492988753,653.8815999999746,1730.6644999998605,2262.6833999999317,242.43999999994412,2474.747999999963,90,262.51444444445076,262.5900000000838,12.698349364642473,277.74729999995327,281.03409999998405,289.607409999753,228.9099999999744,295.06399999995483,90,263.51444444445076,263.5900000000838,12.698349364642473,278.74729999995327,282.03409999998405,290.607409999753,229.9099999999744,296.06399999995483,0,153.0,21.0,13.0,62.0,0.8793103448275862,0.9216867469879518,0.9,0.25301204819277107,0.0783132530120482,0.8125,0.0,64,7,8,0.9014084507042254,0.8888888888888888,0.8951048951048951,0.9014084507042254,0.8697875,0.09740085596624778,0.17280555555555555,0.0,1.0,,,not_computed_no_bbox_data,0,0,0.0,0,0,0,0.0,0,0,0,96,6,90,6,,,0,0.0625,0.07692307692307693,0.0625,0.0,,,0.4,0,0,3,3,0,0,75.0,90,0.6428022222222224,0.61895,0.10400550436792501,0.7902300000000001,0.838395,0.947346,0.5002,0.9639,90,0.0,0.0,0.0,0.0,0.0,0.0,0.0,0.0,90,0,0,0,0,0.0,0.0,3599654.748,215979.284872,249.0,22.41,38.4,3.648,57.852,4.917432,3576527.052,28612.216418,270.0,40.5,12574.274,5281.194916,9934.174,4172.353134,694.5,208.35,0.0,0.0,216010.26030399997,38314.614468,254324.87477199998,4238.747912866666,1021.3850392449798,2825.831941911111,3582.0404897464787,3973.8261683124997,3.648,254324.874771,3600000.0,3600000.0000000005,normal__s10__no_early_exit,no_early_exit,ablation,,,True,
secure,normal,10,3600.0,220e83a8abd0d618,True,synthetic_distribution,False,disable_rate_limit,249,249,166,0,18158.348,0.005043985555555556,90,1.5,90,1.5,71,64,96,56,45,0.8035714285714286,0.1964285714285714,0.3855421686746988,45,370.20655555552804,165.00600000005215,511.98819642778705,829.2247999999686,1659.436199999879,2218.2964799999268,128.0529999998398,2379.0209999999497,90,203.4633222222134,165.57600000000093,57.886179134229124,274.3113999999943,278.32464999997757,286.4561299998872,127.05299999983981,288.93299999972805,90,204.4633222222134,166.57600000000093,57.886179134229124,275.3113999999943,279.32464999997757,287.4561299998872,128.0529999998398,289.93299999972805,0,153.0,21.0,13.0,62.0,0.8793103448275862,0.9216867469879518,0.9,0.25301204819277107,0.0783132530120482,0.8125,0.0,64,7,8,0.9014084507042254,0.8888888888888888,0.8951048951048951,0.9014084507042254,0.8522027777777778,0.08563164804618005,0.17322777777777779,0.5333333333333333,0.4666666666666667,,,not_computed_no_bbox_data,0,0,0.0,0,0,0,0.0,0,0,0,96,6,90,6,,,0,0.0625,0.07692307692307693,0.0625,0.0,,,0.4,0,0,3,3,0,0,75.0,90,0.6428022222222224,0.61895,0.10400550436792501,0.7902300000000001,0.838395,0.947346,0.5002,0.9639,90,0.0,0.0,0.0,0.0,0.0,0.0,0.0,0.0,90,0,0,0,0,0.0,0.0,3599654.748,215979.284872,249.0,22.41,38.4,3.648,57.852,4.917432,3581841.653,28654.733227,270.0,40.5,12574.274,5281.194916,4613.573,1937.700674,700.5,210.15,0.0,0.0,216010.26030399997,36124.278817,252134.53912099998,4202.242318683333,1012.5885105261043,2801.494879122222,3551.19069184507,3939.6021737656247,3.648,252134.539121,3600000.0,3600000.0,normal__s10__no_rate_limit,no_rate_limit,ablation,,,True,
secure,normal,10,3600.0,220e83a8abd0d618,True,synthetic_distribution,False,disable_replay_protection,249,249,166,0,18731.388,0.005203163333333333,93,1.55,93,1.55,74,67,96,56,45,0.8035714285714286,0.1964285714285714,0.4036144578313253,45,370.20655555552804,165.00600000005215,511.98819642778705,829.2247999999686,1659.436199999879,2218.2964799999268,128.0529999998398,2379.0209999999497,93,203.11291397848763,165.7730000000447,57.794943999689394,274.20819999999367,278.13219999996943,286.37263999989256,127.05299999983981,288.93299999972805,93,204.11291397848763,166.7730000000447,57.794943999689394,275.20819999999367,279.13219999996943,287.37263999989256,128.0529999998398,289.93299999972805,0,153.0,21.0,13.0,62.0,0.8793103448275862,0.9216867469879518,0.9,0.25301204819277107,0.0783132530120482,0.8125,0.0,67,7,8,0.9054054054054054,0.8933333333333333,0.8993288590604026,0.9054054054054054,0.8481466666666667,0.09277332639336636,0.17322777777777779,0.5376344086021505,0.46236559139784944,,,not_computed_no_bbox_data,0,0,0.0,0,0,0,0.0,0,0,0,96,3,93,3,,,0,0.03125,0.038461538461538464,0.03125,0.0,,,0.4,0,0,0,3,0,0,75.0,93,0.6408946236559141,0.6135,0.10327301340073163,0.78962,0.8361599999999999,0.946788,0.5002,0.9639,93,0.0,0.0,0.0,0.0,0.0,0.0,0.0,0.0,93,0,0,0,0,0.0,0.0,3599652.997,215979.179815,249.0,22.41,38.4,3.648,59.603,5.066262,3581268.613,28650.148908,279.0,41.85,13005.729,5462.406379,4722.157,1983.305976,724.5,217.35,0.0,0.0,216010.304077,36355.061263,252365.36534000002,4206.0894223333335,1013.5155234538154,2713.6060789247313,3410.342774864865,3766.647243880597,3.648,252365.365339,3600000.0,3599999.999,normal__s10__no_replay_protection,no_replay_protection,ablation,,,True,
secure,normal,10,3600.0,220e83a8abd0d618,True,synthetic_distribution,False,disable_security,249,249,166,0,19301.988999999998,0.0053616636111111105,96,1.6,96,1.6,77,70,96,56,47,0.8392857142857143,0.1607142857142857,0.42168674698795183,47,467.63325531915467,177.20899999997346,744.2817061083373,1312.8378000000607,1929.9139999999652,3282.337999999977,127.65299999993294,4052.170999999973,96,202.36997916667528,165.51049999997485,57.30963332138023,273.7530000000843,277.5397500000545,285.88914999999105,126.65299999993294,288.5329999998212,96,203.36997916667528,166.51049999997485,57.30963332138023,274.7530000000843,278.5397500000545,286.88914999999105,127.65299999993294,289.5329999998212,0,153.0,21.0,13.0,62.0,0.8793103448275862,0.9216867469879518,0.9,0.25301204819277107,0.0783132530120482,0.8125,0.0,70,7,8,0.9090909090909091,0.8974358974358975,0.9032258064516129,0.9090909090909091,0.847898717948718,0.09649473506072181,0.17322777777777779,0.5416666666666666,0.4583333333333333,,,not_computed_no_bbox_data,0,0,0.0,0,0,0,0.0,0,0,0,0,0,0,0,,,0,,,,,,,0.0,0,0,0,0,0,0,75.0,96,0.6482312499999999,0.6254,0.11328164928967742,0.7948500000000001,0.857975,0.9697649999999997,0.5002,1.0812,96,0.0,0.0,0.0,0.0,0.0,0.0,0.0,0.0,96,0,0,0,0,0.0,0.0,3599688.77,215981.326195,249.0,22.41,0.0,0.0,62.23,5.289557,3580698.012,28645.584098,288.0,43.2,13435.551,5642.93148,4828.437,2027.943382,750.0,225.0,0.0,0.0,216009.02575200002,36584.65896,252593.684712,4209.8947452,1014.4324687228915,2631.18421575,3280.437463792208,3608.4812101714283,0.0,252593.684712,3600000.0,3600000.0,normal__s10__no_security,no_security,ablation,,,True,
always_on,replay,1,3600.0,561851b759a2c33d,True,synthetic_distribution,False,,355,278,218,77,3600000.0,1.0,1,0.016666666666666666,354,5.9,213,187,0,75,71,0.9466666666666667,0.053333333333333344,0.8577981651376146,71,421.4908309859266,326.67500000004657,349.2604834420049,662.5679999999702,1222.1584999999031,1761.5817999999913,154.8649999999907,1764.6730000000098,0,,,,,,,,,354,315.3855112994198,310.5964999999851,103.14832829308256,427.797400000086,487.85555000000164,634.4581099999803,131.41599999999744,767.6689999999944,0,,,,,,,,,,,,187,28,30,0.8697674418604651,0.8617511520737328,0.8657407407407408,0.8779342723004695,0.8462617511520737,0.10661410364050065,0.16994499999999996,0.5847457627118644,0.4152542372881356,,,not_computed_no_bbox_data,79,77,79.0,17799,204,77,,0,0,0,0,0,0,0,,1.0,77,,,,,,,0.0,0,0,0,0,0,0,,0,,,,,,,,,0,,,,,,,,,0,0,0,0,0,3600000.0,18000.0,0.0,0.0,0.0,0.0,0.0,0.0,0.0,0.0,0.0,0.0,0.0,0.0,2550040.173,1071016.872504,940006.827,394802.867496,109953.0,32985.9,0.0,0.0,18000.0,1498805.6400000001,1516805.6400000001,25280.094,4272.691943661972,,7121.15323943662,8111.260106951872,0.0,1516805.64,3600000.0,3600000.0,replay__s01__always_on,always_on,ablation,,,True,
secure,replay,1,3600.0,561851b759a2c33d,True,synthetic_distribution,False,,355,278,218,77,26490.587,0.007358496388888889,135,2.25,135,2.25,98,86,161,75,55,0.7333333333333333,0.2666666666666667,0.3944954128440367,55,396.62561818183667,164.4859999999171,579.0226179064725,1206.0772000000059,2010.256100000068,2430.5747800000618,130.33499999996275,2480.81799999997,135,197.93468148147846,165.32700000004843,53.62331810152846,268.1809999999823,274.5585999999661,285.6361599999666,129.33499999996275,300.58400000003166,135,198.93468148147846,166.32700000004843,53.62331810152846,269.1809999999823,275.5585999999661,286.6361599999666,130.33499999996275,301.58400000003166,0,203.0,87.0,15.0,50.0,0.7,0.9311926605504587,0.7992125984251968,0.635036496350365,0.06880733944954129,0.6521739130434783,72.0,86,12,15,0.8775510204081632,0.8514851485148515,0.864321608040201,0.8775510204081632,0.8540346534653466,0.10234245984501598,0.1690076923076923,0.6,0.4,,,not_computed_no_bbox_data,21,21,21.0,0,0,77,43.0,43,22,21,118,4,114,4,0.5116279069767442,0.2727272727272727,21,0.03389830508474576,0.0380952380952381,0.16149068322981366,0.8461538461538461,0.5116279069767442,0.6376811594202898,0.4,0,21,2,3,0,0,98.0,135,0.6511214814814814,0.6341,0.10496335990793153,0.79084,0.8217300000000001,0.940882,0.5011,0.9637,135,0.0,0.0,0.0,0.0,0.0,0.0,0.0,0.0,135,0,0,0,0,0.0,0.0,3599492.699,215969.561912,355.0,31.95,64.4,6.118,87.901,7.471625,3573509.411,28588.075285,405.0,60.75,19005.955,7982.501053,6016.135,2526.776491,1063.5,319.05,0.0,0.0,216015.101537,39477.152829,255492.25436599998,4258.204239433333,719.6964911718309,1892.5352175259259,2607.0638200612243,2970.8401670465114,6.118,255492.254366,3600000.0,3600000.0009999997,replay__s01__full_secure,full_secure,ablation,,,True,
secure,replay,1,3600.0,561851b759a2c33d,True,synthetic_distribution,False,disable_adaptive_trigger,355,278,218,77,26490.587,0.007358496388888889,135,2.25,135,2.25,98,86,161,75,55,0.7333333333333333,0.2666666666666667,0.3944954128440367,55,396.62561818183667,164.4859999999171,579.0226179064725,1206.0772000000059,2010.256100000068,2430.5747800000618,130.33499999996275,2480.81799999997,135,197.93468148147846,165.32700000004843,53.62331810152846,268.1809999999823,274.5585999999661,285.6361599999666,129.33499999996275,300.58400000003166,135,198.93468148147846,166.32700000004843,53.62331810152846,269.1809999999823,275.5585999999661,286.6361599999666,130.33499999996275,301.58400000003166,0,203.0,87.0,15.0,50.0,0.7,0.9311926605504587,0.7992125984251968,0.635036496350365,0.06880733944954129,0.6521739130434783,72.0,86,12,15,0.8775510204081632,0.8514851485148515,0.864321608040201,0.8775510204081632,0.8540346534653466,0.10234245984501598,0.1690076923076923,0.6,0.4,,,not_computed_no_bbox_data,21,21,21.0,0,0,77,43.0,43,22,21,118,4,114,4,0.5116279069767442,0.2727272727272727,21,0.03389830508474576,0.0380952380952381,0.16149068322981366,0.8461538461538461,0.5116279069767442,0.6376811594202898,0.4,0,21,2,3,0,0,98.0,135,0.6511214814814814,0.6341,0.10496335990793153,0.79084,0.8217300000000001,0.940882,0.5011,0.9637,135,0.0,0.0,0.0,0.0,0.0,0.0,0.0,0.0,135,0,0,0,0,0.0,0.0,3599492.699,215969.561912,355.0,31.95,64.4,6.118,87.901,7.471625,3573509.411,28588.075285,405.0,60.75,19005.955,7982.501053,6016.135,2526.776491,1063.5,319.05,0.0,0.0,216015.101537,39477.152829,255492.25436599998,4258.204239433333,719.6964911718309,1892.5352175259259,2607.0638200612243,2970.8401670465114,6.118,255492.254366,3600000.0,3600000.0009999997,replay__s01__no_adaptive_trigger,no_adaptive_trigger,ablation,,,True,
secure,replay,1,3600.0,561851b759a2c33d,True,synthetic_distribution,False,disable_burst_detection,355,278,218,77,27014.586,0.007504051666666667,138,2.3,138,2.3,101,89,161,75,57,0.76,0.24,0.40825688073394495,57,429.3457368421223,165.85000000009313,596.9169478767891,1295.2032000001345,1992.0004000000647,2428.7139200000647,130.33499999996275,2480.81799999997,138,197.47023188405475,165.08850000007078,53.713532200177916,267.55549999995856,274.4397999999812,285.6233799999673,129.33499999996275,300.58400000003166,138,198.47023188405475,166.08850000007078,53.713532200177916,268.55549999995856,275.4397999999812,286.6233799999673,130.33499999996275,301.58400000003166,0,203.0,87.0,15.0,50.0,0.7,0.9311926605504587,0.7992125984251968,0.635036496350365,0.06880733944954129,0.6521739130434783,72.0,89,12,15,0.8811881188118812,0.8557692307692307,0.8682926829268293,0.8811881188118812,0.8551365384615385,0.1015757931732517,0.1690076923076923,0.6014492753623188,0.39855072463768115,,,not_computed_no_bbox_data,21,21,21.0,0,0,77,43.0,43,22,21,118,1,117,1,0.5116279069767442,0.2727272727272727,21,0.00847457627118644,0.009523809523809525,0.14285714285714285,0.9565217391304348,0.5116279069767442,0.6666666666666667,0.4,0,21,2,0,0,0,98.0,138,0.6520166666666666,0.635,0.10461018399805563,0.7937,0.8209650000000001,0.9405009999999999,0.5011,0.9637,138,0.0,0.0,0.0,0.0,0.0,0.0,0.0,0.0,138,0,0,0,0,0.0,0.0,3599490.622,215969.437298,355.0,31.95,64.4,6.118,89.978,7.64816,3572985.412,28583.883295,414.0,62.1,19383.017,8140.867192,6128.571,2573.999839,1089.0,326.7,0.0,0.0,216015.15345800002,39687.550326,255702.703784,4261.711729733333,720.2893064338028,1852.918143362319,2531.709938455446,2873.0640874606743,6.118,255702.703785,3600000.0,3600000.0,replay__s01__no_burst_detection,no_burst_detection,ablation,,,True,
secure,replay,1,3600.0,561851b759a2c33d,True,synthetic_distribution,False,disable_consistency_check,355,278,218,77,26490.587,0.007358496388888889,135,2.25,135,2.25,98,86,161,75,55,0.7333333333333333,0.2666666666666667,0.3944954128440367,55,396.62561818183667,164.4859999999171,579.0226179064725,1206.0772000000059,2010.256100000068,2430.5747800000618,130.33499999996275,2480.81799999997,135,197.93468148147846,165.32700000004843,53.62331810152846,268.1809999999823,274.5585999999661,285.6361599999666,129.33499999996275,300.58400000003166,135,198.93468148147846,166.32700000004843,53.62331810152846,269.1809999999823,275.5585999999661,286.6361599999666,130.33499999996275,301.58400000003166,0,203.0,87.0,15.0,50.0,0.7,0.9311926605504587,0.7992125984251968,0.635036496350365,0.06880733944954129,0.6521739130434783,72.0,86,12,15,0.8775510204081632,0.8514851485148515,0.864321608040201,0.8775510204081632,0.8540346534653466,0.10234245984501598,0.1690076923076923,0.6,0.4,,,not_computed_no_bbox_data,21,21,21.0,0,0,77,43.0,43,22,21,118,4,114,4,0.5116279069767442,0.2727272727272727,21,0.03389830508474576,0.0380952380952381,0.16149068322981366,0.8461538461538461,0.5116279069767442,0.6376811594202898,0.4,0,21,2,3,0,0,98.0,135,0.6511214814814814,0.6341,0.10496335990793153,0.79084,0.8217300000000001,0.940882,0.5011,0.9637,135,0.0,0.0,0.0,0.0,0.0,0.0,0.0,0.0,135,0,0,0,0,0.0,0.0,3599492.699,215969.561912,355.0,31.95,64.4,6.118,87.901,7.471625,3573509.411,28588.075285,405.0,60.75,19005.955,7982.501053,6016.135,2526.776491,1063.5,319.05,0.0,0.0,216015.101537,39477.152829,255492.25436599998,4258.204239433333,719.6964911718309,1892.5352175259259,2607.0638200612243,2970.8401670465114,6.118,255492.254366,3600000.0,3600000.0009999997,replay__s01__no_consistency_check,no_consistency_check,ablation,,,True,
secure,replay,1,3600.0,561851b759a2c33d,True,synthetic_distribution,False,disable_cooldown,355,278,218,77,44109.761,0.01225271138888889,215,3.5833333333333335,223,3.716666666666667,171,150,290,75,65,0.8666666666666667,0.1333333333333333,0.6880733944954128,65,351.4771230769367,168.27500000037253,459.3714253047867,775.3860000001014,1445.459600000077,2144.607440000027,130.33499999996275,2480.81799999997,223,203.63382511209937,168.18100000009872,59.70648459032527,276.8908000001218,288.3114999996265,350.46430000002033,129.33499999996275,399.5480000000025,223,204.63382511209937,169.18100000009872,59.70648459032527,277.8908000001218,289.3114999996265,351.46430000002033,130.33499999996275,400.5480000000025,0,203.0,87.0,15.0,50.0,0.7,0.9311926605504587,0.7992125984251968,0.635036496350365,0.06880733944954129,0.7,72.0,150,21,24,0.8771929824561403,0.8620689655172413,0.8695652173913043,0.8771929824561403,0.8492396551724137,0.10139491089768643,0.17517333333333335,0.5919282511210763,0.4080717488789238,,,not_computed_no_bbox_data,34,34,34.0,0,0,77,72.0,72,38,34,218,29,189,29,0.5277777777777778,0.44155844155844154,34,0.13302752293577982,0.14285714285714285,0.23103448275862068,0.5671641791044776,0.5277777777777778,0.5467625899280575,0.4,2,36,17,12,0,0,0.0,223,0.659011659192825,0.6359,0.113983677306357,0.8171600000000001,0.8726199999999998,0.959204,0.5002,1.0584,223,4.109448430493274,0.0,22.387405001851445,0.0,0.0,141.87838,0.0,162.466,223,0,0,0,0,0.0,0.0,3599382.041,215962.92243,355.0,31.95,116.0,11.02,146.959,12.491557,3555890.24,28447.121923,645.0,96.75,31636.087,13287.156553,10060.173,4225.272467,1768.5,530.55,0.0,0.0,216018.383987,46586.850943000005,262605.23493000004,4376.7539155,739.7330561408452,1177.6019503587445,1535.7031282456142,1750.7015662000003,11.02,262605.234931,3600000.0,3600000.0,replay__s01__no_cooldown,no_cooldown,ablation,,,True,
secure,replay,1,3600.0,561851b759a2c33d,True,synthetic_distribution,False,disable_early_exit,355,278,218,77,35587.44500000001,0.00988540138888889,135,2.25,135,2.25,98,94,161,75,60,0.8,0.19999999999999996,0.43119266055045874,60,440.44975000001403,269.3454999999376,498.9703894556771,1232.9860000000106,1767.603699999861,2195.9861600000304,241.8070000000298,2479.1130000001285,135,265.31876296296144,263.43699999991804,13.38270578311712,283.3321999999695,288.4781000001123,297.4774199999962,231.19599999999627,305.12999999988824,135,266.31876296296144,264.43699999991804,13.38270578311712,284.3321999999695,289.4781000001123,298.4774199999962,232.19599999999627,306.12999999988824,0,203.0,87.0,15.0,50.0,0.7,0.9311926605504587,0.7992125984251968,0.635036496350365,0.06880733944954129,0.6521739130434783,72.0,94,4,7,0.9591836734693877,0.9306930693069307,0.9447236180904524,0.9591836734693877,0.8807237623762375,0.11330873854078057,0.14728461538461537,0.0,1.0,,,not_computed_no_bbox_data,21,21,21.0,0,0,77,43.0,43,22,21,118,4,114,4,0.5116279069767442,0.2727272727272727,21,0.03389830508474576,0.0380952380952381,0.16149068322981366,0.8461538461538461,0.5116279069767442,0.6376811594202898,0.4,0,21,2,3,0,0,98.0,135,0.6511214814814814,0.6341,0.10496335990793153,0.79084,0.8217300000000001,0.940882,0.5011,0.9637,135,0.0,0.0,0.0,0.0,0.0,0.0,0.0,0.0,135,0,0,0,0,0.0,0.0,3599492.699,215969.561912,355.0,31.95,64.4,6.118,87.901,7.471625,3564412.559,28515.300474,405.0,60.75,19005.955,7982.501053,15085.986,6336.114078,1090.5,327.15,0.0,0.0,216015.101537,43221.815605,259236.91714200002,4320.615285700001,730.2448370197184,1920.2734603111112,2645.274664714286,2757.83954406383,6.118,259236.917142,3600000.0,3600000.0,replay__s01__no_early_exit,no_early_exit,ablation,,,True,
secure,replay,1,3600.0,561851b759a2c33d,True,synthetic_distribution,False,disable_rate_limit,355,278,218,77,26490.587,0.007358496388888889,135,2.25,135,2.25,98,86,161,75,55,0.7333333333333333,0.2666666666666667,0.3944954128440367,55,396.62561818183667,164.4859999999171,579.0226179064725,1206.0772000000059,2010.256100000068,2430.5747800000618,130.33499999996275,2480.81799999997,135,197.93468148147846,165.32700000004843,53.62331810152846,268.1809999999823,274.5585999999661,285.6361599999666,129.33499999996275,300.58400000003166,135,198.93468148147846,166.32700000004843,53.62331810152846,269.1809999999823,275.5585999999661,286.6361599999666,130.33499999996275,301.58400000003166,0,203.0,87.0,15.0,50.0,0.7,0.9311926605504587,0.7992125984251968,0.635036496350365,0.06880733944954129,0.6521739130434783,72.0,86,12,15,0.8775510204081632,0.8514851485148515,0.864321608040201,0.8775510204081632,0.8540346534653466,0.10234245984501598,0.1690076923076923,0.6,0.4,,,not_computed_no_bbox_data,21,21,21.0,0,0,77,43.0,43,22,21,118,4,114,4,0.5116279069767442,0.2727272727272727,21,0.03389830508474576,0.0380952380952381,0.16149068322981366,0.8461538461538461,0.5116279069767442,0.6376811594202898,0.4,0,21,2,3,0,0,98.0,135,0.6511214814814814,0.6341,0.10496335990793153,0.79084,0.8217300000000001,0.940882,0.5011,0.9637,135,0.0,0.0,0.0,0.0,0.0,0.0,0.0,0.0,135,0,0,0,0,0.0,0.0,3599492.699,215969.561912,355.0,31.95,64.4,6.118,87.901,7.471625,3573509.411,28588.075285,405.0,60.75,19005.955,7982.501053,6016.135,2526.776491,1063.5,319.05,0.0,0.0,216015.101537,39477.152829,255492.25436599998,4258.204239433333,719.6964911718309,1892.5352175259259,2607.0638200612243,2970.8401670465114,6.118,255492.254366,3600000.0,3600000.0009999997,replay__s01__no_rate_limit,no_rate_limit,ablation,,,True,
secure,replay,1,3600.0,561851b759a2c33d,True,synthetic_distribution,False,disable_replay_protection,355,278,218,77,30449.785,0.008458273611111112,158,2.6333333333333333,158,2.6333333333333333,99,87,161,75,55,0.7333333333333333,0.2666666666666667,0.39908256880733944,55,396.62561818183667,164.4859999999171,579.0226179064725,1206.0772000000059,2010.256100000068,2430.5747800000618,130.33499999996275,2480.81799999997,158,194.43164556961554,163.69449999986682,53.28243634913722,267.55549999995856,273.8305499999551,285.53817999997176,129.33499999996275,300.58400000003166,158,195.43164556961554,164.69449999986682,53.28243634913722,268.55549999995856,274.8305499999551,286.53817999997176,130.33499999996275,301.58400000003166,0,203.0,87.0,15.0,50.0,0.7,0.9311926605504587,0.7992125984251968,0.635036496350365,0.06880733944954129,0.6521739130434783,72.0,87,12,15,0.8787878787878788,0.8529411764705882,0.8656716417910447,0.8787878787878788,0.8538764705882352,0.10184708414970042,0.1690076923076923,0.6265822784810127,0.37341772151898733,,,not_computed_no_bbox_data,43,43,43.0,0,0,77,43.0,43,0,43,118,3,115,3,0.0,0.5584415584415584,43,0.025423728813559324,0.02857142857142857,0.018633540372670808,0.0,0.0,,0.4,0,0,0,3,0,0,98.0,158,0.6583525316455696,0.6393,0.11078607474140093,0.80381,0.8528850000000001,0.9531550000000002,0.5011,1.0059,158,0.0,0.0,0.0,0.0,0.0,0.0,0.0,0.0,158,0,0,0,0,0.0,0.0,3599476.58,215968.594816,355.0,31.95,64.4,6.118,104.02,8.841678,3569550.213,28556.401704,474.0,71.1,22169.028,9310.991691,6557.259,2754.048859,1249.5,374.85,0.0,0.0,216015.504494,41067.392254,257082.896748,4284.7149458,724.1771739380282,1627.106941443038,2596.7969368484846,2954.9758246896554,6.118,257082.896747,3600000.0,3600000.0,replay__s01__no_replay_protection,no_replay_protection,ablation,,,True,
secure,replay,1,3600.0,561851b759a2c33d,True,synthetic_distribution,False,disable_security,355,278,218,77,30973.784,0.008603828888888889,161,2.683333333333333,161,2.683333333333333,102,90,161,75,57,0.76,0.24,0.41284403669724773,57,428.94573684211036,165.44999999995343,596.916947876746,1294.8031999999803,1991.6004000000648,2428.3139199998227,129.93500000005588,2480.4179999995977,161,193.69881987575747,163.20599999977276,53.34314168779322,266.53000000002794,273.344000000041,285.12539999997244,128.93500000005588,300.1840000000084,161,194.69881987575747,164.20599999977276,53.34314168779322,267.53000000002794,274.344000000041,286.12539999997244,129.93500000005588,301.1840000000084,0,203.0,87.0,15.0,50.0,0.7,0.9311926605504587,0.7992125984251968,0.635036496350365,0.06880733944954129,0.6521739130434783,72.0,90,12,15,0.8823529411764706,0.8571428571428571,0.8695652173913043,0.8823529411764706,0.8549723809523809,0.10110026296781414,0.1690076923076923,0.6273291925465838,0.37267080745341613,,,not_computed_no_bbox_data,43,43,43.0,0,0,77,43.0,0,0,0,0,0,0,0,,0.5584415584415584,43,,,,,,,0.0,0,0,0,0,0,0,98.0,161,0.6589850931677018,0.64,0.11034820354857398,0.8009,0.8508,0.9526000000000001,0.5011,1.0059,161,0.0,0.0,0.0,0.0,0.0,0.0,0.0,0.0,161,0,0,0,0,0.0,0.0,3599538.903,215972.334203,355.0,31.95,0.0,0.0,106.097,9.018213,3569026.214,28552.209714,483.0,72.45,22546.09,9469.35783,6669.696,2801.272207,1275.0,382.5,0.0,0.0,216013.30241600002,41277.789751000004,257291.09216700002,4288.18486945,724.7636399070424,1598.0813178074536,2522.461687911765,2858.789912966667,0.0,257291.092166,3600000.0,3600000.0,replay__s01__no_security,no_security,ablation,,,True,
always_on,replay,2,3600.0,fab1f7b9f41b4eaa,True,synthetic_distribution,False,,354,222,173,132,3600000.0,1.0,1,0.016666666666666666,352,5.866666666666666,169,157,0,52,52,1.0,0.0,0.9075144508670521,52,410.76582692309125,310.50750000000085,357.4694260814403,524.6294000001857,1165.5636999999406,1840.902879999966,152.07700000004843,2003.8029999999562,0,,,,,,,,,352,301.0809204545404,292.0414999999339,87.46439139326509,408.61529999999334,467.54215000010043,512.020219999958,130.7709999999497,543.3959999997169,0,,,,,,,,,,,,157,12,16,0.9289940828402367,0.9075144508670521,0.9181286549707602,0.9289940828402367,0.8348763005780347,0.11212546006834057,0.16625106382978724,0.5568181818181818,0.4431818181818182,,,not_computed_no_bbox_data,131,131,131.0,17800,227,132,,0,0,0,0,0,0,0,,1.0,132,,,,,,,0.0,0,0,0,0,0,0,,0,,,,,,,,,0,,,,,,,,,0,0,0,0,0,3600000.0,18000.0,0.0,0.0,0.0,0.0,0.0,0.0,0.0,0.0,0.0,0.0,0.0,0.0,2551021.801,1071429.15651,938980.199,394371.68349,109998.0,32999.4,0.0,0.0,18000.0,1498800.2399999998,1516800.2399999998,25280.003999999997,4284.746440677965,,8975.149349112424,9661.148025477705,0.0,1516800.24,3600000.0,3600000.0,replay__s02__always_on,always_on,ablation,,,True,
secure,replay,2,3600.0,fab1f7b9f41b4eaa,True,synthetic_distribution,False,,354,222,173,132,21983.569999999996,0.006106547222222221,115,1.9166666666666667,115,1.9166666666666667,74,69,149,52,47,0.9038461538461539,0.09615384615384615,0.3988439306358382,47,477.6310638298213,168.03099999995902,593.7191283399718,1387.5224000000392,1980.5567999999269,2145.6172799999376,142.289000000339,2254.6289999999863,115,192.86713913042868,163.29200000001583,54.12015412395801,274.19079999993556,278.07450000000824,282.0088999999926,123.35899999993853,288.0819999999994,115,193.86713913042868,164.29200000001583,54.12015412395801,275.19079999993556,279.07450000000824,283.0088999999926,124.35899999993853,289.0819999999994,0,150.0,120.0,23.0,61.0,0.5555555555555556,0.8670520231213873,0.6772009029345372,0.6629834254143646,0.1329479768786127,0.5503355704697986,110.0,69,5,7,0.9324324324324325,0.9078947368421053,0.92,0.9324324324324325,0.8433315789473685,0.10587426405634981,0.1331,0.6347826086956522,0.3652173913043478,,,not_computed_no_bbox_data,31,31,31.0,0,0,132,59.0,59,28,31,90,6,84,6,0.4745762711864407,0.23484848484848486,31,0.06666666666666667,0.07317073170731707,0.22818791946308725,0.8235294117647058,0.4745762711864407,0.6021505376344086,0.4,0,24,8,2,0,0,68.0,115,0.6537686956521739,0.6312,0.11843761209518736,0.81,0.87944,0.9780639999999999,0.5015,1.2463,115,0.0,0.0,0.0,0.0,0.0,0.0,0.0,0.0,115,0,0,0,0,0.0,0.0,3599511.217,215970.673007,354.0,31.86,59.6,5.662,75.183,6.390573,3578016.434,28624.131474,345.0,51.75,16042.301,6737.766296,4694.765,1971.801332,901.5,270.45,0.0,0.0,216014.58558,37655.899102,253670.484682,4227.841411366667,716.583290062147,2205.8303015826086,3427.97952272973,3676.383835971015,5.662,253670.484682,3600000.0000000005,3600000.0,replay__s02__full_secure,full_secure,ablation,,,True,
secure,replay,2,3600.0,fab1f7b9f41b4eaa,True,synthetic_distribution,False,disable_adaptive_trigger,354,222,173,132,21983.569999999996,0.006106547222222221,115,1.9166666666666667,115,1.9166666666666667,74,69,149,52,47,0.9038461538461539,0.09615384615384615,0.3988439306358382,47,477.6310638298213,168.03099999995902,593.7191283399718,1387.5224000000392,1980.5567999999269,2145.6172799999376,142.289000000339,2254.6289999999863,115,192.86713913042868,163.29200000001583,54.12015412395801,274.19079999993556,278.07450000000824,282.0088999999926,123.35899999993853,288.0819999999994,115,193.86713913042868,164.29200000001583,54.12015412395801,275.19079999993556,279.07450000000824,283.0088999999926,124.35899999993853,289.0819999999994,0,150.0,120.0,23.0,61.0,0.5555555555555556,0.8670520231213873,0.6772009029345372,0.6629834254143646,0.1329479768786127,0.5503355704697986,110.0,69,5,7,0.9324324324324325,0.9078947368421053,0.92,0.9324324324324325,0.8433315789473685,0.10587426405634981,0.1331,0.6347826086956522,0.3652173913043478,,,not_computed_no_bbox_data,31,31,31.0,0,0,132,59.0,59,28,31,90,6,84,6,0.4745762711864407,0.23484848484848486,31,0.06666666666666667,0.07317073170731707,0.22818791946308725,0.8235294117647058,0.4745762711864407,0.6021505376344086,0.4,0,24,8,2,0,0,68.0,115,0.6537686956521739,0.6312,0.11843761209518736,0.81,0.87944,0.9780639999999999,0.5015,1.2463,115,0.0,0.0,0.0,0.0,0.0,0.0,0.0,0.0,115,0,0,0,0,0.0,0.0,3599511.217,215970.673007,354.0,31.86,59.6,5.662,75.183,6.390573,3578016.434,28624.131474,345.0,51.75,16042.301,6737.766296,4694.765,1971.801332,901.5,270.45,0.0,0.0,216014.58558,37655.899102,253670.484682,4227.841411366667,716.583290062147,2205.8303015826086,3427.97952272973,3676.383835971015,5.662,253670.484682,3600000.0000000005,3600000.0,replay__s02__no_adaptive_trigger,no_adaptive_trigger,ablation,,,True,
secure,replay,2,3600.0,fab1f7b9f41b4eaa,True,synthetic_distribution,False,disable_burst_detection,354,222,173,132,22270.899,0.006186360833333334,117,1.95,117,1.95,76,71,149,52,49,0.9423076923076923,0.05769230769230771,0.41040462427745666,49,538.7504489796286,249.36100000003353,654.689296246977,1829.9200000000656,2012.3561999998985,2201.49396000004,142.289000000339,2254.6289999999863,117,192.05492307691773,161.7729999999283,54.00922572469768,274.1861999999266,278.05100000000095,281.97859999999287,123.35899999993853,288.0819999999994,117,193.05492307691773,162.7729999999283,54.00922572469768,275.1861999999266,279.05100000000095,282.97859999999287,124.35899999993853,289.0819999999994,0,150.0,120.0,23.0,61.0,0.5555555555555556,0.8670520231213873,0.6772009029345372,0.6629834254143646,0.1329479768786127,0.5503355704697986,110.0,71,5,7,0.9342105263157895,0.9102564102564102,0.922077922077922,0.9342105263157895,0.8441910256410255,0.10514372252278016,0.1331,0.6410256410256411,0.358974358974359,,,not_computed_no_bbox_data,31,31,31.0,0,0,132,59.0,59,28,31,90,4,86,4,0.4745762711864407,0.23484848484848486,31,0.044444444444444446,0.04878048780487805,0.21476510067114093,0.875,0.4745762711864407,0.6153846153846153,0.4,0,24,8,0,0,0,68.0,117,0.6544401709401708,0.6312,0.11965038298411913,0.8174800000000001,0.87926,0.9768160000000002,0.5015,1.2463,117,0.0,0.0,0.0,0.0,0.0,0.0,0.0,0.0,117,0,0,0,0,0.0,0.0,3599509.831,215970.589841,354.0,31.86,59.6,5.662,76.569,6.508392,3577729.106,28621.832847,351.0,52.65,16308.629,6849.6242,4694.765,1971.801332,916.5,274.95,0.0,0.0,216014.620233,37770.858379000005,253785.478612,4229.7579768666665,716.9081316723164,2169.1066548034187,3339.2826133157896,3574.4433607323945,5.662,253785.478612,3600000.0,3600000.0000000005,replay__s02__no_burst_detection,no_burst_detection,ablation,,,True,
secure,replay,2,3600.0,fab1f7b9f41b4eaa,True,synthetic_distribution,False,disable_consistency_check,354,222,173,132,21983.569999999996,0.006106547222222221,115,1.9166666666666667,115,1.9166666666666667,74,69,149,52,47,0.9038461538461539,0.09615384615384615,0.3988439306358382,47,477.6310638298213,168.03099999995902,593.7191283399718,1387.5224000000392,1980.5567999999269,2145.6172799999376,142.289000000339,2254.6289999999863,115,192.86713913042868,163.29200000001583,54.12015412395801,274.19079999993556,278.07450000000824,282.0088999999926,123.35899999993853,288.0819999999994,115,193.86713913042868,164.29200000001583,54.12015412395801,275.19079999993556,279.07450000000824,283.0088999999926,124.35899999993853,289.0819999999994,0,150.0,120.0,23.0,61.0,0.5555555555555556,0.8670520231213873,0.6772009029345372,0.6629834254143646,0.1329479768786127,0.5503355704697986,110.0,69,5,7,0.9324324324324325,0.9078947368421053,0.92,0.9324324324324325,0.8433315789473685,0.10587426405634981,0.1331,0.6347826086956522,0.3652173913043478,,,not_computed_no_bbox_data,31,31,31.0,0,0,132,59.0,59,28,31,90,6,84,6,0.4745762711864407,0.23484848484848486,31,0.06666666666666667,0.07317073170731707,0.22818791946308725,0.8235294117647058,0.4745762711864407,0.6021505376344086,0.4,0,24,8,2,0,0,68.0,115,0.6537686956521739,0.6312,0.11843761209518736,0.81,0.87944,0.9780639999999999,0.5015,1.2463,115,0.0,0.0,0.0,0.0,0.0,0.0,0.0,0.0,115,0,0,0,0,0.0,0.0,3599511.217,215970.673007,354.0,31.86,59.6,5.662,75.183,6.390573,3578016.434,28624.131474,345.0,51.75,16042.301,6737.766296,4694.765,1971.801332,901.5,270.45,0.0,0.0,216014.58558,37655.899102,253670.484682,4227.841411366667,716.583290062147,2205.8303015826086,3427.97952272973,3676.383835971015,5.662,253670.484682,3600000.0000000005,3600000.0,replay__s02__no_consistency_check,no_consistency_check,ablation,,,True,
secure,replay,2,3600.0,fab1f7b9f41b4eaa,True,synthetic_distribution,False,disable_cooldown,354,222,173,132,38499.045,0.010694179166666666,191,3.183333333333333,197,3.283333333333333,131,122,270,52,49,0.9423076923076923,0.05769230769230771,0.7052023121387283,49,436.1382448979978,168.03099999995902,630.8529888797351,1297.932800000254,1754.2879999999398,2796.9541600000675,142.289000000339,3297.562000000151,197,199.5710355329962,164.97099999990314,56.003557247936556,274.1861999999266,277.5671999999962,282.45543999999074,123.35899999993853,339.97400000016205,197,200.5710355329962,165.97099999990314,56.003557247936556,275.1861999999266,278.5671999999962,283.45543999999074,124.35899999993853,340.97400000016205,0,150.0,120.0,23.0,61.0,0.5555555555555556,0.8670520231213873,0.6772009029345372,0.6629834254143646,0.1329479768786127,0.5555555555555556,110.0,122,9,13,0.9312977099236641,0.9037037037037037,0.9172932330827067,0.9312977099236641,0.8408444444444445,0.10932520613526148,0.15325,0.5939086294416244,0.40609137055837563,,,not_computed_no_bbox_data,52,52,52.0,0,0,132,110.0,110,58,52,160,15,145,15,0.5272727272727272,0.3939393939393939,52,0.09375,0.1,0.27037037037037037,0.7945205479452054,0.5272727272727272,0.6338797814207651,0.4,0,45,25,3,0,0,0.0,197,0.6618984771573604,0.6399,0.12390584084549162,0.82438,0.8870600000000001,1.0789999999999995,0.5015,1.2463,197,2.429553299492386,0.0,15.49764582199278,0.0,0.0,99.37067999999991,0.0,131.29,197,0,0,0,0,0.0,0.0,3599407.606,215964.456361,354.0,31.86,108.0,10.26,130.394,11.083488,3561500.959,28492.007672,573.0,85.95,27476.518,11540.137747,8886.523,3732.339462,1563.0,468.9,0.0,0.0,216017.659849,44319.33488100001,260336.99472999998,4338.949912166666,735.4152393502824,1321.5075874619288,1987.3053032824425,2133.9097928688525,10.26,260336.994731,3600000.0,3600000.0,replay__s02__no_cooldown,no_cooldown,ablation,,,True,
secure,replay,2,3600.0,fab1f7b9f41b4eaa,True,synthetic_distribution,False,disable_early_exit,354,222,173,132,29928.428999999996,0.008313452499999999,115,1.9166666666666667,115,1.9166666666666667,74,69,149,52,48,0.9230769230769231,0.07692307692307687,0.3988439306358382,48,564.5256666667015,267.28549999999814,911.9779127570316,1219.4184000001767,1935.4420000001433,4179.832750000083,241.4360000000015,5780.876000000164,115,261.9528347825955,261.70699999993667,14.133192339339843,279.1391999999993,283.30279999997293,296.2090000000055,226.6339999998454,300.1049999999814,115,262.9528347825955,262.70699999993667,14.133192339339843,280.1391999999993,284.30279999997293,297.2090000000055,227.6339999998454,301.1049999999814,0,150.0,120.0,23.0,61.0,0.5555555555555556,0.8670520231213873,0.6772009029345372,0.6629834254143646,0.1329479768786127,0.5503355704697986,110.0,69,5,7,0.9324324324324325,0.9078947368421053,0.92,0.9324324324324325,0.8680749999999999,0.11842159164048871,0.12744999999999998,0.0,1.0,,,not_computed_no_bbox_data,31,31,31.0,0,0,132,59.0,59,28,31,90,6,84,6,0.4745762711864407,0.23484848484848486,31,0.06666666666666667,0.07317073170731707,0.22818791946308725,0.8235294117647058,0.4745762711864407,0.6021505376344086,0.4,0,24,8,2,0,0,68.0,115,0.6537686956521739,0.6312,0.11843761209518736,0.81,0.87944,0.9780639999999999,0.5015,1.2463,115,0.0,0.0,0.0,0.0,0.0,0.0,0.0,0.0,115,0,0,0,0,0.0,0.0,3599511.217,215970.673007,354.0,31.86,59.6,5.662,75.183,6.390573,3570071.575,28560.572601,345.0,51.75,16042.301,6737.766296,12654.624,5314.942129,886.5,265.95,0.0,0.0,216014.58558,40930.981026,256945.566606,4282.4261101,725.8349339152543,2234.3092748347826,3472.2373865675677,3723.8487913913045,5.662,256945.566607,3600000.0000000005,3600000.0,replay__s02__no_early_exit,no_early_exit,ablation,,,True,
secure,replay,2,3600.0,fab1f7b9f41b4eaa,True,synthetic_distribution,False,disable_rate_limit,354,222,173,132,21983.569999999996,0.006106547222222221,115,1.9166666666666667,115,1.9166666666666667,74,69,149,52,47,0.9038461538461539,0.09615384615384615,0.3988439306358382,47,477.6310638298213,168.03099999995902,593.7191283399718,1387.5224000000392,1980.5567999999269,2145.6172799999376,142.289000000339,2254.6289999999863,115,192.86713913042868,163.29200000001583,54.12015412395801,274.19079999993556,278.07450000000824,282.0088999999926,123.35899999993853,288.0819999999994,115,193.86713913042868,164.29200000001583,54.12015412395801,275.19079999993556,279.07450000000824,283.0088999999926,124.35899999993853,289.0819999999994,0,150.0,120.0,23.0,61.0,0.5555555555555556,0.8670520231213873,0.6772009029345372,0.6629834254143646,0.1329479768786127,0.5503355704697986,110.0,69,5,7,0.9324324324324325,0.9078947368421053,0.92,0.9324324324324325,0.8433315789473685,0.10587426405634981,0.1331,0.6347826086956522,0.3652173913043478,,,not_computed_no_bbox_data,31,31,31.0,0,0,132,59.0,59,28,31,90,6,84,6,0.4745762711864407,0.23484848484848486,31,0.06666666666666667,0.07317073170731707,0.22818791946308725,0.8235294117647058,0.4745762711864407,0.6021505376344086,0.4,0,24,8,2,0,0,68.0,115,0.6537686956521739,0.6312,0.11843761209518736,0.81,0.87944,0.9780639999999999,0.5015,1.2463,115,0.0,0.0,0.0,0.0,0.0,0.0,0.0,0.0,115,0,0,0,0,0.0,0.0,3599511.217,215970.673007,354.0,31.86,59.6,5.662,75.183,6.390573,3578016.434,28624.131474,345.0,51.75,16042.301,6737.766296,4694.765,1971.801332,901.5,270.45,0.0,0.0,216014.58558,37655.899102,253670.484682,4227.841411366667,716.583290062147,2205.8303015826086,3427.97952272973,3676.383835971015,5.662,253670.484682,3600000.0000000005,3600000.0,replay__s02__no_rate_limit,no_rate_limit,ablation,,,True,
secure,replay,2,3600.0,fab1f7b9f41b4eaa,True,synthetic_distribution,False,disable_replay_protection,354,222,173,132,28264.676,0.00785129888888889,147,2.45,147,2.45,78,73,149,52,47,0.9038461538461539,0.09615384615384615,0.42196531791907516,47,477.6310638298213,168.03099999995902,593.7191283399718,1387.5224000000392,1980.5567999999269,2145.6172799999376,142.289000000339,2254.6289999999863,147,193.9854421768684,164.1449999999022,54.15945774033268,273.5631999999518,277.5798000000155,285.38593999999523,123.35899999993853,291.1280000000261,147,194.9854421768684,165.1449999999022,54.15945774033268,274.5631999999518,278.5798000000155,286.38593999999523,124.35899999993853,292.1280000000261,0,150.0,120.0,23.0,61.0,0.5555555555555556,0.8670520231213873,0.6772009029345372,0.6629834254143646,0.1329479768786127,0.5503355704697986,110.0,73,5,7,0.9358974358974359,0.9125,0.9240506329113924,0.9358974358974359,0.8424499999999998,0.1065491317109362,0.1331,0.6258503401360545,0.3741496598639456,,,not_computed_no_bbox_data,59,59,59.0,0,0,132,59.0,59,0,59,90,2,88,2,0.0,0.44696969696969696,59,0.022222222222222223,0.024390243902439025,0.013422818791946308,0.0,0.0,,0.4,0,0,0,2,0,0,68.0,147,0.6554149659863946,0.6312,0.12088348083534284,0.83038,0.8847599999999999,0.9699179999999997,0.5012,1.2463,147,0.0,0.0,0.0,0.0,0.0,0.0,0.0,0.0,147,0,0,0,0,0.0,0.0,3599490.054,215969.403249,354.0,31.86,59.6,5.662,96.346,8.189397,3571735.325,28573.882599,441.0,66.15,20519.123,8618.03147,6146.553,2581.55206,1158.0,347.4,0.0,0.0,216015.114646,40187.016129,256202.13077499997,4270.035512916666,723.73483269774,1742.8716379251698,3284.642702243589,3509.61822979452,5.662,256202.130776,3600000.0,3600000.001,replay__s02__no_replay_protection,no_replay_protection,ablation,,,True,
secure,replay,2,3600.0,fab1f7b9f41b4eaa,True,synthetic_distribution,False,disable_security,354,222,173,132,28552.005,0.0079311125,149,2.4833333333333334,149,2.4833333333333334,80,75,149,52,49,0.9423076923076923,0.05769230769230771,0.43352601156069365,49,538.3504489796369,248.96100000012666,654.6892962469734,1829.5200000001353,2011.9561999999917,2201.0939599999756,141.88899999996647,2254.228999999992,149,192.93265100671672,163.43799999984913,54.086353787871765,272.9585999999661,277.0383999999729,284.8687199999982,122.95900000003166,290.7280000000028,149,193.93265100671672,164.43799999984913,54.086353787871765,273.9585999999661,278.0383999999729,285.8687199999982,123.95900000003166,291.7280000000028,0,150.0,120.0,23.0,61.0,0.5555555555555556,0.8670520231213873,0.6772009029345372,0.6629834254143646,0.1329479768786127,0.5503355704697986,110.0,75,5,7,0.9375,0.9146341463414634,0.925925925925926,0.9375,0.843289024390244,0.10584946917657338,0.1331,0.6308724832214765,0.3691275167785235,,,not_computed_no_bbox_data,59,59,59.0,0,0,132,59.0,0,0,0,0,0,0,0,,0.44696969696969696,59,,,,,,,0.0,0,0,0,0,0,0,68.0,149,0.6559201342281881,0.6312,0.12177688114360188,0.8362200000000001,0.88418,0.9691840000000004,0.5012,1.2463,149,0.0,0.0,0.0,0.0,0.0,0.0,0.0,0.0,149,0,0,0,0,0.0,0.0,3599548.268,215972.896083,354.0,31.86,0.0,0.0,97.732,8.307216,3571447.997,28571.583973,447.0,67.05,20785.451,8729.889374,6146.553,2581.55206,1173.0,351.9,0.0,0.0,216013.06329899997,40301.975407000005,256315.03870599996,4271.917311766666,724.0537816553672,1720.235159100671,3203.9379838249997,3417.533849413333,0.0,256315.038706,3600000.0,3600000.0009999997,replay__s02__no_security,no_security,ablation,,,True,
always_on,replay,3,3600.0,4d5c9982a6bb9a69,True,synthetic_distribution,False,,420,363,265,57,3600000.0,1.0,1,0.016666666666666666,417,6.95,264,237,0,99,95,0.9595959595959596,0.04040404040404044,0.8943396226415095,95,382.41683157894755,301.3859999999404,301.2288264365935,499.8237999998033,1074.5696000000228,1756.407019999987,145.47500000009313,1936.808999999892,0,,,,,,,,,417,320.8804412470049,308.88699999963865,99.0389416974547,453.6328000000678,484.0987999998964,587.4888799999834,138.22999999998137,907.0700000000652,0,,,,,,,,,,,,237,29,28,0.8909774436090225,0.8943396226415095,0.8926553672316385,0.8977272727272727,0.8375520754716981,0.09818697611125964,0.14665157894736844,0.5347721822541966,0.46522781774580335,,,not_computed_no_bbox_data,57,55,57.0,17804,239,57,,0,0,0,0,0,0,0,,1.0,57,,,,,,,0.0,0,0,0,0,0,0,,0,,,,,,,,,0,,,,,,,,,0,0,0,0,0,3600000.0,18000.0,0.0,0.0,0.0,0.0,0.0,0.0,0.0,0.0,0.0,0.0,0.0,0.0,2556755.766,1073837.421688,932749.734,391754.888312,110494.5,33148.35,0.0,0.0,18000.0,1498740.6600000001,1516740.6600000001,25279.011000000002,3611.287285714286,,5745.2297727272735,6399.749620253166,0.0,1516740.66,3600000.0,3600000.0,replay__s03__always_on,always_on,ablation,,,True,
secure,replay,3,3600.0,4d5c9982a6bb9a69,True,synthetic_distribution,False,,420,363,265,57,31356.902,0.008710250555555556,154,2.566666666666667,154,2.566666666666667,118,105,176,99,76,0.7676767676767676,0.23232323232323238,0.39622641509433965,76,462.3058815789587,252.02149999997346,697.0395668322332,1282.9594999998808,1758.978500000172,3115.4815000002272,127.91800000006333,4276.687000000384,154,205.33676623378008,167.58950000001641,57.96018787770908,278.57299999988174,283.3269000000786,290.7891999997408,126.91800000006333,294.26699999999255,154,206.33676623378008,168.58950000001641,57.96018787770908,279.57299999988174,284.3269000000786,291.7891999997408,127.91800000006333,295.26699999999255,0,241.0,77.0,24.0,78.0,0.7578616352201258,0.909433962264151,0.8267581475128645,0.4967741935483871,0.09056603773584905,0.7215909090909091,50.0,105,14,14,0.8823529411764706,0.8823529411764706,0.8823529411764706,0.8898305084745762,0.8374571428571428,0.10594738906360399,0.16885,0.5324675324675324,0.4675324675324675,,,not_computed_no_bbox_data,14,13,14.0,0,0,57,27.0,27,14,13,149,8,141,8,0.5185185185185185,0.22807017543859648,13,0.053691275167785234,0.06299212598425197,0.125,0.6363636363636364,0.5185185185185185,0.5714285714285714,0.4,0,13,9,0,0,0,114.0,154,0.6605961038961039,0.63605,0.12170695807903457,0.84275,0.89952,1.01634,0.5022,1.1082,154,0.0,0.0,0.0,0.0,0.0,0.0,0.0,0.0,154,0,0,0,0,0.0,0.0,3599407.868,215964.472088,420.0,37.8,70.4,6.688,101.732,8.647209,3568643.097,28549.144777,462.0,69.3,21612.411,9077.212658,8079.492,3393.386542,1203.0,360.9,0.0,0.0,216017.60729699998,41449.943977,257467.551274,4291.125854566667,613.0179792238096,1671.867216064935,2181.9284006271187,2452.0719168952382,6.688,257467.551273,3599999.9999999995,3600000.0,replay__s03__full_secure,full_secure,ablation,,,True,
secure,replay,3,3600.0,4d5c9982a6bb9a69,True,synthetic_distribution,False,disable_adaptive_trigger,420,363,265,57,31356.902,0.008710250555555556,154,2.566666666666667,154,2.566666666666667,118,105,176,99,76,0.7676767676767676,0.23232323232323238,0.39622641509433965,76,462.3058815789587,252.02149999997346,697.0395668322332,1282.9594999998808,1758.978500000172,3115.4815000002272,127.91800000006333,4276.687000000384,154,205.33676623378008,167.58950000001641,57.96018787770908,278.57299999988174,283.3269000000786,290.7891999997408,126.91800000006333,294.26699999999255,154,206.33676623378008,168.58950000001641,57.96018787770908,279.57299999988174,284.3269000000786,291.7891999997408,127.91800000006333,295.26699999999255,0,241.0,78.0,24.0,77.0,0.7554858934169278,0.909433962264151,0.8253424657534247,0.5032258064516129,0.09056603773584905,0.7215909090909091,50.0,105,14,14,0.8823529411764706,0.8823529411764706,0.8823529411764706,0.8898305084745762,0.8374571428571428,0.10594738906360399,0.16885,0.5324675324675324,0.4675324675324675,,,not_computed_no_bbox_data,14,13,14.0,0,0,57,27.0,27,14,13,149,8,141,8,0.5185185185185185,0.22807017543859648,13,0.053691275167785234,0.06299212598425197,0.125,0.6363636363636364,0.5185185185185185,0.5714285714285714,0.4,0,13,9,0,0,0,114.0,154,0.6605961038961039,0.63605,0.12170695807903457,0.84275,0.89952,1.01634,0.5022,1.1082,154,0.0,0.0,0.0,0.0,0.0,0.0,0.0,0.0,154,0,0,0,0,0.0,0.0,3599407.868,215964.472088,420.0,37.8,70.4,6.688,101.732,8.647209,3568643.097,28549.144777,462.0,69.3,21612.411,9077.212658,8079.492,3393.386542,1203.0,360.9,0.0,0.0,216017.60729699998,41449.943977,257467.551274,4291.125854566667,613.0179792238096,1671.867216064935,2181.9284006271187,2452.0719168952382,6.688,257467.551273,3599999.9999999995,3600000.0,replay__s03__no_adaptive_trigger,no_adaptive_trigger,ablation,,,True,
secure,replay,3,3600.0,4d5c9982a6bb9a69,True,synthetic_distribution,False,disable_burst_detection,420,363,265,57,31356.902,0.008710250555555556,154,2.566666666666667,154,2.566666666666667,118,105,176,99,76,0.7676767676767676,0.23232323232323238,0.39622641509433965,76,462.3058815789587,252.02149999997346,697.0395668322332,1282.9594999998808,1758.978500000172,3115.4815000002272,127.91800000006333,4276.687000000384,154,205.33676623378008,167.58950000001641,57.96018787770908,278.57299999988174,283.3269000000786,290.7891999997408,126.91800000006333,294.26699999999255,154,206.33676623378008,168.58950000001641,57.96018787770908,279.57299999988174,284.3269000000786,291.7891999997408,127.91800000006333,295.26699999999255,0,241.0,77.0,24.0,78.0,0.7578616352201258,0.909433962264151,0.8267581475128645,0.4967741935483871,0.09056603773584905,0.7215909090909091,50.0,105,14,14,0.8823529411764706,0.8823529411764706,0.8823529411764706,0.8898305084745762,0.8374571428571428,0.10594738906360399,0.16885,0.5324675324675324,0.4675324675324675,,,not_computed_no_bbox_data,14,13,14.0,0,0,57,27.0,27,14,13,149,8,141,8,0.5185185185185185,0.22807017543859648,13,0.053691275167785234,0.06299212598425197,0.125,0.6363636363636364,0.5185185185185185,0.5714285714285714,0.4,0,13,9,0,0,0,114.0,154,0.6605961038961039,0.63605,0.12170695807903457,0.84275,0.89952,1.01634,0.5022,1.1082,154,0.0,0.0,0.0,0.0,0.0,0.0,0.0,0.0,154,0,0,0,0,0.0,0.0,3599407.868,215964.472088,420.0,37.8,70.4,6.688,101.732,8.647209,3568643.097,28549.144777,462.0,69.3,21612.411,9077.212658,8079.492,3393.386542,1203.0,360.9,0.0,0.0,216017.60729699998,41449.943977,257467.551274,4291.125854566667,613.0179792238096,1671.867216064935,2181.9284006271187,2452.0719168952382,6.688,257467.551273,3599999.9999999995,3600000.0,replay__s03__no_burst_detection,no_burst_detection,ablation,,,True,
secure,replay,3,3600.0,4d5c9982a6bb9a69,True,synthetic_distribution,False,disable_consistency_check,420,363,265,57,31356.902,0.008710250555555556,154,2.566666666666667,154,2.566666666666667,118,105,176,99,76,0.7676767676767676,0.23232323232323238,0.39622641509433965,76,462.3058815789587,252.02149999997346,697.0395668322332,1282.9594999998808,1758.978500000172,3115.4815000002272,127.91800000006333,4276.687000000384,154,205.33676623378008,167.58950000001641,57.96018787770908,278.57299999988174,283.3269000000786,290.7891999997408,126.91800000006333,294.26699999999255,154,206.33676623378008,168.58950000001641,57.96018787770908,279.57299999988174,284.3269000000786,291.7891999997408,127.91800000006333,295.26699999999255,0,241.0,77.0,24.0,78.0,0.7578616352201258,0.909433962264151,0.8267581475128645,0.4967741935483871,0.09056603773584905,0.7215909090909091,50.0,105,14,14,0.8823529411764706,0.8823529411764706,0.8823529411764706,0.8898305084745762,0.8374571428571428,0.10594738906360399,0.16885,0.5324675324675324,0.4675324675324675,,,not_computed_no_bbox_data,14,13,14.0,0,0,57,27.0,27,14,13,149,8,141,8,0.5185185185185185,0.22807017543859648,13,0.053691275167785234,0.06299212598425197,0.125,0.6363636363636364,0.5185185185185185,0.5714285714285714,0.4,0,13,9,0,0,0,114.0,154,0.6605961038961039,0.63605,0.12170695807903457,0.84275,0.89952,1.01634,0.5022,1.1082,154,0.0,0.0,0.0,0.0,0.0,0.0,0.0,0.0,154,0,0,0,0,0.0,0.0,3599407.868,215964.472088,420.0,37.8,70.4,6.688,101.732,8.647209,3568643.097,28549.144777,462.0,69.3,21612.411,9077.212658,8079.492,3393.386542,1203.0,360.9,0.0,0.0,216017.60729699998,41449.943977,257467.551274,4291.125854566667,613.0179792238096,1671.867216064935,2181.9284006271187,2452.0719168952382,6.688,257467.551273,3599999.9999999995,3600000.0,replay__s03__no_consistency_check,no_consistency_check,ablation,,,True,
secure,replay,3,3600.0,4d5c9982a6bb9a69,True,synthetic_distribution,False,disable_cooldown,420,363,265,57,53854.242,0.014959511666666666,253,4.216666666666667,264,4.4,215,194,318,99,92,0.9292929292929293,0.07070707070707072,0.7320754716981132,92,376.1520652173933,253.24699999997392,442.2330688236645,1035.2091999997863,1397.3003999999964,1724.8822900002162,127.91800000006333,2728.413000000175,264,213.63809848485465,173.69200000027195,77.26932267739525,280.1023000000743,289.4168999997637,497.70879000009046,126.91800000006333,761.7539999999572,264,214.63809848485465,174.69200000027195,77.26932267739525,281.1023000000743,290.4168999997637,498.70879000009046,127.91800000006333,762.7539999999572,0,241.0,77.0,24.0,78.0,0.7578616352201258,0.909433962264151,0.8267581475128645,0.4967741935483871,0.09056603773584905,0.7578616352201258,50.0,194,22,22,0.8981481481481481,0.8981481481481481,0.8981481481481481,0.9023255813953488,0.8408273148148149,0.10066228292622334,0.16117407407407408,0.5303030303030303,0.4696969696969697,,,not_computed_no_bbox_data,21,20,21.0,0,0,57,50.0,50,29,21,268,25,243,25,0.58,0.3684210526315789,21,0.09328358208955224,0.1037344398340249,0.16981132075471697,0.5370370370370371,0.58,0.5576923076923077,0.4,0,24,30,0,0,0,0.0,264,0.6627791666666667,0.6365,0.11712094907663147,0.82964,0.8933599999999999,1.01414,0.5022,1.1082,264,7.926958333333333,0.0,48.31671296218049,0.0,0.0,226.90267000000003,0.0,479.937,264,0,0,0,0,0.0,0.0,3599277.826,215956.66957,420.0,37.8,127.2,12.084,174.974,14.872776,3546145.755,28369.166037,759.0,113.85,37123.591,15591.908083,13885.155,5831.764952,2086.5,625.95,0.0,0.0,216021.426346,50532.63907199999,266554.065418,4442.567756966667,634.6525367095238,1009.674490219697,1239.7863507813952,1373.990027927835,12.084,266554.065418,3600000.0,3600000.0009999997,replay__s03__no_cooldown,no_cooldown,ablation,,,True,
secure,replay,3,3600.0,4d5c9982a6bb9a69,True,synthetic_distribution,False,disable_early_exit,420,363,265,57,40455.013999999996,0.011237503888888887,154,2.566666666666667,154,2.566666666666667,118,113,176,99,80,0.8080808080808081,0.19191919191919193,0.42641509433962266,80,479.36743749998914,270.0639999998675,547.4230246642662,1273.023099999875,1722.9932499999995,2571.212830000192,239.38199999998324,2838.1719999997877,154,264.41538311687816,262.83999999998196,12.288567709153469,281.37790000004463,285.59990000000687,290.7891999997408,233.58100000023842,294.26699999999255,154,265.41538311687816,263.83999999998196,12.288567709153469,282.37790000004463,286.59990000000687,291.7891999997408,234.58100000023842,295.26699999999255,0,241.0,77.0,24.0,78.0,0.7578616352201258,0.909433962264151,0.8267581475128645,0.4967741935483871,0.09056603773584905,0.7215909090909091,50.0,113,6,6,0.9495798319327731,0.9495798319327731,0.9495798319327731,0.9576271186440678,0.8581882352941177,0.11727489954721161,0.15857727272727273,0.0,1.0,,,not_computed_no_bbox_data,14,13,14.0,0,0,57,27.0,27,14,13,149,8,141,8,0.5185185185185185,0.22807017543859648,13,0.053691275167785234,0.06299212598425197,0.125,0.6363636363636364,0.5185185185185185,0.5714285714285714,0.4,0,13,9,0,0,0,114.0,154,0.6605961038961039,0.63605,0.12170695807903457,0.84275,0.89952,1.01634,0.5022,1.1082,154,0.0,0.0,0.0,0.0,0.0,0.0,0.0,0.0,154,0,0,0,0,0.0,0.0,3599407.868,215964.472088,420.0,37.8,70.4,6.688,101.732,8.647209,3559544.989,28476.359913,462.0,69.3,21612.411,9077.212658,17173.1,7212.701935,1207.5,362.25,0.0,0.0,216017.60729699998,45197.824506,261215.431803,4353.59053005,621.9415042928572,1696.2041026168831,2213.690100025424,2311.64098940708,6.688,261215.431802,3599999.9999999995,3600000.0,replay__s03__no_early_exit,no_early_exit,ablation,,,True,
secure,replay,3,3600.0,4d5c9982a6bb9a69,True,synthetic_distribution,False,disable_rate_limit,420,363,265,57,31356.902,0.008710250555555556,154,2.566666666666667,154,2.566666666666667,118,105,176,99,76,0.7676767676767676,0.23232323232323238,0.39622641509433965,76,462.3058815789587,252.02149999997346,697.0395668322332,1282.9594999998808,1758.978500000172,3115.4815000002272,127.91800000006333,4276.687000000384,154,205.33676623378008,167.58950000001641,57.96018787770908,278.57299999988174,283.3269000000786,290.7891999997408,126.91800000006333,294.26699999999255,154,206.33676623378008,168.58950000001641,57.96018787770908,279.57299999988174,284.3269000000786,291.7891999997408,127.91800000006333,295.26699999999255,0,241.0,77.0,24.0,78.0,0.7578616352201258,0.909433962264151,0.8267581475128645,0.4967741935483871,0.09056603773584905,0.7215909090909091,50.0,105,14,14,0.8823529411764706,0.8823529411764706,0.8823529411764706,0.8898305084745762,0.8374571428571428,0.10594738906360399,0.16885,0.5324675324675324,0.4675324675324675,,,not_computed_no_bbox_data,14,13,14.0,0,0,57,27.0,27,14,13,149,8,141,8,0.5185185185185185,0.22807017543859648,13,0.053691275167785234,0.06299212598425197,0.125,0.6363636363636364,0.5185185185185185,0.5714285714285714,0.4,0,13,9,0,0,0,114.0,154,0.6605961038961039,0.63605,0.12170695807903457,0.84275,0.89952,1.01634,0.5022,1.1082,154,0.0,0.0,0.0,0.0,0.0,0.0,0.0,0.0,154,0,0,0,0,0.0,0.0,3599407.868,215964.472088,420.0,37.8,70.4,6.688,101.732,8.647209,3568643.097,28549.144777,462.0,69.3,21612.411,9077.212658,8079.492,3393.386542,1203.0,360.9,0.0,0.0,216017.60729699998,41449.943977,257467.551274,4291.125854566667,613.0179792238096,1671.867216064935,2181.9284006271187,2452.0719168952382,6.688,257467.551273,3599999.9999999995,3600000.0,replay__s03__no_rate_limit,no_rate_limit,ablation,,,True,
secure,replay,3,3600.0,4d5c9982a6bb9a69,True,synthetic_distribution,False,disable_replay_protection,420,363,265,57,35636.899999999994,0.009899138888888888,176,2.933333333333333,176,2.933333333333333,126,112,176,99,77,0.7777777777777778,0.2222222222222222,0.4226415094339623,77,474.4223506493585,254.91699999989942,660.4902479179892,1398.1203999999925,2200.9902000000707,2804.9253200000703,127.91800000006333,2895.7020000000484,176,204.19518181819652,166.5570000000298,57.665542521383806,277.53000000002794,283.3115000000689,290.6659999996773,126.91800000006333,294.26699999999255,176,205.19518181819652,167.5570000000298,57.665542521383806,278.53000000002794,284.3115000000689,291.6659999996773,127.91800000006333,295.26699999999255,0,241.0,77.0,24.0,78.0,0.7578616352201258,0.909433962264151,0.8267581475128645,0.4967741935483871,0.09056603773584905,0.7215909090909091,50.0,112,15,15,0.8818897637795275,0.8818897637795275,0.8818897637795275,0.8888888888888888,0.8368346456692912,0.10742671431669772,0.16885,0.5454545454545454,0.45454545454545453,,,not_computed_no_bbox_data,28,27,28.0,0,0,57,27.0,27,0,27,149,0,149,0,0.0,0.47368421052631576,27,0.0,0.0,0.0,,0.0,,0.4,0,0,0,0,0,0,114.0,176,0.6556085227272728,0.6332,0.12138577693137598,0.83685,0.8994,1.0115,0.5006,1.1082,176,0.0,0.0,0.0,0.0,0.0,0.0,0.0,0.0,176,0,0,0,0,0.0,0.0,3599394.213,215963.652761,420.0,37.8,70.4,6.688,115.387,9.807923,3564363.101,28514.904812,528.0,79.2,24735.698,10388.992998,8993.201,3777.14439,1380.0,414.0,0.0,0.0,216017.94868399997,43174.2422,259192.190884,4319.869848066667,617.1242640095238,1472.68290275,2057.080880031746,2314.215990035714,6.688,259192.190882,3600000.0,3599999.9999999995,replay__s03__no_replay_protection,no_replay_protection,ablation,,,True,
secure,replay,3,3600.0,4d5c9982a6bb9a69,True,synthetic_distribution,False,disable_security,420,363,265,57,35636.899999999994,0.009899138888888888,176,2.933333333333333,176,2.933333333333333,126,112,176,99,77,0.7777777777777778,0.2222222222222222,0.4226415094339623,77,474.02235064936866,254.51699999999255,660.4902479179563,1397.7204000000856,2200.5902000000706,2804.525320000052,127.51799999992363,2895.301999999676,176,203.7951818181787,166.15700000006473,57.6655425213666,277.1300000001211,282.91150000010384,290.26599999977043,126.51799999992363,293.8670000000857,176,204.7951818181787,167.15700000006473,57.6655425213666,278.1300000001211,283.91150000010384,291.26599999977043,127.51799999992363,294.8670000000857,0,241.0,77.0,24.0,78.0,0.7578616352201258,0.909433962264151,0.8267581475128645,0.4967741935483871,0.09056603773584905,0.7215909090909091,50.0,112,15,15,0.8818897637795275,0.8818897637795275,0.8818897637795275,0.8888888888888888,0.8368346456692912,0.10742671431669772,0.16885,0.5454545454545454,0.45454545454545453,,,not_computed_no_bbox_data,28,27,28.0,0,0,57,27.0,0,0,0,0,0,0,0,,0.47368421052631576,27,,,,,,,0.0,0,0,0,0,0,0,114.0,176,0.6556085227272728,0.6332,0.12138577693137598,0.83685,0.8994,1.0115,0.5006,1.1082,176,0.0,0.0,0.0,0.0,0.0,0.0,0.0,0.0,176,0,0,0,0,0.0,0.0,3599464.613,215967.876761,420.0,37.8,0.0,0.0,115.387,9.807923,3564363.101,28514.904812,528.0,79.2,24735.698,10388.992998,8993.201,3777.14439,1380.0,414.0,0.0,0.0,216015.48468399997,43174.2422,259189.72688399997,4319.8287814,617.1183973428571,1472.66890275,2057.0613244761903,2314.1939900357143,0.0,259189.726882,3600000.0,3599999.9999999995,replay__s03__no_security,no_security,ablation,,,True,
always_on,replay,4,3600.0,45e4851a7fdc7b73,True,synthetic_distribution,False,,398,301,231,97,3600000.0,1.0,1,0.016666666666666666,396,6.6,227,204,0,68,66,0.9705882352941176,0.02941176470588236,0.8831168831168831,66,406.079469696983,324.63850000011735,360.1841489420904,502.033000000054,1142.2724999998973,1892.451950000021,152.00300000002608,2076.5430000000633,0,,,,,,,,,396,319.1831969697004,303.9965000000084,108.57561679304649,480.4459999999526,507.287000000244,594.4705999999076,139.35999999986961,730.1540000000095,0,,,,,,,,,,,,204,26,27,0.8869565217391304,0.8831168831168831,0.8850325379609544,0.8986784140969163,0.8439030303030303,0.09978552582759877,0.1645955882352941,0.5429292929292929,0.45707070707070707,,,not_computed_no_bbox_data,98,95,98.0,17789,249,97,,0,0,0,0,0,0,0,,1.0,97,,,,,,,0.0,0,0,0,0,0,0,,0,,,,,,,,,0,,,,,,,,,0,0,0,0,0,3600000.0,18000.0,0.0,0.0,0.0,0.0,0.0,0.0,0.0,0.0,0.0,0.0,0.0,0.0,2553407.928,1072431.329731,936283.572,393239.100269,110308.5,33092.55,0.0,0.0,18000.0,1498762.98,1516762.98,25279.382999999998,3810.9622613065326,,6681.775242290749,7435.112647058823,0.0,1516762.98,3600000.0,3600000.0,replay__s04__always_on,always_on,ablation,,,True,
secure,replay,4,3600.0,45e4851a7fdc7b73,True,synthetic_distribution,False,,398,301,231,97,25223.479,0.0070065219444444445,131,2.183333333333333,131,2.183333333333333,89,79,160,68,51,0.75,0.25,0.341991341991342,51,397.5026666666849,180.80000000004657,599.8449145258762,914.9809999999125,1808.097500000018,2761.3060000000987,134.52899999998044,2771.526000000071,131,194.25787786261003,163.0100000000093,54.1293464429193,270.8259999998845,275.7870000000112,287.13229999996247,125.93600000004517,300.8379999999888,131,195.25787786261003,164.0100000000093,54.1293464429193,271.8259999998845,276.7870000000112,288.13229999996247,126.93600000004517,301.8379999999888,0,219.0,103.0,12.0,64.0,0.6801242236024845,0.948051948051948,0.7920433996383364,0.6167664670658682,0.05194805194805195,0.6125,90.0,79,11,10,0.8777777777777778,0.8876404494382022,0.88268156424581,0.8876404494382022,0.8531898876404496,0.08814359029569027,0.13471818181818182,0.6335877862595419,0.366412213740458,,,not_computed_no_bbox_data,32,31,32.0,0,0,97,51.0,51,20,31,109,9,100,9,0.39215686274509803,0.31958762886597936,31,0.08256880733944955,0.09183673469387756,0.18125,0.6896551724137931,0.39215686274509803,0.5,0.4,0,16,12,1,0,0,121.0,131,0.6569603053435115,0.6506,0.11846155278881337,0.84,0.8672,0.9640599999999995,0.5019,1.0924,131,0.0,0.0,0.0,0.0,0.0,0.0,0.0,0.0,131,0,0,0,0,0.0,0.0,3599451.938,215967.116282,398.0,35.82,64.0,6.08,86.062,7.315267,3574776.517,28598.212135,393.0,58.95,18459.055,7752.803083,5330.428,2238.779848,1041.0,312.3,0.0,0.0,216016.331549,38961.045066000006,254977.376615,4249.622943583333,640.6466749120602,1946.3921879007632,2864.914343988764,3227.561729303797,6.08,254977.376614,3600000.0,3600000.0,replay__s04__full_secure,full_secure,ablation,,,True,
secure,replay,4,3600.0,45e4851a7fdc7b73,True,synthetic_distribution,False,disable_adaptive_trigger,398,301,231,97,25223.479,0.0070065219444444445,131,2.183333333333333,131,2.183333333333333,89,79,160,68,51,0.75,0.25,0.341991341991342,51,397.5026666666849,180.80000000004657,599.8449145258762,914.9809999999125,1808.097500000018,2761.3060000000987,134.52899999998044,2771.526000000071,131,194.25787786261003,163.0100000000093,54.1293464429193,270.8259999998845,275.7870000000112,287.13229999996247,125.93600000004517,300.8379999999888,131,195.25787786261003,164.0100000000093,54.1293464429193,271.8259999998845,276.7870000000112,288.13229999996247,126.93600000004517,301.8379999999888,0,220.0,103.0,11.0,64.0,0.6811145510835913,0.9523809523809523,0.7942238267148014,0.6167664670658682,0.047619047619047616,0.6125,90.0,79,11,10,0.8777777777777778,0.8876404494382022,0.88268156424581,0.8876404494382022,0.8531898876404496,0.08814359029569027,0.13471818181818182,0.6335877862595419,0.366412213740458,,,not_computed_no_bbox_data,32,31,32.0,0,0,97,51.0,51,20,31,109,9,100,9,0.39215686274509803,0.31958762886597936,31,0.08256880733944955,0.09183673469387756,0.18125,0.6896551724137931,0.39215686274509803,0.5,0.4,0,16,12,1,0,0,122.0,131,0.6569603053435115,0.6506,0.11846155278881337,0.84,0.8672,0.9640599999999995,0.5019,1.0924,131,0.0,0.0,0.0,0.0,0.0,0.0,0.0,0.0,131,0,0,0,0,0.0,0.0,3599451.938,215967.116282,398.0,35.82,64.0,6.08,86.062,7.315267,3574776.517,28598.212135,393.0,58.95,18459.055,7752.803083,5330.428,2238.779848,1041.0,312.3,0.0,0.0,216016.331549,38961.045066000006,254977.376615,4249.622943583333,640.6466749120602,1946.3921879007632,2864.914343988764,3227.561729303797,6.08,254977.376614,3600000.0,3600000.0,replay__s04__no_adaptive_trigger,no_adaptive_trigger,ablation,,,True,
secure,replay,4,3600.0,45e4851a7fdc7b73,True,synthetic_distribution,False,disable_burst_detection,398,301,231,97,25462.619999999995,0.007072949999999999,132,2.2,132,2.2,89,79,160,68,51,0.75,0.25,0.341991341991342,51,397.5026666666849,180.80000000004657,599.8449145258762,914.9809999999125,1808.097500000018,2761.3060000000987,134.52899999998044,2771.526000000071,132,194.61325000001372,163.10100000002421,54.07670510371955,270.73459999989717,275.7720000000205,287.06910999996353,125.93600000004517,300.8379999999888,132,195.61325000001372,164.10100000002421,54.07670510371955,271.73459999989717,276.7720000000205,288.06910999996353,126.93600000004517,301.8379999999888,0,219.0,103.0,12.0,64.0,0.6801242236024845,0.948051948051948,0.7920433996383364,0.6167664670658682,0.05194805194805195,0.6125,90.0,79,11,11,0.8777777777777778,0.8777777777777778,0.8777777777777779,0.8876404494382022,0.8485299999999998,0.09816469244436428,0.13471818181818182,0.6287878787878788,0.3712121212121212,,,not_computed_no_bbox_data,32,31,32.0,0,0,97,51.0,51,20,31,109,8,101,8,0.39215686274509803,0.31958762886597936,31,0.07339449541284404,0.08163265306122448,0.175,0.7142857142857143,0.39215686274509803,0.5063291139240506,0.4,0,16,12,0,0,0,121.0,132,0.657580303030303,0.651,0.11822333402634362,0.83948,0.86716,0.9636519999999998,0.5019,1.0924,132,0.0,0.0,0.0,0.0,0.0,0.0,0.0,0.0,132,0,0,0,0,0.0,0.0,3599451.199,215967.071955,398.0,35.82,64.0,6.08,86.801,7.378064,3574537.376,28596.299007,396.0,59.4,18590.631,7808.065117,5428.993,2280.17703,1047.0,314.1,0.0,0.0,216016.35001899998,39058.041154,255074.39117299998,4251.239852883333,640.8904300829146,1932.381751310606,2866.004395202247,3228.789761683544,6.08,255074.391173,3600000.0,3600000.0,replay__s04__no_burst_detection,no_burst_detection,ablation,,,True,
secure,replay,4,3600.0,45e4851a7fdc7b73,True,synthetic_distribution,False,disable_consistency_check,398,301,231,97,25223.479,0.0070065219444444445,131,2.183333333333333,131,2.183333333333333,89,79,160,68,51,0.75,0.25,0.341991341991342,51,397.5026666666849,180.80000000004657,599.8449145258762,914.9809999999125,1808.097500000018,2761.3060000000987,134.52899999998044,2771.526000000071,131,194.25787786261003,163.0100000000093,54.1293464429193,270.8259999998845,275.7870000000112,287.13229999996247,125.93600000004517,300.8379999999888,131,195.25787786261003,164.0100000000093,54.1293464429193,271.8259999998845,276.7870000000112,288.13229999996247,126.93600000004517,301.8379999999888,0,219.0,103.0,12.0,64.0,0.6801242236024845,0.948051948051948,0.7920433996383364,0.6167664670658682,0.05194805194805195,0.6125,90.0,79,11,10,0.8777777777777778,0.8876404494382022,0.88268156424581,0.8876404494382022,0.8531898876404496,0.08814359029569027,0.13471818181818182,0.6335877862595419,0.366412213740458,,,not_computed_no_bbox_data,32,31,32.0,0,0,97,51.0,51,20,31,109,9,100,9,0.39215686274509803,0.31958762886597936,31,0.08256880733944955,0.09183673469387756,0.18125,0.6896551724137931,0.39215686274509803,0.5,0.4,0,16,12,1,0,0,121.0,131,0.6569603053435115,0.6506,0.11846155278881337,0.84,0.8672,0.9640599999999995,0.5019,1.0924,131,0.0,0.0,0.0,0.0,0.0,0.0,0.0,0.0,131,0,0,0,0,0.0,0.0,3599451.938,215967.116282,398.0,35.82,64.0,6.08,86.062,7.315267,3574776.517,28598.212135,393.0,58.95,18459.055,7752.803083,5330.428,2238.779848,1041.0,312.3,0.0,0.0,216016.331549,38961.045066000006,254977.376615,4249.622943583333,640.6466749120602,1946.3921879007632,2864.914343988764,3227.561729303797,6.08,254977.376614,3600000.0,3600000.0,replay__s04__no_consistency_check,no_consistency_check,ablation,,,True,
secure,replay,4,3600.0,45e4851a7fdc7b73,True,synthetic_distribution,False,disable_cooldown,398,301,231,97,48629.268,0.013508129999999998,233,3.8833333333333333,246,4.1,182,163,322,68,64,0.9411764705882353,0.05882352941176472,0.7056277056277056,64,300.3992968750058,180.29950000002282,316.5247658750733,460.1969999999305,1149.8963499999472,1581.6236800000222,134.52899999998044,1669.9900000000198,246,209.09098780488927,171.4814999999944,72.61590975201457,276.220500000054,287.0097499998519,469.37314999983244,124.06499999994412,632.597000000067,246,210.09098780488927,172.4814999999944,72.61590975201457,277.220500000054,288.0097499998519,470.37314999983244,125.06499999994412,633.597000000067,0,219.0,103.0,12.0,64.0,0.6801242236024845,0.948051948051948,0.7920433996383364,0.6167664670658682,0.05194805194805195,0.6801242236024845,90.0,163,21,21,0.8858695652173914,0.8858695652173914,0.8858695652173914,0.8956043956043956,0.8473695652173913,0.0943961785360737,0.1638769230769231,0.5813008130081301,0.4186991869918699,,,not_computed_no_bbox_data,51,49,51.0,0,0,97,90.0,90,41,49,232,35,197,35,0.45555555555555555,0.5051546391752577,49,0.15086206896551724,0.1598173515981735,0.2360248447204969,0.5394736842105263,0.45555555555555555,0.49397590361445787,0.4,3,33,31,9,0,0,0.0,246,0.6552121951219512,0.6416,0.11705515189587279,0.82845,0.8807499999999999,1.0061100000000005,0.501,1.0924,246,9.702971544715448,0.0,49.01561956417985,0.0,17.451749999999997,239.30435000000023,0.0,447.679,246,0,0,0,0,0.0,0.0,3599312.018,215958.721065,398.0,35.82,128.8,12.236,161.182,13.700491,3551370.731,28410.965849,699.0,104.85,34575.239,14521.600208,11393.03,4785.072722,1962.0,588.6,0.0,0.0,216020.477556,48411.08877899999,264431.566335,4407.1927722499995,664.4009204396984,1074.925066402439,1452.9206941483515,1622.2795480674845,12.236,264431.566335,3600000.0,3600000.0,replay__s04__no_cooldown,no_cooldown,ablation,,,True,
secure,replay,4,3600.0,45e4851a7fdc7b73,True,synthetic_distribution,False,disable_early_exit,398,301,231,97,34396.615999999995,0.009554615555555554,131,2.183333333333333,131,2.183333333333333,89,85,160,68,55,0.8088235294117647,0.19117647058823528,0.36796536796536794,55,475.3661272727465,266.84299999987707,589.6752345164886,1093.8471999999836,1767.380800000024,2864.4955800000394,233.63200000004144,2875.3349999999627,131,264.2818015267254,262.51299999980256,15.325021601894829,282.91500000003725,291.2335000000894,305.03710000003554,232.63200000004144,311.0220000001136,131,265.2818015267254,263.51299999980256,15.325021601894829,283.91500000003725,292.2335000000894,306.03710000003554,233.63200000004144,312.0220000001136,0,219.0,103.0,12.0,64.0,0.6801242236024845,0.948051948051948,0.7920433996383364,0.6167664670658682,0.05194805194805195,0.6125,90.0,85,5,4,0.9444444444444444,0.9550561797752809,0.9497206703910613,0.9550561797752809,0.8750449438202248,0.09936164662854297,0.12226363636363637,0.0,1.0,,,not_computed_no_bbox_data,32,31,32.0,0,0,97,51.0,51,20,31,109,9,100,9,0.39215686274509803,0.31958762886597936,31,0.08256880733944955,0.09183673469387756,0.18125,0.6896551724137931,0.39215686274509803,0.5,0.4,0,16,12,1,0,0,121.0,131,0.6569603053435115,0.6506,0.11846155278881337,0.84,0.8672,0.9640599999999995,0.5019,1.0924,131,0.0,0.0,0.0,0.0,0.0,0.0,0.0,0.0,131,0,0,0,0,0.0,0.0,3599451.938,215967.116282,398.0,35.82,64.0,6.08,86.062,7.315267,3565603.388,28524.827101,393.0,58.95,18459.055,7752.803083,14497.557,6088.974118,1047.0,314.1,0.0,0.0,216016.331549,42739.654301999995,258755.98585100003,4312.599764183334,650.1406679673368,1975.2365332137408,2907.370627539326,3044.1880688352944,6.08,258755.985851,3600000.0,3600000.0,replay__s04__no_early_exit,no_early_exit,ablation,,,True,
secure,replay,4,3600.0,45e4851a7fdc7b73,True,synthetic_distribution,False,disable_rate_limit,398,301,231,97,25223.479,0.0070065219444444445,131,2.183333333333333,131,2.183333333333333,89,79,160,68,51,0.75,0.25,0.341991341991342,51,397.5026666666849,180.80000000004657,599.8449145258762,914.9809999999125,1808.097500000018,2761.3060000000987,134.52899999998044,2771.526000000071,131,194.25787786261003,163.0100000000093,54.1293464429193,270.8259999998845,275.7870000000112,287.13229999996247,125.93600000004517,300.8379999999888,131,195.25787786261003,164.0100000000093,54.1293464429193,271.8259999998845,276.7870000000112,288.13229999996247,126.93600000004517,301.8379999999888,0,219.0,103.0,12.0,64.0,0.6801242236024845,0.948051948051948,0.7920433996383364,0.6167664670658682,0.05194805194805195,0.6125,90.0,79,11,10,0.8777777777777778,0.8876404494382022,0.88268156424581,0.8876404494382022,0.8531898876404496,0.08814359029569027,0.13471818181818182,0.6335877862595419,0.366412213740458,,,not_computed_no_bbox_data,32,31,32.0,0,0,97,51.0,51,20,31,109,9,100,9,0.39215686274509803,0.31958762886597936,31,0.08256880733944955,0.09183673469387756,0.18125,0.6896551724137931,0.39215686274509803,0.5,0.4,0,16,12,1,0,0,121.0,131,0.6569603053435115,0.6506,0.11846155278881337,0.84,0.8672,0.9640599999999995,0.5019,1.0924,131,0.0,0.0,0.0,0.0,0.0,0.0,0.0,0.0,131,0,0,0,0,0.0,0.0,3599451.938,215967.116282,398.0,35.82,64.0,6.08,86.062,7.315267,3574776.517,28598.212135,393.0,58.95,18459.055,7752.803083,5330.428,2238.779848,1041.0,312.3,0.0,0.0,216016.331549,38961.045066000006,254977.376615,4249.622943583333,640.6466749120602,1946.3921879007632,2864.914343988764,3227.561729303797,6.08,254977.376614,3600000.0,3600000.0,replay__s04__no_rate_limit,no_rate_limit,ablation,,,True,
secure,replay,4,3600.0,45e4851a7fdc7b73,True,synthetic_distribution,False,disable_replay_protection,398,301,231,97,30727.714000000007,0.008535476111111114,158,2.6333333333333333,158,2.6333333333333333,96,85,160,68,54,0.7941176470588235,0.20588235294117652,0.36796536796536794,54,469.777888888913,241.16150000004563,662.8811825162902,1427.3824000001189,2084.20410000001,2760.6928000001003,134.52899999998044,2771.526000000071,158,196.19963924051842,163.50300000002608,55.66761872864983,273.02399999996413,278.0131999999845,287.11451000002216,125.93600000004517,300.8379999999888,158,197.19963924051842,164.50300000002608,55.66761872864983,274.02399999996413,279.0131999999845,288.11451000002216,126.93600000004517,301.8379999999888,0,219.0,103.0,12.0,64.0,0.6801242236024845,0.948051948051948,0.7920433996383364,0.6167664670658682,0.05194805194805195,0.6125,90.0,85,12,11,0.8762886597938144,0.8854166666666666,0.8808290155440415,0.8854166666666666,0.85311875,0.0878029999637346,0.13471818181818182,0.6139240506329114,0.3860759493670886,,,not_computed_no_bbox_data,50,49,50.0,0,0,97,51.0,51,0,51,109,2,107,2,0.0,0.5257731958762887,51,0.01834862385321101,0.02040816326530612,0.0125,0.0,0.0,,0.4,0,0,0,2,0,0,121.0,158,0.6621018987341772,0.6537999999999999,0.11793682777949523,0.83636,0.86692,0.9530440000000002,0.5019,1.0924,158,0.0,0.0,0.0,0.0,0.0,0.0,0.0,0.0,158,0,0,0,0,0.0,0.0,3599433.388,215966.003274,398.0,35.82,64.0,6.08,104.612,8.892029,3569272.284,28554.178276,474.0,71.1,22201.369,9324.574793,6796.847,2854.675732,1255.5,376.65,0.0,0.0,216016.795303,41181.178801,257197.97410399996,4286.632901733333,646.2260655879396,1627.8352791392404,2679.145563583333,3025.858518870588,6.08,257197.974103,3600000.0,3600000.0,replay__s04__no_replay_protection,no_replay_protection,ablation,,,True,
secure,replay,4,3600.0,45e4851a7fdc7b73,True,synthetic_distribution,False,disable_security,398,301,231,97,31123.038,0.008645288333333334,160,2.6666666666666665,160,2.6666666666666665,97,86,160,68,54,0.7941176470588235,0.20588235294117652,0.3722943722943723,54,469.37788888890685,240.76150000013877,662.88118251626,1426.9823999999094,2083.8041000000158,2760.29280000007,134.12900000007357,2771.126000000164,160,195.83998750000313,163.10299999988638,55.51529349466537,272.4980000000563,277.4244000000704,286.64737000011837,125.53600000002189,300.43800000008196,160,196.83998750000313,164.10299999988638,55.51529349466537,273.4980000000563,278.4244000000704,287.64737000011837,126.53600000002189,301.43800000008196,0,219.0,103.0,12.0,64.0,0.6801242236024845,0.948051948051948,0.7920433996383364,0.6167664670658682,0.05194805194805195,0.6125,90.0,86,12,12,0.8775510204081632,0.8775510204081632,0.8775510204081631,0.8865979381443299,0.8495714285714286,0.09697077251238893,0.13471818181818182,0.6125,0.3875,,,not_computed_no_bbox_data,50,49,50.0,0,0,97,51.0,0,0,0,0,0,0,0,,0.5257731958762887,51,,,,,,,0.0,0,0,0,0,0,0,121.0,160,0.6621525,0.6537999999999999,0.11747651656138015,0.83532,0.86684,0.9522279999999999,0.5019,1.0924,160,0.0,0.0,0.0,0.0,0.0,0.0,0.0,0.0,160,0,0,0,0,0.0,0.0,3599496.056,215969.763339,398.0,35.82,0.0,0.0,105.944,9.00527,3568876.961,28551.015686,480.0,72.0,22478.628,9441.023578,6895.412,2896.072913,1269.0,380.7,0.0,0.0,216014.588609,41340.812177,257355.400786,4289.256679766667,646.6216100150754,1608.4712549125002,2653.14846171134,2992.5046603023256,0.0,257355.400786,3600000.0,3600000.001,replay__s04__no_security,no_security,ablation,,,True,
always_on,replay,5,3600.0,0c553dfdd89dcbaa,True,synthetic_distribution,False,,469,392,298,77,3600000.0,1.0,1,0.016666666666666666,467,7.783333333333333,295,271,0,98,97,0.9897959183673469,0.010204081632653073,0.9093959731543624,97,359.134649484513,295.17699999990873,242.71011956720395,501.32840000009173,858.9466000001396,1278.3905600000503,163.32499999995343,1776.7879999997094,0,,,,,,,,,467,315.81564882226894,304.3190000001341,102.4895221819978,451.3723999999465,493.62030000002125,654.7586000000124,136.17900000000373,711.3370000002906,0,,,,,,,,,,,,271,26,27,0.9124579124579124,0.9093959731543624,0.910924369747899,0.9186440677966101,0.8399325503355703,0.1002193895475588,0.15810978260869563,0.5546038543897216,0.44539614561027835,,,not_computed_no_bbox_data,77,75,77.0,17655,211,77,,0,0,0,0,0,0,0,,1.0,77,,,,,,,0.0,0,0,0,0,0,0,,0,,,,,,,,,0,,,,,,,,,0,0,0,0,0,3600000.0,18000.0,0.0,0.0,0.0,0.0,0.0,0.0,0.0,0.0,0.0,0.0,0.0,0.0,2544081.946,1068514.417168,945989.054,397315.402832,109929.0,32978.7,0.0,0.0,18000.0,1498808.52,1516808.52,25280.142,3234.1333049040513,,5141.723796610169,5597.079409594096,0.0,1516808.52,3600000.0,3600000.0,replay__s05__always_on,always_on,ablation,,,True,
secure,replay,5,3600.0,0c553dfdd89dcbaa,True,synthetic_distribution,False,,469,392,298,77,28966.742,0.008046317222222222,144,2.4,144,2.4,122,113,189,98,73,0.7448979591836735,0.2551020408163265,0.37919463087248323,73,501.3743972602523,177.42399999999907,794.7116261382045,1497.0707999999634,2393.806199999897,3563.366360000028,130.9890000000596,4137.790999999968,144,202.88845138887655,167.99599999981,56.16489085151173,276.0000000000233,282.5054999996733,296.8455600000289,129.9890000000596,303.22300000023097,144,203.88845138887655,168.99599999981,56.16489085151173,277.0000000000233,283.5054999996733,297.8455600000289,130.9890000000596,304.22300000023097,0,275.0,91.0,23.0,80.0,0.7513661202185792,0.9228187919463087,0.8283132530120482,0.5321637426900585,0.07718120805369127,0.7142857142857143,76.0,113,9,10,0.9262295081967213,0.9186991869918699,0.9224489795918367,0.9262295081967213,0.8395252032520324,0.1021242818812129,0.14088,0.5555555555555556,0.4444444444444444,,,not_computed_no_bbox_data,10,10,10.0,0,0,77,44.0,44,33,11,145,12,133,12,0.75,0.14285714285714285,11,0.08275862068965517,0.08888888888888889,0.23809523809523808,0.7333333333333333,0.75,0.7415730337078651,0.4,0,27,16,2,0,0,140.0,144,0.6842895833333333,0.6596,0.1279569211373814,0.8730500000000003,0.9330599999999999,0.994253,0.501,1.0204,144,0.0,0.0,0.0,0.0,0.0,0.0,0.0,0.0,144,0,0,0,0,0.0,0.0,3599356.862,215961.41175,469.0,42.21,75.6,7.182,98.538,8.375688,3571033.26,28568.266078,432.0,64.8,20310.186,8530.278072,7096.554,2980.552834,1128.0,338.4,0.0,0.0,216019.179438,40482.296984,256501.47642199998,4275.024607033333,546.9114635863539,1781.2602529305555,2102.4711182131146,2269.9245701061946,7.182,256501.476422,3600000.0000000005,3600000.0,replay__s05__full_secure,full_secure,ablation,,,True,
secure,replay,5,3600.0,0c553dfdd89dcbaa,True,synthetic_distribution,False,disable_adaptive_trigger,469,392,298,77,29190.384,0.00810844,145,2.4166666666666665,145,2.4166666666666665,123,114,190,98,73,0.7448979591836735,0.2551020408163265,0.3825503355704698,73,457.57532876709934,175.20800000010058,720.7611913742727,1426.2732000000767,2195.8297999997603,3036.6676399999783,130.9890000000596,4137.790999999968,145,203.0453310344685,168.9089999999851,56.19056650254413,275.8100000000093,282.42099999969355,296.8214800000284,129.9890000000596,303.22300000023097,145,204.0453310344685,169.9089999999851,56.19056650254413,276.8100000000093,283.42099999969355,297.8214800000284,130.9890000000596,304.22300000023097,0,276.0,91.0,22.0,80.0,0.7520435967302452,0.9261744966442953,0.8300751879699247,0.5321637426900585,0.0738255033557047,0.7157894736842105,76.0,114,9,10,0.926829268292683,0.9193548387096774,0.923076923076923,0.926829268292683,0.8364806451612904,0.10555157463011841,0.14088,0.5517241379310345,0.4482758620689655,,,not_computed_no_bbox_data,10,10,10.0,0,0,77,44.0,44,33,11,146,12,134,12,0.75,0.14285714285714285,11,0.0821917808219178,0.08823529411764706,0.23684210526315788,0.7333333333333333,0.75,0.7415730337078651,0.4,0,27,16,2,0,0,140.0,145,0.6851013793103448,0.663,0.12745617601214876,0.8709999999999999,0.9316799999999995,0.994224,0.501,1.0204,145,0.0,0.0,0.0,0.0,0.0,0.0,0.0,0.0,145,0,0,0,0,0.0,0.0,3599355.66,215961.339627,469.0,42.21,76.0,7.22,99.34,8.443862,3570809.618,28566.476946,435.0,65.25,20416.405,8574.890009,7203.477,3025.460332,1135.5,340.65,0.0,0.0,216019.213489,40572.727287,256591.94077599997,4276.5323462666665,547.1043513347547,1769.5995915586204,2086.113339642276,2250.8064980350873,7.22,256591.940775,3600000.0,3599999.9999999995,replay__s05__no_adaptive_trigger,no_adaptive_trigger,ablation,,,True,
secure,replay,5,3600.0,0c553dfdd89dcbaa,True,synthetic_distribution,False,disable_burst_detection,469,392,298,77,29232.713,0.008120198055555555,146,2.433333333333333,146,2.433333333333333,124,115,189,98,74,0.7551020408163265,0.24489795918367352,0.3859060402684564,74,496.527297297273,176.31600000004983,790.3502741590222,1495.1191999999808,2386.5455499998984,3555.388240000025,130.9890000000596,4137.790999999968,146,201.95281506847857,166.54899999982445,56.34842485319159,275.61999999999534,282.33649999971385,296.7974000000279,127.48499999986961,303.22300000023097,146,202.95281506847857,167.54899999982445,56.34842485319159,276.61999999999534,283.33649999971385,297.7974000000279,128.48499999986961,304.22300000023097,0,275.0,91.0,23.0,80.0,0.7513661202185792,0.9228187919463087,0.8283132530120482,0.5321637426900585,0.07718120805369127,0.7142857142857143,76.0,115,9,10,0.9274193548387096,0.92,0.9236947791164659,0.9274193548387096,0.8404208,0.10154253144817312,0.14088,0.5616438356164384,0.4383561643835616,,,not_computed_no_bbox_data,10,10,10.0,0,0,77,44.0,44,33,11,145,10,135,10,0.75,0.14285714285714285,11,0.06896551724137931,0.07407407407407407,0.2275132275132275,0.7674418604651163,0.75,0.7586206896551724,0.4,0,27,16,0,0,0,140.0,146,0.6823301369863013,0.6576,0.12816782444681418,0.86895,0.9303,0.994195,0.501,1.0204,146,0.0,0.0,0.0,0.0,0.0,0.0,0.0,0.0,146,0,0,0,0,0.0,0.0,3599355.78,215961.346801,469.0,42.21,75.6,7.182,99.62,8.467698,3570767.288,28566.138304,438.0,65.7,20555.158,8633.166183,7096.554,2980.552834,1143.0,342.9,0.0,0.0,216019.206499,40588.457321,256607.66382,4276.794397,547.1378759488273,1757.5867384931505,2069.4166437096774,2231.3709897391304,7.182,256607.663821,3600000.0,3600000.0,replay__s05__no_burst_detection,no_burst_detection,ablation,,,True,
secure,replay,5,3600.0,0c553dfdd89dcbaa,True,synthetic_distribution,False,disable_consistency_check,469,392,298,77,28966.742,0.008046317222222222,144,2.4,144,2.4,122,113,189,98,73,0.7448979591836735,0.2551020408163265,0.37919463087248323,73,501.3743972602523,177.42399999999907,794.7116261382045,1497.0707999999634,2393.806199999897,3563.366360000028,130.9890000000596,4137.790999999968,144,202.88845138887655,167.99599999981,56.16489085151173,276.0000000000233,282.5054999996733,296.8455600000289,129.9890000000596,303.22300000023097,144,203.88845138887655,168.99599999981,56.16489085151173,277.0000000000233,283.5054999996733,297.8455600000289,130.9890000000596,304.22300000023097,0,275.0,91.0,23.0,80.0,0.7513661202185792,0.9228187919463087,0.8283132530120482,0.5321637426900585,0.07718120805369127,0.7142857142857143,76.0,113,9,10,0.9262295081967213,0.9186991869918699,0.9224489795918367,0.9262295081967213,0.8395252032520324,0.1021242818812129,0.14088,0.5555555555555556,0.4444444444444444,,,not_computed_no_bbox_data,10,10,10.0,0,0,77,44.0,44,33,11,145,12,133,12,0.75,0.14285714285714285,11,0.08275862068965517,0.08888888888888889,0.23809523809523808,0.7333333333333333,0.75,0.7415730337078651,0.4,0,27,16,2,0,0,140.0,144,0.6842895833333333,0.6596,0.1279569211373814,0.8730500000000003,0.9330599999999999,0.994253,0.501,1.0204,144,0.0,0.0,0.0,0.0,0.0,0.0,0.0,0.0,144,0,0,0,0,0.0,0.0,3599356.862,215961.41175,469.0,42.21,75.6,7.182,98.538,8.375688,3571033.26,28568.266078,432.0,64.8,20310.186,8530.278072,7096.554,2980.552834,1128.0,338.4,0.0,0.0,216019.179438,40482.296984,256501.47642199998,4275.024607033333,546.9114635863539,1781.2602529305555,2102.4711182131146,2269.9245701061946,7.182,256501.476422,3600000.0000000005,3600000.0,replay__s05__no_consistency_check,no_consistency_check,ablation,,,True,
secure,replay,5,3600.0,0c553dfdd89dcbaa,True,synthetic_distribution,False,disable_cooldown,469,392,298,77,54756.594,0.015210165,260,4.333333333333333,278,4.633333333333334,239,221,366,98,89,0.9081632653061225,0.09183673469387754,0.7416107382550335,89,416.5201797752667,174.8980000000447,689.1158662586512,773.8178000001238,2039.320999999899,3238.166999999932,130.9890000000596,4137.790999999968,278,206.79531294963337,166.70200000003388,69.29703042329943,279.45819999993546,298.28195000004484,438.0910099999687,129.9890000000596,485.68800000008196,278,207.7992302158193,167.70200000003388,69.30238018051182,280.45819999993546,299.44529999999787,439.0910099999687,130.9890000000596,486.68800000008196,0,275.0,91.0,23.0,80.0,0.7513661202185792,0.9228187919463087,0.8283132530120482,0.5321637426900585,0.07718120805369127,0.7513661202185792,76.0,221,18,20,0.9246861924686193,0.91701244813278,0.9208333333333333,0.9246861924686193,0.8428145228215768,0.0985563848593392,0.1400142857142857,0.5863309352517986,0.4136690647482014,,,not_computed_no_bbox_data,22,22,22.0,0,0,77,76.0,76,53,23,290,35,255,34,0.6973684210526315,0.2987012987012987,23,0.1206896551724138,0.12363636363636364,0.24043715846994534,0.6022727272727273,0.6973684210526315,0.6463414634146342,0.4,1,42,36,9,0,0,0.0,278,0.6671212230215827,0.6398,0.12104234251505261,0.8327600000000002,0.8970199999999997,0.9795870000000003,0.5003,1.0204,278,8.103136690647482,0.0,35.33238822667869,0.0,72.79339999999975,205.8855900000002,0.0,224.521,278,0,0,0,0,0.0,0.0,3599199.141,215951.948436,469.0,42.21,146.4,13.908,185.459,15.764049,3545243.409,28361.94727,780.0,117.0,38935.698,16352.993226,12837.393,5391.705097,2203.5,661.05,0.0,0.0,216023.83048499998,50884.695593000004,266908.52607799997,4448.475434633333,569.1013349211087,960.1026117913668,1116.7720756401673,1207.730887230769,13.908,266908.526078,3599999.9999999995,3600000.0,replay__s05__no_cooldown,no_cooldown,ablation,,,True,
secure,replay,5,3600.0,0c553dfdd89dcbaa,True,synthetic_distribution,False,disable_early_exit,469,392,298,77,37862.819,0.010517449722222223,144,2.4,144,2.4,122,112,189,98,75,0.7653061224489796,0.23469387755102045,0.37583892617449666,75,646.542839999991,266.2620000001043,950.3387567747318,1904.9057999997908,2599.243799999845,4466.671079999865,238.86899999994785,5100.930999999866,144,264.66674305554704,263.05850000010105,15.099338200089383,284.6332999999053,292.3058000002522,302.164340000106,237.86899999994785,308.29899999999907,144,265.66674305554704,264.05850000010105,15.099338200089383,285.6332999999053,293.3058000002522,303.164340000106,238.86899999994785,309.29899999999907,0,275.0,91.0,23.0,80.0,0.7513661202185792,0.9228187919463087,0.8283132530120482,0.5321637426900585,0.07718120805369127,0.7142857142857143,76.0,112,10,11,0.9180327868852459,0.9105691056910569,0.9142857142857143,0.9180327868852459,0.8609552845528454,0.11345195719200729,0.11473999999999998,0.0,1.0,,,not_computed_no_bbox_data,10,10,10.0,0,0,77,44.0,44,33,11,145,12,133,12,0.75,0.14285714285714285,11,0.08275862068965517,0.08888888888888889,0.23809523809523808,0.7333333333333333,0.75,0.7415730337078651,0.4,0,27,16,2,0,0,140.0,144,0.6842895833333333,0.6596,0.1279569211373814,0.8730500000000003,0.9330599999999999,0.994253,0.501,1.0204,144,0.0,0.0,0.0,0.0,0.0,0.0,0.0,0.0,144,0,0,0,0,0.0,0.0,3599356.862,215961.41175,469.0,42.21,75.6,7.182,98.538,8.375688,3562137.186,28497.097484,432.0,64.8,20310.186,8530.278072,15991.129,6716.274017,1129.5,338.85,0.0,0.0,216019.179438,44147.299573000004,260166.479011,4336.1079835166665,554.7259680405117,1806.711659798611,2132.5121230409836,2322.9149911696427,7.182,260166.479011,3600000.0000000005,3600000.0010000006,replay__s05__no_early_exit,no_early_exit,ablation,,,True,
secure,replay,5,3600.0,0c553dfdd89dcbaa,True,synthetic_distribution,False,disable_rate_limit,469,392,298,77,28966.742,0.008046317222222222,144,2.4,144,2.4,122,113,189,98,73,0.7448979591836735,0.2551020408163265,0.37919463087248323,73,501.3743972602523,177.42399999999907,794.7116261382045,1497.0707999999634,2393.806199999897,3563.366360000028,130.9890000000596,4137.790999999968,144,202.88845138887655,167.99599999981,56.16489085151173,276.0000000000233,282.5054999996733,296.8455600000289,129.9890000000596,303.22300000023097,144,203.88845138887655,168.99599999981,56.16489085151173,277.0000000000233,283.5054999996733,297.8455600000289,130.9890000000596,304.22300000023097,0,275.0,91.0,23.0,80.0,0.7513661202185792,0.9228187919463087,0.8283132530120482,0.5321637426900585,0.07718120805369127,0.7142857142857143,76.0,113,9,10,0.9262295081967213,0.9186991869918699,0.9224489795918367,0.9262295081967213,0.8395252032520324,0.1021242818812129,0.14088,0.5555555555555556,0.4444444444444444,,,not_computed_no_bbox_data,10,10,10.0,0,0,77,44.0,44,33,11,145,12,133,12,0.75,0.14285714285714285,11,0.08275862068965517,0.08888888888888889,0.23809523809523808,0.7333333333333333,0.75,0.7415730337078651,0.4,0,27,16,2,0,0,140.0,144,0.6842895833333333,0.6596,0.1279569211373814,0.8730500000000003,0.9330599999999999,0.994253,0.501,1.0204,144,0.0,0.0,0.0,0.0,0.0,0.0,0.0,0.0,144,0,0,0,0,0.0,0.0,3599356.862,215961.41175,469.0,42.21,75.6,7.182,98.538,8.375688,3571033.26,28568.266078,432.0,64.8,20310.186,8530.278072,7096.554,2980.552834,1128.0,338.4,0.0,0.0,216019.179438,40482.296984,256501.47642199998,4275.024607033333,546.9114635863539,1781.2602529305555,2102.4711182131146,2269.9245701061946,7.182,256501.476422,3600000.0000000005,3600000.0,replay__s05__no_rate_limit,no_rate_limit,ablation,,,True,
secure,replay,5,3600.0,0c553dfdd89dcbaa,True,synthetic_distribution,False,disable_replay_protection,469,392,298,77,37804.431000000004,0.010501230833333335,187,3.1166666666666667,187,3.1166666666666667,132,120,189,98,74,0.7551020408163265,0.24489795918367352,0.40268456375838924,74,481.7451891891658,208.14649999997346,725.5410136638036,1455.6202000000517,2184.1721999997494,3021.3742599999705,130.9890000000596,4137.790999999968,187,203.8908877005258,169.17900000000373,55.96889776717803,274.6285999999847,282.2519999997341,297.6264399999753,126.5910000000149,303.22300000023097,187,204.8908877005258,170.17900000000373,55.96889776717803,275.6285999999847,283.2519999997341,298.6264399999753,127.5910000000149,304.22300000023097,0,275.0,91.0,23.0,80.0,0.7513661202185792,0.9228187919463087,0.8283132530120482,0.5321637426900585,0.07718120805369127,0.7142857142857143,76.0,120,12,13,0.9090909090909091,0.9022556390977443,0.9056603773584905,0.9090909090909091,0.8420714285714285,0.09970710786753048,0.14088,0.5454545454545454,0.45454545454545453,,,not_computed_no_bbox_data,43,43,43.0,0,0,77,44.0,44,0,44,145,2,143,2,0.0,0.5714285714285714,44,0.013793103448275862,0.014814814814814815,0.010582010582010581,0.0,0.0,,0.4,0,0,0,2,0,0,140.0,187,0.682968449197861,0.6578,0.1292389369207256,0.8669000000000001,0.9289199999999997,0.9989859999999997,0.501,1.0391,187,0.0,0.0,0.0,0.0,0.0,0.0,0.0,0.0,187,0,0,0,0,0.0,0.0,3599327.685,215959.661103,469.0,42.21,75.6,7.182,127.715,10.855771,3562195.569,28497.564554,561.0,84.15,26385.678,11081.984573,9392.253,3944.746353,1465.5,439.65,0.0,0.0,216019.908874,44048.09548,260068.00435399998,4334.466739233333,554.5160007547973,1390.7379911978608,1970.2121541969695,2167.2333696166666,7.182,260068.004354,3600000.0,3600000.0,replay__s05__no_replay_protection,no_replay_protection,ablation,,,True,
secure,replay,5,3600.0,0c553dfdd89dcbaa,True,synthetic_distribution,False,disable_security,469,392,298,77,38070.402,0.010575111666666668,189,3.15,189,3.15,134,122,189,98,75,0.7653061224489796,0.23469387755102045,0.40939597315436244,75,476.8244399999909,177.02399999997579,721.6847684837206,1446.607600000129,2172.114599999831,3005.6808799999912,130.58899999968708,4137.3910000000615,189,202.75751322750313,168.50900000007823,56.12739789300962,274.21480000000446,281.6829999998328,297.2205200000387,126.19099999999162,302.82299999985844,189,203.75751322750313,169.50900000007823,56.12739789300962,275.21480000000446,282.6829999998328,298.2205200000387,127.19099999999162,303.82299999985844,0,275.0,91.0,23.0,80.0,0.7513661202185792,0.9228187919463087,0.8283132530120482,0.5321637426900585,0.07718120805369127,0.7142857142857143,76.0,122,12,13,0.9104477611940298,0.9037037037037037,0.9070631970260223,0.9104477611940298,0.8428629629629629,0.0991721078541238,0.14088,0.5502645502645502,0.4497354497354497,,,not_computed_no_bbox_data,43,43,43.0,0,0,77,44.0,0,0,0,0,0,0,0,,0.5714285714285714,44,,,,,,,0.0,0,0,0,0,0,0,140.0,189,0.681468783068783,0.6574,0.12937378441859,0.8628000000000003,0.9261599999999999,0.9984880000000002,0.501,1.0391,189,0.0,0.0,0.0,0.0,0.0,0.0,0.0,0.0,189,0,0,0,0,0.0,0.0,3599402.203,215964.132155,469.0,42.21,0.0,0.0,128.797,10.947781,3561929.598,28495.43678,567.0,85.05,26630.649,11184.872684,9392.253,3944.746353,1480.5,444.15,0.0,0.0,216017.289936,44154.255817000005,260171.54575299998,4336.192429216667,554.7367713283581,1376.569025148148,1941.5786996492536,2132.5536537131147,0.0,260171.545753,3600000.0,3600000.0000000005,replay__s05__no_security,no_security,ablation,,,True,
always_on,replay,6,3600.0,6837d915c3d0ecf7,True,synthetic_distribution,False,,507,365,286,142,3600000.0,1.0,1,0.016666666666666666,505,8.416666666666666,279,251,0,98,93,0.9489795918367347,0.05102040816326525,0.8776223776223776,93,378.42855913976524,311.86999999999534,278.7966258384613,505.4753999999957,1027.1666000001112,1567.1276399999947,145.23600000003353,1697.8900000001304,0,,,,,,,,,505,308.45116237623057,301.64100000006147,93.05315827955279,425.59740000001625,471.95979999997644,527.3866400000452,143.7839999999851,725.0069999999832,0,,,,,,,,,,,,251,29,35,0.8964285714285715,0.8776223776223776,0.8869257950530036,0.899641577060932,0.8375965034965034,0.11462984052422284,0.1730818181818182,0.6079207920792079,0.3920792079207921,,,not_computed_no_bbox_data,139,138,139.0,17638,203,142,,0,0,0,0,0,0,0,,1.0,142,,,,,,,0.0,0,0,0,0,0,0,,0,,,,,,,,,0,,,,,,,,,0,0,0,0,0,3600000.0,18000.0,0.0,0.0,0.0,0.0,0.0,0.0,0.0,0.0,0.0,0.0,0.0,0.0,2548743.903,1070472.439092,941078.097,395252.800908,110178.0,33053.4,0.0,0.0,18000.0,1498778.64,1516778.64,25279.643999999997,2991.673846153846,,5436.482580645161,6042.942788844621,0.0,1516778.64,3600000.0,3600000.0,replay__s06__always_on,always_on,ablation,,,True,
secure,replay,6,3600.0,6837d915c3d0ecf7,True,synthetic_distribution,False,,507,365,286,142,34502.331,0.009583980833333334,177,2.95,177,2.95,126,112,222,98,80,0.8163265306122449,0.18367346938775508,0.3916083916083916,80,393.4290249999913,164.8269999998156,580.7007528847812,1028.5899999998908,1712.4236000000174,2663.8618200000683,131.3739999999525,2927.123000000138,177,196.65175706213896,165.91200000001118,55.49338691234411,271.9168000000529,278.37440000006677,289.59607999995995,126.85299999988638,299.66700000013225,177,197.65175706213896,166.91200000001118,55.49338691234411,272.9168000000529,279.37440000006677,290.59607999995995,127.85299999988638,300.66700000013225,0,267.0,155.0,19.0,66.0,0.6327014218009479,0.9335664335664335,0.7542372881355932,0.7013574660633484,0.06643356643356643,0.6261261261261262,141.0,112,14,19,0.8888888888888888,0.8549618320610687,0.8715953307392995,0.8888888888888888,0.8322687022900763,0.13058892701554842,0.2079,0.6101694915254238,0.3898305084745763,,,not_computed_no_bbox_data,37,37,37.0,0,0,142,74.0,74,37,37,148,8,140,8,0.5,0.2605633802816901,37,0.05405405405405406,0.05755395683453238,0.20270270270270271,0.8222222222222222,0.5,0.6218487394957983,0.4,0,32,12,1,0,0,128.0,177,0.654980790960452,0.6249,0.12547976418461013,0.83196,0.89456,1.039396,0.5007,1.1186,177,0.0,0.0,0.0,0.0,0.0,0.0,0.0,0.0,177,0,0,0,0,0.0,0.0,3599288.269,215957.296119,507.0,45.63,88.8,8.436,115.931,9.854164,3565497.662,28523.981296,531.0,79.65,25045.989,10519.315358,7530.349,3162.746622,1395.0,418.5,0.0,0.0,216021.216283,42704.193276,258725.409559,4312.090159316666,510.306527729783,1461.7254777344633,2053.37626634127,2310.0482996339283,8.436,258725.409559,3599999.9999999995,3600000.0,replay__s06__full_secure,full_secure,ablation,,,True,
secure,replay,6,3600.0,6837d915c3d0ecf7,True,synthetic_distribution,False,disable_adaptive_trigger,507,365,286,142,34502.331,0.009583980833333334,177,2.95,177,2.95,126,112,222,98,80,0.8163265306122449,0.18367346938775508,0.3916083916083916,80,393.4290249999913,164.8269999998156,580.7007528847812,1028.5899999998908,1712.4236000000174,2663.8618200000683,131.3739999999525,2927.123000000138,177,196.65175706213896,165.91200000001118,55.49338691234411,271.9168000000529,278.37440000006677,289.59607999995995,126.85299999988638,299.66700000013225,177,197.65175706213896,166.91200000001118,55.49338691234411,272.9168000000529,279.37440000006677,290.59607999995995,127.85299999988638,300.66700000013225,0,267.0,155.0,19.0,66.0,0.6327014218009479,0.9335664335664335,0.7542372881355932,0.7013574660633484,0.06643356643356643,0.6261261261261262,141.0,112,14,19,0.8888888888888888,0.8549618320610687,0.8715953307392995,0.8888888888888888,0.8322687022900763,0.13058892701554842,0.2079,0.6101694915254238,0.3898305084745763,,,not_computed_no_bbox_data,37,37,37.0,0,0,142,74.0,74,37,37,148,8,140,8,0.5,0.2605633802816901,37,0.05405405405405406,0.05755395683453238,0.20270270270270271,0.8222222222222222,0.5,0.6218487394957983,0.4,0,32,12,1,0,0,128.0,177,0.654980790960452,0.6249,0.12547976418461013,0.83196,0.89456,1.039396,0.5007,1.1186,177,0.0,0.0,0.0,0.0,0.0,0.0,0.0,0.0,177,0,0,0,0,0.0,0.0,3599288.269,215957.296119,507.0,45.63,88.8,8.436,115.931,9.854164,3565497.662,28523.981296,531.0,79.65,25045.989,10519.315358,7530.349,3162.746622,1395.0,418.5,0.0,0.0,216021.216283,42704.193276,258725.409559,4312.090159316666,510.306527729783,1461.7254777344633,2053.37626634127,2310.0482996339283,8.436,258725.409559,3599999.9999999995,3600000.0,replay__s06__no_adaptive_trigger,no_adaptive_trigger,ablation,,,True,
secure,replay,6,3600.0,6837d915c3d0ecf7,True,synthetic_distribution,False,disable_burst_detection,507,365,286,142,34662.384000000005,0.009628440000000002,178,2.966666666666667,178,2.966666666666667,127,113,222,98,80,0.8163265306122449,0.18367346938775508,0.3951048951048951,80,393.4290249999913,164.8269999998156,580.7007528847812,1028.5899999998908,1712.4236000000174,2663.8618200000683,131.3739999999525,2927.123000000138,178,196.45596067414965,165.59599999990314,55.398027435293805,271.7936000000686,278.2720500000711,289.56090999996127,126.85299999988638,299.66700000013225,178,197.45596067414965,166.59599999990314,55.398027435293805,272.7936000000686,279.2720500000711,290.56090999996127,127.85299999988638,300.66700000013225,0,267.0,155.0,19.0,66.0,0.6327014218009479,0.9335664335664335,0.7542372881355932,0.7013574660633484,0.06643356643356643,0.6261261261261262,141.0,113,14,19,0.889763779527559,0.8560606060606061,0.8725868725868726,0.889763779527559,0.8322507575757576,0.13008970451498358,0.2079,0.6123595505617978,0.38764044943820225,,,not_computed_no_bbox_data,37,37,37.0,0,0,142,74.0,74,37,37,148,7,141,7,0.5,0.2605633802816901,37,0.0472972972972973,0.050359712230215826,0.1981981981981982,0.8409090909090909,0.5,0.6271186440677967,0.4,0,32,12,0,0,0,128.0,178,0.6555483146067416,0.6262,0.12535368458917057,0.83162,0.894445,1.039342,0.5007,1.1186,178,0.0,0.0,0.0,0.0,0.0,0.0,0.0,0.0,178,0,0,0,0,0.0,0.0,3599287.513,215957.250756,507.0,45.63,88.8,8.436,116.687,9.918428,3565337.609,28522.700874,534.0,80.1,25195.542,10582.127505,7530.349,3162.746622,1402.5,420.75,0.0,0.0,216021.235184,42768.425000999996,258789.660185,4313.1610030833335,510.4332548027613,1453.8744954213482,2037.7138597244093,2290.173983938053,8.436,258789.660185,3599999.9999999995,3600000.0,replay__s06__no_burst_detection,no_burst_detection,ablation,,,True,
secure,replay,6,3600.0,6837d915c3d0ecf7,True,synthetic_distribution,False,disable_consistency_check,507,365,286,142,34502.331,0.009583980833333334,177,2.95,177,2.95,126,112,222,98,80,0.8163265306122449,0.18367346938775508,0.3916083916083916,80,393.4290249999913,164.8269999998156,580.7007528847812,1028.5899999998908,1712.4236000000174,2663.8618200000683,131.3739999999525,2927.123000000138,177,196.65175706213896,165.91200000001118,55.49338691234411,271.9168000000529,278.37440000006677,289.59607999995995,126.85299999988638,299.66700000013225,177,197.65175706213896,166.91200000001118,55.49338691234411,272.9168000000529,279.37440000006677,290.59607999995995,127.85299999988638,300.66700000013225,0,267.0,155.0,19.0,66.0,0.6327014218009479,0.9335664335664335,0.7542372881355932,0.7013574660633484,0.06643356643356643,0.6261261261261262,141.0,112,14,19,0.8888888888888888,0.8549618320610687,0.8715953307392995,0.8888888888888888,0.8322687022900763,0.13058892701554842,0.2079,0.6101694915254238,0.3898305084745763,,,not_computed_no_bbox_data,37,37,37.0,0,0,142,74.0,74,37,37,148,8,140,8,0.5,0.2605633802816901,37,0.05405405405405406,0.05755395683453238,0.20270270270270271,0.8222222222222222,0.5,0.6218487394957983,0.4,0,32,12,1,0,0,128.0,177,0.654980790960452,0.6249,0.12547976418461013,0.83196,0.89456,1.039396,0.5007,1.1186,177,0.0,0.0,0.0,0.0,0.0,0.0,0.0,0.0,177,0,0,0,0,0.0,0.0,3599288.269,215957.296119,507.0,45.63,88.8,8.436,115.931,9.854164,3565497.662,28523.981296,531.0,79.65,25045.989,10519.315358,7530.349,3162.746622,1395.0,418.5,0.0,0.0,216021.216283,42704.193276,258725.409559,4312.090159316666,510.306527729783,1461.7254777344633,2053.37626634127,2310.0482996339283,8.436,258725.409559,3599999.9999999995,3600000.0,replay__s06__no_consistency_check,no_consistency_check,ablation,,,True,
secure,replay,6,3600.0,6837d915c3d0ecf7,True,synthetic_distribution,False,disable_cooldown,507,365,286,142,57179.42,0.01588317222222222,294,4.9,303,5.05,223,201,422,98,89,0.9081632653061225,0.09183673469387754,0.7027972027972028,89,338.35962921347203,165.33600000012666,437.5517132138681,830.9567999999042,1566.1941999998874,1948.7133599999909,131.3739999999525,2190.2760000000126,303,194.15536303629648,163.32700000004843,58.63695068268546,270.34840000001714,279.85630000000634,299.51904000012684,122.28299999982119,489.4079999998212,303,195.15536303629648,164.32700000004843,58.63695068268546,271.34840000001714,280.85630000000634,300.51904000012684,123.28299999982119,490.4079999998212,0,267.0,155.0,19.0,66.0,0.6327014218009479,0.9335664335664335,0.7542372881355932,0.7013574660633484,0.06643356643356643,0.6327014218009479,141.0,201,22,27,0.9013452914798207,0.881578947368421,0.8913525498891354,0.9013452914798207,0.8418513157894736,0.11370037039225493,0.18423076923076925,0.6600660066006601,0.33993399339933994,,,not_computed_no_bbox_data,61,61,61.0,0,0,142,141.0,141,79,62,281,40,241,39,0.5602836879432624,0.43661971830985913,62,0.1423487544483986,0.14606741573033707,0.28199052132701424,0.6638655462184874,0.5602836879432624,0.6076923076923078,0.4,9,69,39,2,0,0,0.0,303,0.6542943894389438,0.6279,0.12394069347159027,0.8321200000000001,0.88839,1.0367520000000012,0.5001,1.1356,303,3.7215313531353136,0.0,24.70561858767172,0.0,0.0,138.8559400000002,0.0,231.463,303,0,0,0,0,0.0,0.0,3599125.949,215947.556947,507.0,45.63,168.8,16.036,198.251,16.851326,3542820.572,28342.564579,882.0,132.3,42631.841,17905.373354,11267.086,4732.176251,2398.5,719.55,0.0,0.0,216026.074273,51831.964184,267858.038457,4464.300640949999,528.3196024792899,884.0199289009901,1201.1571231255605,1332.627057,16.036,267858.038456,3600000.0,3599999.9990000003,replay__s06__no_cooldown,no_cooldown,ablation,,,True,
secure,replay,6,3600.0,6837d915c3d0ecf7,True,synthetic_distribution,False,disable_early_exit,507,365,286,142,46569.59,0.012935997222222221,177,2.95,177,2.95,126,117,222,98,85,0.8673469387755102,0.13265306122448983,0.4090909090909091,85,419.48911764704627,267.80099999997765,505.9342434809848,603.979000000008,1670.5102000000184,2747.0156399999173,229.2049999999581,3035.6430000001565,177,264.82831638417383,265.3190000001341,14.916492520166239,284.2363999999361,290.50139999999664,299.32499999999067,228.2049999999581,309.2299999999814,177,265.82831638417383,266.3190000001341,14.916492520166239,285.2363999999361,291.50139999999664,300.32499999999067,229.2049999999581,310.2299999999814,0,267.0,155.0,19.0,66.0,0.6327014218009479,0.9335664335664335,0.7542372881355932,0.7013574660633484,0.06643356643356643,0.6261261261261262,141.0,117,9,14,0.9285714285714286,0.8931297709923665,0.9105058365758756,0.9285714285714286,0.8611893129770992,0.14380841328330837,0.19472222222222219,0.0,1.0,,,not_computed_no_bbox_data,37,37,37.0,0,0,142,74.0,74,37,37,148,8,140,8,0.5,0.2605633802816901,37,0.05405405405405406,0.05755395683453238,0.20270270270270271,0.8222222222222222,0.5,0.6218487394957983,0.4,0,32,12,1,0,0,128.0,177,0.654980790960452,0.6249,0.12547976418461013,0.83196,0.89456,1.039396,0.5007,1.1186,177,0.0,0.0,0.0,0.0,0.0,0.0,0.0,0.0,177,0,0,0,0,0.0,0.0,3599288.269,215957.296119,507.0,45.63,88.8,8.436,115.931,9.854164,3553430.411,28427.443284,531.0,79.65,25045.989,10519.315358,19602.1,8232.882207,1390.5,417.15,0.0,0.0,216021.216283,47676.440849000006,263697.657132,4394.9609522,520.1137221538462,1489.8172719322035,2092.838548666667,2253.8261293333335,8.436,263697.657133,3599999.9999999995,3600000.0,replay__s06__no_early_exit,no_early_exit,ablation,,,True,
secure,replay,6,3600.0,6837d915c3d0ecf7,True,synthetic_distribution,False,disable_rate_limit,507,365,286,142,34502.331,0.009583980833333334,177,2.95,177,2.95,126,112,222,98,80,0.8163265306122449,0.18367346938775508,0.3916083916083916,80,393.4290249999913,164.8269999998156,580.7007528847812,1028.5899999998908,1712.4236000000174,2663.8618200000683,131.3739999999525,2927.123000000138,177,196.65175706213896,165.91200000001118,55.49338691234411,271.9168000000529,278.37440000006677,289.59607999995995,126.85299999988638,299.66700000013225,177,197.65175706213896,166.91200000001118,55.49338691234411,272.9168000000529,279.37440000006677,290.59607999995995,127.85299999988638,300.66700000013225,0,267.0,155.0,19.0,66.0,0.6327014218009479,0.9335664335664335,0.7542372881355932,0.7013574660633484,0.06643356643356643,0.6261261261261262,141.0,112,14,19,0.8888888888888888,0.8549618320610687,0.8715953307392995,0.8888888888888888,0.8322687022900763,0.13058892701554842,0.2079,0.6101694915254238,0.3898305084745763,,,not_computed_no_bbox_data,37,37,37.0,0,0,142,74.0,74,37,37,148,8,140,8,0.5,0.2605633802816901,37,0.05405405405405406,0.05755395683453238,0.20270270270270271,0.8222222222222222,0.5,0.6218487394957983,0.4,0,32,12,1,0,0,128.0,177,0.654980790960452,0.6249,0.12547976418461013,0.83196,0.89456,1.039396,0.5007,1.1186,177,0.0,0.0,0.0,0.0,0.0,0.0,0.0,0.0,177,0,0,0,0,0.0,0.0,3599288.269,215957.296119,507.0,45.63,88.8,8.436,115.931,9.854164,3565497.662,28523.981296,531.0,79.65,25045.989,10519.315358,7530.349,3162.746622,1395.0,418.5,0.0,0.0,216021.216283,42704.193276,258725.409559,4312.090159316666,510.306527729783,1461.7254777344633,2053.37626634127,2310.0482996339283,8.436,258725.409559,3599999.9999999995,3600000.0,replay__s06__no_rate_limit,no_rate_limit,ablation,,,True,
secure,replay,6,3600.0,6837d915c3d0ecf7,True,synthetic_distribution,False,disable_replay_protection,507,365,286,142,43203.253,0.01200090361111111,220,3.6666666666666665,220,3.6666666666666665,132,118,222,98,81,0.826530612244898,0.173469387755102,0.4125874125874126,81,421.90397530863294,165.32699999958277,631.4070349207303,1545.6670000000158,1915.7729999999865,2745.3446000000004,131.3739999999525,2927.123000000138,220,198.1059636363555,166.65650000001187,54.97597231733113,271.54720000009985,280.017499999999,288.7276799999944,126.85299999988638,299.66700000013225,220,199.1059636363555,167.65650000001187,54.97597231733113,272.54720000009985,281.017499999999,289.7276799999944,127.85299999988638,300.66700000013225,0,267.0,155.0,19.0,66.0,0.6327014218009479,0.9335664335664335,0.7542372881355932,0.7013574660633484,0.06643356643356643,0.6261261261261262,141.0,118,14,19,0.8939393939393939,0.8613138686131386,0.8773234200743494,0.8939393939393939,0.8297299270072993,0.13016928082815146,0.2079,0.6,0.4,,,not_computed_no_bbox_data,73,73,73.0,0,0,142,74.0,74,0,74,148,2,146,2,0.0,0.5211267605633803,74,0.013513513513513514,0.014388489208633094,0.009009009009009009,0.0,0.0,,0.4,0,0,0,2,0,0,128.0,220,0.659839090909091,0.63305,0.12686092776975727,0.84774,0.9023849999999997,1.032704,0.5007,1.1186,220,0.0,0.0,0.0,0.0,0.0,0.0,0.0,0.0,220,0,0,0,0,0.0,0.0,3599259.035,215955.542123,507.0,45.63,88.8,8.436,145.165,12.338993,3556796.739,28454.373915,660.0,99.0,31211.974,13109.029241,9582.286,4024.560239,1749.0,524.7,0.0,0.0,216021.947116,46211.663394999996,262233.610511,4370.560175183333,517.226056234714,1191.9709568681817,1986.6182614469694,2222.3187331440677,8.436,262233.61051,3600000.0,3599999.999,replay__s06__no_replay_protection,no_replay_protection,ablation,,,True,
secure,replay,6,3600.0,6837d915c3d0ecf7,True,synthetic_distribution,False,disable_security,507,365,286,142,43520.418000000005,0.012089005000000002,222,3.7,222,3.7,134,120,222,98,81,0.826530612244898,0.173469387755102,0.4195804195804196,81,421.50397530864075,164.9269999996759,631.4070349207173,1545.2670000000508,1915.3730000000214,2744.944599999954,130.97399999998743,2926.7229999997653,222,197.36596846847058,166.0910000000149,54.84339205710353,270.9220999999787,279.52575000000616,288.32511999999883,126.45299999997951,299.26699999999255,222,198.36596846847058,167.0910000000149,54.84339205710353,271.9220999999787,280.52575000000616,289.32511999999883,127.45299999997951,300.26699999999255,0,267.0,155.0,19.0,66.0,0.6327014218009479,0.9335664335664335,0.7542372881355932,0.7013574660633484,0.06643356643356643,0.6261261261261262,141.0,120,14,19,0.8955223880597015,0.8633093525179856,0.8791208791208792,0.8955223880597015,0.8305007194244605,0.12954070788550864,0.2079,0.6036036036036037,0.3963963963963964,,,not_computed_no_bbox_data,73,73,73.0,0,0,142,74.0,0,0,0,0,0,0,0,,0.5211267605633803,74,,,,,,,0.0,0,0,0,0,0,0,128.0,222,0.6609261261261261,0.63445,0.12682291584733502,0.8462400000000001,0.901245,1.0321359999999997,0.5007,1.1186,222,0.0,0.0,0.0,0.0,0.0,0.0,0.0,0.0,222,0,0,0,0,0.0,0.0,3599346.274,215960.776457,507.0,45.63,0.0,0.0,146.726,12.471686,3556479.574,28451.836593,666.0,99.9,31508.14,13233.418629,9582.286,4024.560239,1764.0,529.2,0.0,0.0,216018.878143,46338.915461,262357.793604,4372.6298934,517.4709933017751,1181.7918630810811,1957.893982119403,2186.3149467,0.0,262357.793604,3600000.0,3600000.0,replay__s06__no_security,no_security,ablation,,,True,
always_on,replay,7,3600.0,a3f359d7dc635d78,True,synthetic_distribution,False,,468,392,277,76,3600000.0,1.0,1,0.016666666666666666,463,7.716666666666667,270,244,0,93,91,0.978494623655914,0.021505376344086002,0.8808664259927798,91,438.0218131867868,359.0139999999665,351.53806084439293,717.527999999933,1050.692999999963,1883.5034999997715,132.40599999995902,1967.2080000000005,0,,,,,,,,,463,347.27473434124596,324.9499999999971,143.5135623388837,513.3157999999822,630.8682000000003,824.4404599999937,131.2229999997653,1114.9619999999413,0,,,,,,,,,,,,244,29,31,0.8937728937728938,0.8872727272727273,0.8905109489051095,0.9037037037037037,0.8262101818181818,0.11684325690545172,0.17389553571428573,0.5075593952483801,0.4924406047516199,,,not_computed_no_bbox_data,77,74,77.0,17658,226,76,,0,0,0,0,0,0,0,,1.0,76,,,,,,,0.0,0,0,0,0,0,0,,0,,,,,,,,,0,,,,,,,,,0,0,0,0,0,3600000.0,18000.0,0.0,0.0,0.0,0.0,0.0,0.0,0.0,0.0,0.0,0.0,0.0,0.0,2546791.44,1069652.404675,943263.06,396170.485325,109945.5,32983.65,0.0,0.0,18000.0,1498806.54,1516806.54,25280.109,3241.0396153846154,,5617.802000000001,6216.42024590164,0.0,1516806.54,3600000.0,3600000.0,replay__s07__always_on,always_on,ablation,,,True,
secure,replay,7,3600.0,a3f359d7dc635d78,True,synthetic_distribution,False,,468,392,277,76,28234.868000000002,0.00784301888888889,139,2.316666666666667,139,2.316666666666667,98,89,167,93,64,0.6881720430107527,0.31182795698924726,0.3212996389891697,64,463.6534531249964,248.71999999997206,798.3174621431338,1147.4102000000653,1767.795750000018,4123.574559999985,118.78699999995297,4384.387000000002,139,204.82366187050175,174.1929999999702,56.30649409897499,270.957399999979,278.61379999998024,293.6890399999218,117.78699999995297,296.2960000000894,139,205.82366187050175,175.1929999999702,56.30649409897499,271.957399999979,279.61379999998024,294.6890399999218,118.78699999995297,297.2960000000894,0,253.0,100.0,24.0,91.0,0.71671388101983,0.9133574007220217,0.8031746031746032,0.5235602094240838,0.08664259927797834,0.6646706586826348,73.0,89,10,10,0.898989898989899,0.898989898989899,0.898989898989899,0.9081632653061225,0.8390333333333334,0.1040348842593538,0.20757222222222224,0.5323741007194245,0.4676258992805755,,,not_computed_no_bbox_data,22,21,22.0,0,0,76,38.0,38,16,22,129,12,117,12,0.42105263157894735,0.2894736842105263,22,0.09302325581395349,0.10810810810810811,0.16766467065868262,0.5714285714285714,0.42105263157894735,0.48484848484848486,0.4,0,14,10,4,0,0,142.0,139,0.6468589928057553,0.6359,0.11015210814783796,0.7882199999999999,0.8202999999999999,0.9478760000000002,0.5001,1.1767,139,0.0,0.0,0.0,0.0,0.0,0.0,0.0,0.0,139,0,0,0,0,0.0,0.0,3599375.287,215962.517203,468.0,42.12,66.8,6.346,89.913,7.642629,3571765.13,28574.121039,417.0,62.55,19497.094,8188.779616,7212.276,3029.155831,1108.5,332.55,0.0,0.0,216018.625832,40187.15648600001,256205.78231799998,4270.096371966666,547.4482528162392,1843.207067035971,2614.344717530612,2878.7166552584267,6.346,256205.782319,3600000.0,3600000.0,replay__s07__full_secure,full_secure,ablation,,,True,
secure,replay,7,3600.0,a3f359d7dc635d78,True,synthetic_distribution,False,disable_adaptive_trigger,468,392,277,76,28521.264000000003,0.007922573333333334,140,2.3333333333333335,140,2.3333333333333335,98,89,168,93,64,0.6881720430107527,0.31182795698924726,0.3212996389891697,64,463.6534531249964,248.71999999997206,798.3174621431338,1147.4102000000653,1767.795750000018,4123.574559999985,118.78699999995297,4384.387000000002,140,205.41830714285464,176.6424999999581,56.54305360995019,271.19409999998754,279.3111499999999,293.62311999992227,117.78699999995297,296.2960000000894,140,206.41830714285464,177.6424999999581,56.54305360995019,272.19409999998754,280.3111499999999,294.62311999992227,118.78699999995297,297.2960000000894,0,253.0,101.0,24.0,90.0,0.7146892655367232,0.9133574007220217,0.8019017432646592,0.5287958115183246,0.08664259927797834,0.6607142857142857,73.0,89,11,10,0.89,0.898989898989899,0.8944723618090452,0.9081632653061225,0.8390333333333334,0.1040348842593538,0.22370526315789474,0.5285714285714286,0.4714285714285714,,,not_computed_no_bbox_data,23,21,23.0,0,0,76,38.0,38,16,22,130,12,118,12,0.42105263157894735,0.2894736842105263,22,0.09230769230769231,0.10810810810810811,0.16666666666666666,0.5714285714285714,0.42105263157894735,0.48484848484848486,0.4,0,14,10,4,0,0,142.0,140,0.6472242857142857,0.63645,0.1098402344489608,0.78791,0.8195999999999998,0.9475279999999995,0.5001,1.1767,140,0.0,0.0,0.0,0.0,0.0,0.0,0.0,0.0,140,0,0,0,0,0.0,0.0,3599374.189,215962.451322,468.0,42.12,67.2,6.384,90.611,7.701961,3571478.734,28571.829873,420.0,63.0,19644.924,8250.868141,7338.842,3082.313502,1117.5,335.25,0.0,0.0,216018.657283,40303.261516,256321.918799,4272.031979983333,547.696407690171,1830.8708485642858,2615.5297836632653,2880.021559539326,6.384,256321.918799,3600000.0,3600000.0000000005,replay__s07__no_adaptive_trigger,no_adaptive_trigger,ablation,,,True,
secure,replay,7,3600.0,a3f359d7dc635d78,True,synthetic_distribution,False,disable_burst_detection,468,392,277,76,29086.494,0.008079581666666667,143,2.3833333333333333,143,2.3833333333333333,102,93,167,93,67,0.7204301075268817,0.27956989247311825,0.33574007220216606,67,549.5038059701442,253.56700000003912,881.5500274266336,1661.1300000000042,2286.6122000000196,4111.154919999986,118.78699999995297,4384.387000000002,143,205.10201398601333,174.1929999999702,56.57212229547135,271.8414000001503,279.11620000000113,293.42535999992407,117.78699999995297,296.2960000000894,143,206.10201398601333,175.1929999999702,56.57212229547135,272.8414000001503,280.11620000000113,294.42535999992407,118.78699999995297,297.2960000000894,0,253.0,100.0,24.0,91.0,0.71671388101983,0.9133574007220217,0.8031746031746032,0.5235602094240838,0.08664259927797834,0.6646706586826348,73.0,93,10,10,0.9029126213592233,0.9029126213592233,0.9029126213592235,0.9117647058823529,0.841368932038835,0.10296263840671434,0.20757222222222224,0.5314685314685315,0.46853146853146854,,,not_computed_no_bbox_data,22,21,22.0,0,0,76,38.0,38,16,22,129,8,121,8,0.42105263157894735,0.2894736842105263,22,0.06201550387596899,0.07207207207207207,0.1437125748502994,0.6666666666666666,0.42105263157894735,0.5161290322580646,0.4,0,14,10,0,0,0,142.0,143,0.6535517482517482,0.6395,0.11598913611897589,0.79526,0.8494,0.9545900000000002,0.5001,1.1767,143,0.0,0.0,0.0,0.0,0.0,0.0,0.0,0.0,143,0,0,0,0,0.0,0.0,3599371.742,215962.304532,468.0,42.12,66.8,6.346,93.458,7.943913,3570913.504,28567.308033,429.0,64.35,20078.424,8432.937976,7437.572,3123.780295,1141.5,342.45,0.0,0.0,216018.714445,40530.826303999995,256549.540749,4275.82567915,548.1827793782052,1794.0527325104895,2515.1915759705885,2758.5972123548386,6.346,256549.540749,3600000.0,3600000.0000000005,replay__s07__no_burst_detection,no_burst_detection,ablation,,,True,
secure,replay,7,3600.0,a3f359d7dc635d78,True,synthetic_distribution,False,disable_consistency_check,468,392,277,76,28234.868000000002,0.00784301888888889,139,2.316666666666667,139,2.316666666666667,98,89,167,93,64,0.6881720430107527,0.31182795698924726,0.3212996389891697,64,463.6534531249964,248.71999999997206,798.3174621431338,1147.4102000000653,1767.795750000018,4123.574559999985,118.78699999995297,4384.387000000002,139,204.82366187050175,174.1929999999702,56.30649409897499,270.957399999979,278.61379999998024,293.6890399999218,117.78699999995297,296.2960000000894,139,205.82366187050175,175.1929999999702,56.30649409897499,271.957399999979,279.61379999998024,294.6890399999218,118.78699999995297,297.2960000000894,0,253.0,100.0,24.0,91.0,0.71671388101983,0.9133574007220217,0.8031746031746032,0.5235602094240838,0.08664259927797834,0.6646706586826348,73.0,89,10,10,0.898989898989899,0.898989898989899,0.898989898989899,0.9081632653061225,0.8390333333333334,0.1040348842593538,0.20757222222222224,0.5323741007194245,0.4676258992805755,,,not_computed_no_bbox_data,22,21,22.0,0,0,76,38.0,38,16,22,129,12,117,12,0.42105263157894735,0.2894736842105263,22,0.09302325581395349,0.10810810810810811,0.16766467065868262,0.5714285714285714,0.42105263157894735,0.48484848484848486,0.4,0,14,10,4,0,0,142.0,139,0.6468589928057553,0.6359,0.11015210814783796,0.7882199999999999,0.8202999999999999,0.9478760000000002,0.5001,1.1767,139,0.0,0.0,0.0,0.0,0.0,0.0,0.0,0.0,139,0,0,0,0,0.0,0.0,3599375.287,215962.517203,468.0,42.12,66.8,6.346,89.913,7.642629,3571765.13,28574.121039,417.0,62.55,19497.094,8188.779616,7212.276,3029.155831,1108.5,332.55,0.0,0.0,216018.625832,40187.15648600001,256205.78231799998,4270.096371966666,547.4482528162392,1843.207067035971,2614.344717530612,2878.7166552584267,6.346,256205.782319,3600000.0,3600000.0,replay__s07__no_consistency_check,no_consistency_check,ablation,,,True,
secure,replay,7,3600.0,a3f359d7dc635d78,True,synthetic_distribution,False,disable_cooldown,468,392,277,76,53880.390999999996,0.014966775277777776,238,3.966666666666667,267,4.45,195,175,353,93,87,0.9354838709677419,0.06451612903225812,0.631768953068592,87,366.9456321838967,256.37599999969825,486.85166045978,612.9590000000331,1090.8162999999834,2167.457160000062,118.78699999995297,3970.398999999976,267,226.875191011226,217.52899999998044,97.78586552914172,296.23479999997653,416.67169999999436,539.626180000226,117.78699999995297,942.1230000000214,267,227.88882397002712,218.52899999998044,97.81170246557235,297.23479999997653,417.67169999999436,540.626180000226,118.78699999995297,943.1230000000214,0,253.0,100.0,24.0,91.0,0.71671388101983,0.9133574007220217,0.8031746031746032,0.5235602094240838,0.08664259927797834,0.71671388101983,73.0,175,21,22,0.8928571428571429,0.8883248730964467,0.89058524173028,0.8974358974358975,0.8328928934010152,0.11087252861867904,0.1966384615384615,0.5430711610486891,0.45692883895131087,,,not_computed_no_bbox_data,44,43,44.0,0,0,76,73.0,73,29,44,280,57,223,56,0.3972602739726027,0.5789473684210527,44,0.20357142857142857,0.22134387351778656,0.24362606232294617,0.3372093023255814,0.3972602739726027,0.36477987421383645,0.4,4,22,36,24,0,0,0.0,267,0.6475104868913858,0.6251,0.11012616706108752,0.80054,0.86305,0.9350719999999993,0.5001,1.1767,267,23.37114232209738,0.0,81.20613474956576,43.62100000000004,225.9610999999996,354.9495199999998,0.0,687.665,267,0,0,0,0,0.0,0.0,3599217.915,215953.074912,468.0,42.12,141.2,13.414,172.885,14.695208,3546119.608,28368.956867,714.0,107.1,37557.337,15774.081561,13486.555,5664.352942,2122.5,636.75,0.0,0.0,216023.30412,50551.241369999996,266574.54549000005,4442.909091500001,569.6037296794873,998.4065374157306,1367.0489512307695,1523.2831170857146,13.414,266574.545489,3600000.0,3600000.0,replay__s07__no_cooldown,no_cooldown,ablation,,,True,
secure,replay,7,3600.0,a3f359d7dc635d78,True,synthetic_distribution,False,disable_early_exit,468,392,277,76,36317.346000000005,0.010088151666666668,139,2.316666666666667,139,2.316666666666667,98,95,167,93,67,0.7204301075268817,0.27956989247311825,0.34296028880866425,67,525.3886417910344,270.2290000000503,807.4806628456356,1055.5422000000449,2142.503300000014,4188.799960000044,222.56500000000233,4384.387000000002,139,262.97099999999926,262.53900000010617,15.257178016533484,281.58439999991094,288.17209999980406,296.25724000001793,210.79199999989942,316.42699999990873,139,263.97099999999926,263.53900000010617,15.257178016533484,282.58439999991094,289.17209999980406,297.25724000001793,211.79199999989942,317.42699999990873,0,253.0,100.0,24.0,91.0,0.71671388101983,0.9133574007220217,0.8031746031746032,0.5235602094240838,0.08664259927797834,0.6646706586826348,73.0,95,4,4,0.9595959595959596,0.9595959595959596,0.9595959595959596,0.9693877551020408,0.861789898989899,0.1151870329073099,0.20072777777777775,0.0,1.0,,,not_computed_no_bbox_data,22,21,22.0,0,0,76,38.0,38,16,22,129,12,117,12,0.42105263157894735,0.2894736842105263,22,0.09302325581395349,0.10810810810810811,0.16766467065868262,0.5714285714285714,0.42105263157894735,0.48484848484848486,0.4,0,14,10,4,0,0,142.0,139,0.6468589928057553,0.6359,0.11015210814783796,0.7882199999999999,0.8202999999999999,0.9478760000000002,0.5001,1.1767,139,0.0,0.0,0.0,0.0,0.0,0.0,0.0,0.0,139,0,0,0,0,0.0,0.0,3599375.287,215962.517203,468.0,42.12,66.8,6.346,89.913,7.642629,3563682.652,28509.461219,417.0,62.55,19497.094,8188.779616,15318.753,6433.876381,1084.5,325.35,0.0,0.0,216018.625832,43520.017216,259538.643048,4325.6440508,554.5697501025641,1867.1844823597123,2648.353500489796,2731.985716294737,6.346,259538.643048,3600000.0,3599999.999,replay__s07__no_early_exit,no_early_exit,ablation,,,True,
secure,replay,7,3600.0,a3f359d7dc635d78,True,synthetic_distribution,False,disable_rate_limit,468,392,277,76,28234.868000000002,0.00784301888888889,139,2.316666666666667,139,2.316666666666667,98,89,167,93,64,0.6881720430107527,0.31182795698924726,0.3212996389891697,64,463.6534531249964,248.71999999997206,798.3174621431338,1147.4102000000653,1767.795750000018,4123.574559999985,118.78699999995297,4384.387000000002,139,204.82366187050175,174.1929999999702,56.30649409897499,270.957399999979,278.61379999998024,293.6890399999218,117.78699999995297,296.2960000000894,139,205.82366187050175,175.1929999999702,56.30649409897499,271.957399999979,279.61379999998024,294.6890399999218,118.78699999995297,297.2960000000894,0,253.0,100.0,24.0,91.0,0.71671388101983,0.9133574007220217,0.8031746031746032,0.5235602094240838,0.08664259927797834,0.6646706586826348,73.0,89,10,10,0.898989898989899,0.898989898989899,0.898989898989899,0.9081632653061225,0.8390333333333334,0.1040348842593538,0.20757222222222224,0.5323741007194245,0.4676258992805755,,,not_computed_no_bbox_data,22,21,22.0,0,0,76,38.0,38,16,22,129,12,117,12,0.42105263157894735,0.2894736842105263,22,0.09302325581395349,0.10810810810810811,0.16766467065868262,0.5714285714285714,0.42105263157894735,0.48484848484848486,0.4,0,14,10,4,0,0,142.0,139,0.6468589928057553,0.6359,0.11015210814783796,0.7882199999999999,0.8202999999999999,0.9478760000000002,0.5001,1.1767,139,0.0,0.0,0.0,0.0,0.0,0.0,0.0,0.0,139,0,0,0,0,0.0,0.0,3599375.287,215962.517203,468.0,42.12,66.8,6.346,89.913,7.642629,3571765.13,28574.121039,417.0,62.55,19497.094,8188.779616,7212.276,3029.155831,1108.5,332.55,0.0,0.0,216018.625832,40187.15648600001,256205.78231799998,4270.096371966666,547.4482528162392,1843.207067035971,2614.344717530612,2878.7166552584267,6.346,256205.782319,3600000.0,3600000.0,replay__s07__no_rate_limit,no_rate_limit,ablation,,,True,
secure,replay,7,3600.0,a3f359d7dc635d78,True,synthetic_distribution,False,disable_replay_protection,468,392,277,76,33046.12299999999,0.00917947861111111,161,2.683333333333333,161,2.683333333333333,104,93,167,93,66,0.7096774193548387,0.29032258064516125,0.33574007220216606,66,475.01430303029997,252.53800000005867,788.6684987663438,1088.3885000000591,1744.092250000016,4115.294799999982,118.78699999995297,4384.387000000002,161,206.9538385093156,180.20900000003166,56.69465038596169,273.7710000000079,278.55099999997765,292.23879999993375,117.78699999995297,296.2960000000894,161,207.9538385093156,181.20900000003166,56.69465038596169,274.7710000000079,279.55099999997765,293.23879999993375,118.78699999995297,297.2960000000894,0,253.0,100.0,24.0,91.0,0.71671388101983,0.9133574007220217,0.8031746031746032,0.5235602094240838,0.08664259927797834,0.6646706586826348,73.0,93,12,12,0.8857142857142857,0.8857142857142857,0.8857142857142857,0.8942307692307693,0.8383066666666666,0.1053702850634797,0.20757222222222224,0.515527950310559,0.484472049689441,,,not_computed_no_bbox_data,37,36,37.0,0,0,76,38.0,38,0,38,129,6,123,6,0.0,0.5,38,0.046511627906976744,0.05405405405405406,0.03592814371257485,0.0,0.0,,0.4,0,0,0,6,0,0,142.0,161,0.6501950310559006,0.637,0.11363403748505674,0.7951,0.8406,0.97162,0.5001,1.1767,161,0.0,0.0,0.0,0.0,0.0,0.0,0.0,0.0,161,0,0,0,0,0.0,0.0,3599360.518,215961.631108,468.0,42.12,66.8,6.346,104.682,8.89793,3566953.875,28535.630997,483.0,72.45,22582.528,9484.661583,8690.598,3650.051087,1290.0,387.0,0.0,0.0,216018.995038,42129.793667,258148.78870499998,4302.4798117499995,551.5999758653846,1603.4086254968943,2482.1998913942307,2775.7934269354837,6.346,258148.788704,3600000.0,3600000.001,replay__s07__no_replay_protection,no_replay_protection,ablation,,,True,
secure,replay,7,3600.0,a3f359d7dc635d78,True,synthetic_distribution,False,disable_security,468,392,277,76,34333.489,0.009537080277777778,167,2.783333333333333,167,2.783333333333333,110,98,167,93,70,0.7526881720430108,0.24731182795698925,0.35379061371841153,70,584.792585714272,253.4824999999255,893.3087747970407,1821.4402000000937,2414.1941000000566,4098.335280000051,118.38699999998789,4383.987000000008,167,206.8913113772349,179.80899999989197,56.99146371854587,274.2444000000134,280.62910000004337,291.4432800000301,117.38699999998789,295.8959999997169,167,207.8913113772349,180.80899999989197,56.99146371854587,275.2444000000134,281.62910000004337,292.4432800000301,118.38699999998789,296.8959999997169,0,253.0,100.0,24.0,91.0,0.71671388101983,0.9133574007220217,0.8031746031746032,0.5235602094240838,0.08664259927797834,0.6646706586826348,73.0,98,13,13,0.8828828828828829,0.8828828828828829,0.8828828828828829,0.8909090909090909,0.8378558558558559,0.10651714815822311,0.20757222222222224,0.5149700598802395,0.48502994011976047,,,not_computed_no_bbox_data,37,36,37.0,0,0,76,38.0,0,0,0,0,0,0,0,,0.5,38,,,,,,,0.0,0,0,0,0,0,0,142.0,167,0.6561359281437126,0.6432,0.11764603958103834,0.8136,0.88289,0.970882,0.5001,1.1767,167,0.0,0.0,0.0,0.0,0.0,0.0,0.0,0.0,167,0,0,0,0,0.0,0.0,3599422.425,215965.345508,468.0,42.12,0.0,0.0,109.575,9.313863,3565666.509,28525.332074,501.0,75.15,23464.533,9855.103706,9028.458,3791.952405,1339.5,401.85,0.0,0.0,216016.77937099998,42649.388184999996,258666.16755599997,4311.1027926,552.7054862307692,1548.8992069221556,2351.5106141454544,2639.4506893469384,0.0,258666.167557,3600000.0,3600000.0,replay__s07__no_security,no_security,ablation,,,True,
always_on,replay,8,3600.0,510ec4c419dc4faf,True,synthetic_distribution,False,,406,337,262,69,3600000.0,1.0,1,0.016666666666666666,405,6.75,260,246,0,92,91,0.9891304347826086,0.010869565217391353,0.9389312977099237,91,355.8297032967111,276.8019999996759,288.3448923209142,480.0910000000149,1005.2425000001676,1604.5801000000322,131.46699999994598,1666.8159999999916,0,,,,,,,,,405,301.79286172840193,290.7129999999888,92.55742077890315,420.62839999999863,478.20339999999834,524.8807200001366,131.46699999994598,560.6969999999274,0,,,,,,,,,,,,246,15,16,0.9425287356321839,0.9389312977099237,0.9407265774378586,0.9461538461538461,0.8353999999999999,0.10185525828275506,0.17091486486486487,0.582716049382716,0.41728395061728396,,,not_computed_no_bbox_data,67,66,67.0,17713,226,69,,0,0,0,0,0,0,0,,1.0,69,,,,,,,0.0,0,0,0,0,0,0,,0,,,,,,,,,0,,,,,,,,,0,0,0,0,0,3600000.0,18000.0,0.0,0.0,0.0,0.0,0.0,0.0,0.0,0.0,0.0,0.0,0.0,0.0,2544391.025,1068644.230505,945751.975,397215.829495,109857.0,32957.1,0.0,0.0,18000.0,1498817.1600000001,1516817.1600000001,25280.286000000004,3736.0028571428575,,5833.912153846154,6165.923414634147,0.0,1516817.16,3600000.0,3600000.0,replay__s08__always_on,always_on,ablation,,,True,
secure,replay,8,3600.0,510ec4c419dc4faf,True,synthetic_distribution,False,,406,337,262,69,32051.339,0.008903149722222222,165,2.75,165,2.75,129,120,188,92,83,0.9021739130434783,0.09782608695652173,0.4580152671755725,83,455.7075421686724,172.0270000002347,657.3129751305512,1388.9145999999714,2059.5088000000437,2883.377620000031,134.4810000001453,2897.366000000038,165,195.97026060607,163.16200000001118,55.40023951462452,273.0439999999944,278.963599999994,290.2701999999489,133.34499999973923,298.4799999999814,165,196.97026060607,164.16200000001118,55.40023951462452,274.0439999999944,279.963599999994,291.2701999999489,134.34499999973923,299.4799999999814,0,251.0,77.0,11.0,67.0,0.7652439024390244,0.9580152671755725,0.8508474576271187,0.5347222222222222,0.04198473282442748,0.723404255319149,64.0,120,10,10,0.9230769230769231,0.9230769230769231,0.9230769230769231,0.9302325581395349,0.8341746153846153,0.10243059992130536,0.21812307692307692,0.6060606060606061,0.3939393939393939,,,not_computed_no_bbox_data,22,21,22.0,0,0,69,39.0,39,17,22,149,6,143,6,0.4358974358974359,0.3188405797101449,22,0.040268456375838924,0.04411764705882353,0.12234042553191489,0.7391304347826086,0.4358974358974359,0.5483870967741935,0.4,0,16,7,0,0,0,115.0,165,0.6609284848484849,0.6392,0.12399537501507601,0.8455599999999999,0.90374,1.0665719999999996,0.502,1.1319,165,0.0,0.0,0.0,0.0,0.0,0.0,0.0,0.0,165,0,0,0,0,0.0,0.0,3599409.747,215964.584831,406.0,36.54,75.2,7.144,109.053,9.269489,3567948.662,28543.589296,495.0,74.25,23052.653,9682.11427,7197.185,3022.81769,1306.5,391.95,0.0,0.0,216017.53832,41714.72125599999,257732.25957599998,4295.5376596,634.8085211231527,1562.0136943999998,1997.924492837209,2147.7688298,7.144,257732.259576,3600000.0,3600000.0,replay__s08__full_secure,full_secure,ablation,,,True,
secure,replay,8,3600.0,510ec4c419dc4faf,True,synthetic_distribution,False,disable_adaptive_trigger,406,337,262,69,32051.339,0.008903149722222222,165,2.75,165,2.75,129,120,188,92,83,0.9021739130434783,0.09782608695652173,0.4580152671755725,83,455.7075421686724,172.0270000002347,657.3129751305512,1388.9145999999714,2059.5088000000437,2883.377620000031,134.4810000001453,2897.366000000038,165,195.97026060607,163.16200000001118,55.40023951462452,273.0439999999944,278.963599999994,290.2701999999489,133.34499999973923,298.4799999999814,165,196.97026060607,164.16200000001118,55.40023951462452,274.0439999999944,279.963599999994,291.2701999999489,134.34499999973923,299.4799999999814,0,251.0,77.0,11.0,67.0,0.7652439024390244,0.9580152671755725,0.8508474576271187,0.5347222222222222,0.04198473282442748,0.723404255319149,64.0,120,10,10,0.9230769230769231,0.9230769230769231,0.9230769230769231,0.9302325581395349,0.8341746153846153,0.10243059992130536,0.21812307692307692,0.6060606060606061,0.3939393939393939,,,not_computed_no_bbox_data,22,21,22.0,0,0,69,39.0,39,17,22,149,6,143,6,0.4358974358974359,0.3188405797101449,22,0.040268456375838924,0.04411764705882353,0.12234042553191489,0.7391304347826086,0.4358974358974359,0.5483870967741935,0.4,0,16,7,0,0,0,115.0,165,0.6609284848484849,0.6392,0.12399537501507601,0.8455599999999999,0.90374,1.0665719999999996,0.502,1.1319,165,0.0,0.0,0.0,0.0,0.0,0.0,0.0,0.0,165,0,0,0,0,0.0,0.0,3599409.747,215964.584831,406.0,36.54,75.2,7.144,109.053,9.269489,3567948.662,28543.589296,495.0,74.25,23052.653,9682.11427,7197.185,3022.81769,1306.5,391.95,0.0,0.0,216017.53832,41714.72125599999,257732.25957599998,4295.5376596,634.8085211231527,1562.0136943999998,1997.924492837209,2147.7688298,7.144,257732.259576,3600000.0,3600000.0,replay__s08__no_adaptive_trigger,no_adaptive_trigger,ablation,,,True,
secure,replay,8,3600.0,510ec4c419dc4faf,True,synthetic_distribution,False,disable_burst_detection,406,337,262,69,32051.339,0.008903149722222222,165,2.75,165,2.75,129,120,188,92,83,0.9021739130434783,0.09782608695652173,0.4580152671755725,83,455.7075421686724,172.0270000002347,657.3129751305512,1388.9145999999714,2059.5088000000437,2883.377620000031,134.4810000001453,2897.366000000038,165,195.97026060607,163.16200000001118,55.40023951462452,273.0439999999944,278.963599999994,290.2701999999489,133.34499999973923,298.4799999999814,165,196.97026060607,164.16200000001118,55.40023951462452,274.0439999999944,279.963599999994,291.2701999999489,134.34499999973923,299.4799999999814,0,251.0,77.0,11.0,67.0,0.7652439024390244,0.9580152671755725,0.8508474576271187,0.5347222222222222,0.04198473282442748,0.723404255319149,64.0,120,10,10,0.9230769230769231,0.9230769230769231,0.9230769230769231,0.9302325581395349,0.8341746153846153,0.10243059992130536,0.21812307692307692,0.6060606060606061,0.3939393939393939,,,not_computed_no_bbox_data,22,21,22.0,0,0,69,39.0,39,17,22,149,6,143,6,0.4358974358974359,0.3188405797101449,22,0.040268456375838924,0.04411764705882353,0.12234042553191489,0.7391304347826086,0.4358974358974359,0.5483870967741935,0.4,0,16,7,0,0,0,115.0,165,0.6609284848484849,0.6392,0.12399537501507601,0.8455599999999999,0.90374,1.0665719999999996,0.502,1.1319,165,0.0,0.0,0.0,0.0,0.0,0.0,0.0,0.0,165,0,0,0,0,0.0,0.0,3599409.747,215964.584831,406.0,36.54,75.2,7.144,109.053,9.269489,3567948.662,28543.589296,495.0,74.25,23052.653,9682.11427,7197.185,3022.81769,1306.5,391.95,0.0,0.0,216017.53832,41714.72125599999,257732.25957599998,4295.5376596,634.8085211231527,1562.0136943999998,1997.924492837209,2147.7688298,7.144,257732.259576,3600000.0,3600000.0,replay__s08__no_burst_detection,no_burst_detection,ablation,,,True,
secure,replay,8,3600.0,510ec4c419dc4faf,True,synthetic_distribution,False,disable_consistency_check,406,337,262,69,32051.339,0.008903149722222222,165,2.75,165,2.75,129,120,188,92,83,0.9021739130434783,0.09782608695652173,0.4580152671755725,83,455.7075421686724,172.0270000002347,657.3129751305512,1388.9145999999714,2059.5088000000437,2883.377620000031,134.4810000001453,2897.366000000038,165,195.97026060607,163.16200000001118,55.40023951462452,273.0439999999944,278.963599999994,290.2701999999489,133.34499999973923,298.4799999999814,165,196.97026060607,164.16200000001118,55.40023951462452,274.0439999999944,279.963599999994,291.2701999999489,134.34499999973923,299.4799999999814,0,251.0,77.0,11.0,67.0,0.7652439024390244,0.9580152671755725,0.8508474576271187,0.5347222222222222,0.04198473282442748,0.723404255319149,64.0,120,10,10,0.9230769230769231,0.9230769230769231,0.9230769230769231,0.9302325581395349,0.8341746153846153,0.10243059992130536,0.21812307692307692,0.6060606060606061,0.3939393939393939,,,not_computed_no_bbox_data,22,21,22.0,0,0,69,39.0,39,17,22,149,6,143,6,0.4358974358974359,0.3188405797101449,22,0.040268456375838924,0.04411764705882353,0.12234042553191489,0.7391304347826086,0.4358974358974359,0.5483870967741935,0.4,0,16,7,0,0,0,115.0,165,0.6609284848484849,0.6392,0.12399537501507601,0.8455599999999999,0.90374,1.0665719999999996,0.502,1.1319,165,0.0,0.0,0.0,0.0,0.0,0.0,0.0,0.0,165,0,0,0,0,0.0,0.0,3599409.747,215964.584831,406.0,36.54,75.2,7.144,109.053,9.269489,3567948.662,28543.589296,495.0,74.25,23052.653,9682.11427,7197.185,3022.81769,1306.5,391.95,0.0,0.0,216017.53832,41714.72125599999,257732.25957599998,4295.5376596,634.8085211231527,1562.0136943999998,1997.924492837209,2147.7688298,7.144,257732.259576,3600000.0,3600000.0,replay__s08__no_consistency_check,no_consistency_check,ablation,,,True,
secure,replay,8,3600.0,510ec4c419dc4faf,True,synthetic_distribution,False,disable_cooldown,406,337,262,69,54745.320999999996,0.01520703361111111,276,4.6,283,4.716666666666667,234,221,328,92,90,0.9782608695652174,0.021739130434782594,0.8435114503816794,90,354.0871888888976,206.63500000024214,444.6351560471644,999.1266000000531,1406.1440000001803,1793.022850000006,134.4810000001453,2897.366000000038,283,198.1942473498251,164.00299999979325,56.38811382511663,271.50940000009723,279.7958999998402,301.9944999999647,126.31500000006054,363.28400000045076,283,199.1942473498251,165.00299999979325,56.38811382511663,272.50940000009723,280.7958999998402,302.9944999999647,127.31500000006054,364.28400000045076,0,251.0,77.0,11.0,67.0,0.7652439024390244,0.9580152671755725,0.8508474576271187,0.5347222222222222,0.04198473282442748,0.7652439024390244,64.0,221,14,15,0.9404255319148936,0.9364406779661016,0.9384288747346071,0.9444444444444444,0.8361775423728813,0.09971060360980791,0.21812307692307692,0.6113074204946997,0.38869257950530034,,,not_computed_no_bbox_data,34,33,34.0,0,0,69,64.0,64,30,34,264,15,249,15,0.46875,0.4927536231884058,34,0.056818181818181816,0.05976095617529881,0.13719512195121952,0.6666666666666666,0.46875,0.5504587155963303,0.4,4,27,14,0,0,0,0.0,283,0.6584925795053004,0.6377,0.11831485213413039,0.8351200000000002,0.9020899999999998,1.0171520000000003,0.5008,1.1319,283,3.0269116607773854,0.0,21.425312725507315,0.0,0.0,119.42760000000038,0.0,223.824,283,0,0,0,0,0.0,0.0,3599276.446,215956.586785,406.0,36.54,131.2,12.464,186.354,15.840054,3545254.678,28362.037426,828.0,124.2,39640.589,16649.047293,12010.233,5044.297832,2266.5,679.95,0.0,0.0,216021.430839,50859.532551,266880.96339,4448.0160565,657.3422743596059,943.0422734628975,1140.5169375641026,1207.6061691855202,12.464,266880.963391,3600000.0,3600000.0,replay__s08__no_cooldown,no_cooldown,ablation,,,True,
secure,replay,8,3600.0,510ec4c419dc4faf,True,synthetic_distribution,False,disable_early_exit,406,337,262,69,43145.755,0.011984931944444444,165,2.75,165,2.75,129,122,188,92,84,0.9130434782608695,0.08695652173913049,0.46564885496183206,84,492.45088095240516,266.75800000003073,606.2412034936433,1433.9354999999516,1943.8330500000966,2704.3707200002113,224.62800000002608,3005.25900000002,165,263.209193939411,261.8209999999963,13.49110347051407,279.86579999998213,287.16459999987853,296.16140000008045,223.62800000002608,298.4799999999814,165,264.209193939411,262.8209999999963,13.49110347051407,280.86579999998213,288.16459999987853,297.16140000008045,224.62800000002608,299.4799999999814,0,251.0,77.0,11.0,67.0,0.7652439024390244,0.9580152671755725,0.8508474576271187,0.5347222222222222,0.04198473282442748,0.723404255319149,64.0,122,8,8,0.9384615384615385,0.9384615384615385,0.9384615384615385,0.9457364341085271,0.8598946153846154,0.11593034483905448,0.20783846153846156,0.0,1.0,,,not_computed_no_bbox_data,22,21,22.0,0,0,69,39.0,39,17,22,149,6,143,6,0.4358974358974359,0.3188405797101449,22,0.040268456375838924,0.04411764705882353,0.12234042553191489,0.7391304347826086,0.4358974358974359,0.5483870967741935,0.4,0,16,7,0,0,0,115.0,165,0.6609284848484849,0.6392,0.12399537501507601,0.8455599999999999,0.90374,1.0665719999999996,0.502,1.1319,165,0.0,0.0,0.0,0.0,0.0,0.0,0.0,0.0,165,0,0,0,0,0.0,0.0,3599409.747,215964.584831,406.0,36.54,75.2,7.144,109.053,9.269489,3556854.239,28454.833908,495.0,74.25,23052.653,9682.11427,18278.108,7676.805556,1320.0,396.0,0.0,0.0,216017.53832,46284.003734,262301.54205399996,4371.692367566666,646.0629114630541,1589.7063154787877,2033.3452872403097,2150.012639786885,7.144,262301.542054,3600000.0,3600000.0,replay__s08__no_early_exit,no_early_exit,ablation,,,True,
secure,replay,8,3600.0,510ec4c419dc4faf,True,synthetic_distribution,False,disable_rate_limit,406,337,262,69,32051.339,0.008903149722222222,165,2.75,165,2.75,129,120,188,92,83,0.9021739130434783,0.09782608695652173,0.4580152671755725,83,455.7075421686724,172.0270000002347,657.3129751305512,1388.9145999999714,2059.5088000000437,2883.377620000031,134.4810000001453,2897.366000000038,165,195.97026060607,163.16200000001118,55.40023951462452,273.0439999999944,278.963599999994,290.2701999999489,133.34499999973923,298.4799999999814,165,196.97026060607,164.16200000001118,55.40023951462452,274.0439999999944,279.963599999994,291.2701999999489,134.34499999973923,299.4799999999814,0,251.0,77.0,11.0,67.0,0.7652439024390244,0.9580152671755725,0.8508474576271187,0.5347222222222222,0.04198473282442748,0.723404255319149,64.0,120,10,10,0.9230769230769231,0.9230769230769231,0.9230769230769231,0.9302325581395349,0.8341746153846153,0.10243059992130536,0.21812307692307692,0.6060606060606061,0.3939393939393939,,,not_computed_no_bbox_data,22,21,22.0,0,0,69,39.0,39,17,22,149,6,143,6,0.4358974358974359,0.3188405797101449,22,0.040268456375838924,0.04411764705882353,0.12234042553191489,0.7391304347826086,0.4358974358974359,0.5483870967741935,0.4,0,16,7,0,0,0,115.0,165,0.6609284848484849,0.6392,0.12399537501507601,0.8455599999999999,0.90374,1.0665719999999996,0.502,1.1319,165,0.0,0.0,0.0,0.0,0.0,0.0,0.0,0.0,165,0,0,0,0,0.0,0.0,3599409.747,215964.584831,406.0,36.54,75.2,7.144,109.053,9.269489,3567948.662,28543.589296,495.0,74.25,23052.653,9682.11427,7197.185,3022.81769,1306.5,391.95,0.0,0.0,216017.53832,41714.72125599999,257732.25957599998,4295.5376596,634.8085211231527,1562.0136943999998,1997.924492837209,2147.7688298,7.144,257732.259576,3600000.0,3600000.0,replay__s08__no_rate_limit,no_rate_limit,ablation,,,True,
secure,replay,8,3600.0,510ec4c419dc4faf,True,synthetic_distribution,False,disable_replay_protection,406,337,262,69,36567.16100000001,0.010157544722222224,188,3.1333333333333333,188,3.1333333333333333,135,125,188,92,83,0.9021739130434783,0.09782608695652173,0.4770992366412214,83,455.7075421686724,172.0270000002347,657.3129751305512,1388.9145999999714,2059.5088000000437,2883.377620000031,134.4810000001453,2897.366000000038,188,196.21842553192494,163.53549999999814,55.41356861964799,272.7689999999595,278.15759999993605,289.15009999997676,132.5189999998547,298.4799999999814,188,197.21842553192494,164.53549999999814,55.41356861964799,273.7689999999595,279.15759999993605,290.15009999997676,133.5189999998547,299.4799999999814,0,251.0,77.0,11.0,67.0,0.7652439024390244,0.9580152671755725,0.8508474576271187,0.5347222222222222,0.04198473282442748,0.723404255319149,64.0,125,11,11,0.9191176470588235,0.9191176470588235,0.9191176470588235,0.9259259259259259,0.8324205882352942,0.10631102316814953,0.21812307692307692,0.601063829787234,0.39893617021276595,,,not_computed_no_bbox_data,38,37,38.0,0,0,69,39.0,39,0,39,149,0,149,0,0.0,0.5652173913043478,39,0.0,0.0,0.0,,0.0,,0.4,0,0,0,0,0,0,115.0,188,0.6549984042553192,0.63275,0.12157751317028131,0.8247400000000003,0.900565,1.061926,0.502,1.1319,188,0.0,0.0,0.0,0.0,0.0,0.0,0.0,0.0,188,0,0,0,0,0.0,0.0,3599395.661,215963.739646,406.0,36.54,75.2,7.144,123.139,10.466835,3563432.84,28507.462718,564.0,84.6,26251.809,11025.759808,8255.851,3467.457493,1495.5,448.65,0.0,0.0,216017.890481,43533.930019,259551.8205,4325.863675,639.290198275862,1380.594789893617,1922.6060777777777,2076.414564,7.144,259551.8205,3600000.0,3599999.9999999995,replay__s08__no_replay_protection,no_replay_protection,ablation,,,True,
secure,replay,8,3600.0,510ec4c419dc4faf,True,synthetic_distribution,False,disable_security,406,337,262,69,36567.16100000001,0.010157544722222224,188,3.1333333333333333,188,3.1333333333333333,135,125,188,92,83,0.9021739130434783,0.09782608695652173,0.4770992366412214,83,455.3075421686761,171.62699999986216,657.3129751305324,1388.5145999999716,2059.108800000137,2882.977620000008,134.08099999977276,2896.966000000015,188,195.81842553192294,163.13550000003306,55.41356861965823,272.36900000003516,277.75759999997246,288.75009999966477,132.11899999994785,298.0800000000745,188,196.81842553192294,164.13550000003306,55.41356861965823,273.36900000003516,278.75759999997246,289.75009999966477,133.11899999994785,299.0800000000745,0,251.0,77.0,11.0,67.0,0.7652439024390244,0.9580152671755725,0.8508474576271187,0.5347222222222222,0.04198473282442748,0.723404255319149,64.0,125,11,11,0.9191176470588235,0.9191176470588235,0.9191176470588235,0.9259259259259259,0.8324205882352942,0.10631102316814953,0.21812307692307692,0.601063829787234,0.39893617021276595,,,not_computed_no_bbox_data,38,37,38.0,0,0,69,39.0,0,0,0,0,0,0,0,,0.5652173913043478,39,,,,,,,0.0,0,0,0,0,0,0,115.0,188,0.6549984042553192,0.63275,0.12157751317028131,0.8247400000000003,0.900565,1.061926,0.502,1.1319,188,0.0,0.0,0.0,0.0,0.0,0.0,0.0,0.0,188,0,0,0,0,0.0,0.0,3599470.861,215968.251646,406.0,36.54,0.0,0.0,123.139,10.466835,3563432.84,28507.462718,564.0,84.6,26251.809,11025.759808,8255.851,3467.457493,1495.5,448.65,0.0,0.0,216015.258481,43533.930019,259549.1885,4325.819808333333,639.2837155172414,1380.580789893617,1922.5865814814813,2076.393508,0.0,259549.1885,3600000.0,3599999.9999999995,replay__s08__no_security,no_security,ablation,,,True,
always_on,replay,9,3600.0,6ab8b5bbbecfebbd,True,synthetic_distribution,False,,359,236,169,123,3600000.0,1.0,1,0.016666666666666666,358,5.966666666666667,165,144,0,50,48,0.96,0.040000000000000036,0.8520710059171598,48,517.9226458333233,327.96749999996973,544.2050326313692,1138.7210999999897,1532.668100000021,2626.682689999813,148.66599999996834,2956.092999999877,0,,,,,,,,,358,301.3485335195395,295.49749999982305,93.17530641974021,430.86149999983036,467.0061499999253,511.2773700000369,134.95799999998417,564.0700000000652,0,,,,,,,,,,,,144,22,25,0.8674698795180723,0.8520710059171598,0.8597014925373134,0.8727272727272727,0.8385059171597632,0.10942387150551292,0.16303333333333334,0.5698324022346368,0.4301675977653631,,,not_computed_no_bbox_data,123,122,123.0,17786,248,123,,0,0,0,0,0,0,0,,1.0,123,,,,,,,0.0,0,0,0,0,0,0,,0,,,,,,,,,0,,,,,,,,,0,0,0,0,0,3600000.0,18000.0,0.0,0.0,0.0,0.0,0.0,0.0,0.0,0.0,0.0,0.0,0.0,0.0,2548361.267,1070311.732173,941646.733,395491.627827,109992.0,32997.6,0.0,0.0,18000.0,1498800.96,1516800.96,25280.016,4225.072311977716,,9192.73309090909,10533.34,0.0,1516800.96,3600000.0,3600000.0,replay__s09__always_on,always_on,ablation,,,True,
secure,replay,9,3600.0,6ab8b5bbbecfebbd,True,synthetic_distribution,False,,359,236,169,123,23577.233,0.006549231388888889,117,1.95,117,1.95,71,63,157,50,43,0.86,0.14,0.3727810650887574,43,685.819325581396,257.6809999999823,1203.4173225154525,1628.6924000000404,2209.204799999669,5534.235719999995,139.25,5986.904999999795,117,203.23488034187932,164.87400000006892,56.932265687515695,272.78920000009236,280.0163999998011,297.0275600000378,134.88699999987148,299.4590000002645,117,204.23488034187932,165.87400000006892,56.932265687515695,273.78920000009236,281.0163999998011,298.0275600000378,135.88699999987148,300.4590000002645,0,153.0,131.0,16.0,59.0,0.5387323943661971,0.9053254437869822,0.6754966887417219,0.6894736842105263,0.09467455621301775,0.5031847133757962,113.0,63,9,10,0.875,0.863013698630137,0.8689655172413793,0.8873239436619719,0.8238849315068492,0.11329065577731279,0.20156,0.5555555555555556,0.4444444444444444,,,not_computed_no_bbox_data,30,29,30.0,0,0,123,63.0,63,34,29,94,6,88,6,0.5396825396825397,0.23577235772357724,29,0.06382978723404255,0.0759493670886076,0.25477707006369427,0.85,0.5396825396825397,0.6601941747572816,0.4,0,28,12,0,0,0,74.0,117,0.6601794871794873,0.631,0.12283379823725195,0.7980600000000001,0.91528,1.0193040000000002,0.5025,1.209,117,0.0,0.0,0.0,0.0,0.0,0.0,0.0,0.0,117,0,0,0,0,0.0,0.0,3599500.959,215970.057528,359.0,32.31,62.8,5.966,77.241,6.565502,3576422.764,28611.382115,351.0,52.65,16514.168,6935.95067,5786.567,2430.358283,925.5,277.65,0.0,0.0,216014.89903,38307.991068,254322.89009800003,4238.714834966667,708.4203066796658,2173.6999153675215,3582.0125365915496,4036.8712713968257,5.966,254322.890098,3599999.9999999995,3599999.999,replay__s09__full_secure,full_secure,ablation,,,True,
secure,replay,9,3600.0,6ab8b5bbbecfebbd,True,synthetic_distribution,False,disable_adaptive_trigger,359,236,169,123,23577.233,0.006549231388888889,117,1.95,117,1.95,71,63,157,50,43,0.86,0.14,0.3727810650887574,43,685.819325581396,257.6809999999823,1203.4173225154525,1628.6924000000404,2209.204799999669,5534.235719999995,139.25,5986.904999999795,117,203.23488034187932,164.87400000006892,56.932265687515695,272.78920000009236,280.0163999998011,297.0275600000378,134.88699999987148,299.4590000002645,117,204.23488034187932,165.87400000006892,56.932265687515695,273.78920000009236,281.0163999998011,298.0275600000378,135.88699999987148,300.4590000002645,0,153.0,131.0,16.0,59.0,0.5387323943661971,0.9053254437869822,0.6754966887417219,0.6894736842105263,0.09467455621301775,0.5031847133757962,113.0,63,9,10,0.875,0.863013698630137,0.8689655172413793,0.8873239436619719,0.8238849315068492,0.11329065577731279,0.20156,0.5555555555555556,0.4444444444444444,,,not_computed_no_bbox_data,30,29,30.0,0,0,123,63.0,63,34,29,94,6,88,6,0.5396825396825397,0.23577235772357724,29,0.06382978723404255,0.0759493670886076,0.25477707006369427,0.85,0.5396825396825397,0.6601941747572816,0.4,0,28,12,0,0,0,74.0,117,0.6601794871794873,0.631,0.12283379823725195,0.7980600000000001,0.91528,1.0193040000000002,0.5025,1.209,117,0.0,0.0,0.0,0.0,0.0,0.0,0.0,0.0,117,0,0,0,0,0.0,0.0,3599500.959,215970.057528,359.0,32.31,62.8,5.966,77.241,6.565502,3576422.764,28611.382115,351.0,52.65,16514.168,6935.95067,5786.567,2430.358283,925.5,277.65,0.0,0.0,216014.89903,38307.991068,254322.89009800003,4238.714834966667,708.4203066796658,2173.6999153675215,3582.0125365915496,4036.8712713968257,5.966,254322.890098,3599999.9999999995,3599999.999,replay__s09__no_adaptive_trigger,no_adaptive_trigger,ablation,,,True,
secure,replay,9,3600.0,6ab8b5bbbecfebbd,True,synthetic_distribution,False,disable_burst_detection,359,236,169,123,23577.233,0.006549231388888889,117,1.95,117,1.95,71,63,157,50,43,0.86,0.14,0.3727810650887574,43,685.819325581396,257.6809999999823,1203.4173225154525,1628.6924000000404,2209.204799999669,5534.235719999995,139.25,5986.904999999795,117,203.23488034187932,164.87400000006892,56.932265687515695,272.78920000009236,280.0163999998011,297.0275600000378,134.88699999987148,299.4590000002645,117,204.23488034187932,165.87400000006892,56.932265687515695,273.78920000009236,281.0163999998011,298.0275600000378,135.88699999987148,300.4590000002645,0,153.0,131.0,16.0,59.0,0.5387323943661971,0.9053254437869822,0.6754966887417219,0.6894736842105263,0.09467455621301775,0.5031847133757962,113.0,63,9,10,0.875,0.863013698630137,0.8689655172413793,0.8873239436619719,0.8238849315068492,0.11329065577731279,0.20156,0.5555555555555556,0.4444444444444444,,,not_computed_no_bbox_data,30,29,30.0,0,0,123,63.0,63,34,29,94,6,88,6,0.5396825396825397,0.23577235772357724,29,0.06382978723404255,0.0759493670886076,0.25477707006369427,0.85,0.5396825396825397,0.6601941747572816,0.4,0,28,12,0,0,0,74.0,117,0.6601794871794873,0.631,0.12283379823725195,0.7980600000000001,0.91528,1.0193040000000002,0.5025,1.209,117,0.0,0.0,0.0,0.0,0.0,0.0,0.0,0.0,117,0,0,0,0,0.0,0.0,3599500.959,215970.057528,359.0,32.31,62.8,5.966,77.241,6.565502,3576422.764,28611.382115,351.0,52.65,16514.168,6935.95067,5786.567,2430.358283,925.5,277.65,0.0,0.0,216014.89903,38307.991068,254322.89009800003,4238.714834966667,708.4203066796658,2173.6999153675215,3582.0125365915496,4036.8712713968257,5.966,254322.890098,3599999.9999999995,3599999.999,replay__s09__no_burst_detection,no_burst_detection,ablation,,,True,
secure,replay,9,3600.0,6ab8b5bbbecfebbd,True,synthetic_distribution,False,disable_consistency_check,359,236,169,123,23577.233,0.006549231388888889,117,1.95,117,1.95,71,63,157,50,43,0.86,0.14,0.3727810650887574,43,685.819325581396,257.6809999999823,1203.4173225154525,1628.6924000000404,2209.204799999669,5534.235719999995,139.25,5986.904999999795,117,203.23488034187932,164.87400000006892,56.932265687515695,272.78920000009236,280.0163999998011,297.0275600000378,134.88699999987148,299.4590000002645,117,204.23488034187932,165.87400000006892,56.932265687515695,273.78920000009236,281.0163999998011,298.0275600000378,135.88699999987148,300.4590000002645,0,153.0,131.0,16.0,59.0,0.5387323943661971,0.9053254437869822,0.6754966887417219,0.6894736842105263,0.09467455621301775,0.5031847133757962,113.0,63,9,10,0.875,0.863013698630137,0.8689655172413793,0.8873239436619719,0.8238849315068492,0.11329065577731279,0.20156,0.5555555555555556,0.4444444444444444,,,not_computed_no_bbox_data,30,29,30.0,0,0,123,63.0,63,34,29,94,6,88,6,0.5396825396825397,0.23577235772357724,29,0.06382978723404255,0.0759493670886076,0.25477707006369427,0.85,0.5396825396825397,0.6601941747572816,0.4,0,28,12,0,0,0,74.0,117,0.6601794871794873,0.631,0.12283379823725195,0.7980600000000001,0.91528,1.0193040000000002,0.5025,1.209,117,0.0,0.0,0.0,0.0,0.0,0.0,0.0,0.0,117,0,0,0,0,0.0,0.0,3599500.959,215970.057528,359.0,32.31,62.8,5.966,77.241,6.565502,3576422.764,28611.382115,351.0,52.65,16514.168,6935.95067,5786.567,2430.358283,925.5,277.65,0.0,0.0,216014.89903,38307.991068,254322.89009800003,4238.714834966667,708.4203066796658,2173.6999153675215,3582.0125365915496,4036.8712713968257,5.966,254322.890098,3599999.9999999995,3599999.999,replay__s09__no_consistency_check,no_consistency_check,ablation,,,True,
secure,replay,9,3600.0,6ab8b5bbbecfebbd,True,synthetic_distribution,False,disable_cooldown,359,236,169,123,39939.53999999999,0.011094316666666664,199,3.316666666666667,206,3.433333333333333,136,119,284,50,48,0.96,0.040000000000000036,0.7041420118343196,48,534.054354166667,255.5844999999972,971.1756481655245,1205.8778999997774,1918.9822000000615,4514.871109999925,139.25,5986.904999999795,206,199.40898058251742,160.42599999997765,61.097726930694826,272.7925000000978,286.29249999974854,315.7131000000691,132.46699999994598,475.33199999993667,206,200.40898058251742,161.42599999997765,61.097726930694826,273.7925000000978,287.29249999974854,316.7131000000691,133.46699999994598,476.33199999993667,0,153.0,131.0,16.0,59.0,0.5387323943661971,0.9053254437869822,0.6754966887417219,0.6894736842105263,0.09467455621301775,0.5387323943661971,113.0,119,18,21,0.8686131386861314,0.85,0.8592057761732852,0.875,0.8384214285714285,0.11377361264017373,0.17991666666666664,0.6116504854368932,0.3883495145631068,,,not_computed_no_bbox_data,49,48,49.0,0,0,123,113.0,113,65,48,171,13,158,13,0.5752212389380531,0.3902439024390244,48,0.07602339181286549,0.08496732026143791,0.2746478873239437,0.8333333333333334,0.5752212389380531,0.680628272251309,0.4,0,55,23,0,0,0,0.0,206,0.6530810679611653,0.6315,0.11451403186285969,0.7898000000000001,0.866975,1.0109799999999995,0.5025,1.209,206,3.8174174757281563,0.0,24.398261186353977,0.0,0.0,148.52219999999977,0.0,219.762,206,0,0,0,0,0.0,0.0,3599392.865,215963.571914,359.0,32.31,113.6,10.792,134.535,11.435455,3560060.454,28480.483631,597.0,89.55,28853.465,12118.45541,8839.081,3712.41395,1650.0,495.0,0.0,0.0,216018.10936899998,44895.902991,260914.01236,4348.566872666666,726.779978718663,1266.5728755339806,1918.485385,2192.5547257142857,10.792,260914.01236,3600000.0000000005,3599999.9999999995,replay__s09__no_cooldown,no_cooldown,ablation,,,True,
secure,replay,9,3600.0,6ab8b5bbbecfebbd,True,synthetic_distribution,False,disable_early_exit,359,236,169,123,30811.751999999997,0.00855882,117,1.95,117,1.95,71,68,157,50,46,0.92,0.07999999999999996,0.40236686390532544,46,663.6194782608684,266.45799999992596,1149.118017144321,1573.4129999999595,2080.211250000066,5566.675149999928,244.76699999999255,6104.67399999965,117,265.06832478631037,264.14999999990687,12.418906747695338,279.6579999998212,286.63580000000076,299.27308000022543,234.67199999978766,301.68700000003446,117,266.06832478631037,265.14999999990687,12.418906747695338,280.6579999998212,287.63580000000076,300.27308000022543,235.67199999978766,302.68700000003446,0,153.0,131.0,16.0,59.0,0.5387323943661971,0.9053254437869822,0.6754966887417219,0.6894736842105263,0.09467455621301775,0.5031847133757962,113.0,68,4,5,0.9444444444444444,0.9315068493150684,0.9379310344827586,0.9577464788732394,0.8481315068493152,0.12838156115085686,0.20925333333333332,0.0,1.0,,,not_computed_no_bbox_data,30,29,30.0,0,0,123,63.0,63,34,29,94,6,88,6,0.5396825396825397,0.23577235772357724,29,0.06382978723404255,0.0759493670886076,0.25477707006369427,0.85,0.5396825396825397,0.6601941747572816,0.4,0,28,12,0,0,0,74.0,117,0.6601794871794873,0.631,0.12283379823725195,0.7980600000000001,0.91528,1.0193040000000002,0.5025,1.209,117,0.0,0.0,0.0,0.0,0.0,0.0,0.0,0.0,117,0,0,0,0,0.0,0.0,3599500.959,215970.057528,359.0,32.31,62.8,5.966,77.241,6.565502,3569188.245,28553.505963,351.0,52.65,16514.168,6935.95067,13016.586,5466.966279,930.0,279.0,0.0,0.0,216014.89903,41288.072912,257302.97194200003,4288.3828657,716.7213703119778,2199.1707003589745,3623.9855203098596,3783.867234441177,5.966,257302.971942,3599999.9999999995,3599999.9990000003,replay__s09__no_early_exit,no_early_exit,ablation,,,True,
secure,replay,9,3600.0,6ab8b5bbbecfebbd,True,synthetic_distribution,False,disable_rate_limit,359,236,169,123,23577.233,0.006549231388888889,117,1.95,117,1.95,71,63,157,50,43,0.86,0.14,0.3727810650887574,43,685.819325581396,257.6809999999823,1203.4173225154525,1628.6924000000404,2209.204799999669,5534.235719999995,139.25,5986.904999999795,117,203.23488034187932,164.87400000006892,56.932265687515695,272.78920000009236,280.0163999998011,297.0275600000378,134.88699999987148,299.4590000002645,117,204.23488034187932,165.87400000006892,56.932265687515695,273.78920000009236,281.0163999998011,298.0275600000378,135.88699999987148,300.4590000002645,0,153.0,131.0,16.0,59.0,0.5387323943661971,0.9053254437869822,0.6754966887417219,0.6894736842105263,0.09467455621301775,0.5031847133757962,113.0,63,9,10,0.875,0.863013698630137,0.8689655172413793,0.8873239436619719,0.8238849315068492,0.11329065577731279,0.20156,0.5555555555555556,0.4444444444444444,,,not_computed_no_bbox_data,30,29,30.0,0,0,123,63.0,63,34,29,94,6,88,6,0.5396825396825397,0.23577235772357724,29,0.06382978723404255,0.0759493670886076,0.25477707006369427,0.85,0.5396825396825397,0.6601941747572816,0.4,0,28,12,0,0,0,74.0,117,0.6601794871794873,0.631,0.12283379823725195,0.7980600000000001,0.91528,1.0193040000000002,0.5025,1.209,117,0.0,0.0,0.0,0.0,0.0,0.0,0.0,0.0,117,0,0,0,0,0.0,0.0,3599500.959,215970.057528,359.0,32.31,62.8,5.966,77.241,6.565502,3576422.764,28611.382115,351.0,52.65,16514.168,6935.95067,5786.567,2430.358283,925.5,277.65,0.0,0.0,216014.89903,38307.991068,254322.89009800003,4238.714834966667,708.4203066796658,2173.6999153675215,3582.0125365915496,4036.8712713968257,5.966,254322.890098,3599999.9999999995,3599999.999,replay__s09__no_rate_limit,no_rate_limit,ablation,,,True,
secure,replay,9,3600.0,6ab8b5bbbecfebbd,True,synthetic_distribution,False,disable_replay_protection,359,236,169,123,31555.988999999998,0.008765552499999999,157,2.6166666666666667,157,2.6166666666666667,77,69,157,50,43,0.86,0.14,0.40828402366863903,43,685.819325581396,257.6809999999823,1203.4173225154525,1628.6924000000404,2209.204799999669,5534.235719999995,139.25,5986.904999999795,157,202.72229936305158,163.4539999999106,57.3113170122002,276.0666000000434,281.1467999999877,293.853960000081,133.1539999996312,299.4590000002645,157,203.72229936305158,164.4539999999106,57.3113170122002,277.0666000000434,282.1467999999877,294.853960000081,134.1539999996312,300.4590000002645,0,153.0,131.0,16.0,59.0,0.5387323943661971,0.9053254437869822,0.6754966887417219,0.6894736842105263,0.09467455621301775,0.5031847133757962,113.0,69,9,10,0.8846153846153846,0.8734177215189873,0.8789808917197452,0.8961038961038961,0.8265151898734178,0.11113153224273178,0.20156,0.5605095541401274,0.4394904458598726,,,not_computed_no_bbox_data,63,62,63.0,0,0,123,63.0,63,0,63,94,0,94,0,0.0,0.5121951219512195,63,0.0,0.0,0.0,,0.0,,0.4,0,0,0,0,0,0,74.0,157,0.6718719745222931,0.642,0.13438434968517368,0.8617600000000001,0.9344599999999997,1.0747519999999997,0.5025,1.209,157,0.0,0.0,0.0,0.0,0.0,0.0,0.0,0.0,157,0,0,0,0,0.0,0.0,3599472.716,215968.362952,359.0,32.31,62.8,5.966,105.484,8.966151,3568444.01,28547.552082,471.0,70.65,22114.397,9288.046913,7722.592,3243.488761,1248.0,374.4,0.0,0.0,216015.60510299998,41524.137756000004,257539.742859,4292.32904765,717.3808993286908,1640.3805277643312,3344.671985181818,3732.4600414347824,5.966,257539.742859,3600000.0,3599999.999,replay__s09__no_replay_protection,no_replay_protection,ablation,,,True,
secure,replay,9,3600.0,6ab8b5bbbecfebbd,True,synthetic_distribution,False,disable_security,359,236,169,123,31555.988999999998,0.008765552499999999,157,2.6166666666666667,157,2.6166666666666667,77,69,157,50,43,0.86,0.14,0.40828402366863903,43,685.4193255814221,257.280999999959,1203.4173225154655,1628.2924000000216,2208.804799999762,5533.835720000088,138.85000000009313,5986.504999999888,157,202.3222993630532,163.05400000000373,57.31131701220382,275.66660000002014,280.7467999999877,293.4539600000437,132.75399999972433,299.0590000003576,157,203.3222993630532,164.05400000000373,57.31131701220382,276.66660000002014,281.7467999999877,294.4539600000437,133.75399999972433,300.0590000003576,0,153.0,131.0,16.0,59.0,0.5387323943661971,0.9053254437869822,0.6754966887417219,0.6894736842105263,0.09467455621301775,0.5031847133757962,113.0,69,9,10,0.8846153846153846,0.8734177215189873,0.8789808917197452,0.8961038961038961,0.8265151898734178,0.11113153224273178,0.20156,0.5605095541401274,0.4394904458598726,,,not_computed_no_bbox_data,63,62,63.0,0,0,123,63.0,0,0,0,0,0,0,0,,0.5121951219512195,63,,,,,,,0.0,0,0,0,0,0,0,74.0,157,0.6718719745222931,0.642,0.13438434968517368,0.8617600000000001,0.9344599999999997,1.0747519999999997,0.5025,1.209,157,0.0,0.0,0.0,0.0,0.0,0.0,0.0,0.0,157,0,0,0,0,0.0,0.0,3599535.516,215972.130952,359.0,32.31,0.0,0.0,105.484,8.966151,3568444.01,28547.552082,471.0,70.65,22114.397,9288.046913,7722.592,3243.488761,1248.0,374.4,0.0,0.0,216013.407103,41524.137756000004,257537.544859,4292.2924143166665,717.3747767660167,1640.366527764331,3344.6434397272724,3732.4281863623187,0.0,257537.544859,3600000.0,3599999.999,replay__s09__no_security,no_security,ablation,,,True,
always_on,replay,10,3600.0,0626109bf9e4a7eb,True,synthetic_distribution,False,,301,249,166,52,3600000.0,1.0,1,0.016666666666666666,299,4.983333333333333,165,143,0,56,55,0.9821428571428571,0.017857142857142905,0.8614457831325302,55,505.076072727303,315.3209999999963,436.1804701390882,1237.149399999995,1428.78329999994,1874.973120000032,159.47500000009313,1981.3919999999925,0,,,,,,,,,299,308.15703344481864,297.87300000013784,114.08037071665431,465.4774000002537,493.486200000008,625.9788600000223,143.27400000020862,828.8499999999767,0,,,,,,,,,,,,143,23,23,0.8614457831325302,0.8614457831325302,0.8614457831325302,0.8666666666666667,0.8445427710843373,0.09196971327316009,0.1675506172839506,0.5618729096989966,0.43812709030100333,,,not_computed_no_bbox_data,51,50,51.0,17812,249,52,,0,0,0,0,0,0,0,,1.0,52,,,,,,,0.0,0,0,0,0,0,0,,0,,,,,,,,,0,,,,,,,,,0,0,0,0,0,3600000.0,18000.0,0.0,0.0,0.0,0.0,0.0,0.0,0.0,0.0,0.0,0.0,0.0,0.0,2543173.049,1068132.680469,947167.951,397810.539531,109659.0,32897.7,0.0,0.0,18000.0,1498840.92,1516840.92,25280.681999999997,5039.338604651162,,9192.975272727272,10607.27916083916,0.0,1516840.92,3600000.0,3600000.0,replay__s10__always_on,always_on,ablation,,,True,
secure,replay,10,3600.0,0626109bf9e4a7eb,True,synthetic_distribution,False,,301,249,166,52,19377.14,0.005382538888888889,96,1.6,96,1.6,69,58,117,56,42,0.75,0.25,0.3493975903614458,42,432.5123333333592,168.4779999999446,619.3142280683049,1425.9570000003553,2034.0631499999552,2320.037169999992,132.2660000002943,2379.0209999999497,96,203.55982291666928,167.4779999999446,56.93338724434676,275.40299999999115,280.04449999998906,287.12709999970974,130.1359999999404,289.20000000006985,96,204.55982291666928,168.4779999999446,56.93338724434676,276.40299999999115,281.04449999998906,288.12709999970974,131.1359999999404,290.20000000006985,0,153.0,69.0,13.0,66.0,0.6891891891891891,0.9216867469879518,0.788659793814433,0.5111111111111111,0.0783132530120482,0.6495726495726496,48.0,58,12,12,0.8285714285714286,0.8285714285714286,0.8285714285714286,0.8405797101449275,0.8374685714285715,0.10334644639965541,0.20074444444444442,0.53125,0.46875,,,not_computed_no_bbox_data,9,8,9.0,0,0,52,23.0,23,15,8,94,6,88,6,0.6521739130434783,0.15384615384615385,8,0.06382978723404255,0.07894736842105263,0.1794871794871795,0.7142857142857143,0.6521739130434783,0.6818181818181819,0.4,0,14,4,3,0,0,77.0,96,0.65191875,0.6415500000000001,0.10552320504340065,0.8025,0.839,0.9346399999999999,0.5002,0.9639,96,0.0,0.0,0.0,0.0,0.0,0.0,0.0,0.0,96,0,0,0,0,0.0,0.0,3599589.616,215975.376931,301.0,27.09,46.8,4.446,62.584,5.319682,3580622.86,28644.982877,288.0,43.2,13386.315,5622.252497,4949.825,2078.926456,753.0,225.9,0.0,0.0,216012.232613,36615.26183,252627.49444299997,4210.458240716666,839.2940014717607,2631.5364004479165,3661.2680354057966,4355.646455913793,4.446,252627.494442,3599999.9999999995,3600000.0,replay__s10__full_secure,full_secure,ablation,,,True,
secure,replay,10,3600.0,0626109bf9e4a7eb,True,synthetic_distribution,False,disable_adaptive_trigger,301,249,166,52,19723.404,0.005478723333333333,98,1.6333333333333333,98,1.6333333333333333,71,60,119,56,43,0.7678571428571429,0.2321428571428571,0.3614457831325301,43,444.69616279071994,167.04799999995157,655.8606639092276,1821.0331999999512,2215.182800000044,2329.1455799999662,132.2660000002943,2379.0209999999497,98,202.98104081632854,167.1014999999752,56.818456678410655,275.20539999998874,280.0402999999875,287.0834599997022,130.1359999999404,289.20000000006985,98,203.98104081632854,168.1014999999752,56.818456678410655,276.20539999998874,281.0402999999875,288.0834599997022,131.1359999999404,290.20000000006985,0,156.0,69.0,10.0,66.0,0.6933333333333334,0.9397590361445783,0.7979539641943734,0.5111111111111111,0.060240963855421686,0.6554621848739496,48.0,60,12,12,0.8333333333333334,0.8333333333333334,0.8333333333333334,0.8450704225352113,0.8440694444444445,0.09662606979002764,0.20074444444444442,0.5408163265306123,0.45918367346938777,,,not_computed_no_bbox_data,9,8,9.0,0,0,52,23.0,23,15,8,96,6,90,6,0.6521739130434783,0.15384615384615385,8,0.0625,0.07692307692307693,0.17647058823529413,0.7142857142857143,0.6521739130434783,0.6818181818181819,0.4,0,14,4,3,0,0,78.0,98,0.6542326530612245,0.6415500000000001,0.10722724089906839,0.806,0.842615,0.9340240000000001,0.5002,0.9639,98,0.0,0.0,0.0,0.0,0.0,0.0,0.0,0.0,98,0,0,0,0,0.0,0.0,3599587.285,215975.237095,301.0,27.09,47.6,4.522,64.115,5.449782,3580276.595,28642.212761,294.0,44.1,13695.273,5752.014458,4961.632,2083.885575,772.5,231.75,0.0,0.0,216012.298877,36753.962794,252766.26167099996,4212.771027849999,839.7550221627905,2579.2475680714283,3560.088192549295,4212.771027849999,4.522,252766.261672,3600000.0000000005,3600000.0000000005,replay__s10__no_adaptive_trigger,no_adaptive_trigger,ablation,,,True,
secure,replay,10,3600.0,0626109bf9e4a7eb,True,synthetic_distribution,False,disable_burst_detection,301,249,166,52,19931.022999999997,0.005536395277777777,99,1.65,99,1.65,72,60,117,56,44,0.7857142857142857,0.2142857142857143,0.3614457831325301,44,534.1769545454789,173.24949999997625,822.6945641520854,1845.6043000000311,2205.19520000004,3332.944499999977,132.2660000002943,4052.5709999999963,99,203.04537373737696,166.98499999998603,56.62982215923429,275.1065999999875,280.03819999998666,287.0616399996984,130.1359999999404,289.20000000006985,99,204.04537373737696,167.98499999998603,56.62982215923429,276.1065999999875,281.03819999998666,288.0616399996984,131.1359999999404,290.20000000006985,0,153.0,69.0,13.0,66.0,0.6891891891891891,0.9216867469879518,0.788659793814433,0.5111111111111111,0.0783132530120482,0.6495726495726496,48.0,60,13,13,0.821917808219178,0.821917808219178,0.821917808219178,0.8333333333333334,0.8359876712328767,0.10535723877625627,0.20074444444444442,0.5353535353535354,0.46464646464646464,,,not_computed_no_bbox_data,9,8,9.0,0,0,52,23.0,23,15,8,94,3,91,3,0.6521739130434783,0.15384615384615385,8,0.031914893617021274,0.039473684210526314,0.15384615384615385,0.8333333333333334,0.6521739130434783,0.7317073170731708,0.4,0,14,4,0,0,0,77.0,99,0.6596161616161615,0.6503,0.11494053449863001,0.80582,0.8441899999999999,0.9662459999999995,0.5002,1.0812,99,0.0,0.0,0.0,0.0,0.0,0.0,0.0,0.0,99,0,0,0,0,0.0,0.0,3599586.898,215975.213857,301.0,27.09,46.8,4.446,65.302,5.550702,3580068.976,28640.551808,297.0,44.55,13799.42,5795.756218,5056.104,2123.563862,778.5,233.55,0.0,0.0,216012.300559,36837.97188800001,252850.272447,4214.17120745,840.034127730897,2554.043156030303,3511.8093395416668,4214.17120745,4.446,252850.272447,3600000.0,3599999.9999999995,replay__s10__no_burst_detection,no_burst_detection,ablation,,,True,
secure,replay,10,3600.0,0626109bf9e4a7eb,True,synthetic_distribution,False,disable_consistency_check,301,249,166,52,19377.14,0.005382538888888889,96,1.6,96,1.6,69,58,117,56,42,0.75,0.25,0.3493975903614458,42,432.5123333333592,168.4779999999446,619.3142280683049,1425.9570000003553,2034.0631499999552,2320.037169999992,132.2660000002943,2379.0209999999497,96,203.55982291666928,167.4779999999446,56.93338724434676,275.40299999999115,280.04449999998906,287.12709999970974,130.1359999999404,289.20000000006985,96,204.55982291666928,168.4779999999446,56.93338724434676,276.40299999999115,281.04449999998906,288.12709999970974,131.1359999999404,290.20000000006985,0,153.0,69.0,13.0,66.0,0.6891891891891891,0.9216867469879518,0.788659793814433,0.5111111111111111,0.0783132530120482,0.6495726495726496,48.0,58,12,12,0.8285714285714286,0.8285714285714286,0.8285714285714286,0.8405797101449275,0.8374685714285715,0.10334644639965541,0.20074444444444442,0.53125,0.46875,,,not_computed_no_bbox_data,9,8,9.0,0,0,52,23.0,23,15,8,94,6,88,6,0.6521739130434783,0.15384615384615385,8,0.06382978723404255,0.07894736842105263,0.1794871794871795,0.7142857142857143,0.6521739130434783,0.6818181818181819,0.4,0,14,4,3,0,0,77.0,96,0.65191875,0.6415500000000001,0.10552320504340065,0.8025,0.839,0.9346399999999999,0.5002,0.9639,96,0.0,0.0,0.0,0.0,0.0,0.0,0.0,0.0,96,0,0,0,0,0.0,0.0,3599589.616,215975.376931,301.0,27.09,46.8,4.446,62.584,5.319682,3580622.86,28644.982877,288.0,43.2,13386.315,5622.252497,4949.825,2078.926456,753.0,225.9,0.0,0.0,216012.232613,36615.26183,252627.49444299997,4210.458240716666,839.2940014717607,2631.5364004479165,3661.2680354057966,4355.646455913793,4.446,252627.494442,3599999.9999999995,3600000.0,replay__s10__no_consistency_check,no_consistency_check,ablation,,,True,
secure,replay,10,3600.0,0626109bf9e4a7eb,True,synthetic_distribution,False,disable_cooldown,301,249,166,52,34868.627,0.009685729722222222,166,2.7666666666666666,175,2.9166666666666665,133,117,222,56,55,0.9821428571428571,0.017857142857142905,0.7048192771084337,55,472.6562727272727,242.39199999999255,543.2420173150497,1387.2941999997945,1637.7307999999782,2112.7891399999617,132.2660000002943,2235.158000000054,175,210.3904914285645,168.9079999999376,73.8640721377298,276.9194000000134,289.0130999998306,490.6799800000218,127.05299999983981,595.6300000000047,175,211.3904914285645,169.9079999999376,73.8640721377298,277.9194000000134,290.0130999998306,491.6799800000218,128.0529999998398,596.6300000000047,0,153.0,69.0,13.0,66.0,0.6891891891891891,0.9216867469879518,0.788659793814433,0.5111111111111111,0.0783132530120482,0.6891891891891891,48.0,117,17,17,0.8731343283582089,0.8731343283582089,0.8731343283582089,0.8796992481203008,0.8485126865671642,0.08883361520969599,0.19630952380952374,0.5485714285714286,0.4514285714285714,,,not_computed_no_bbox_data,21,20,21.0,0,0,52,48.0,48,28,20,174,19,155,19,0.5833333333333334,0.38461538461538464,20,0.10919540229885058,0.12418300653594772,0.21171171171171171,0.5957446808510638,0.5833333333333334,0.5894736842105263,0.4,0,24,15,8,0,0,0.0,175,0.6474542857142856,0.6291,0.10819138890792532,0.80266,0.8495099999999998,0.9470279999999999,0.5002,0.972,175,9.436691428571429,0.0,46.11454840346982,0.0,13.298399999999244,257.44709999999975,0.0,339.692,175,0,0,0,0,0.0,0.0,3599496.895,215969.813727,301.0,27.09,88.8,8.436,113.305,9.630887,3565131.373,28521.050987,498.0,74.7,24360.438,10231.384145,8622.688,3621.529055,1387.5,416.25,0.0,0.0,216014.970614,42864.914186999995,258879.884801,4314.664746683334,860.066062461794,1479.3136274342858,1946.4652992556391,2212.648588042735,8.436,258879.884801,3600000.0,3599999.9990000003,replay__s10__no_cooldown,no_cooldown,ablation,,,True,
secure,replay,10,3600.0,0626109bf9e4a7eb,True,synthetic_distribution,False,disable_early_exit,301,249,166,52,24932.001,0.006925555833333334,96,1.6,96,1.6,69,62,117,56,45,0.8035714285714286,0.1964285714285714,0.37349397590361444,45,536.0676000000171,270.0130000002682,677.4862858639368,1699.812800000143,2126.5866000000847,2738.898879999983,235.49000000022352,2946.4459999999963,96,261.4229687500131,262.28599999984726,14.66312507615061,279.23849999997765,280.2159999999858,289.6451000000641,222.18499999982305,298.1019999999553,96,262.4229687500131,263.28599999984726,14.66312507615061,280.23849999997765,281.2159999999858,290.6451000000641,223.18499999982305,299.1019999999553,0,153.0,69.0,13.0,66.0,0.6891891891891891,0.9216867469879518,0.788659793814433,0.5111111111111111,0.0783132530120482,0.6495726495726496,48.0,62,8,8,0.8857142857142857,0.8857142857142857,0.8857142857142857,0.8985507246376812,0.8587471428571429,0.11465591589486102,0.19240555555555555,0.0,1.0,,,not_computed_no_bbox_data,9,8,9.0,0,0,52,23.0,23,15,8,94,6,88,6,0.6521739130434783,0.15384615384615385,8,0.06382978723404255,0.07894736842105263,0.1794871794871795,0.7142857142857143,0.6521739130434783,0.6818181818181819,0.4,0,14,4,3,0,0,77.0,96,0.65191875,0.6415500000000001,0.10552320504340065,0.8025,0.839,0.9346399999999999,0.5002,0.9639,96,0.0,0.0,0.0,0.0,0.0,0.0,0.0,0.0,96,0,0,0,0,0.0,0.0,3599589.616,215975.376931,301.0,27.09,46.8,4.446,62.584,5.319682,3575067.998,28600.543987,288.0,43.2,13386.315,5622.252497,10512.186,4415.118189,745.5,223.65,0.0,0.0,216012.232613,38904.764673000005,254916.997286,4248.616621433333,846.9003232093023,2655.385388395833,3694.4492360289855,4111.5644723548385,4.446,254916.997285,3599999.9999999995,3599999.9990000003,replay__s10__no_early_exit,no_early_exit,ablation,,,True,
secure,replay,10,3600.0,0626109bf9e4a7eb,True,synthetic_distribution,False,disable_rate_limit,301,249,166,52,19377.14,0.005382538888888889,96,1.6,96,1.6,69,58,117,56,42,0.75,0.25,0.3493975903614458,42,432.5123333333592,168.4779999999446,619.3142280683049,1425.9570000003553,2034.0631499999552,2320.037169999992,132.2660000002943,2379.0209999999497,96,203.55982291666928,167.4779999999446,56.93338724434676,275.40299999999115,280.04449999998906,287.12709999970974,130.1359999999404,289.20000000006985,96,204.55982291666928,168.4779999999446,56.93338724434676,276.40299999999115,281.04449999998906,288.12709999970974,131.1359999999404,290.20000000006985,0,153.0,69.0,13.0,66.0,0.6891891891891891,0.9216867469879518,0.788659793814433,0.5111111111111111,0.0783132530120482,0.6495726495726496,48.0,58,12,12,0.8285714285714286,0.8285714285714286,0.8285714285714286,0.8405797101449275,0.8374685714285715,0.10334644639965541,0.20074444444444442,0.53125,0.46875,,,not_computed_no_bbox_data,9,8,9.0,0,0,52,23.0,23,15,8,94,6,88,6,0.6521739130434783,0.15384615384615385,8,0.06382978723404255,0.07894736842105263,0.1794871794871795,0.7142857142857143,0.6521739130434783,0.6818181818181819,0.4,0,14,4,3,0,0,77.0,96,0.65191875,0.6415500000000001,0.10552320504340065,0.8025,0.839,0.9346399999999999,0.5002,0.9639,96,0.0,0.0,0.0,0.0,0.0,0.0,0.0,0.0,96,0,0,0,0,0.0,0.0,3599589.616,215975.376931,301.0,27.09,46.8,4.446,62.584,5.319682,3580622.86,28644.982877,288.0,43.2,13386.315,5622.252497,4949.825,2078.926456,753.0,225.9,0.0,0.0,216012.232613,36615.26183,252627.49444299997,4210.458240716666,839.2940014717607,2631.5364004479165,3661.2680354057966,4355.646455913793,4.446,252627.494442,3599999.9999999995,3600000.0,replay__s10__no_rate_limit,no_rate_limit,ablation,,,True,
secure,replay,10,3600.0,0626109bf9e4a7eb,True,synthetic_distribution,False,disable_replay_protection,301,249,166,52,22442.575999999997,0.0062340488888888886,114,1.9,114,1.9,72,61,117,56,42,0.75,0.25,0.3674698795180723,42,432.5123333333592,168.4779999999446,619.3142280683049,1425.9570000003553,2034.0631499999552,2320.037169999992,132.2660000002943,2379.0209999999497,114,198.56994736842452,164.34100000013132,56.68026716745227,274.10619999992196,280.0486999999906,288.91634000002057,130.1359999999404,293.36800000001676,114,199.56994736842452,165.34100000013132,56.68026716745227,275.10619999992196,281.0486999999906,289.91634000002057,131.1359999999404,294.36800000001676,0,153.0,69.0,13.0,66.0,0.6891891891891891,0.9216867469879518,0.788659793814433,0.5111111111111111,0.0783132530120482,0.6495726495726496,48.0,61,12,12,0.8356164383561644,0.8356164383561644,0.8356164383561644,0.8472222222222222,0.8384232876712328,0.10148270586184178,0.20074444444444442,0.5789473684210527,0.42105263157894735,,,not_computed_no_bbox_data,24,23,24.0,0,0,52,23.0,23,0,23,94,3,91,3,0.0,0.4423076923076923,23,0.031914893617021274,0.039473684210526314,0.02564102564102564,0.0,0.0,,0.4,0,0,0,3,0,0,77.0,114,0.6503324561403508,0.64925,0.10298926956358813,0.80113,0.8228499999999999,0.9234800000000004,0.5002,0.9639,114,0.0,0.0,0.0,0.0,0.0,0.0,0.0,0.0,114,0,0,0,0,0.0,0.0,3599578.062,215974.683715,301.0,27.09,46.8,4.446,74.138,6.301737,3577557.426,28620.459412,342.0,51.3,15888.48,6673.16159,5312.094,2231.07929,900.0,270.0,0.0,0.0,216012.521452,37846.000292000004,253858.521744,4230.9753623999995,843.3837931694352,2226.829138105263,3525.812802,4161.615110557377,4.446,253858.521743,3599999.9999999995,3600000.0,replay__s10__no_replay_protection,no_replay_protection,ablation,,,True,
secure,replay,10,3600.0,0626109bf9e4a7eb,True,synthetic_distribution,False,disable_security,301,249,166,52,22996.459,0.0063879052777777775,117,1.95,117,1.95,75,63,117,56,44,0.7857142857142857,0.2142857142857143,0.3795180722891566,44,533.7769545454648,172.84950000001118,822.694564152089,1845.2042999999846,2204.795200000034,3332.5444999999786,131.86599999992177,4052.170999999973,117,197.86258974359257,164.0559999998659,56.3973833059846,272.90339999995194,279.6424000000581,288.45088000000453,129.73600000003353,292.9679999999935,117,198.86258974359257,165.0559999998659,56.3973833059846,273.90339999995194,280.6424000000581,289.45088000000453,130.73600000003353,293.9679999999935,0,153.0,69.0,13.0,66.0,0.6891891891891891,0.9216867469879518,0.788659793814433,0.5111111111111111,0.0783132530120482,0.6495726495726496,48.0,63,13,13,0.8289473684210527,0.8289473684210527,0.8289473684210527,0.84,0.8369631578947367,0.1035357224563648,0.20074444444444442,0.5811965811965812,0.4188034188034188,,,not_computed_no_bbox_data,24,23,24.0,0,0,52,23.0,0,0,0,0,0,0,0,,0.4423076923076923,23,,,,,,,0.0,0,0,0,0,0,0,77.0,117,0.6568863247863248,0.6504,0.11136704296896917,0.8040200000000001,0.84262,0.958972,0.5002,1.0812,117,0.0,0.0,0.0,0.0,0.0,0.0,0.0,0.0,117,0,0,0,0,0.0,0.0,3599622.144,215977.328642,301.0,27.09,0.0,0.0,76.856,6.532757,3577003.543,28616.028343,351.0,52.65,16301.584,6846.665311,5418.373,2275.716696,925.5,277.65,0.0,0.0,216010.951399,38068.71035000001,254079.661749,4234.66102915,844.1184775714286,2171.6210405897436,3387.7288233199997,4033.010503952381,0.0,254079.661749,3600000.0,3600000.0,replay__s10__no_security,no_security,ablation,,,True,
always_on,trigger_spam,1,3600.0,6a2cfc014a8b9149,True,synthetic_distribution,False,,2136,278,218,1858,3600000.0,1.0,1,0.016666666666666666,1479,24.65,215,196,0,75,72,0.96,0.040000000000000036,0.8990825688073395,72,402.8209722222412,282.9004999999888,428.8015042564731,461.16920000021344,1178.0073500000526,2532.0732300002974,146.83699999994133,2599.371999999974,0,,,,,,,,,1479,321.57129073697837,319.03899999987334,86.05251317155594,430.60779999997465,466.4190999998478,528.5944199999003,131.99399999994785,665.7749999999069,0,,,,,,,,,,,,196,19,22,0.9116279069767442,0.8990825688073395,0.9053117782909931,0.9116279069767442,0.8470674311926606,0.10127149845747536,0.1508413793103448,0.3860716700473293,0.6139283299526708,,,not_computed_no_bbox_data,50,50,50.0,16532,186,1858,,0,0,0,0,0,0,0,,0.647470398277718,1203,,,,,,,0.0,0,0,0,0,0,0,,0,,,,,,,,,0,,,,,,,,,0,0,0,0,0,3600000.0,18000.0,0.0,0.0,0.0,0.0,0.0,0.0,0.0,0.0,0.0,0.0,0.0,0.0,2530282.803,1062718.777106,960734.697,403508.572894,108982.5,32694.75,0.0,0.0,18000.0,1498922.1,1516922.1,25282.035,710.1695224719101,,7055.451627906978,7739.3984693877555,0.0,1516922.1,3600000.0,3600000.0,trigger_spam__s01__always_on,always_on,ablation,,,True,
secure,trigger_spam,1,3600.0,6a2cfc014a8b9149,True,synthetic_distribution,False,,2136,278,218,1858,33083.611999999994,0.00918989222222222,163,2.716666666666667,163,2.716666666666667,92,85,435,75,58,0.7733333333333333,0.22666666666666668,0.38990825688073394,58,464.182465517275,174.23800000024494,636.529714008574,1663.9115999999228,1891.354450000042,2449.374160000067,128.64199999999255,2467.3360000001267,163,204.69988343558606,174.7600000000093,54.57501681470389,273.84519999986514,280.0494000000159,289.12145999992265,127.64199999999255,294.5810000000056,163,205.69988343558606,175.7600000000093,54.57501681470389,274.84519999986514,281.0494000000159,290.12145999992265,128.64199999999255,295.5810000000056,0,203.0,1436.0,15.0,482.0,0.12385600976205004,0.9311926605504587,0.21863220247711362,0.748696558915537,0.06880733944954129,0.22758620689655173,1421.0,85,7,10,0.9239130434782609,0.8947368421052632,0.9090909090909092,0.9239130434782609,0.8404157894736842,0.12031730771287377,0.13215384615384615,0.5337423312883436,0.4662576687116564,,,not_computed_no_bbox_data,5,5,5.0,0,0,1858,323.0,323,268,55,112,4,108,4,0.8297213622291022,0.029601722282023683,55,0.03571428571428571,0.04040404040404041,0.6252873563218391,0.9852941176470589,0.8297213622291022,0.9008403361344539,0.4,0,1,1,82,188,0,104.0,163,0.6700638036809816,0.6456,0.1303428867494634,0.84672,0.89849,1.060158,0.5,1.2534,163,0.0,0.0,0.0,0.0,0.0,0.0,0.0,0.0,163,0,0,0,0,0.0,0.0,3597580.78,215854.846817,2136.0,192.24,174.0,16.53,109.22,9.283675,3566916.382,28535.33106,489.0,73.35,23090.45,9697.989006,8332.668,3499.720355,1171.5,351.45,0.0,0.0,216072.90049200002,42157.84042099999,258230.74091300002,4303.845681883334,120.89454162593634,1584.2376743128834,2806.8558794891305,3038.0087166235294,16.53,258230.740913,3600000.0,3600000.0000000005,trigger_spam__s01__full_secure,full_secure,ablation,,,True,
secure,trigger_spam,1,3600.0,6a2cfc014a8b9149,True,synthetic_distribution,False,disable_adaptive_trigger,2136,278,218,1858,33083.611999999994,0.00918989222222222,163,2.716666666666667,163,2.716666666666667,92,85,435,75,58,0.7733333333333333,0.22666666666666668,0.38990825688073394,58,464.182465517275,174.23800000024494,636.529714008574,1663.9115999999228,1891.354450000042,2449.374160000067,128.64199999999255,2467.3360000001267,163,204.69988343558606,174.7600000000093,54.57501681470389,273.84519999986514,280.0494000000159,289.12145999992265,127.64199999999255,294.5810000000056,163,205.69988343558606,175.7600000000093,54.57501681470389,274.84519999986514,281.0494000000159,290.12145999992265,128.64199999999255,295.5810000000056,0,203.0,1436.0,15.0,482.0,0.12385600976205004,0.9311926605504587,0.21863220247711362,0.748696558915537,0.06880733944954129,0.22758620689655173,1421.0,85,7,10,0.9239130434782609,0.8947368421052632,0.9090909090909092,0.9239130434782609,0.8404157894736842,0.12031730771287377,0.13215384615384615,0.5337423312883436,0.4662576687116564,,,not_computed_no_bbox_data,5,5,5.0,0,0,1858,323.0,323,268,55,112,4,108,4,0.8297213622291022,0.029601722282023683,55,0.03571428571428571,0.04040404040404041,0.6252873563218391,0.9852941176470589,0.8297213622291022,0.9008403361344539,0.4,0,1,1,82,188,0,104.0,163,0.6700638036809816,0.6456,0.1303428867494634,0.84672,0.89849,1.060158,0.5,1.2534,163,0.0,0.0,0.0,0.0,0.0,0.0,0.0,0.0,163,0,0,0,0,0.0,0.0,3597580.78,215854.846817,2136.0,192.24,174.0,16.53,109.22,9.283675,3566916.382,28535.33106,489.0,73.35,23090.45,9697.989006,8332.668,3499.720355,1171.5,351.45,0.0,0.0,216072.90049200002,42157.84042099999,258230.74091300002,4303.845681883334,120.89454162593634,1584.2376743128834,2806.8558794891305,3038.0087166235294,16.53,258230.740913,3600000.0,3600000.0000000005,trigger_spam__s01__no_adaptive_trigger,no_adaptive_trigger,ablation,,,True,
secure,trigger_spam,1,3600.0,6a2cfc014a8b9149,True,synthetic_distribution,False,disable_burst_detection,2136,278,218,1858,51068.587999999996,0.014185718888888888,245,4.083333333333333,245,4.083333333333333,95,88,435,75,60,0.8,0.19999999999999996,0.4036697247706422,60,470.8305166666976,176.30749999999534,630.8064869217512,1643.6111999999034,1863.5861500000458,2448.743920000065,128.64199999999255,2467.3360000001267,245,210.17511428571638,238.83500000019558,54.91767472207312,273.74879999989645,277.59640000006186,285.63539999993986,127.64199999999255,294.5810000000056,245,211.17511428571638,239.83500000019558,54.91767472207312,274.74879999989645,278.59640000006186,286.63539999993986,128.64199999999255,295.5810000000056,0,203.0,1436.0,15.0,482.0,0.12385600976205004,0.9311926605504587,0.21863220247711362,0.748696558915537,0.06880733944954129,0.22758620689655173,1421.0,88,7,10,0.9263157894736842,0.8979591836734694,0.911917098445596,0.9263157894736842,0.841695918367347,0.11875340899577148,0.13215384615384615,0.4775510204081633,0.5224489795918368,,,not_computed_no_bbox_data,8,8,8.0,0,0,1858,323.0,323,189,134,112,1,111,1,0.5851393188854489,0.0721205597416577,134,0.008928571428571428,0.010101010101010102,0.4367816091954023,0.9947368421052631,0.5851393188854489,0.736842105263158,0.4,0,1,1,0,188,0,104.0,245,0.6694138775510204,0.6421,0.1322583043476642,0.85452,0.9057999999999998,1.065396,0.5,1.2534,245,0.0,0.0,0.0,0.0,0.0,0.0,0.0,0.0,245,0,0,0,0,0.0,0.0,3597525.994,215851.559653,2136.0,192.24,174.0,16.53,164.006,13.940492,3548931.404,28391.45123,735.0,110.25,34603.99,14533.675801,14054.106,5902.724642,1675.5,502.65,0.0,0.0,216074.270145,49440.751673,265515.021818,4425.250363633333,124.30478549531836,1083.7347829306123,2794.8949665052633,3017.216157022727,16.53,265515.021817,3600000.0,3600000.0000000005,trigger_spam__s01__no_burst_detection,no_burst_detection,ablation,,,True,
secure,trigger_spam,1,3600.0,6a2cfc014a8b9149,True,synthetic_distribution,False,disable_consistency_check,2136,278,218,1858,48852.395,0.013570109722222222,234,3.9,234,3.9,92,85,435,75,58,0.7733333333333333,0.22666666666666668,0.38990825688073394,58,464.182465517275,174.23800000024494,636.529714008574,1663.9115999999228,1891.354450000042,2449.374160000067,128.64199999999255,2467.3360000001267,234,210.50601282050764,239.9505000000354,55.94175822957055,274.4542999999132,280.137550000026,291.45889999995006,127.64199999999255,294.5810000000056,234,211.50601282050764,240.9505000000354,55.94175822957055,275.4542999999132,281.137550000026,292.45889999995006,128.64199999999255,295.5810000000056,0,203.0,1436.0,15.0,482.0,0.12385600976205004,0.9311926605504587,0.21863220247711362,0.748696558915537,0.06880733944954129,0.22758620689655173,1421.0,85,7,10,0.9239130434782609,0.8947368421052632,0.9090909090909092,0.9239130434782609,0.8404157894736842,0.12031730771287377,0.13215384615384615,0.47435897435897434,0.5256410256410257,,,not_computed_no_bbox_data,7,7,7.0,0,0,1858,323.0,323,197,126,112,4,108,4,0.6099071207430341,0.06781485468245425,126,0.03571428571428571,0.04040404040404041,0.46206896551724136,0.9800995024875622,0.6099071207430341,0.751908396946565,0.4,0,1,1,199,0,0,104.0,234,0.6710880341880342,0.64535,0.13317832000961163,0.86473,0.91299,1.0312469999999994,0.5,1.2534,234,0.0,0.0,0.0,0.0,0.0,0.0,0.0,0.0,234,0,0,0,0,0.0,0.0,3597532.966,215851.977967,2136.0,192.24,174.0,16.53,157.034,13.34788,3551147.601,28409.180805,702.0,105.3,32927.953,13829.740175,13621.947,5721.217541,1600.5,480.15,0.0,0.0,216074.095847,48545.588521,264619.684368,4410.3280728,123.88562002247191,1130.853352,2876.3009170434784,3113.1727572705886,16.53,264619.684369,3600000.0,3600000.001,trigger_spam__s01__no_consistency_check,no_consistency_check,ablation,,,True,
secure,trigger_spam,1,3600.0,6a2cfc014a8b9149,True,synthetic_distribution,False,disable_cooldown,2136,278,218,1858,72576.894,0.020160248333333332,316,5.266666666666667,344,5.733333333333333,159,143,1639,75,66,0.88,0.12,0.6559633027522935,66,390.5277575757783,176.0570000000298,531.5242706455712,1126.099000000162,1672.766249999986,2446.8532000000587,128.64199999999255,2467.3360000001267,344,223.43441860463992,244.91350000002421,70.97403506160893,282.8328999997582,307.01790000000034,469.0801500001922,127.64199999999255,601.0709999999963,344,224.43441860463992,245.91350000002421,70.97403506160893,283.8328999997582,308.01790000000034,470.0801500001922,128.64199999999255,602.0709999999963,0,203.0,1436.0,15.0,482.0,0.12385600976205004,0.9311926605504587,0.21863220247711362,0.748696558915537,0.06880733944954129,0.12385600976205004,1421.0,143,16,19,0.89937106918239,0.8827160493827161,0.8909657320872275,0.89937106918239,0.8421382716049383,0.10819930260954945,0.14474,0.4563953488372093,0.5436046511627907,,,not_computed_no_bbox_data,8,8,8.0,0,0,1858,1421.0,1421,1254,167,218,41,177,41,0.8824771287825475,0.0898815931108719,167,0.18807339449541285,0.2019704433497537,0.7901159243441123,0.9683397683397683,0.8824771287825475,0.9234167893961708,0.4,13,1,15,395,871,0,0.0,344,0.6694081395348837,0.6416,0.13103713311216225,0.84785,0.9080949999999997,1.069686,0.5,1.2534,344,10.718241279069767,0.0,43.75255393411842,0.0,103.29974999999905,208.34377,0.0,355.127,344,0,0,0,0,0.0,0.0,3596978.123,215818.687406,2136.0,192.24,655.6,62.282,230.277,19.573508,3527423.101,28219.384807,948.0,142.2,48661.821,20437.964723,20574.578,8641.32291,2392.5,717.75,0.0,0.0,216092.782914,58158.62244000001,274251.405354,4570.856755899999,128.3948526938202,797.2424574244186,1724.851606,1917.8419954825174,62.282,274251.405354,3600000.0,3600000.0,trigger_spam__s01__no_cooldown,no_cooldown,ablation,,,True,
secure,trigger_spam,1,3600.0,6a2cfc014a8b9149,True,synthetic_distribution,False,disable_early_exit,2136,278,218,1858,42691.634999999995,0.011858787499999999,163,2.716666666666667,163,2.716666666666667,92,88,435,75,58,0.7733333333333333,0.22666666666666668,0.4036697247706422,58,504.48501724142005,274.41049999999814,575.3384868963184,1528.7052000002482,1901.7630500000669,2346.1893400001595,235.0910000000149,2467.3360000001267,163,263.64479141105454,263.0230000000447,15.545479660724192,285.49959999993445,289.8541000000667,298.1815599997621,233.71799999987707,301.1790000000037,163,264.64479141105454,264.0230000000447,15.545479660724192,286.49959999993445,290.8541000000667,299.1815599997621,234.71799999987707,302.1790000000037,0,203.0,1436.0,15.0,482.0,0.12385600976205004,0.9311926605504587,0.21863220247711362,0.748696558915537,0.06880733944954129,0.22758620689655173,1421.0,88,4,7,0.9565217391304348,0.9263157894736842,0.9411764705882354,0.9565217391304348,0.8633968421052631,0.13392974456513876,0.1335,0.0,1.0,,,not_computed_no_bbox_data,5,5,5.0,0,0,1858,323.0,323,268,55,112,4,108,4,0.8297213622291022,0.029601722282023683,55,0.03571428571428571,0.04040404040404041,0.6252873563218391,0.9852941176470589,0.8297213622291022,0.9008403361344539,0.4,0,1,1,82,188,0,104.0,163,0.6700638036809816,0.6456,0.1303428867494634,0.84672,0.89849,1.060158,0.5,1.2534,163,0.0,0.0,0.0,0.0,0.0,0.0,0.0,0.0,163,0,0,0,0,0.0,0.0,3597580.78,215854.846817,2136.0,192.24,174.0,16.53,109.22,9.283675,3557308.363,28458.466905,489.0,73.35,23090.45,9697.989006,17937.687,7533.828457,1174.5,352.35,0.0,0.0,216072.90049200002,46115.984368,262188.88486,4369.814747666666,122.74760527153558,1608.5207660122699,2849.8791832608695,2979.4191461363635,16.53,262188.884861,3600000.0,3600000.0,trigger_spam__s01__no_early_exit,no_early_exit,ablation,,,True,
secure,trigger_spam,1,3600.0,6a2cfc014a8b9149,True,synthetic_distribution,False,disable_rate_limit,2136,278,218,1858,33083.611999999994,0.00918989222222222,163,2.716666666666667,163,2.716666666666667,92,85,435,75,58,0.7733333333333333,0.22666666666666668,0.38990825688073394,58,464.182465517275,174.23800000024494,636.529714008574,1663.9115999999228,1891.354450000042,2449.374160000067,128.64199999999255,2467.3360000001267,163,204.69988343558606,174.7600000000093,54.57501681470389,273.84519999986514,280.0494000000159,289.12145999992265,127.64199999999255,294.5810000000056,163,205.69988343558606,175.7600000000093,54.57501681470389,274.84519999986514,281.0494000000159,290.12145999992265,128.64199999999255,295.5810000000056,0,203.0,1436.0,15.0,482.0,0.12385600976205004,0.9311926605504587,0.21863220247711362,0.748696558915537,0.06880733944954129,0.22758620689655173,1421.0,85,7,10,0.9239130434782609,0.8947368421052632,0.9090909090909092,0.9239130434782609,0.8404157894736842,0.12031730771287377,0.13215384615384615,0.5337423312883436,0.4662576687116564,,,not_computed_no_bbox_data,5,5,5.0,0,0,1858,323.0,323,268,55,112,4,108,4,0.8297213622291022,0.029601722282023683,55,0.03571428571428571,0.04040404040404041,0.6252873563218391,0.9852941176470589,0.8297213622291022,0.9008403361344539,0.4,0,1,1,82,188,0,104.0,163,0.6700638036809816,0.6456,0.1303428867494634,0.84672,0.89849,1.060158,0.5,1.2534,163,0.0,0.0,0.0,0.0,0.0,0.0,0.0,0.0,163,0,0,0,0,0.0,0.0,3597580.78,215854.846817,2136.0,192.24,174.0,16.53,109.22,9.283675,3566916.382,28535.33106,489.0,73.35,23090.45,9697.989006,8332.668,3499.720355,1171.5,351.45,0.0,0.0,216072.90049200002,42157.84042099999,258230.74091300002,4303.845681883334,120.89454162593634,1584.2376743128834,2806.8558794891305,3038.0087166235294,16.53,258230.740913,3600000.0,3600000.0000000005,trigger_spam__s01__no_rate_limit,no_rate_limit,ablation,,,True,
secure,trigger_spam,1,3600.0,6a2cfc014a8b9149,True,synthetic_distribution,False,disable_replay_protection,2136,278,218,1858,33226.788,0.009229663333333334,164,2.7333333333333334,164,2.7333333333333334,93,86,435,75,58,0.7733333333333333,0.22666666666666668,0.3944954128440367,58,464.182465517275,174.23800000024494,636.529714008574,1663.9115999999228,1891.354450000042,2449.374160000067,128.64199999999255,2467.3360000001267,164,204.33469512195379,174.54299999994691,54.60797853123575,273.73279999988154,280.04260000002284,289.04378999992275,127.64199999999255,294.5810000000056,164,205.33469512195379,175.54299999994691,54.60797853123575,274.73279999988154,281.04260000002284,290.04378999992275,128.64199999999255,295.5810000000056,0,203.0,1436.0,15.0,482.0,0.12385600976205004,0.9311926605504587,0.21863220247711362,0.748696558915537,0.06880733944954129,0.22758620689655173,1421.0,86,7,10,0.9247311827956989,0.8958333333333334,0.9100529100529101,0.9247311827956989,0.8403083333333333,0.1196870143478764,0.13215384615384615,0.5365853658536586,0.4634146341463415,,,not_computed_no_bbox_data,5,5,5.0,0,0,1858,323.0,323,268,55,112,3,109,3,0.8297213622291022,0.029601722282023683,55,0.026785714285714284,0.030303030303030304,0.6229885057471264,0.988929889298893,0.8297213622291022,0.9023569023569024,0.4,0,0,0,83,188,0,104.0,164,0.6694737804878049,0.64535,0.13016194672716094,0.8463300000000001,0.898235,1.0598670000000001,0.5,1.2534,164,0.0,0.0,0.0,0.0,0.0,0.0,0.0,0.0,164,0,0,0,0,0.0,0.0,3597580.207,215854.812421,2136.0,192.24,174.0,16.53,109.793,9.332403,3566773.207,28534.185654,492.0,73.8,23223.126,9753.712828,8332.668,3499.720355,1179.0,353.7,0.0,0.0,216072.914824,42215.118836999995,258288.03366100002,4304.800561016667,120.92136407350188,1574.9270345182929,2777.290684526882,3003.3492286162796,16.53,258288.033661,3600000.0,3600000.001,trigger_spam__s01__no_replay_protection,no_replay_protection,ablation,,,True,
secure,trigger_spam,1,3600.0,6a2cfc014a8b9149,True,synthetic_distribution,False,disable_security,2136,278,218,1858,92683.79999999999,0.025745499999999998,435,7.25,435,7.25,96,89,435,75,60,0.8,0.19999999999999996,0.40825688073394495,60,470.43051666668117,175.90749999997206,630.8064869217524,1643.2111999999734,1863.1861500000282,2448.3439200000626,128.24200000008568,2466.935999999987,435,214.3976000000094,246.0120000001043,54.89979903130523,272.73860000008716,278.43599999996366,287.51570000003085,127.24200000008568,294.1810000000987,435,215.3976000000094,247.0120000001043,54.89979903130523,273.73860000008716,279.43599999996366,288.51570000003085,128.24200000008568,295.1810000000987,0,203.0,1436.0,15.0,482.0,0.12385600976205004,0.9311926605504587,0.21863220247711362,0.748696558915537,0.06880733944954129,0.22758620689655173,1421.0,89,7,10,0.9270833333333334,0.898989898989899,0.9128205128205129,0.9270833333333334,0.841578787878788,0.1181517186802088,0.13215384615384615,0.42758620689655175,0.5724137931034483,,,not_computed_no_bbox_data,17,17,17.0,0,0,1858,323.0,0,0,0,0,0,0,0,,0.17384284176533907,323,,,,,,,0.0,0,0,0,0,0,0,104.0,435,0.6706885057471265,0.6421,0.1336225870360069,0.8624,0.9200899999999999,1.0397839999999992,0.5,1.2534,435,0.0,0.0,0.0,0.0,0.0,0.0,0.0,0.0,435,0,0,0,0,0.0,0.0,3597572.251,215854.335068,2136.0,192.24,0.0,0.0,291.749,24.798653,3507316.193,28058.529543,1305.0,195.75,61196.534,25702.544435,27347.273,11485.854543,2835.0,850.5,0.0,0.0,216071.37372099998,66293.178521,282364.552242,4706.0758707,132.19314243539327,649.1139132,2941.2974191875,3172.6354184494385,0.0,282364.552243,3600000.0,3600000.0,trigger_spam__s01__no_security,no_security,ablation,,,True,
always_on,trigger_spam,2,3600.0,fbaac9f8b3ec142d,True,synthetic_distribution,False,,2445,222,173,2223,3600000.0,1.0,1,0.016666666666666666,1688,28.133333333333333,168,147,0,52,52,1.0,0.0,0.8497109826589595,52,558.5362500000413,317.66049999999814,637.8528921959094,1555.4319999998852,1788.8639000000153,2993.2992400000157,136.25800000003073,3113.7999999998137,0,,,,,,,,,1688,328.5868347156412,327.8780000000261,86.9763207530193,445.6163999997545,479.0369000000239,519.6004700001142,126.88400000007823,583.4229999999516,0,,,,,,,,,,,,147,22,26,0.8698224852071006,0.8497109826589595,0.8596491228070176,0.875,0.8309052023121387,0.11605754900945016,0.16509375,0.3424170616113744,0.6575829383886256,,,not_computed_no_bbox_data,63,62,63.0,16302,210,2223,,0,0,0,0,0,0,0,,0.659919028340081,1467,,,,,,,0.0,0,0,0,0,0,0,,0,,,,,,,,,0,,,,,,,,,0,0,0,0,0,3600000.0,18000.0,0.0,0.0,0.0,0.0,0.0,0.0,0.0,0.0,0.0,0.0,0.0,0.0,2528007.117,1061762.989286,963146.883,404521.690714,108846.0,32653.8,0.0,0.0,18000.0,1498938.48,1516938.48,25282.308,620.424736196319,,9029.395714285714,10319.309387755102,0.0,1516938.48,3600000.0,3600000.0,trigger_spam__s02__always_on,always_on,ablation,,,True,
secure,trigger_spam,2,3600.0,fbaac9f8b3ec142d,True,synthetic_distribution,False,,2445,222,173,2223,24295.376,0.006748715555555555,114,1.9,114,1.9,59,51,446,52,34,0.6538461538461539,0.34615384615384615,0.2947976878612717,34,565.8954411764979,175.45150000001013,784.1277011239554,1455.0864000000524,2497.4704000000065,2950.7646099999274,139.77700000000186,3068.8329999998678,114,214.8640789473502,245.4440000000177,57.948099642664864,278.0445999998134,282.25110000002314,287.93938999998255,138.77700000000186,291.22600000025705,114,215.8640789473502,246.4440000000177,57.948099642664864,279.0445999998134,283.25110000002314,288.93938999998255,139.77700000000186,292.22600000025705,0,150.0,1708.0,23.0,564.0,0.08073196986006459,0.8670520231213873,0.14771048744460857,0.7517605633802817,0.1329479768786127,0.16591928251121077,1698.0,51,8,10,0.864406779661017,0.8360655737704918,0.85,0.864406779661017,0.8414147540983608,0.11496300685592384,0.12273333333333335,0.4473684210526316,0.5526315789473685,,,not_computed_no_bbox_data,2,2,2.0,0,0,2223,366.0,366,319,47,80,13,67,13,0.8715846994535519,0.02114260008996851,47,0.1625,0.17567567567567569,0.7443946188340808,0.9608433734939759,0.8715846994535519,0.9140401146131805,0.4,0,0,3,102,227,0,76.0,114,0.677909649122807,0.66405,0.11896661387046788,0.84017,0.8814299999999999,0.9826660000000002,0.5013,1.0591,114,0.0,0.0,0.0,0.0,0.0,0.0,0.0,0.0,114,0,0,0,0,0.0,0.0,3597299.319,215837.959116,2445.0,220.05,178.4,16.948,77.281,6.56892,3575704.631,28605.637044,342.0,51.3,16033.546,6734.089482,7097.823,2981.0857,822.0,246.6,0.0,0.0,216081.526036,38618.712226,254700.238262,4245.003971033333,104.17187658977505,2234.2126163333332,4316.953190881356,4994.1223188627455,16.948,254700.238262,3600000.0,3600000.0,trigger_spam__s02__full_secure,full_secure,ablation,,,True,
secure,trigger_spam,2,3600.0,fbaac9f8b3ec142d,True,synthetic_distribution,False,disable_adaptive_trigger,2445,222,173,2223,24295.376,0.006748715555555555,114,1.9,114,1.9,59,51,446,52,34,0.6538461538461539,0.34615384615384615,0.2947976878612717,34,565.8954411764979,175.45150000001013,784.1277011239554,1455.0864000000524,2497.4704000000065,2950.7646099999274,139.77700000000186,3068.8329999998678,114,214.8640789473502,245.4440000000177,57.948099642664864,278.0445999998134,282.25110000002314,287.93938999998255,138.77700000000186,291.22600000025705,114,215.8640789473502,246.4440000000177,57.948099642664864,279.0445999998134,283.25110000002314,288.93938999998255,139.77700000000186,292.22600000025705,0,150.0,1709.0,23.0,563.0,0.08068854222700376,0.8670520231213873,0.14763779527559057,0.7522007042253521,0.1329479768786127,0.16591928251121077,1699.0,51,8,10,0.864406779661017,0.8360655737704918,0.85,0.864406779661017,0.8414147540983608,0.11496300685592384,0.12273333333333335,0.4473684210526316,0.5526315789473685,,,not_computed_no_bbox_data,2,2,2.0,0,0,2223,366.0,366,319,47,80,13,67,13,0.8715846994535519,0.02114260008996851,47,0.1625,0.17567567567567569,0.7443946188340808,0.9608433734939759,0.8715846994535519,0.9140401146131805,0.4,0,0,3,102,227,0,76.0,114,0.677909649122807,0.66405,0.11896661387046788,0.84017,0.8814299999999999,0.9826660000000002,0.5013,1.0591,114,0.0,0.0,0.0,0.0,0.0,0.0,0.0,0.0,114,0,0,0,0,0.0,0.0,3597299.319,215837.959116,2445.0,220.05,178.4,16.948,77.281,6.56892,3575704.631,28605.637044,342.0,51.3,16033.546,6734.089482,7097.823,2981.0857,822.0,246.6,0.0,0.0,216081.526036,38618.712226,254700.238262,4245.003971033333,104.17187658977505,2234.2126163333332,4316.953190881356,4994.1223188627455,16.948,254700.238262,3600000.0,3600000.0,trigger_spam__s02__no_adaptive_trigger,no_adaptive_trigger,ablation,,,True,
secure,trigger_spam,2,3600.0,fbaac9f8b3ec142d,True,synthetic_distribution,False,disable_burst_detection,2445,222,173,2223,46375.312000000005,0.012882031111111112,216,3.6,216,3.6,69,60,446,52,41,0.7884615384615384,0.21153846153846156,0.3468208092485549,41,714.0633170732065,252.68900000001304,919.6440949835629,2382.465999999986,2745.8330000001006,3083.689000000013,139.77700000000186,3093.59300000011,216,216.43876388887136,246.49199999985285,57.078057639045596,277.40950000000885,282.6947500000242,291.2143000001903,130.54000000003725,299.24099999992177,216,217.43876388887136,247.49199999985285,57.078057639045596,278.40950000000885,283.6947500000242,292.2143000001903,131.54000000003725,300.24099999992177,0,150.0,1708.0,23.0,564.0,0.08073196986006459,0.8670520231213873,0.14771048744460857,0.7517605633802817,0.1329479768786127,0.16591928251121077,1698.0,60,9,11,0.8695652173913043,0.8450704225352113,0.8571428571428571,0.8695652173913043,0.8440746478873239,0.1110341990023278,0.12273333333333335,0.4212962962962963,0.5787037037037037,,,not_computed_no_bbox_data,5,5,5.0,0,0,2223,366.0,366,227,139,80,3,77,3,0.6202185792349727,0.0625281151596941,139,0.0375,0.04054054054054054,0.515695067264574,0.9869565217391304,0.6202185792349727,0.761744966442953,0.4,0,0,3,0,227,0,76.0,216,0.6670675925925926,0.6453,0.1185997418160284,0.8262499999999999,0.88065,0.9820299999999998,0.5013,1.1295,216,0.0,0.0,0.0,0.0,0.0,0.0,0.0,0.0,216,0,0,0,0,0.0,0.0,3597232.514,215833.950812,2445.0,220.05,178.4,16.948,144.086,12.247349,3553624.691,28428.997525,648.0,97.2,30324.145,12736.14079,13949.665,5858.859157,1453.5,436.05,0.0,0.0,216083.196161,47557.247472,263640.443633,4394.007393883334,107.82840230388548,1220.5576094120372,3820.8759946811597,4394.007393883334,16.948,263640.443633,3600000.0,3600000.001,trigger_spam__s02__no_burst_detection,no_burst_detection,ablation,,,True,
secure,trigger_spam,2,3600.0,fbaac9f8b3ec142d,True,synthetic_distribution,False,disable_consistency_check,2445,222,173,2223,43685.14199999999,0.012134761666666665,197,3.283333333333333,197,3.283333333333333,59,51,446,52,34,0.6538461538461539,0.34615384615384615,0.2947976878612717,34,565.8954411764979,175.45150000001013,784.1277011239554,1455.0864000000524,2497.4704000000065,2950.7646099999274,139.77700000000186,3068.8329999998678,197,223.48270050760868,254.54100000020117,55.839390846693654,277.91900000004097,282.2382000000216,291.32864000024273,132.3870000001043,297.50900000007823,197,224.48270050760868,255.54100000020117,55.839390846693654,278.91900000004097,283.2382000000216,292.32864000024273,133.3870000001043,298.50900000007823,0,150.0,1708.0,23.0,564.0,0.08073196986006459,0.8670520231213873,0.14771048744460857,0.7517605633802817,0.1329479768786127,0.16591928251121077,1698.0,51,8,10,0.864406779661017,0.8360655737704918,0.85,0.864406779661017,0.8414147540983608,0.11496300685592384,0.12273333333333335,0.3604060913705584,0.6395939086294417,,,not_computed_no_bbox_data,2,2,2.0,0,0,2223,366.0,366,236,130,80,13,67,13,0.644808743169399,0.05847953216374269,130,0.1625,0.17567567567567569,0.5582959641255605,0.9477911646586346,0.644808743169399,0.7674796747967481,0.4,3,0,3,243,0,0,76.0,197,0.6725522842639593,0.6619,0.11710003205597605,0.82198,0.8671799999999998,0.9886759999999997,0.5013,1.0591,197,0.0,0.0,0.0,0.0,0.0,0.0,0.0,0.0,197,0,0,0,0,0.0,0.0,3597244.108,215834.646451,2445.0,220.05,178.4,16.948,132.492,11.26186,3556314.873,28450.518981,591.0,88.65,27656.124,11615.572063,14118.003,5929.561429,1320.0,396.0,0.0,0.0,216082.906311,46480.302473,262563.208784,4376.053479733334,107.38781545357874,1332.8081664162437,4450.223877694915,5148.2982114509805,16.948,262563.208784,3600000.0,3600000.0,trigger_spam__s02__no_consistency_check,no_consistency_check,ablation,,,True,
secure,trigger_spam,2,3600.0,fbaac9f8b3ec142d,True,synthetic_distribution,False,disable_cooldown,2445,222,173,2223,59831.242000000006,0.016619789444444446,245,4.083333333333333,277,4.616666666666666,104,91,1858,52,38,0.7307692307692307,0.2692307692307693,0.5260115606936416,38,594.6037368421352,213.44200000008277,867.848305598382,1808.7866000000802,2764.717450000019,3152.0610400000196,139.77700000000186,3200.941000000108,277,230.72577256317186,249.60900000017136,77.01882688015168,283.5045999999158,357.48559999987475,482.13272000008266,131.4440000001341,639.1459999997169,277,231.72577256317186,250.60900000017136,77.01882688015168,284.5045999999158,358.48559999987475,483.13272000008266,132.4440000001341,640.1459999997169,0,150.0,1708.0,23.0,564.0,0.08073196986006459,0.8670520231213873,0.14771048744460857,0.7517605633802817,0.1329479768786127,0.08073196986006459,1698.0,91,13,16,0.875,0.8504672897196262,0.8625592417061612,0.875,0.8379943925233647,0.11470434663983264,0.1147375,0.40794223826714804,0.592057761732852,,,not_computed_no_bbox_data,9,9,9.0,0,0,2223,1698.0,1698,1536,162,160,45,115,43,0.9045936395759717,0.0728744939271255,162,0.28125,0.2866666666666667,0.8509149623250807,0.9715370018975332,0.9045936395759717,0.9368709972552608,0.4,9,4,12,507,1049,0,0.0,277,0.6655577617328521,0.6407,0.12163026439464454,0.82172,0.8780600000000001,1.0729960000000005,0.5002,1.1735,277,13.001559566787003,0.0,48.591007412964444,9.982600000000005,107.35379999999999,221.88952,0.0,392.075,277,0,0,0,0,0.0,0.0,3596627.442,215797.646491,2445.0,220.05,743.2,70.604,184.358,15.670472,3540168.763,28321.350105,735.0,110.25,38952.222,16359.933264,18249.515,7664.796207,1894.5,568.35,0.0,0.0,216103.97096299997,53024.679575999995,269128.650539,4485.477508983333,110.07306770511248,971.5835759530686,2587.775485951923,2957.457698230769,70.604,269128.650538,3600000.0,3600000.0,trigger_spam__s02__no_cooldown,no_cooldown,ablation,,,True,
secure,trigger_spam,2,3600.0,fbaac9f8b3ec142d,True,synthetic_distribution,False,disable_early_exit,2445,222,173,2223,29892.777999999995,0.008303549444444443,114,1.9,114,1.9,59,55,446,52,36,0.6923076923076923,0.3076923076923077,0.3179190751445087,36,621.4502500000102,273.48600000000533,767.9708852144558,1493.1015000001062,2521.0322500000257,3022.597299999965,241.4360000000015,3068.8329999998678,114,263.964122807004,265.1764999999432,13.497252209460415,280.73259999989534,284.33575000000417,290.81728000022355,229.2620000001043,291.849000000002,114,264.964122807004,266.1764999999432,13.497252209460415,281.73259999989534,285.33575000000417,291.81728000022355,230.2620000001043,292.849000000002,0,150.0,1708.0,23.0,564.0,0.08073196986006459,0.8670520231213873,0.14771048744460857,0.7517605633802817,0.1329479768786127,0.16591928251121077,1698.0,55,4,6,0.9322033898305084,0.9016393442622951,0.9166666666666666,0.9322033898305084,0.8619081967213116,0.12577950720087114,0.13001666666666667,0.0,1.0,,,not_computed_no_bbox_data,2,2,2.0,0,0,2223,366.0,366,319,47,80,13,67,13,0.8715846994535519,0.02114260008996851,47,0.1625,0.17567567567567569,0.7443946188340808,0.9608433734939759,0.8715846994535519,0.9140401146131805,0.4,0,0,3,102,227,0,76.0,114,0.677909649122807,0.66405,0.11896661387046788,0.84017,0.8814299999999999,0.9826660000000002,0.5013,1.0591,114,0.0,0.0,0.0,0.0,0.0,0.0,0.0,0.0,114,0,0,0,0,0.0,0.0,3597299.319,215837.959116,2445.0,220.05,178.4,16.948,77.281,6.56892,3570107.227,28560.857817,342.0,51.3,16033.546,6734.089482,12696.726,5332.625102,820.5,246.15,0.0,0.0,216081.526036,40925.022401,257006.548437,4283.44247395,105.11515273496933,2254.4434073421053,4356.043193847458,4672.846335218182,16.948,257006.548437,3600000.0,3599999.999,trigger_spam__s02__no_early_exit,no_early_exit,ablation,,,True,
secure,trigger_spam,2,3600.0,fbaac9f8b3ec142d,True,synthetic_distribution,False,disable_rate_limit,2445,222,173,2223,24295.376,0.006748715555555555,114,1.9,114,1.9,59,51,446,52,34,0.6538461538461539,0.34615384615384615,0.2947976878612717,34,565.8954411764979,175.45150000001013,784.1277011239554,1455.0864000000524,2497.4704000000065,2950.7646099999274,139.77700000000186,3068.8329999998678,114,214.8640789473502,245.4440000000177,57.948099642664864,278.0445999998134,282.25110000002314,287.93938999998255,138.77700000000186,291.22600000025705,114,215.8640789473502,246.4440000000177,57.948099642664864,279.0445999998134,283.25110000002314,288.93938999998255,139.77700000000186,292.22600000025705,0,150.0,1708.0,23.0,564.0,0.08073196986006459,0.8670520231213873,0.14771048744460857,0.7517605633802817,0.1329479768786127,0.16591928251121077,1698.0,51,8,10,0.864406779661017,0.8360655737704918,0.85,0.864406779661017,0.8414147540983608,0.11496300685592384,0.12273333333333335,0.4473684210526316,0.5526315789473685,,,not_computed_no_bbox_data,2,2,2.0,0,0,2223,366.0,366,319,47,80,13,67,13,0.8715846994535519,0.02114260008996851,47,0.1625,0.17567567567567569,0.7443946188340808,0.9608433734939759,0.8715846994535519,0.9140401146131805,0.4,0,0,3,102,227,0,76.0,114,0.677909649122807,0.66405,0.11896661387046788,0.84017,0.8814299999999999,0.9826660000000002,0.5013,1.0591,114,0.0,0.0,0.0,0.0,0.0,0.0,0.0,0.0,114,0,0,0,0,0.0,0.0,3597299.319,215837.959116,2445.0,220.05,178.4,16.948,77.281,6.56892,3575704.631,28605.637044,342.0,51.3,16033.546,6734.089482,7097.823,2981.0857,822.0,246.6,0.0,0.0,216081.526036,38618.712226,254700.238262,4245.003971033333,104.17187658977505,2234.2126163333332,4316.953190881356,4994.1223188627455,16.948,254700.238262,3600000.0,3600000.0,trigger_spam__s02__no_rate_limit,no_rate_limit,ablation,,,True,
secure,trigger_spam,2,3600.0,fbaac9f8b3ec142d,True,synthetic_distribution,False,disable_replay_protection,2445,222,173,2223,24861.767,0.006906046388888889,117,1.95,117,1.95,62,54,446,52,35,0.6730769230769231,0.32692307692307687,0.31213872832369943,35,612.8274285714588,180.40300000002026,820.891981138389,1918.5942000000748,2481.0412000000033,2947.1867799999272,139.77700000000186,3068.8329999998678,117,214.2401709401537,244.74300000001676,57.813421044477096,278.04219999983906,282.2382000000216,287.90647999997867,138.77700000000186,291.22600000025705,117,215.2401709401537,245.74300000001676,57.813421044477096,279.04219999983906,283.2382000000216,288.90647999997867,139.77700000000186,292.22600000025705,0,150.0,1708.0,23.0,564.0,0.08073196986006459,0.8670520231213873,0.14771048744460857,0.7517605633802817,0.1329479768786127,0.16591928251121077,1698.0,54,8,10,0.8709677419354839,0.84375,0.8571428571428571,0.8709677419354839,0.8392390624999999,0.11298302248805223,0.12273333333333335,0.452991452991453,0.5470085470085471,,,not_computed_no_bbox_data,2,2,2.0,0,0,2223,366.0,366,319,47,80,10,70,10,0.8715846994535519,0.02114260008996851,47,0.125,0.13513513513513514,0.7376681614349776,0.9696048632218845,0.8715846994535519,0.9179856115107914,0.4,0,0,0,102,227,0,76.0,117,0.6777136752136753,0.663,0.11907999405353595,0.8395400000000001,0.8802599999999999,0.9817120000000001,0.5013,1.0591,117,0.0,0.0,0.0,0.0,0.0,0.0,0.0,0.0,117,0,0,0,0,0.0,0.0,3597297.308,215837.83847,2445.0,220.05,178.4,16.948,79.292,6.739834,3575138.24,28601.105923,351.0,52.65,16459.362,6912.931943,7203.898,3025.63711,847.5,254.25,0.0,0.0,216081.576304,38846.574976,254928.15128,4248.802521333333,104.26509254805725,2178.8730878632477,4111.7443754838705,4720.89169037037,16.948,254928.15128,3600000.0,3600000.0000000005,trigger_spam__s02__no_replay_protection,no_replay_protection,ablation,,,True,
secure,trigger_spam,2,3600.0,fbaac9f8b3ec142d,True,synthetic_distribution,False,disable_security,2445,222,173,2223,98560.17399999998,0.027377826111111107,446,7.433333333333334,446,7.433333333333334,72,63,446,52,42,0.8076923076923077,0.1923076923076923,0.36416184971098264,42,749.2455000000399,253.86000000010245,937.172973036211,2364.6708999999914,2743.6938500001907,3083.0413999999664,139.37699999997858,3093.19299999997,446,222.30916367712277,252.82200000004377,55.049327896805764,276.1040000001667,281.8427500000689,292.0128999997862,130.0109999999404,298.8410000000149,446,223.30916367712277,253.82200000004377,55.049327896805764,277.1040000001667,282.8427500000689,293.0128999997862,131.0109999999404,299.8410000000149,0,150.0,1708.0,23.0,564.0,0.08073196986006459,0.8670520231213873,0.14771048744460857,0.7517605633802817,0.1329479768786127,0.16591928251121077,1698.0,63,9,11,0.875,0.8513513513513513,0.863013698630137,0.875,0.8420851351351352,0.1094812971860634,0.12273333333333335,0.3632286995515695,0.6367713004484304,,,not_computed_no_bbox_data,13,13,13.0,0,0,2223,366.0,0,0,0,0,0,0,0,,0.16464237516869096,366,,,,,,,0.0,0,0,0,0,0,0,76.0,446,0.6631728699551571,0.6442,0.11514076623343923,0.81255,0.860175,0.9724900000000003,0.5013,1.1295,446,0.0,0.0,0.0,0.0,0.0,0.0,0.0,0.0,446,0,0,0,0,0.0,0.0,3597259.225,215835.553503,2445.0,220.05,0.0,0.0,295.775,25.14087,3501439.839,28011.518708,1338.0,200.7,62804.274,26377.795241,31560.387,13255.362573,2857.5,857.25,0.0,0.0,216080.744373,68702.626522,284783.370895,4746.3895149166665,116.47581631697342,638.5277374327354,3955.3245957638887,4520.370966587301,0.0,284783.370896,3600000.0,3600000.0000000005,trigger_spam__s02__no_security,no_security,ablation,,,True,
always_on,trigger_spam,3,3600.0,279839423250c35f,True,synthetic_distribution,False,,2012,363,265,1649,3600000.0,1.0,1,0.016666666666666666,1441,24.016666666666666,260,242,0,99,98,0.98989898989899,0.010101010101010055,0.9132075471698113,98,364.1712551020384,307.70900000003166,238.4675815257328,518.7656000001822,752.9846500001115,1542.9616499996512,148.78899999987334,1599.663000000175,0,,,,,,,,,1441,321.89952879944695,319.8209999999963,88.14231572434208,435.80099999997765,473.43599999998696,522.8163999999407,123.66800000006333,743.8900000001304,0,,,,,,,,,,,,242,22,23,0.9166666666666666,0.9132075471698113,0.9149338374291115,0.9307692307692308,0.8309543396226415,0.11175702705703405,0.17686145833333333,0.3830673143650243,0.6169326856349757,,,not_computed_no_bbox_data,45,41,45.0,16669,220,1649,,0,0,0,0,0,0,0,,0.6549423893268648,1080,,,,,,,0.0,0,0,0,0,0,0,,0,,,,,,,,,0,,,,,,,,,0,0,0,0,0,3600000.0,18000.0,0.0,0.0,0.0,0.0,0.0,0.0,0.0,0.0,0.0,0.0,0.0,0.0,2540144.821,1066860.824864,950101.679,399042.705136,109753.5,32926.05,0.0,0.0,18000.0,1498829.58,1516829.58,25280.493000000002,753.8914413518887,,5833.959923076924,6267.890826446282,0.0,1516829.58,3600000.0,3600000.0,trigger_spam__s03__always_on,always_on,ablation,,,True,
secure,trigger_spam,3,3600.0,279839423250c35f,True,synthetic_distribution,False,,2012,363,265,1649,33610.132,0.009336147777777777,162,2.7,162,2.7,100,93,406,99,71,0.7171717171717171,0.2828282828282829,0.35094339622641507,71,472.5719999999944,249.2229999997653,639.1731907752159,1460.9010000000708,2337.4090000001015,2481.4940000000875,126.32900000014342,2500.723000000231,162,209.1525061728338,241.90000000002328,56.958538255813366,274.54539999999105,278.24195000000765,287.905429999975,125.32900000014342,304.32500000018626,162,210.1525061728338,242.90000000002328,56.958538255813366,275.54539999999105,279.24195000000765,288.905429999975,126.32900000014342,305.32500000018626,0,241.0,1313.0,24.0,434.0,0.15508365508365507,0.909433962264151,0.2649807586586036,0.7515741270749857,0.09056603773584905,0.2832512315270936,1285.0,93,8,8,0.9207920792079208,0.9207920792079208,0.9207920792079208,0.93,0.8272960396039604,0.10340206083129298,0.20749499999999999,0.48148148148148145,0.5185185185185185,,,not_computed_no_bbox_data,3,2,3.0,0,0,1649,270.0,270,229,41,136,15,121,14,0.8481481481481481,0.024863553668890235,41,0.11029411764705882,0.12173913043478261,0.6009852216748769,0.9385245901639344,0.8481481481481481,0.8910505836575876,0.4,0,0,6,76,162,0,126.0,162,0.6404654320987653,0.6184499999999999,0.10542244938771485,0.77602,0.86503,0.9578749999999995,0.5005,0.994,162,0.0,0.0,0.0,0.0,0.0,0.0,0.0,0.0,162,0,0,0,0,0.0,0.0,3597721.844,215863.310646,2012.0,181.08,162.4,15.428,103.756,8.819251,3566389.871,28531.118965,486.0,72.9,22756.266,9557.631889,9176.863,3854.282424,1191.0,357.3,0.0,0.0,216068.637897,42373.23327800001,258441.871175,4307.364519583333,128.45023418240558,1595.3201924382718,2584.41871175,2778.944851344086,15.428,258441.871175,3600000.0,3599999.9999999995,trigger_spam__s03__full_secure,full_secure,ablation,,,True,
secure,trigger_spam,3,3600.0,279839423250c35f,True,synthetic_distribution,False,disable_adaptive_trigger,2012,363,265,1649,33610.132,0.009336147777777777,162,2.7,162,2.7,100,93,406,99,71,0.7171717171717171,0.2828282828282829,0.35094339622641507,71,472.5719999999944,249.2229999997653,639.1731907752159,1460.9010000000708,2337.4090000001015,2481.4940000000875,126.32900000014342,2500.723000000231,162,209.1525061728338,241.90000000002328,56.958538255813366,274.54539999999105,278.24195000000765,287.905429999975,125.32900000014342,304.32500000018626,162,210.1525061728338,242.90000000002328,56.958538255813366,275.54539999999105,279.24195000000765,288.905429999975,126.32900000014342,305.32500000018626,0,241.0,1314.0,24.0,433.0,0.15498392282958198,0.909433962264151,0.26483516483516484,0.752146536920435,0.09056603773584905,0.2832512315270936,1286.0,93,8,8,0.9207920792079208,0.9207920792079208,0.9207920792079208,0.93,0.8272960396039604,0.10340206083129298,0.20749499999999999,0.48148148148148145,0.5185185185185185,,,not_computed_no_bbox_data,3,2,3.0,0,0,1649,270.0,270,229,41,136,15,121,14,0.8481481481481481,0.024863553668890235,41,0.11029411764705882,0.12173913043478261,0.6009852216748769,0.9385245901639344,0.8481481481481481,0.8910505836575876,0.4,0,0,6,76,162,0,126.0,162,0.6404654320987653,0.6184499999999999,0.10542244938771485,0.77602,0.86503,0.9578749999999995,0.5005,0.994,162,0.0,0.0,0.0,0.0,0.0,0.0,0.0,0.0,162,0,0,0,0,0.0,0.0,3597721.844,215863.310646,2012.0,181.08,162.4,15.428,103.756,8.819251,3566389.871,28531.118965,486.0,72.9,22756.266,9557.631889,9176.863,3854.282424,1191.0,357.3,0.0,0.0,216068.637897,42373.23327800001,258441.871175,4307.364519583333,128.45023418240558,1595.3201924382718,2584.41871175,2778.944851344086,15.428,258441.871175,3600000.0,3599999.9999999995,trigger_spam__s03__no_adaptive_trigger,no_adaptive_trigger,ablation,,,True,
secure,trigger_spam,3,3600.0,279839423250c35f,True,synthetic_distribution,False,disable_burst_detection,2012,363,265,1649,49878.12699999999,0.013855035277777776,237,3.95,237,3.95,108,100,406,99,77,0.7777777777777778,0.2222222222222222,0.37735849056603776,77,566.392207792198,253.73600000003353,817.9462163570694,1587.2416000001135,2417.7249999996743,3041.9621200001775,126.32900000014342,4755.886000000057,237,212.1542869198269,245.42599999997765,56.563911159450676,274.1560000000056,278.3174000000581,289.08935999989507,125.32900000014342,304.32500000018626,237,213.1542869198269,246.42599999997765,56.563911159450676,275.1560000000056,279.3174000000581,290.08935999989507,126.32900000014342,305.32500000018626,0,241.0,1313.0,24.0,434.0,0.15508365508365507,0.909433962264151,0.2649807586586036,0.7515741270749857,0.09056603773584905,0.2832512315270936,1285.0,100,9,9,0.9174311926605505,0.9174311926605505,0.9174311926605505,0.9259259259259259,0.828743119266055,0.10303958459681306,0.20380476190476188,0.4472573839662447,0.5527426160337553,,,not_computed_no_bbox_data,5,4,5.0,0,0,1649,270.0,270,163,107,136,6,130,6,0.6037037037037037,0.06488781079442087,107,0.04411764705882353,0.05217391304347826,0.41625615763546797,0.9644970414201184,0.6037037037037037,0.7425968109339408,0.4,1,0,6,0,162,0,126.0,237,0.6490160337552743,0.6213,0.11467264829615252,0.81484,0.87918,0.9903279999999999,0.5005,1.028,237,0.0,0.0,0.0,0.0,0.0,0.0,0.0,0.0,237,0,0,0,0,0.0,0.0,3597671.782,215860.306946,2012.0,181.08,162.4,15.428,153.818,13.074493,3550121.881,28400.975048,711.0,106.65,33150.896,13923.376441,14351.223,6027.513551,1665.0,499.5,0.0,0.0,216069.889439,48958.01504,265027.904479,4417.131741316667,131.72361057604374,1118.2612003333334,2453.9620785092593,2650.27904479,15.428,265027.904478,3600000.0,3600000.0000000005,trigger_spam__s03__no_burst_detection,no_burst_detection,ablation,,,True,
secure,trigger_spam,3,3600.0,279839423250c35f,True,synthetic_distribution,False,disable_consistency_check,2012,363,265,1649,44505.833,0.012362731388888888,213,3.55,213,3.55,100,93,406,99,71,0.7171717171717171,0.2828282828282829,0.35094339622641507,71,472.5719999999944,249.2229999997653,639.1731907752159,1460.9010000000708,2337.4090000001015,2481.4940000000875,126.32900000014342,2500.723000000231,213,210.6422018779379,244.14999999990687,56.8378831536512,274.5228000000119,278.42120000000574,289.3588799999561,125.32900000014342,304.32500000018626,213,211.6422018779379,245.14999999990687,56.8378831536512,275.5228000000119,279.42120000000574,290.3588799999561,126.32900000014342,305.32500000018626,0,241.0,1313.0,24.0,434.0,0.15508365508365507,0.909433962264151,0.2649807586586036,0.7515741270749857,0.09056603773584905,0.2832512315270936,1285.0,93,8,8,0.9207920792079208,0.9207920792079208,0.9207920792079208,0.93,0.8272960396039604,0.10340206083129298,0.20749499999999999,0.4694835680751174,0.5305164319248826,,,not_computed_no_bbox_data,6,5,6.0,0,0,1649,270.0,270,178,92,136,15,121,14,0.6592592592592592,0.05579138872043663,92,0.11029411764705882,0.12173913043478261,0.4753694581280788,0.9222797927461139,0.6592592592592592,0.7688984881209503,0.4,0,1,6,186,0,0,126.0,213,0.6467605633802817,0.6187,0.11457335519411058,0.8086200000000002,0.8837999999999996,0.982588,0.5005,1.02,213,0.0,0.0,0.0,0.0,0.0,0.0,0.0,0.0,213,0,0,0,0,0.0,0.0,3597687.84,215861.270374,2012.0,181.08,162.4,15.428,137.76,11.709637,3555494.171,28443.953365,639.0,95.85,29867.089,12544.177442,12495.24,5248.000895,1504.5,451.35,0.0,0.0,216069.488011,46783.331701999996,262852.819713,4380.88032855,130.64255452932403,1234.0507967746478,2628.5281971299996,2826.3744055161287,15.428,262852.819713,3599999.9999999995,3600000.0000000005,trigger_spam__s03__no_consistency_check,no_consistency_check,ablation,,,True,
secure,trigger_spam,3,3600.0,279839423250c35f,True,synthetic_distribution,False,disable_cooldown,2012,363,265,1649,68413.874,0.019003853888888887,302,5.033333333333333,326,5.433333333333334,176,165,1554,99,84,0.8484848484848485,0.1515151515151515,0.6226415094339622,84,366.43133333333236,246.7960000000894,434.06289672458024,907.2918000000066,1547.3519500000164,1757.702180000163,126.32900000014342,2409.5459999996237,326,223.8794202453992,247.842499999977,78.7881540408997,278.81700000001,297.122749999864,489.0819999999512,121.04900000011548,688.1540000000969,326,224.8794202453992,248.842499999977,78.7881540408997,279.81700000001,298.122749999864,490.0819999999512,122.04900000011548,689.1540000000969,0,241.0,1313.0,24.0,434.0,0.15508365508365507,0.909433962264151,0.2649807586586036,0.7515741270749857,0.09056603773584905,0.15508365508365507,1285.0,165,12,16,0.9322033898305084,0.9116022099447514,0.9217877094972067,0.9375,0.8194651933701657,0.12102362512056689,0.183532,0.4601226993865031,0.5398773006134969,,,not_computed_no_bbox_data,6,5,6.0,0,0,1649,1285.0,1285,1165,120,269,63,206,60,0.9066147859922179,0.07277137659187387,120,0.2342007434944238,0.24896265560165975,0.7902187902187903,0.9486970684039088,0.9066147859922179,0.9271786709112614,0.4,0,5,25,417,781,0,0.0,326,0.6491889570552147,0.6271500000000001,0.12062309869679444,0.81345,0.8927499999999999,1.0372750000000002,0.5005,1.1486,326,12.321401840490799,0.0,56.225317700189635,0.0,78.375,297.74675,0.0,500.24,326,0,0,0,0,0.0,0.0,3597154.764,215829.285834,2012.0,181.08,621.6,59.052,211.636,17.989068,3531586.131,28252.689052,906.0,135.9,45660.956,19177.601357,19514.413,8196.053425,2332.5,699.75,0.0,0.0,216087.406902,56461.993834,272549.400736,4542.490012266667,135.46192879522863,836.0411065521472,1548.5761405454543,1651.8145499151515,59.052,272549.400736,3600000.0,3600000.0,trigger_spam__s03__no_cooldown,no_cooldown,ablation,,,True,
secure,trigger_spam,3,3600.0,279839423250c35f,True,synthetic_distribution,False,disable_early_exit,2012,363,265,1649,42161.647,0.01171156861111111,162,2.7,162,2.7,100,95,406,99,71,0.7171717171717171,0.2828282828282829,0.3584905660377358,71,472.0507605634132,265.1809999998659,541.1298149114243,1292.4449999998324,1662.3010000002105,2505.903700000187,228.58200000040233,2532.2299999999814,162,261.9397037037155,261.9189999999944,13.515783873883427,278.5227000002284,284.9157000000705,291.8039000003296,227.58200000040233,304.32500000018626,162,262.9397037037155,262.9189999999944,13.515783873883427,279.5227000002284,285.9157000000705,292.8039000003296,228.58200000040233,305.32500000018626,0,241.0,1313.0,24.0,434.0,0.15508365508365507,0.909433962264151,0.2649807586586036,0.7515741270749857,0.09056603773584905,0.2832512315270936,1285.0,95,6,6,0.9405940594059405,0.9405940594059405,0.9405940594059405,0.95,0.8536514851485149,0.11817661241875346,0.200795,0.0,1.0,,,not_computed_no_bbox_data,3,2,3.0,0,0,1649,270.0,270,229,41,136,15,121,14,0.8481481481481481,0.024863553668890235,41,0.11029411764705882,0.12173913043478261,0.6009852216748769,0.9385245901639344,0.8481481481481481,0.8910505836575876,0.4,0,0,6,76,162,0,126.0,162,0.6404654320987653,0.6184499999999999,0.10542244938771485,0.77602,0.86503,0.9578749999999995,0.5005,0.994,162,0.0,0.0,0.0,0.0,0.0,0.0,0.0,0.0,162,0,0,0,0,0.0,0.0,3597721.844,215863.310646,2012.0,181.08,162.4,15.428,103.756,8.819251,3557838.352,28462.706818,486.0,72.9,22756.266,9557.631889,17747.881,7454.110191,1171.5,351.45,0.0,0.0,216068.637897,45898.798897999994,261967.436795,4366.123946583333,130.20250337723658,1617.0829431790123,2619.67436795,2757.5519662631577,15.428,261967.436794,3600000.0,3599999.999,trigger_spam__s03__no_early_exit,no_early_exit,ablation,,,True,
secure,trigger_spam,3,3600.0,279839423250c35f,True,synthetic_distribution,False,disable_rate_limit,2012,363,265,1649,33610.132,0.009336147777777777,162,2.7,162,2.7,100,93,406,99,71,0.7171717171717171,0.2828282828282829,0.35094339622641507,71,472.5719999999944,249.2229999997653,639.1731907752159,1460.9010000000708,2337.4090000001015,2481.4940000000875,126.32900000014342,2500.723000000231,162,209.1525061728338,241.90000000002328,56.958538255813366,274.54539999999105,278.24195000000765,287.905429999975,125.32900000014342,304.32500000018626,162,210.1525061728338,242.90000000002328,56.958538255813366,275.54539999999105,279.24195000000765,288.905429999975,126.32900000014342,305.32500000018626,0,241.0,1313.0,24.0,434.0,0.15508365508365507,0.909433962264151,0.2649807586586036,0.7515741270749857,0.09056603773584905,0.2832512315270936,1285.0,93,8,8,0.9207920792079208,0.9207920792079208,0.9207920792079208,0.93,0.8272960396039604,0.10340206083129298,0.20749499999999999,0.48148148148148145,0.5185185185185185,,,not_computed_no_bbox_data,3,2,3.0,0,0,1649,270.0,270,229,41,136,15,121,14,0.8481481481481481,0.024863553668890235,41,0.11029411764705882,0.12173913043478261,0.6009852216748769,0.9385245901639344,0.8481481481481481,0.8910505836575876,0.4,0,0,6,76,162,0,126.0,162,0.6404654320987653,0.6184499999999999,0.10542244938771485,0.77602,0.86503,0.9578749999999995,0.5005,0.994,162,0.0,0.0,0.0,0.0,0.0,0.0,0.0,0.0,162,0,0,0,0,0.0,0.0,3597721.844,215863.310646,2012.0,181.08,162.4,15.428,103.756,8.819251,3566389.871,28531.118965,486.0,72.9,22756.266,9557.631889,9176.863,3854.282424,1191.0,357.3,0.0,0.0,216068.637897,42373.23327800001,258441.871175,4307.364519583333,128.45023418240558,1595.3201924382718,2584.41871175,2778.944851344086,15.428,258441.871175,3600000.0,3599999.9999999995,trigger_spam__s03__no_rate_limit,no_rate_limit,ablation,,,True,
secure,trigger_spam,3,3600.0,279839423250c35f,True,synthetic_distribution,False,disable_replay_protection,2012,363,265,1649,34751.009999999995,0.009653058333333332,168,2.8,168,2.8,106,98,406,99,74,0.7474747474747475,0.2525252525252525,0.36981132075471695,74,546.1687432432378,252.2610000000568,728.5286833821073,1709.8335000000898,2400.7085999999895,2606.183650000159,126.32900000014342,2891.31799999997,168,208.5376428571402,238.68049999990035,56.98001699264697,274.6507999999914,277.86965000003113,287.7412099999772,125.32900000014342,304.32500000018626,168,209.5376428571402,239.68049999990035,56.98001699264697,275.6507999999914,278.86965000003113,288.7412099999772,126.32900000014342,305.32500000018626,0,241.0,1313.0,24.0,434.0,0.15508365508365507,0.909433962264151,0.2649807586586036,0.7515741270749857,0.09056603773584905,0.2832512315270936,1285.0,98,9,9,0.9158878504672897,0.9158878504672897,0.9158878504672897,0.9245283018867925,0.8308859813084112,0.10187188629212982,0.20749499999999999,0.4880952380952381,0.5119047619047619,,,not_computed_no_bbox_data,3,2,3.0,0,0,1649,270.0,270,229,41,136,9,127,8,0.8481481481481481,0.024863553668890235,41,0.0661764705882353,0.06956521739130435,0.5862068965517241,0.9621848739495799,0.8481481481481481,0.9015748031496063,0.4,0,0,0,76,162,0,126.0,168,0.643917261904762,0.6206,0.10850249921072283,0.7783200000000001,0.868935,0.9871660000000001,0.5005,1.0243,168,0.0,0.0,0.0,0.0,0.0,0.0,0.0,0.0,168,0,0,0,0,0.0,0.0,3597717.421,215863.045284,2012.0,181.08,162.4,15.428,108.179,9.19518,3565248.993,28521.991947,504.0,75.6,23612.652,9917.313772,9396.855,3946.679024,1237.5,371.25,0.0,0.0,216068.748464,42832.83474299999,258901.583207,4315.026386783333,128.67871928777336,1541.080852422619,2442.4677661037736,2641.8528898673467,15.428,258901.583208,3600000.0,3599999.9999999995,trigger_spam__s03__no_replay_protection,no_replay_protection,ablation,,,True,
secure,trigger_spam,3,3600.0,279839423250c35f,True,synthetic_distribution,False,disable_security,2012,363,265,1649,87043.512,0.024178753333333334,406,6.766666666666667,406,6.766666666666667,114,105,406,99,80,0.8080808080808081,0.19191919191919193,0.39622641509433965,80,630.5509375000104,254.8804999999702,871.9663264954523,2230.9048000001003,2451.18159999997,3282.4772800000455,125.92900000000373,4755.4860000000335,406,215.70316256157932,247.44500000000698,55.615126126544965,274.0550000000512,279.7942499999481,287.8033999998937,124.92900000000373,303.9250000002794,406,216.7043201970478,248.44500000000698,55.61582820225202,275.0550000000512,280.7942499999481,288.8033999998937,125.92900000000373,304.9250000002794,0,241.0,1313.0,24.0,434.0,0.15508365508365507,0.909433962264151,0.2649807586586036,0.7515741270749857,0.09056603773584905,0.2832512315270936,1285.0,105,10,10,0.9130434782608695,0.9130434782608695,0.9130434782608695,0.9210526315789473,0.8320078260869564,0.10159101713624343,0.20380476190476188,0.41379310344827586,0.5862068965517241,,,not_computed_no_bbox_data,11,10,11.0,0,0,1649,270.0,0,0,0,0,0,0,0,,0.1637355973317162,270,,,,,,,0.0,0,0,0,0,0,0,126.0,406,0.658206896551724,0.63645,0.11767253390775077,0.82115,0.89505,1.0070149999999998,0.5005,1.0414,406,0.0,0.0,0.0,0.0,0.0,0.0,0.0,0.0,406,0,0,0,0,0.0,0.0,3597720.767,215863.246036,2012.0,181.08,0.0,0.0,267.233,22.714782,3512956.499,28103.651992,1218.0,182.7,56875.631,23887.765121,26243.87,11022.425278,2706.0,811.8,0.0,0.0,216067.04081799998,64008.342391000006,280075.383209,4667.923053483333,139.20247674403578,689.8408453423646,2456.8016070964914,2667.3846019904763,0.0,280075.38321,3600000.0,3600000.0,trigger_spam__s03__no_security,no_security,ablation,,,True,
always_on,trigger_spam,4,3600.0,bff808fa69847d8d,True,synthetic_distribution,False,,1003,301,231,702,3600000.0,1.0,1,0.016666666666666666,779,12.983333333333333,227,205,0,68,66,0.9705882352941176,0.02941176470588236,0.8874458874458875,66,404.4063787878819,320.4999999998836,345.8424253316659,632.7454999999609,1027.5640000001877,1772.1336499999234,147.01699999999255,2285.4899999999907,0,,,,,,,,,779,325.3892259306871,317.6359999999404,99.99687296551829,452.5225999999326,500.10919999992177,637.7370200000357,139.3300000000745,744.3220000001602,0,,,,,,,,,,,,205,22,26,0.9030837004405287,0.8874458874458875,0.8951965065502183,0.9030837004405287,0.8501753246753246,0.09191097037588933,0.1504926470588235,0.4249037227214377,0.5750962772785623,,,not_computed_no_bbox_data,15,15,15.0,17356,241,702,,0,0,0,0,0,0,0,,0.6837606837606838,480,,,,,,,0.0,0,0,0,0,0,0,,0,,,,,,,,,0,,,,,,,,,0,0,0,0,0,3600000.0,18000.0,0.0,0.0,0.0,0.0,0.0,0.0,0.0,0.0,0.0,0.0,0.0,0.0,2547115.343,1069788.444004,943074.157,396091.145996,109810.5,32943.15,0.0,0.0,18000.0,1498822.7399999998,1516822.7399999998,25280.378999999997,1512.285882352941,,6682.038502202642,7399.13531707317,0.0,1516822.74,3600000.0,3600000.0,trigger_spam__s04__always_on,always_on,ablation,,,True,
secure,trigger_spam,4,3600.0,bff808fa69847d8d,True,synthetic_distribution,False,,1003,301,231,702,23234.477999999996,0.006454021666666665,115,1.9166666666666667,115,1.9166666666666667,86,75,228,68,50,0.7352941176470589,0.2647058823529411,0.3246753246753247,50,487.021940000013,167.08950000000186,736.5937577310501,1755.5741999999364,2360.431650000053,2819.449650000019,131.10899999993853,2852.091000000015,115,203.76834782608393,167.5639999999985,57.300334613873304,273.10759999989534,280.5960000001593,295.04280000006315,130.10899999993853,297.30099999997765,115,204.76834782608393,168.5639999999985,57.300334613873304,274.10759999989534,281.5960000001593,296.04280000006315,131.10899999993853,298.30099999997765,0,220.0,556.0,11.0,216.0,0.28350515463917525,0.9523809523809523,0.43694141012909626,0.7202072538860104,0.047619047619047616,0.42543859649122806,543.0,75,11,13,0.872093023255814,0.8522727272727273,0.8620689655172414,0.872093023255814,0.857515909090909,0.09139056754362379,0.15458,0.5391304347826087,0.4608695652173913,,,not_computed_no_bbox_data,1,1,1.0,0,0,702,121.0,121,104,17,107,9,98,9,0.859504132231405,0.024216524216524215,17,0.08411214953271028,0.09278350515463918,0.4956140350877193,0.9203539823008849,0.859504132231405,0.888888888888889,0.4,0,0,7,26,80,0,123.0,115,0.6582721739130435,0.6382,0.12067170088448846,0.81786,0.88974,0.989462,0.5027,1.1107,115,0.0,0.0,0.0,0.0,0.0,0.0,0.0,0.0,115,0,0,0,0,0.0,0.0,3598830.099,215929.805928,1003.0,90.27,91.2,8.664,75.701,6.434601,3576765.525,28614.124202,345.0,51.75,16139.758,6778.69818,5885.717,2472.001196,864.0,259.2,0.0,0.0,216035.17452899995,38175.77357799999,254210.948107,4236.849135116667,253.45059631804585,2210.5299835391306,2955.9412570581394,3389.479308093333,8.664,254210.948108,3600000.0,3600000.0,trigger_spam__s04__full_secure,full_secure,ablation,,,True,
secure,trigger_spam,4,3600.0,bff808fa69847d8d,True,synthetic_distribution,False,disable_adaptive_trigger,1003,301,231,702,23234.477999999996,0.006454021666666665,115,1.9166666666666667,115,1.9166666666666667,86,75,228,68,50,0.7352941176470589,0.2647058823529411,0.3246753246753247,50,487.021940000013,167.08950000000186,736.5937577310501,1755.5741999999364,2360.431650000053,2819.449650000019,131.10899999993853,2852.091000000015,115,203.76834782608393,167.5639999999985,57.300334613873304,273.10759999989534,280.5960000001593,295.04280000006315,130.10899999993853,297.30099999997765,115,204.76834782608393,168.5639999999985,57.300334613873304,274.10759999989534,281.5960000001593,296.04280000006315,131.10899999993853,298.30099999997765,0,220.0,556.0,11.0,216.0,0.28350515463917525,0.9523809523809523,0.43694141012909626,0.7202072538860104,0.047619047619047616,0.42543859649122806,543.0,75,11,13,0.872093023255814,0.8522727272727273,0.8620689655172414,0.872093023255814,0.857515909090909,0.09139056754362379,0.15458,0.5391304347826087,0.4608695652173913,,,not_computed_no_bbox_data,1,1,1.0,0,0,702,121.0,121,104,17,107,9,98,9,0.859504132231405,0.024216524216524215,17,0.08411214953271028,0.09278350515463918,0.4956140350877193,0.9203539823008849,0.859504132231405,0.888888888888889,0.4,0,0,7,26,80,0,123.0,115,0.6582721739130435,0.6382,0.12067170088448846,0.81786,0.88974,0.989462,0.5027,1.1107,115,0.0,0.0,0.0,0.0,0.0,0.0,0.0,0.0,115,0,0,0,0,0.0,0.0,3598830.099,215929.805928,1003.0,90.27,91.2,8.664,75.701,6.434601,3576765.525,28614.124202,345.0,51.75,16139.758,6778.69818,5885.717,2472.001196,864.0,259.2,0.0,0.0,216035.17452899995,38175.77357799999,254210.948107,4236.849135116667,253.45059631804585,2210.5299835391306,2955.9412570581394,3389.479308093333,8.664,254210.948108,3600000.0,3600000.0,trigger_spam__s04__no_adaptive_trigger,no_adaptive_trigger,ablation,,,True,
secure,trigger_spam,4,3600.0,bff808fa69847d8d,True,synthetic_distribution,False,disable_burst_detection,1003,301,231,702,28795.119,0.007998644166666666,141,2.35,141,2.35,88,77,228,68,52,0.7647058823529411,0.23529411764705888,0.3333333333333333,52,572.0834038461617,175.3520000000135,920.6324379586537,2060.807800000018,2635.015800000016,3708.7751500000004,131.10899999993853,4600.425999999978,141,205.94780141842423,192.41099999984726,56.7991934895351,271.9989999998361,280.57800000021234,293.37480000010686,129.7819999998901,297.30099999997765,141,206.94780141842423,193.41099999984726,56.7991934895351,272.9989999998361,281.57800000021234,294.37480000010686,130.7819999998901,298.30099999997765,0,220.0,556.0,11.0,216.0,0.28350515463917525,0.9523809523809523,0.43694141012909626,0.7202072538860104,0.047619047619047616,0.42543859649122806,543.0,77,11,13,0.875,0.8555555555555555,0.8651685393258427,0.875,0.8584977777777779,0.09066339273115195,0.15458,0.5035460992907801,0.49645390070921985,,,not_computed_no_bbox_data,1,1,1.0,0,0,702,121.0,121,80,41,107,7,100,7,0.6611570247933884,0.0584045584045584,41,0.06542056074766354,0.07216494845360824,0.3815789473684211,0.9195402298850575,0.6611570247933884,0.7692307692307692,0.4,0,0,7,0,80,0,123.0,141,0.6535489361702127,0.6308,0.11544726230560941,0.8045,0.8566,0.9721199999999997,0.5027,1.1107,141,0.0,0.0,0.0,0.0,0.0,0.0,0.0,0.0,141,0,0,0,0,0.0,0.0,3598813.65,215928.818982,1003.0,90.27,91.2,8.664,92.15,7.832775,3571204.884,28569.639075,423.0,63.45,19694.704,8271.775638,7651.412,3213.592935,1026.0,307.8,0.0,0.0,216035.58575699996,40426.257648000006,256461.843405,4274.36405675,255.69475912761715,1818.8783220212765,2914.339129602273,3330.673290974026,8.664,256461.843405,3600000.0,3600000.0,trigger_spam__s04__no_burst_detection,no_burst_detection,ablation,,,True,
secure,trigger_spam,4,3600.0,bff808fa69847d8d,True,synthetic_distribution,False,disable_consistency_check,1003,301,231,702,29524.182,0.008201161666666667,145,2.4166666666666665,145,2.4166666666666665,86,75,228,68,50,0.7352941176470589,0.2647058823529411,0.3246753246753247,50,487.021940000013,167.08950000000186,736.5937577310501,1755.5741999999364,2360.431650000053,2819.449650000019,131.10899999993853,2852.091000000015,145,205.3403931034473,169.90500000002794,57.627009704572906,275.1290000000968,280.6260000000708,293.77363999994475,129.56800000020303,297.30099999997765,145,206.3403931034473,170.90500000002794,57.627009704572906,276.1290000000968,281.6260000000708,294.77363999994475,130.56800000020303,298.30099999997765,0,220.0,556.0,11.0,216.0,0.28350515463917525,0.9523809523809523,0.43694141012909626,0.7202072538860104,0.047619047619047616,0.42543859649122806,543.0,75,11,13,0.872093023255814,0.8522727272727273,0.8620689655172414,0.872093023255814,0.857515909090909,0.09139056754362379,0.15458,0.5241379310344828,0.47586206896551725,,,not_computed_no_bbox_data,2,2,2.0,0,0,702,121.0,121,74,47,107,9,98,9,0.6115702479338843,0.06695156695156695,47,0.08411214953271028,0.09278350515463918,0.36403508771929827,0.891566265060241,0.6115702479338843,0.7254901960784313,0.4,0,1,7,75,0,0,123.0,145,0.6595248275862069,0.635,0.12297095554271392,0.82282,0.8916399999999999,0.995104,0.5027,1.1107,145,0.0,0.0,0.0,0.0,0.0,0.0,0.0,0.0,145,0,0,0,0,0.0,0.0,3598810.169,215928.610131,1003.0,90.27,91.2,8.664,95.631,8.128648,3570475.821,28563.80657,435.0,65.25,20380.57,8559.839292,7663.109,3218.505783,1045.5,313.65,0.0,0.0,216035.672779,40721.05164500001,256756.724424,4279.2787404,255.98875814955136,1770.736030510345,2985.543307255814,3423.42299232,8.664,256756.724424,3600000.0000000005,3600000.0,trigger_spam__s04__no_consistency_check,no_consistency_check,ablation,,,True,
secure,trigger_spam,4,3600.0,bff808fa69847d8d,True,synthetic_distribution,False,disable_cooldown,1003,301,231,702,49605.53999999999,0.013779316666666664,222,3.7,244,4.066666666666666,171,155,776,68,62,0.9117647058823529,0.08823529411764708,0.670995670995671,62,332.3523870967807,182.16900000016904,428.8687118126634,583.8224999999684,1027.967250000016,2306.571970000069,125.06500000017695,2511.912000000011,244,221.23156557375535,187.97500000009313,90.3116857936731,282.67540000004226,362.3044499997514,571.3337299999405,124.06500000017695,767.613999999594,244,222.23493852457443,188.97500000009313,90.3094817704815,283.67540000004226,363.3044499997514,572.3337299999405,125.06500000017695,768.613999999594,0,220.0,556.0,11.0,216.0,0.28350515463917525,0.9523809523809523,0.43694141012909626,0.7202072538860104,0.047619047619047616,0.28350515463917525,543.0,155,16,20,0.9064327485380117,0.8857142857142857,0.8959537572254336,0.9064327485380117,0.8528817142857142,0.09505973625470697,0.14555833333333332,0.5245901639344263,0.47540983606557374,,,not_computed_no_bbox_data,2,2,2.0,0,0,702,543.0,543,486,57,233,46,187,45,0.8950276243093923,0.0811965811965812,57,0.19742489270386265,0.20454545454545456,0.6855670103092784,0.9135338345864662,0.8950276243093923,0.9041860465116279,0.4,3,0,23,155,351,0,0.0,244,0.6535081967213116,0.62965,0.12047763967198369,0.81624,0.8875199999999999,1.0519239999999994,0.5019,1.1107,244,16.209844262295082,0.0,64.7083068795533,0.0,130.81514999999993,327.8132499999999,0.0,517.099,244,0,0,0,0,0.0,0.0,3598527.144,215911.628643,1003.0,90.27,310.4,29.488,159.456,13.553755,3550394.463,28403.155705,666.0,99.9,34223.071,14373.689956,12908.966,5421.765515,1807.5,542.25,0.0,0.0,216044.940398,48840.761176,264885.701574,4414.7616929000005,264.0934213100698,1085.5971375983606,1549.039190491228,1708.9400101548388,29.488,264885.701575,3599999.9999999995,3600000.0,trigger_spam__s04__no_cooldown,no_cooldown,ablation,,,True,
secure,trigger_spam,4,3600.0,bff808fa69847d8d,True,synthetic_distribution,False,disable_early_exit,1003,301,231,702,30049.229999999996,0.008347008333333333,115,1.9166666666666667,115,1.9166666666666667,86,76,228,68,51,0.75,0.25,0.329004329004329,51,524.9002941176831,263.0759999998845,715.1267716023465,1207.4830000000075,2524.9425000000047,2886.9949999999953,233.47999999998137,2921.898999999976,115,263.027147826087,261.65700000012293,14.877124288387066,280.61400000010616,285.08639999985826,303.81658000002426,232.47999999998137,328.83399999979883,115,264.027147826087,262.65700000012293,14.877124288387066,281.61400000010616,286.08639999985826,304.81658000002426,233.47999999998137,329.83399999979883,0,220.0,556.0,11.0,216.0,0.28350515463917525,0.9523809523809523,0.43694141012909626,0.7202072538860104,0.047619047619047616,0.42543859649122806,543.0,76,10,12,0.8837209302325582,0.8636363636363636,0.8735632183908046,0.8837209302325582,0.8801011363636363,0.10129892091233834,0.14300000000000002,0.0,1.0,,,not_computed_no_bbox_data,1,1,1.0,0,0,702,121.0,121,104,17,107,9,98,9,0.859504132231405,0.024216524216524215,17,0.08411214953271028,0.09278350515463918,0.4956140350877193,0.9203539823008849,0.859504132231405,0.888888888888889,0.4,0,0,7,26,80,0,123.0,115,0.6582721739130435,0.6382,0.12067170088448846,0.81786,0.88974,0.989462,0.5027,1.1107,115,0.0,0.0,0.0,0.0,0.0,0.0,0.0,0.0,115,0,0,0,0,0.0,0.0,3598830.099,215929.805928,1003.0,90.27,91.2,8.664,75.701,6.434601,3569950.769,28559.606149,345.0,51.75,16139.758,6778.69818,12710.974,5338.609004,853.5,256.05,0.0,0.0,216035.17452899995,40984.713333,257019.88786199997,4283.664797699999,256.2511344586241,2234.9555466260867,2988.603347232558,3381.8406297631577,8.664,257019.887863,3600000.0,3600000.0009999997,trigger_spam__s04__no_early_exit,no_early_exit,ablation,,,True,
secure,trigger_spam,4,3600.0,bff808fa69847d8d,True,synthetic_distribution,False,disable_rate_limit,1003,301,231,702,23234.477999999996,0.006454021666666665,115,1.9166666666666667,115,1.9166666666666667,86,75,228,68,50,0.7352941176470589,0.2647058823529411,0.3246753246753247,50,487.021940000013,167.08950000000186,736.5937577310501,1755.5741999999364,2360.431650000053,2819.449650000019,131.10899999993853,2852.091000000015,115,203.76834782608393,167.5639999999985,57.300334613873304,273.10759999989534,280.5960000001593,295.04280000006315,130.10899999993853,297.30099999997765,115,204.76834782608393,168.5639999999985,57.300334613873304,274.10759999989534,281.5960000001593,296.04280000006315,131.10899999993853,298.30099999997765,0,220.0,556.0,11.0,216.0,0.28350515463917525,0.9523809523809523,0.43694141012909626,0.7202072538860104,0.047619047619047616,0.42543859649122806,543.0,75,11,13,0.872093023255814,0.8522727272727273,0.8620689655172414,0.872093023255814,0.857515909090909,0.09139056754362379,0.15458,0.5391304347826087,0.4608695652173913,,,not_computed_no_bbox_data,1,1,1.0,0,0,702,121.0,121,104,17,107,9,98,9,0.859504132231405,0.024216524216524215,17,0.08411214953271028,0.09278350515463918,0.4956140350877193,0.9203539823008849,0.859504132231405,0.888888888888889,0.4,0,0,7,26,80,0,123.0,115,0.6582721739130435,0.6382,0.12067170088448846,0.81786,0.88974,0.989462,0.5027,1.1107,115,0.0,0.0,0.0,0.0,0.0,0.0,0.0,0.0,115,0,0,0,0,0.0,0.0,3598830.099,215929.805928,1003.0,90.27,91.2,8.664,75.701,6.434601,3576765.525,28614.124202,345.0,51.75,16139.758,6778.69818,5885.717,2472.001196,864.0,259.2,0.0,0.0,216035.17452899995,38175.77357799999,254210.948107,4236.849135116667,253.45059631804585,2210.5299835391306,2955.9412570581394,3389.479308093333,8.664,254210.948108,3600000.0,3600000.0,trigger_spam__s04__no_rate_limit,no_rate_limit,ablation,,,True,
secure,trigger_spam,4,3600.0,bff808fa69847d8d,True,synthetic_distribution,False,disable_replay_protection,1003,301,231,702,24246.512999999995,0.006735142499999998,121,2.0166666666666666,121,2.0166666666666666,92,80,228,68,52,0.7647058823529411,0.23529411764705888,0.3463203463203463,52,535.18592307694,175.3520000000135,765.7263915610243,2060.807800000018,2326.769350000062,2818.11735000002,131.10899999993853,2852.091000000015,121,202.11188429751718,166.85100000002421,57.055078270804565,272.88799999980256,280.57800000021234,294.3480000000447,130.10899999993853,297.30099999997765,121,203.11188429751718,167.85100000002421,57.055078270804565,273.88799999980256,281.57800000021234,295.3480000000447,131.10899999993853,298.30099999997765,0,220.0,556.0,11.0,216.0,0.28350515463917525,0.9523809523809523,0.43694141012909626,0.7202072538860104,0.047619047619047616,0.42543859649122806,543.0,80,12,14,0.8695652173913043,0.851063829787234,0.8602150537634409,0.8695652173913043,0.8564797872340426,0.09022737297717831,0.15458,0.5537190082644629,0.4462809917355372,,,not_computed_no_bbox_data,1,1,1.0,0,0,702,121.0,121,104,17,107,3,104,3,0.859504132231405,0.024216524216524215,17,0.028037383177570093,0.030927835051546393,0.4692982456140351,0.9719626168224299,0.859504132231405,0.912280701754386,0.4,0,0,0,27,80,0,123.0,121,0.6558338842975207,0.635,0.12076758847314883,0.8187,0.8886,0.9854599999999998,0.5027,1.1107,121,0.0,0.0,0.0,0.0,0.0,0.0,0.0,0.0,121,0,0,0,0,0.0,0.0,3598826.444,215929.586659,1003.0,90.27,91.2,8.664,79.356,6.745233,3575753.491,28606.027924,363.0,54.45,16979.407,7131.351084,5989.102,2515.422904,915.0,274.5,0.0,0.0,216035.26589199997,38581.751912,254617.017804,4243.6169634,253.85545144965104,2104.2728744132232,2767.5762804782607,3182.71272255,8.664,254617.017804,3600000.0000000005,3600000.0,trigger_spam__s04__no_replay_protection,no_replay_protection,ablation,,,True,
secure,trigger_spam,4,3600.0,bff808fa69847d8d,True,synthetic_distribution,False,disable_security,1003,301,231,702,47835.74799999999,0.013287707777777776,228,3.8,228,3.8,95,83,228,68,54,0.7941176470588235,0.20588235294117652,0.3593073593073593,54,614.9131111111184,213.3660000000491,933.1535961143487,2118.589700000131,2607.259399999956,3673.4084500000886,130.70899999979883,4600.026000000071,228,211.13285087719166,241.85900000005495,56.43254675383533,274.34800000011455,280.4781999997329,289.6555799999088,129.16800000006333,296.9010000000708,228,212.13285087719166,242.85900000005495,56.43254675383533,275.34800000011455,281.4781999997329,290.6555799999088,130.16800000006333,297.9010000000708,0,220.0,556.0,11.0,216.0,0.28350515463917525,0.9523809523809523,0.43694141012909626,0.7202072538860104,0.047619047619047616,0.42543859649122806,543.0,83,12,14,0.8736842105263158,0.8556701030927835,0.8645833333333334,0.8736842105263158,0.8571103092783505,0.08915833350998857,0.15458,0.4517543859649123,0.5482456140350878,,,not_computed_no_bbox_data,2,2,2.0,0,0,702,121.0,0,0,0,0,0,0,0,,0.17236467236467237,121,,,,,,,0.0,0,0,0,0,0,0,123.0,228,0.6559627192982456,0.6324000000000001,0.11403901166319838,0.81963,0.85653,0.9756039999999994,0.5027,1.1107,228,0.0,0.0,0.0,0.0,0.0,0.0,0.0,0.0,228,0,0,0,0,0.0,0.0,3598847.441,215930.846436,1003.0,90.27,0.0,0.0,149.559,12.712549,3552164.253,28417.314026,684.0,102.6,31899.884,13397.951341,13685.863,5748.062318,1566.0,469.8,0.0,0.0,216033.82898499997,48135.727685000005,264169.55666999996,4402.825944499999,263.3794184147557,1158.6384064473682,2780.7321754736836,3182.7657430120476,0.0,264169.556669,3600000.0,3600000.0,trigger_spam__s04__no_security,no_security,ablation,,,True,
always_on,trigger_spam,5,3600.0,77c2c170b08e8c11,True,synthetic_distribution,False,,2923,392,298,2531,3600000.0,1.0,1,0.016666666666666666,2048,34.13333333333333,292,272,0,98,96,0.9795918367346939,0.020408163265306145,0.912751677852349,96,445.5383437500086,364.5474999998696,311.1552740004943,821.8525000000373,1091.3415000002133,1644.8119000000877,136.38200000021607,1738.061999999918,0,,,,,,,,,2048,329.68359472656095,327.0580000000773,91.34683437851878,446.0086000000417,480.883100000047,549.3366200000279,129.07000000000698,887.7390000000596,0,,,,,,,,,,,,272,20,25,0.9315068493150684,0.9158249158249159,0.9235993208828523,0.9315068493150684,0.8413723905723904,0.10569745441721559,0.14270543478260866,0.37451171875,0.62548828125,,,not_computed_no_bbox_data,66,66,66.0,15882,187,2531,,0,0,0,0,0,0,0,,0.6554721453970762,1659,,,,,,,0.0,0,0,0,0,0,0,,0,,,,,,,,,0,,,,,,,,,0,0,0,0,0,3600000.0,18000.0,0.0,0.0,0.0,0.0,0.0,0.0,0.0,0.0,0.0,0.0,0.0,0.0,2517050.875,1057161.367695,974229.125,409176.232305,108720.0,32616.0,0.0,0.0,18000.0,1498953.6,1516953.6,25282.56,518.9714676702018,,5195.046575342466,5577.035294117647,0.0,1516953.6,3600000.0,3600000.0,trigger_spam__s05__always_on,always_on,ablation,,,True,
secure,trigger_spam,5,3600.0,77c2c170b08e8c11,True,synthetic_distribution,False,,2923,392,298,2531,36684.076,0.010190021111111112,180,3.0,180,3.0,105,96,571,98,64,0.6530612244897959,0.34693877551020413,0.3221476510067114,64,695.7020468750356,246.60100000025705,1118.956069271966,2168.1717000000303,2990.6469500002654,4824.411830000197,127.55800000019372,4971.4280000003055,180,205.52580555557356,187.06099999998696,55.63945936770236,272.766000000108,279.01489999993936,289.43906000009275,126.55800000019372,290.32500000018626,180,206.5258388889072,188.06099999998696,55.63942313090467,273.766000000108,280.01489999993936,290.43906000009275,127.55800000019372,291.32500000018626,0,276.0,1995.0,22.0,630.0,0.1215323645970938,0.9261744966442953,0.21486959906578437,0.76,0.0738255033557047,0.2136602451838879,1980.0,96,9,11,0.9142857142857143,0.897196261682243,0.9056603773584906,0.9142857142857143,0.836803738317757,0.11106454941535816,0.14809999999999998,0.5055555555555555,0.49444444444444446,,,not_computed_no_bbox_data,6,6,6.0,0,0,2531,440.0,440,375,65,131,16,115,15,0.8522727272727273,0.02568154879494271,65,0.12213740458015267,0.12295081967213115,0.6847635726795096,0.959079283887468,0.8522727272727273,0.9025270758122744,0.4,0,1,8,116,266,0,154.0,180,0.6662472222222222,0.63585,0.12726108009209777,0.8240599999999999,0.9063699999999999,1.0717220000000005,0.5007,1.1515,180,0.0,0.0,0.0,0.0,0.0,0.0,0.0,0.0,180,0,0,0,0,0.0,0.0,3596728.675,215803.720529,2923.0,263.07,228.4,21.698,119.925,10.193584,3563315.921,28506.527367,540.0,81.0,25177.759,10574.658858,9668.82,4060.904357,1297.5,389.25,0.0,0.0,216098.68211300002,43612.340582,259711.02269500002,4328.517044916667,88.85084594423539,1442.8390149722222,2473.4383113809527,2705.3231530729167,21.698,259711.022695,3599999.9999999995,3600000.0,trigger_spam__s05__full_secure,full_secure,ablation,,,True,
secure,trigger_spam,5,3600.0,77c2c170b08e8c11,True,synthetic_distribution,False,disable_adaptive_trigger,2923,392,298,2531,36684.076,0.010190021111111112,180,3.0,180,3.0,105,96,571,98,64,0.6530612244897959,0.34693877551020413,0.3221476510067114,64,695.7020468750356,246.60100000025705,1118.956069271966,2168.1717000000303,2990.6469500002654,4824.411830000197,127.55800000019372,4971.4280000003055,180,205.52580555557356,187.06099999998696,55.63945936770236,272.766000000108,279.01489999993936,289.43906000009275,126.55800000019372,290.32500000018626,180,206.5258388889072,188.06099999998696,55.63942313090467,273.766000000108,280.01489999993936,290.43906000009275,127.55800000019372,291.32500000018626,0,276.0,1995.0,22.0,630.0,0.1215323645970938,0.9261744966442953,0.21486959906578437,0.76,0.0738255033557047,0.2136602451838879,1980.0,96,9,11,0.9142857142857143,0.897196261682243,0.9056603773584906,0.9142857142857143,0.836803738317757,0.11106454941535816,0.14809999999999998,0.5055555555555555,0.49444444444444446,,,not_computed_no_bbox_data,6,6,6.0,0,0,2531,440.0,440,375,65,131,16,115,15,0.8522727272727273,0.02568154879494271,65,0.12213740458015267,0.12295081967213115,0.6847635726795096,0.959079283887468,0.8522727272727273,0.9025270758122744,0.4,0,1,8,116,266,0,154.0,180,0.6662472222222222,0.63585,0.12726108009209777,0.8240599999999999,0.9063699999999999,1.0717220000000005,0.5007,1.1515,180,0.0,0.0,0.0,0.0,0.0,0.0,0.0,0.0,180,0,0,0,0,0.0,0.0,3596728.675,215803.720529,2923.0,263.07,228.4,21.698,119.925,10.193584,3563315.921,28506.527367,540.0,81.0,25177.759,10574.658858,9668.82,4060.904357,1297.5,389.25,0.0,0.0,216098.68211300002,43612.340582,259711.02269500002,4328.517044916667,88.85084594423539,1442.8390149722222,2473.4383113809527,2705.3231530729167,21.698,259711.022695,3599999.9999999995,3600000.0,trigger_spam__s05__no_adaptive_trigger,no_adaptive_trigger,ablation,,,True,
secure,trigger_spam,5,3600.0,77c2c170b08e8c11,True,synthetic_distribution,False,disable_burst_detection,2923,392,298,2531,61397.229999999996,0.01705478611111111,296,4.933333333333334,296,4.933333333333334,112,103,571,98,70,0.7142857142857143,0.2857142857142857,0.34563758389261745,70,817.3885428571687,251.94950000016252,1213.8373246710005,2473.482699999772,3887.8759999999415,4810.410290000188,127.55800000019372,4971.4280000003055,296,209.1340135135249,237.67399999988265,55.53960005399607,274.00399999995716,278.96650000003865,289.37730000002773,126.55800000019372,293.599000000002,296,210.13403378379536,238.67399999988265,55.53957670536473,275.00399999995716,279.96650000003865,290.37730000002773,127.55800000019372,294.599000000002,0,276.0,1995.0,22.0,630.0,0.1215323645970938,0.9261744966442953,0.21486959906578437,0.76,0.0738255033557047,0.2136602451838879,1980.0,103,9,11,0.9196428571428571,0.9035087719298246,0.911504424778761,0.9196428571428571,0.8386368421052632,0.1085264710281932,0.14494444444444443,0.46959459459459457,0.5304054054054054,,,not_computed_no_bbox_data,15,15,15.0,0,0,2531,440.0,440,267,173,131,8,123,8,0.6068181818181818,0.06835242986961675,173,0.061068702290076333,0.06557377049180328,0.4816112084063047,0.9709090909090909,0.6068181818181818,0.746853146853147,0.4,0,1,8,0,266,0,154.0,296,0.6575185810810811,0.6253500000000001,0.12182757595775497,0.81865,0.88425,1.0140800000000005,0.5007,1.1515,296,0.0,0.0,0.0,0.0,0.0,0.0,0.0,0.0,296,0,0,0,0,0.0,0.0,3596653.974,215799.238456,2923.0,263.07,228.4,21.698,194.626,16.543187,3538602.766,28308.822127,888.0,133.2,41406.393,17390.685104,17073.341,7170.803217,2029.5,608.85,0.0,0.0,216100.549643,53612.360448,269712.91009099997,4495.215168183333,92.27263431098186,911.1922638209459,2408.150982955357,2618.5719426310675,21.698,269712.910092,3600000.0,3600000.0,trigger_spam__s05__no_burst_detection,no_burst_detection,ablation,,,True,
secure,trigger_spam,5,3600.0,77c2c170b08e8c11,True,synthetic_distribution,False,disable_consistency_check,2923,392,298,2531,57251.413,0.015903170277777778,273,4.55,273,4.55,105,96,571,98,64,0.6530612244897959,0.34693877551020413,0.3221476510067114,64,695.7020468750356,246.60100000025705,1118.956069271966,2168.1717000000303,2990.6469500002654,4824.411830000197,127.55800000019372,4971.4280000003055,273,211.4314871794952,240.62300000013784,55.558737855577206,272.7729999999516,279.11219999999736,289.90668000034987,126.55800000019372,296.91499999992084,273,212.43150915751738,241.62300000013784,55.55871162915468,273.7729999999516,280.11219999999736,290.90668000034987,127.55800000019372,297.91499999992084,0,276.0,1995.0,22.0,630.0,0.1215323645970938,0.9261744966442953,0.21486959906578437,0.76,0.0738255033557047,0.2136602451838879,1980.0,96,9,11,0.9142857142857143,0.897196261682243,0.9056603773584906,0.9142857142857143,0.836803738317757,0.11106454941535816,0.14809999999999998,0.4468864468864469,0.5531135531135531,,,not_computed_no_bbox_data,9,9,9.0,0,0,2531,440.0,440,282,158,131,16,115,15,0.6409090909090909,0.06242591860924536,158,0.12213740458015267,0.12295081967213115,0.521891418563923,0.9463087248322147,0.6409090909090909,0.7642276422764227,0.4,0,3,8,287,0,0,154.0,273,0.6630996336996338,0.6341,0.12276156543639682,0.8168,0.8863999999999999,1.0245679999999988,0.5007,1.1515,273,0.0,0.0,0.0,0.0,0.0,0.0,0.0,0.0,273,0,0,0,0,0.0,0.0,3596667.574,215800.054443,2923.0,263.07,228.4,21.698,181.026,15.387206,3542748.581,28341.98865,819.0,122.85,38012.193,15965.121031,16557.226,6954.034843,1863.0,558.9,0.0,0.0,216100.20964900003,51942.894524,268043.104173,4467.3850695500005,91.7013698847075,981.8428724285716,2552.791468314286,2792.1156684687503,21.698,268043.104173,3600000.0,3599999.9999999995,trigger_spam__s05__no_consistency_check,no_consistency_check,ablation,,,True,
secure,trigger_spam,5,3600.0,77c2c170b08e8c11,True,synthetic_distribution,False,disable_cooldown,2923,392,298,2531,86662.813,0.02407300361111111,368,6.133333333333334,416,6.933333333333334,201,187,2271,98,77,0.7857142857142857,0.2142857142857143,0.62751677852349,77,455.4649090909262,245.6860000002198,617.7306725056285,1246.4376000001582,1645.793999999948,3089.4927200002594,127.55800000019372,3141.498000000138,416,224.4744302884622,243.45300000009593,76.86496026274254,286.20699999993667,347.4319999998552,501.81649999986405,126.55800000019372,624.2930000000633,416,225.47444471153923,244.45300000009593,76.86494538480618,287.20699999993667,348.4319999998552,502.81649999986405,127.55800000019372,625.2930000000633,0,276.0,1995.0,22.0,630.0,0.1215323645970938,0.9261744966442953,0.21486959906578437,0.76,0.0738255033557047,0.1215323645970938,1980.0,187,14,17,0.9303482587064676,0.9166666666666666,0.9234567901234568,0.9303482587064676,0.8435122549019608,0.10471386392141885,0.150925,0.47115384615384615,0.5288461538461539,,,not_computed_no_bbox_data,11,11,11.0,0,0,2531,1980.0,1980,1780,200,291,75,216,72,0.898989898989899,0.07902015013828527,200,0.25773195876288657,0.2608695652173913,0.8168207837956847,0.9595687331536388,0.898989898989899,0.9282920469361147,0.4,10,4,27,605,1209,0,0.0,416,0.6617545673076923,0.639,0.11928134213488326,0.81655,0.873575,1.0080350000000007,0.5007,1.1515,416,14.426819711538464,0.0,47.61220791446569,48.7615,120.09975,238.7225000000001,0.0,367.44,416,0,0,0,0,0.0,0.0,3595893.31,215753.598586,2923.0,263.07,908.4,86.298,275.29,23.39967,3513337.18,28106.697442,1104.0,165.6,58350.253,24507.1062,24276.067,10195.948078,2932.5,879.75,0.0,0.0,216126.36625600004,63855.10172,279981.467976,4666.357799599999,95.78565445638043,673.0323749423077,1392.9426267462686,1497.2271014759358,86.298,279981.467976,3600000.0,3600000.0,trigger_spam__s05__no_cooldown,no_cooldown,ablation,,,True,
secure,trigger_spam,5,3600.0,77c2c170b08e8c11,True,synthetic_distribution,False,disable_early_exit,2923,392,298,2531,46715.684,0.012976578888888889,180,3.0,180,3.0,105,102,571,98,65,0.6632653061224489,0.33673469387755106,0.3422818791946309,65,618.495338461588,267.4329999999609,948.6204509661559,1553.4728000001285,2538.5903999998695,4554.830720000099,230.01500000013039,5088.800000000279,180,261.25690555559,261.11750000000757,14.328200426042425,280.231300000078,286.0940999998594,295.8219199999702,227.40599999995902,300.0639999997802,180,262.2569388889236,262.11750000000757,14.32818702373102,281.231300000078,287.0940999998594,296.8219199999702,228.40599999995902,301.0639999997802,0,276.0,1995.0,22.0,630.0,0.1215323645970938,0.9261744966442953,0.21486959906578437,0.76,0.0738255033557047,0.2136602451838879,1980.0,102,3,5,0.9714285714285714,0.9532710280373832,0.9622641509433962,0.9714285714285714,0.8629532710280373,0.12445726652963911,0.14253749999999998,0.0,1.0,,,not_computed_no_bbox_data,6,6,6.0,0,0,2531,440.0,440,375,65,131,16,115,15,0.8522727272727273,0.02568154879494271,65,0.12213740458015267,0.12295081967213115,0.6847635726795096,0.959079283887468,0.8522727272727273,0.9025270758122744,0.4,0,1,8,116,266,0,154.0,180,0.6662472222222222,0.63585,0.12726108009209777,0.8240599999999999,0.9063699999999999,1.0717220000000005,0.5007,1.1515,180,0.0,0.0,0.0,0.0,0.0,0.0,0.0,0.0,180,0,0,0,0,0.0,0.0,3596728.675,215803.720529,2923.0,263.07,228.4,21.698,119.925,10.193584,3553284.319,28426.274552,540.0,81.0,25177.759,10574.658858,19680.922,8265.987154,1317.0,395.1,0.0,0.0,216098.68211300002,47743.020564,263841.70267699996,4397.361711283333,90.26401049503933,1465.7872370944442,2512.778120733333,2586.683359578431,21.698,263841.702678,3599999.9999999995,3600000.0,trigger_spam__s05__no_early_exit,no_early_exit,ablation,,,True,
secure,trigger_spam,5,3600.0,77c2c170b08e8c11,True,synthetic_distribution,False,disable_rate_limit,2923,392,298,2531,36684.076,0.010190021111111112,180,3.0,180,3.0,105,96,571,98,64,0.6530612244897959,0.34693877551020413,0.3221476510067114,64,695.7020468750356,246.60100000025705,1118.956069271966,2168.1717000000303,2990.6469500002654,4824.411830000197,127.55800000019372,4971.4280000003055,180,205.52580555557356,187.06099999998696,55.63945936770236,272.766000000108,279.01489999993936,289.43906000009275,126.55800000019372,290.32500000018626,180,206.5258388889072,188.06099999998696,55.63942313090467,273.766000000108,280.01489999993936,290.43906000009275,127.55800000019372,291.32500000018626,0,276.0,1995.0,22.0,630.0,0.1215323645970938,0.9261744966442953,0.21486959906578437,0.76,0.0738255033557047,0.2136602451838879,1980.0,96,9,11,0.9142857142857143,0.897196261682243,0.9056603773584906,0.9142857142857143,0.836803738317757,0.11106454941535816,0.14809999999999998,0.5055555555555555,0.49444444444444446,,,not_computed_no_bbox_data,6,6,6.0,0,0,2531,440.0,440,375,65,131,16,115,15,0.8522727272727273,0.02568154879494271,65,0.12213740458015267,0.12295081967213115,0.6847635726795096,0.959079283887468,0.8522727272727273,0.9025270758122744,0.4,0,1,8,116,266,0,154.0,180,0.6662472222222222,0.63585,0.12726108009209777,0.8240599999999999,0.9063699999999999,1.0717220000000005,0.5007,1.1515,180,0.0,0.0,0.0,0.0,0.0,0.0,0.0,0.0,180,0,0,0,0,0.0,0.0,3596728.675,215803.720529,2923.0,263.07,228.4,21.698,119.925,10.193584,3563315.921,28506.527367,540.0,81.0,25177.759,10574.658858,9668.82,4060.904357,1297.5,389.25,0.0,0.0,216098.68211300002,43612.340582,259711.02269500002,4328.517044916667,88.85084594423539,1442.8390149722222,2473.4383113809527,2705.3231530729167,21.698,259711.022695,3599999.9999999995,3600000.0,trigger_spam__s05__no_rate_limit,no_rate_limit,ablation,,,True,
secure,trigger_spam,5,3600.0,77c2c170b08e8c11,True,synthetic_distribution,False,disable_replay_protection,2923,392,298,2531,37780.799,0.010494666388888888,186,3.1,186,3.1,111,101,571,98,66,0.673469387755102,0.326530612244898,0.3389261744966443,66,700.9203333333712,249.7165000003297,1082.9862018943807,1957.0360000001383,2509.6662500000093,4819.744650000192,127.55800000019372,4971.4280000003055,186,204.84566666668897,177.23800000007031,55.52765575593639,272.5055000000866,278.9642499999609,289.41590000006835,126.55800000019372,290.32500000018626,186,205.84569892475378,178.23800000007031,55.52762102104505,273.5055000000866,279.9642499999609,290.41590000006835,127.55800000019372,291.32500000018626,0,276.0,1995.0,22.0,630.0,0.1215323645970938,0.9261744966442953,0.21486959906578437,0.76,0.0738255033557047,0.2136602451838879,1980.0,101,10,12,0.9099099099099099,0.8938053097345132,0.9017857142857143,0.9099099099099099,0.8373070796460177,0.10987808561961343,0.14809999999999998,0.510752688172043,0.489247311827957,,,not_computed_no_bbox_data,6,6,6.0,0,0,2531,440.0,440,375,65,131,10,121,9,0.8522727272727273,0.02568154879494271,65,0.07633587786259542,0.07377049180327869,0.6742556917688266,0.974025974025974,0.8522727272727273,0.9090909090909091,0.4,0,0,0,119,266,0,154.0,186,0.6666672043010753,0.63585,0.12723629411551535,0.8283,0.9042749999999999,1.0676300000000003,0.5007,1.1515,186,0.0,0.0,0.0,0.0,0.0,0.0,0.0,0.0,186,0,0,0,0,0.0,0.0,3596724.6,215803.475985,2923.0,263.07,228.4,21.698,124.0,10.540021,3562219.197,28497.753577,558.0,83.7,26006.235,10922.618675,9871.068,4145.848549,1345.5,403.65,0.0,0.0,216098.784006,44053.570801,260152.354807,4335.8725801166665,89.00183195586726,1398.6685742311827,2343.714908171171,2575.765889178218,21.698,260152.354807,3600000.0,3600000.0,trigger_spam__s05__no_replay_protection,no_replay_protection,ablation,,,True,
secure,trigger_spam,5,3600.0,77c2c170b08e8c11,True,synthetic_distribution,False,disable_security,2923,392,298,2531,122642.955,0.0340674875,571,9.516666666666667,571,9.516666666666667,120,110,571,98,73,0.7448979591836735,0.2551020408163265,0.3691275167785235,73,864.7116164383476,251.9989999999525,1260.5746334765795,2440.456399999931,4142.562999999941,5091.3991599999,127.15799999982119,5400.924999999814,571,216.09998073555485,247.28300000005402,55.637304674534896,274.4179999998305,278.8739999998361,290.4331999998539,113.50599999981932,298.33199999993667,571,217.09999124343585,248.28300000005402,55.63729121821026,275.4179999998305,279.8739999998361,291.4331999998539,114.50599999981932,299.33199999993667,0,276.0,1995.0,22.0,630.0,0.1215323645970938,0.9261744966442953,0.21486959906578437,0.76,0.0738255033557047,0.2136602451838879,1980.0,110,10,12,0.9166666666666666,0.9016393442622951,0.9090909090909091,0.9166666666666666,0.8401352459016395,0.10719579053204596,0.14494444444444443,0.4010507880910683,0.5989492119089317,,,not_computed_no_bbox_data,22,22,22.0,0,0,2531,440.0,0,0,0,0,0,0,0,,0.17384433030422758,440,,,,,,,0.0,0,0,0,0,0,0,154.0,571,0.6596229422066551,0.6289,0.1229388984554258,0.8336,0.8908,0.990409999999999,0.5006,1.1515,571,0.0,0.0,0.0,0.0,0.0,0.0,0.0,0.0,571,0,0,0,0,0.0,0.0,3596700.355,215802.021316,2923.0,263.07,0.0,0.0,376.645,32.014802,3477357.037,27818.856292,1713.0,256.95,79567.639,33418.408555,37651.324,15813.556094,3711.0,1113.3,0.0,0.0,216097.106118,78421.070941,294518.177059,4908.636284316667,100.75887001676361,515.7936550945709,2454.3181421583336,2677.4379732636366,0.0,294518.17706,3600000.0,3600000.0,trigger_spam__s05__no_security,no_security,ablation,,,True,
always_on,trigger_spam,6,3600.0,472b9b2a97d7188b,True,synthetic_distribution,False,,3031,365,286,2666,3600000.0,1.0,1,0.016666666666666666,2086,34.766666666666666,278,245,0,98,94,0.9591836734693877,0.04081632653061229,0.8566433566433567,94,448.09663829786217,320.3355000000156,417.0266708157383,862.6820999999945,1509.929799999998,2012.846580000178,154.5639999997802,2579.3040000000037,0,,,,,,,,,2086,328.6852339405551,327.11100000009174,88.28616503023675,444.6964999998454,471.72925000009127,534.7754999998959,132.94100000010803,829.755999999994,0,,,,,,,,,,,,245,35,41,0.875,0.8566433566433567,0.8657243816254417,0.8812949640287769,0.8404622377622377,0.11965178383972168,0.16042763157894732,0.3585810162991371,0.6414189837008629,,,not_computed_no_bbox_data,77,75,77.0,15845,178,2666,,0,0,0,0,0,0,0,,0.6466616654163541,1724,,,,,,,0.0,0,0,0,0,0,0,,0,,,,,,,,,0,,,,,,,,,0,0,0,0,0,3600000.0,18000.0,0.0,0.0,0.0,0.0,0.0,0.0,0.0,0.0,0.0,0.0,0.0,0.0,2517599.431,1057391.760831,973643.069,408930.089169,108757.5,32627.25,0.0,0.0,18000.0,1498949.1,1516949.1,25282.485,500.4780930386012,,5456.651438848921,6191.628979591837,0.0,1516949.1,3600000.0,3600000.0,trigger_spam__s06__always_on,always_on,ablation,,,True,
secure,trigger_spam,6,3600.0,472b9b2a97d7188b,True,synthetic_distribution,False,,3031,365,286,2666,35319.139,0.009810871944444445,168,2.8,168,2.8,95,82,574,98,62,0.6326530612244898,0.36734693877551017,0.2867132867132867,62,464.0399516128817,165.2224999999744,788.4169870940736,1485.3775000002468,2025.3954999999664,3601.6721299998844,139.02799999993294,4423.016999999993,168,211.9462738095169,244.64349999993283,57.131193988578914,277.94349999986594,285.6609499999555,296.2531700001471,128.03099999995902,308.0549999999348,168,212.9462738095169,245.64349999993283,57.131193988578914,278.94349999986594,286.6609499999555,297.2531700001471,129.03099999995902,309.0549999999348,0,267.0,2095.0,19.0,650.0,0.1130397967823878,0.9335664335664335,0.2016616314199396,0.7632058287795993,0.06643356643356643,0.1986062717770035,2081.0,82,13,19,0.8631578947368421,0.8118811881188119,0.8367346938775511,0.8631578947368421,0.8281683168316832,0.15288868429723182,0.10803750000000001,0.47023809523809523,0.5297619047619048,,,not_computed_no_bbox_data,1,1,1.0,0,0,2666,452.0,452,393,59,122,13,109,13,0.8694690265486725,0.02213053263315829,59,0.10655737704918032,0.11403508771929824,0.7073170731707317,0.9679802955665024,0.8694690265486725,0.9160839160839161,0.4,0,0,4,125,277,0,153.0,168,0.6543880952380952,0.6335500000000001,0.12441862396427845,0.8232700000000001,0.8938999999999999,0.9998590000000002,0.5007,1.0166,168,0.0,0.0,0.0,0.0,0.0,0.0,0.0,0.0,168,0,0,0,0,0.0,0.0,3596629.463,215797.767771,3031.0,272.79,229.6,21.812,109.937,9.344658,3564680.863,28517.446908,504.0,75.6,23703.744,9955.572286,9903.893,4159.635061,1207.5,362.25,0.0,0.0,216101.714429,43070.504255,259172.21868400002,4319.536978066667,85.50716551765095,1542.6917778809525,2728.128617726316,3160.6368132195125,21.812,259172.218684,3600000.0,3600000.0,trigger_spam__s06__full_secure,full_secure,ablation,,,True,
secure,trigger_spam,6,3600.0,472b9b2a97d7188b,True,synthetic_distribution,False,disable_adaptive_trigger,3031,365,286,2666,35319.139,0.009810871944444445,168,2.8,168,2.8,95,82,574,98,62,0.6326530612244898,0.36734693877551017,0.2867132867132867,62,464.0399516128817,165.2224999999744,788.4169870940736,1485.3775000002468,2025.3954999999664,3601.6721299998844,139.02799999993294,4423.016999999993,168,211.9462738095169,244.64349999993283,57.131193988578914,277.94349999986594,285.6609499999555,296.2531700001471,128.03099999995902,308.0549999999348,168,212.9462738095169,245.64349999993283,57.131193988578914,278.94349999986594,286.6609499999555,297.2531700001471,129.03099999995902,309.0549999999348,0,267.0,2095.0,19.0,650.0,0.1130397967823878,0.9335664335664335,0.2016616314199396,0.7632058287795993,0.06643356643356643,0.1986062717770035,2081.0,82,13,19,0.8631578947368421,0.8118811881188119,0.8367346938775511,0.8631578947368421,0.8281683168316832,0.15288868429723182,0.10803750000000001,0.47023809523809523,0.5297619047619048,,,not_computed_no_bbox_data,1,1,1.0,0,0,2666,452.0,452,393,59,122,13,109,13,0.8694690265486725,0.02213053263315829,59,0.10655737704918032,0.11403508771929824,0.7073170731707317,0.9679802955665024,0.8694690265486725,0.9160839160839161,0.4,0,0,4,125,277,0,153.0,168,0.6543880952380952,0.6335500000000001,0.12441862396427845,0.8232700000000001,0.8938999999999999,0.9998590000000002,0.5007,1.0166,168,0.0,0.0,0.0,0.0,0.0,0.0,0.0,0.0,168,0,0,0,0,0.0,0.0,3596629.463,215797.767771,3031.0,272.79,229.6,21.812,109.937,9.344658,3564680.863,28517.446908,504.0,75.6,23703.744,9955.572286,9903.893,4159.635061,1207.5,362.25,0.0,0.0,216101.714429,43070.504255,259172.21868400002,4319.536978066667,85.50716551765095,1542.6917778809525,2728.128617726316,3160.6368132195125,21.812,259172.218684,3600000.0,3600000.0,trigger_spam__s06__no_adaptive_trigger,no_adaptive_trigger,ablation,,,True,
secure,trigger_spam,6,3600.0,472b9b2a97d7188b,True,synthetic_distribution,False,disable_burst_detection,3031,365,286,2666,63068.831999999995,0.01751912,293,4.883333333333334,293,4.883333333333334,104,91,574,98,70,0.7142857142857143,0.2857142857142857,0.3181818181818182,70,498.79422857140787,171.30849999994825,797.4918040932009,1588.885199999949,2123.3011499998797,3493.954769999872,139.02799999993294,4423.016999999993,293,216.96321843003219,246.31699999980628,56.15696658817353,277.8837999999523,285.4037999999244,294.4481200003065,128.03099999995902,308.0549999999348,293,217.96321843003219,247.31699999980628,56.15696658817353,278.8837999999523,286.4037999999244,295.4481200003065,129.03099999995902,309.0549999999348,0,267.0,2095.0,19.0,650.0,0.1130397967823878,0.9335664335664335,0.2016616314199396,0.7632058287795993,0.06643356643356643,0.1986062717770035,2081.0,91,13,19,0.875,0.8272727272727273,0.8504672897196263,0.875,0.8292363636363637,0.14787928236163833,0.10803750000000001,0.4129692832764505,0.5870307167235495,,,not_computed_no_bbox_data,4,4,4.0,0,0,2666,452.0,452,277,175,122,4,118,4,0.6128318584070797,0.06564141035258815,175,0.03278688524590164,0.03508771929824561,0.4895470383275261,0.9857651245551602,0.6128318584070797,0.7557980900409278,0.4,0,0,4,0,277,0,153.0,293,0.6526290102389078,0.6312,0.11981647443459027,0.81718,0.8867999999999999,0.9967839999999998,0.5007,1.0448,293,0.0,0.0,0.0,0.0,0.0,0.0,0.0,0.0,293,0,0,0,0,0.0,0.0,3596548.18,215792.890814,3031.0,272.79,229.6,21.812,191.22,16.25368,3536931.164,28295.449309,879.0,131.85,41116.098,17268.761137,19089.238,8017.48012,1984.5,595.35,0.0,0.0,216103.74649400002,54308.890566,270412.63706000004,4506.877284333334,89.21565063015508,922.9100240955632,2600.121510192308,2971.5674402197806,21.812,270412.637061,3600000.0000000005,3600000.0,trigger_spam__s06__no_burst_detection,no_burst_detection,ablation,,,True,
secure,trigger_spam,6,3600.0,472b9b2a97d7188b,True,synthetic_distribution,False,disable_consistency_check,3031,365,286,2666,56319.676999999996,0.015644354722222222,261,4.35,261,4.35,95,82,574,98,62,0.6326530612244898,0.36734693877551017,0.2867132867132867,62,464.0399516128817,165.2224999999744,788.4169870940736,1485.3775000002468,2025.3954999999664,3601.6721299998844,139.02799999993294,4423.016999999993,261,217.489911877385,246.58300000010058,56.022526870520764,278.54699999978766,285.67599999997765,294.88820000020786,128.03099999995902,308.0549999999348,261,218.489911877385,247.58300000010058,56.022526870520764,279.54699999978766,286.67599999997765,295.88820000020786,129.03099999995902,309.0549999999348,0,267.0,2095.0,19.0,650.0,0.1130397967823878,0.9335664335664335,0.2016616314199396,0.7632058287795993,0.06643356643356643,0.1986062717770035,2081.0,82,13,19,0.8631578947368421,0.8118811881188119,0.8367346938775511,0.8631578947368421,0.8281683168316832,0.15288868429723182,0.10803750000000001,0.41379310344827586,0.5862068965517241,,,not_computed_no_bbox_data,4,4,4.0,0,0,2666,452.0,452,300,152,122,13,109,13,0.6637168141592921,0.05701425356339085,152,0.10655737704918032,0.11403508771929824,0.5452961672473867,0.9584664536741214,0.6637168141592921,0.7843137254901962,0.4,0,0,4,309,0,0,153.0,261,0.649891570881226,0.6312,0.11906289807453645,0.8115,0.891,1.0007199999999998,0.5001,1.0559,261,0.0,0.0,0.0,0.0,0.0,0.0,0.0,0.0,261,0,0,0,0,0.0,0.0,3596569.778,215794.186701,3031.0,272.79,229.6,21.812,169.622,14.41784,3543680.33,28349.442644,783.0,117.45,36831.983,15469.43289,16934.686,7112.568307,1770.0,531.0,0.0,0.0,216103.20654100002,51579.893841000005,267683.100382,4461.385006366666,88.31511065061035,1025.6057485900383,2817.7168461263154,3264.428053439024,21.812,267683.100382,3600000.0,3599999.9990000003,trigger_spam__s06__no_consistency_check,no_consistency_check,ablation,,,True,
secure,trigger_spam,6,3600.0,472b9b2a97d7188b,True,synthetic_distribution,False,disable_cooldown,3031,365,286,2666,80144.65400000001,0.022262403888888893,347,5.783333333333333,381,6.35,176,152,2362,98,69,0.7040816326530612,0.29591836734693877,0.5314685314685315,69,363.9164637680969,166.5559999999823,448.54722428369087,1118.6087999999995,1557.8133999999377,1823.0970399999417,139.02799999993294,1972.3379999999888,381,223.63647769028404,246.58300000010058,72.81623555784017,285.3759999999311,324.5649999999441,464.4450000000185,127.85999999998603,521.9950000001118,381,224.63882414697656,247.58300000010058,72.81703605652572,286.3759999999311,325.5649999999441,465.4450000000185,128.85999999998603,522.9950000001118,0,267.0,2095.0,19.0,650.0,0.1130397967823878,0.9335664335664335,0.2016616314199396,0.7632058287795993,0.06643356643356643,0.1130397967823878,2081.0,152,24,31,0.8636363636363636,0.8306010928961749,0.8467966573816155,0.8636363636363636,0.8402185792349727,0.13117896459347622,0.09475,0.4671916010498688,0.5328083989501312,,,not_computed_no_bbox_data,9,9,9.0,0,0,2666,2081.0,2081,1893,188,281,88,193,84,0.9096588178760211,0.07051762940735183,188,0.31316725978647686,0.3146067415730337,0.8386960203217613,0.95557799091368,0.9096588178760211,0.9320531757754801,0.4,24,3,30,687,1237,0,0.0,381,0.6548419947506561,0.6353,0.12108255609167949,0.8202,0.8953,0.9779,0.5001,1.0166,381,11.570845144356955,0.0,44.32471948644766,0.0,103.661,249.27479999999997,0.0,277.925,381,0,0,0,0,0.0,0.0,3595774.706,215746.482357,3031.0,272.79,944.8,89.756,249.494,21.206994,3519855.348,28158.842783,1041.0,156.15,53946.118,22657.369547,22472.534,9438.464334,2685.0,805.5,0.0,0.0,216130.235351,61216.32666400001,277346.56201500003,4622.442700250001,91.50331970141869,727.9437323228348,1575.832738721591,1824.6484343092106,89.756,277346.562015,3599999.9999999995,3600000.0,trigger_spam__s06__no_cooldown,no_cooldown,ablation,,,True,
secure,trigger_spam,6,3600.0,472b9b2a97d7188b,True,synthetic_distribution,False,disable_early_exit,3031,365,286,2666,44013.419,0.012225949722222223,168,2.8,168,2.8,95,87,574,98,63,0.6428571428571429,0.3571428571428571,0.3041958041958042,63,549.5156984126929,266.37099999998463,781.4116393631701,1536.9574000000957,2124.926300000027,3627.1779799998867,233.4660000000149,4525.570999999996,168,263.6978988095254,263.2400000000489,15.142720930568036,284.1628999999841,290.8465000000433,301.1141499999352,228.0549999999348,308.0549999999348,168,264.6978988095254,264.2400000000489,15.142720930568036,285.1628999999841,291.8465000000433,302.1141499999352,229.0549999999348,309.0549999999348,0,267.0,2095.0,19.0,650.0,0.1130397967823878,0.9335664335664335,0.2016616314199396,0.7632058287795993,0.06643356643356643,0.1986062717770035,2081.0,87,8,14,0.9157894736842105,0.8613861386138614,0.8877551020408163,0.9157894736842105,0.8412386138613865,0.16174360449198416,0.1025375,0.0,1.0,,,not_computed_no_bbox_data,1,1,1.0,0,0,2666,452.0,452,393,59,122,13,109,13,0.8694690265486725,0.02213053263315829,59,0.10655737704918032,0.11403508771929824,0.7073170731707317,0.9679802955665024,0.8694690265486725,0.9160839160839161,0.4,0,0,4,125,277,0,153.0,168,0.6543880952380952,0.6335500000000001,0.12441862396427845,0.8232700000000001,0.8938999999999999,0.9998590000000002,0.5007,1.0166,168,0.0,0.0,0.0,0.0,0.0,0.0,0.0,0.0,168,0,0,0,0,0.0,0.0,3596629.463,215797.767771,3031.0,272.79,229.6,21.812,109.937,9.344658,3555986.585,28447.892678,504.0,75.6,23703.744,9955.572286,18610.172,7816.272122,1195.5,358.65,0.0,0.0,216101.714429,46653.987086,262755.7015150001,4379.261691916668,86.68944292807657,1564.0220328273815,2765.8494896315797,3020.180477183909,21.812,262755.701515,3600000.0,3600000.0009999997,trigger_spam__s06__no_early_exit,no_early_exit,ablation,,,True,
secure,trigger_spam,6,3600.0,472b9b2a97d7188b,True,synthetic_distribution,False,disable_rate_limit,3031,365,286,2666,35319.139,0.009810871944444445,168,2.8,168,2.8,95,82,574,98,62,0.6326530612244898,0.36734693877551017,0.2867132867132867,62,464.0399516128817,165.2224999999744,788.4169870940736,1485.3775000002468,2025.3954999999664,3601.6721299998844,139.02799999993294,4423.016999999993,168,211.9462738095169,244.64349999993283,57.131193988578914,277.94349999986594,285.6609499999555,296.2531700001471,128.03099999995902,308.0549999999348,168,212.9462738095169,245.64349999993283,57.131193988578914,278.94349999986594,286.6609499999555,297.2531700001471,129.03099999995902,309.0549999999348,0,267.0,2095.0,19.0,650.0,0.1130397967823878,0.9335664335664335,0.2016616314199396,0.7632058287795993,0.06643356643356643,0.1986062717770035,2081.0,82,13,19,0.8631578947368421,0.8118811881188119,0.8367346938775511,0.8631578947368421,0.8281683168316832,0.15288868429723182,0.10803750000000001,0.47023809523809523,0.5297619047619048,,,not_computed_no_bbox_data,1,1,1.0,0,0,2666,452.0,452,393,59,122,13,109,13,0.8694690265486725,0.02213053263315829,59,0.10655737704918032,0.11403508771929824,0.7073170731707317,0.9679802955665024,0.8694690265486725,0.9160839160839161,0.4,0,0,4,125,277,0,153.0,168,0.6543880952380952,0.6335500000000001,0.12441862396427845,0.8232700000000001,0.8938999999999999,0.9998590000000002,0.5007,1.0166,168,0.0,0.0,0.0,0.0,0.0,0.0,0.0,0.0,168,0,0,0,0,0.0,0.0,3596629.463,215797.767771,3031.0,272.79,229.6,21.812,109.937,9.344658,3564680.863,28517.446908,504.0,75.6,23703.744,9955.572286,9903.893,4159.635061,1207.5,362.25,0.0,0.0,216101.714429,43070.504255,259172.21868400002,4319.536978066667,85.50716551765095,1542.6917778809525,2728.128617726316,3160.6368132195125,21.812,259172.218684,3600000.0,3600000.0,trigger_spam__s06__no_rate_limit,no_rate_limit,ablation,,,True,
secure,trigger_spam,6,3600.0,472b9b2a97d7188b,True,synthetic_distribution,False,disable_replay_protection,3031,365,286,2666,35927.04,0.009979733333333334,172,2.8666666666666667,172,2.8666666666666667,99,85,574,98,63,0.6428571428571429,0.3571428571428571,0.2972027972027972,63,499.46596825394636,165.69099999999162,831.0479436548703,1564.5614000000064,2183.827699999825,3588.207459999885,139.02799999993294,4423.016999999993,172,210.5902325581318,242.5930000002263,57.15859199589183,277.299699999718,285.6523499999428,296.01921000016847,128.03099999995902,308.0549999999348,172,211.5902325581318,243.5930000002263,57.15859199589183,278.299699999718,286.6523499999428,297.01921000016847,129.03099999995902,309.0549999999348,0,267.0,2095.0,19.0,650.0,0.1130397967823878,0.9335664335664335,0.2016616314199396,0.7632058287795993,0.06643356643356643,0.1986062717770035,2081.0,85,14,20,0.8585858585858586,0.8095238095238095,0.8333333333333333,0.8585858585858586,0.8293495238095239,0.15011544731908683,0.10803750000000001,0.48255813953488375,0.5174418604651163,,,not_computed_no_bbox_data,1,1,1.0,0,0,2666,452.0,452,393,59,122,9,113,9,0.8694690265486725,0.02213053263315829,59,0.07377049180327869,0.07894736842105263,0.7003484320557491,0.9776119402985075,0.8694690265486725,0.9203747072599532,0.4,0,0,0,125,277,0,153.0,172,0.6527976744186046,0.63235,0.1238653919228348,0.8211,0.8935,0.9993669999999999,0.5007,1.0166,172,0.0,0.0,0.0,0.0,0.0,0.0,0.0,0.0,172,0,0,0,0,0.0,0.0,3596627.119,215797.627129,3031.0,272.79,229.6,21.812,112.281,9.5439,3564072.963,28512.583708,516.0,77.4,24268.144,10192.620272,9903.893,4159.635061,1239.0,371.7,0.0,0.0,216101.773029,43313.939041,259415.71207000004,4323.595201166668,85.58749985813265,1508.2308841279073,2620.3607279797984,3051.9495537647063,21.812,259415.712071,3600000.0,3600000.0,trigger_spam__s06__no_replay_protection,no_replay_protection,ablation,,,True,
secure,trigger_spam,6,3600.0,472b9b2a97d7188b,True,synthetic_distribution,False,disable_security,3031,365,286,2666,126218.237,0.035060621388888887,574,9.566666666666666,574,9.566666666666666,108,94,574,98,71,0.7244897959183674,0.2755102040816326,0.32867132867132864,71,529.3390845070203,174.33799999998882,833.6042421336512,1639.1029999996535,2359.6650000000373,3480.0900999999217,138.62800000002608,4422.616999999969,574,221.2038763066164,248.26900000008754,54.13946774427716,277.2574999999954,284.0267999999982,293.8266399999638,127.63100000005215,307.65500000002794,574,222.2038763066164,249.26900000008754,54.13946774427716,278.2574999999954,285.0267999999982,294.8266399999638,128.63100000005215,308.65500000002794,0,267.0,2095.0,19.0,650.0,0.1130397967823878,0.9335664335664335,0.2016616314199396,0.7632058287795993,0.06643356643356643,0.1986062717770035,2081.0,94,14,20,0.8703703703703703,0.8245614035087719,0.8468468468468469,0.8703703703703703,0.8302868421052632,0.14541705205675673,0.10803750000000001,0.3623693379790941,0.6376306620209059,,,not_computed_no_bbox_data,17,17,17.0,0,0,2666,452.0,0,0,0,0,0,0,0,,0.1695423855963991,452,,,,,,,0.0,0,0,0,0,0,0,153.0,574,0.6530350174216027,0.6335500000000001,0.1171744586627742,0.81406,0.8789150000000001,0.996016,0.5001,1.1506,574,0.0,0.0,0.0,0.0,0.0,0.0,0.0,0.0,574,0,0,0,0,0.0,0.0,3596594.158,215795.649462,3031.0,272.79,0.0,0.0,374.842,31.861595,3473781.759,27790.254075,1722.0,258.3,80402.69,33769.129743,40388.551,16963.191309,3705.0,1111.5,0.0,0.0,216100.301057,79892.375127,295992.67618400004,4933.211269733334,97.65512246255362,515.6666832473868,2740.67292762963,3148.8582572765963,0.0,295992.676184,3600000.0,3600000.0,trigger_spam__s06__no_security,no_security,ablation,,,True,
always_on,trigger_spam,7,3600.0,fd1a7853d356670d,True,synthetic_distribution,False,,2017,392,277,1625,3600000.0,1.0,1,0.016666666666666666,1428,23.8,267,242,0,93,91,0.978494623655914,0.021505376344086002,0.8736462093862816,91,509.9798571428538,351.960999999661,448.9429521235648,1199.5849999999627,1652.2964999999385,1973.0498000000166,141.42500000004657,2025.626000000164,0,,,,,,,,,1428,337.9338165266192,331.21100000012666,103.98879257922816,458.47429999988526,501.870650000032,704.1300299999721,134.2929999998305,1015.4830000000002,0,,,,,,,,,,,,242,25,33,0.9063670411985019,0.88,0.892988929889299,0.9063670411985019,0.8201894545454547,0.11922601886550986,0.15859734513274337,0.36204481792717086,0.6379551820728291,,,not_computed_no_bbox_data,41,41,41.0,16551,217,1625,,0,0,0,0,0,0,0,,0.64,1040,,,,,,,0.0,0,0,0,0,0,0,,0,,,,,,,,,0,,,,,,,,,0,0,0,0,0,3600000.0,18000.0,0.0,0.0,0.0,0.0,0.0,0.0,0.0,0.0,0.0,0.0,0.0,0.0,2528316.247,1061892.823802,962684.753,404327.596198,108999.0,32699.7,0.0,0.0,18000.0,1498920.1199999999,1516920.1199999999,25282.001999999997,752.0674863658899,,5681.348764044943,6268.264958677685,0.0,1516920.12,3600000.0,3600000.0,trigger_spam__s07__always_on,always_on,ablation,,,True,
secure,trigger_spam,7,3600.0,fd1a7853d356670d,True,synthetic_distribution,False,,2017,392,277,1625,32527.381999999998,0.009035383888888889,153,2.55,153,2.55,86,75,393,93,56,0.6021505376344086,0.3978494623655914,0.27075812274368233,56,425.1216071428411,168.2554999999702,694.8126863979361,1052.8120000000126,1691.4387499999139,3099.886750000024,130.46900000004098,4384.387000000002,153,214.33650980392255,246.34999999962747,56.26361737138772,278.444800000079,283.15940000004485,293.94832000009717,129.46900000004098,300.3040000000037,153,215.33650980392255,247.34999999962747,56.26361737138772,279.444800000079,284.15940000004485,294.94832000009717,130.46900000004098,301.3040000000037,0,253.0,1274.0,24.0,466.0,0.16568434839554683,0.9133574007220217,0.28048780487804875,0.732183908045977,0.08664259927797834,0.26208651399491095,1247.0,75,11,13,0.872093023255814,0.8522727272727273,0.8620689655172414,0.872093023255814,0.8307045454545455,0.10805156273273615,0.18909411764705883,0.45098039215686275,0.5490196078431373,,,not_computed_no_bbox_data,2,2,2.0,0,0,1625,272.0,272,224,48,121,16,105,15,0.8235294117647058,0.029538461538461538,48,0.1322314049586777,0.14563106796116504,0.6106870229007634,0.9333333333333333,0.8235294117647058,0.8749999999999999,0.4,0,0,9,64,167,0,150.0,153,0.6781549019607843,0.6465,0.12872704544540037,0.8616800000000001,0.9217000000000001,0.9805839999999999,0.5007,1.0,153,0.0,0.0,0.0,0.0,0.0,0.0,0.0,0.0,153,0,0,0,0,0.0,0.0,3597722.043,215863.322555,2017.0,181.53,157.2,14.934,103.757,8.81938,3567472.618,28539.780944,459.0,68.85,21692.886,9111.011953,9271.496,3894.028499,1104.0,331.2,0.0,0.0,216068.605935,41944.871395999995,258013.47733100003,4300.224622183334,127.91942356519586,1686.3625969346408,3000.1567131511633,3440.179697746667,14.934,258013.477332,3600000.0000000005,3599999.9999999995,trigger_spam__s07__full_secure,full_secure,ablation,,,True,
secure,trigger_spam,7,3600.0,fd1a7853d356670d,True,synthetic_distribution,False,disable_adaptive_trigger,2017,392,277,1625,32799.623999999996,0.009111006666666666,154,2.566666666666667,154,2.566666666666667,86,75,394,93,56,0.6021505376344086,0.3978494623655914,0.27075812274368233,56,425.1216071428411,168.2554999999702,694.8126863979361,1052.8120000000126,1691.4387499999139,3099.886750000024,130.46900000004098,4384.387000000002,154,214.72346753246822,247.1944999998159,56.28466812869158,278.39170000007147,283.08485000004947,293.9477300000936,129.46900000004098,300.3040000000037,154,215.72346753246822,248.1944999998159,56.28466812869158,279.39170000007147,284.08485000004947,294.9477300000936,130.46900000004098,301.3040000000037,0,253.0,1275.0,24.0,465.0,0.1655759162303665,0.9133574007220217,0.2803324099722992,0.7327586206896551,0.08664259927797834,0.2614213197969543,1247.0,75,11,13,0.872093023255814,0.8522727272727273,0.8620689655172414,0.872093023255814,0.8307045454545455,0.10805156273273615,0.18676666666666664,0.44805194805194803,0.551948051948052,,,not_computed_no_bbox_data,2,2,2.0,0,0,1625,272.0,272,224,48,122,16,106,15,0.8235294117647058,0.029538461538461538,48,0.13114754098360656,0.14563106796116504,0.6091370558375635,0.9333333333333333,0.8235294117647058,0.8749999999999999,0.4,0,0,9,64,167,0,150.0,154,0.6773928571428571,0.6463,0.1286537096529659,0.8612200000000001,0.9214,0.980551,0.5007,1.0,154,0.0,0.0,0.0,0.0,0.0,0.0,0.0,0.0,154,0,0,0,0,0.0,0.0,3597721.082,215863.264906,2017.0,181.53,157.6,14.972,104.318,8.86705,3567200.376,28537.603004,462.0,69.3,21845.333,9175.039929,9382.291,3940.562339,1110.0,333.0,0.0,0.0,216068.633956,42055.505271999995,258124.13922800001,4302.068987133333,127.9742881646009,1676.1307742077922,3001.443479395349,3441.655189706667,14.972,258124.139228,3600000.0,3600000.0000000005,trigger_spam__s07__no_adaptive_trigger,no_adaptive_trigger,ablation,,,True,
secure,trigger_spam,7,3600.0,fd1a7853d356670d,True,synthetic_distribution,False,disable_burst_detection,2017,392,277,1625,46957.011,0.013043614166666667,217,3.6166666666666667,217,3.6166666666666667,92,81,393,93,61,0.6559139784946236,0.34408602150537637,0.2924187725631769,61,474.3944918032633,169.2699999999022,710.6828691339249,1268.3950000000186,1756.279999999795,3035.2024000000233,130.46900000004098,4384.387000000002,217,218.12865437789443,250.0130000000354,55.54230129493151,277.92760000005364,282.4398000000976,293.55103999994697,123.85100000002421,300.3040000000037,217,219.12865437789443,251.0130000000354,55.54230129493151,278.92760000005364,283.4398000000976,294.55103999994697,124.85100000002421,301.3040000000037,0,253.0,1274.0,24.0,466.0,0.16568434839554683,0.9133574007220217,0.28048780487804875,0.732183908045977,0.08664259927797834,0.26208651399491095,1247.0,81,11,13,0.8804347826086957,0.8617021276595744,0.870967741935484,0.8804347826086957,0.833890425531915,0.10549459657889525,0.18299444444444443,0.41013824884792627,0.5898617511520737,,,not_computed_no_bbox_data,4,4,4.0,0,0,1625,272.0,272,167,105,121,9,112,9,0.6139705882352942,0.06461538461538462,105,0.0743801652892562,0.08737864077669903,0.44783715012722647,0.9488636363636364,0.6139705882352942,0.7455357142857143,0.4,0,0,9,0,167,0,150.0,217,0.676474193548387,0.6537,0.12544212468608248,0.85984,0.9205,0.984232,0.5007,1.0243,217,0.0,0.0,0.0,0.0,0.0,0.0,0.0,0.0,217,0,0,0,0,0.0,0.0,3597679.005,215860.740313,2017.0,181.53,157.2,14.934,146.795,12.477556,3553042.992,28424.343936,651.0,97.65,30683.572,12887.10021,14117.936,5929.533133,1504.5,451.35,0.0,0.0,216069.681869,47789.977279,263859.659148,4397.6609858,130.81787761427864,1215.9431297142858,2868.039773347826,3257.526656148148,14.934,263859.659149,3600000.0,3600000.0000000005,trigger_spam__s07__no_burst_detection,no_burst_detection,ablation,,,True,
secure,trigger_spam,7,3600.0,fd1a7853d356670d,True,synthetic_distribution,False,disable_consistency_check,2017,392,277,1625,42765.538,0.01187931611111111,198,3.3,198,3.3,86,75,393,93,56,0.6021505376344086,0.3978494623655914,0.27075812274368233,56,425.1216071428411,168.2554999999702,694.8126863979361,1052.8120000000126,1691.4387499999139,3099.886750000024,130.46900000004098,4384.387000000002,198,217.7156969696949,248.3269999999975,55.4838403630487,279.3235999999568,284.06600000000253,293.9217699999362,129.46900000004098,300.3040000000037,198,218.7156969696949,249.3269999999975,55.4838403630487,280.3235999999568,285.06600000000253,294.9217699999362,130.46900000004098,301.3040000000037,0,253.0,1274.0,24.0,466.0,0.16568434839554683,0.9133574007220217,0.28048780487804875,0.732183908045977,0.08664259927797834,0.26208651399491095,1247.0,75,11,13,0.872093023255814,0.8522727272727273,0.8620689655172414,0.872093023255814,0.8307045454545455,0.10805156273273615,0.18909411764705883,0.41919191919191917,0.5808080808080808,,,not_computed_no_bbox_data,3,3,3.0,0,0,1625,272.0,272,179,93,121,16,105,15,0.6580882352941176,0.05723076923076923,93,0.1322314049586777,0.14563106796116504,0.4961832061068702,0.9179487179487179,0.6580882352941176,0.7665952890792291,0.4,0,0,9,186,0,0,150.0,198,0.6731060606060606,0.6495,0.12504791878931634,0.8525400000000001,0.91811,0.982831,0.5007,1.0317,198,0.0,0.0,0.0,0.0,0.0,0.0,0.0,0.0,198,0,0,0,0,0.0,0.0,3597692.525,215861.551524,2017.0,181.53,157.2,14.934,133.275,11.328341,3557234.462,28457.875695,594.0,89.1,28074.123,11791.131625,12721.915,5343.20439,1375.5,412.65,0.0,0.0,216069.343865,46093.961709999996,262163.305575,4369.3884262500005,129.9768495661874,1324.0570988636364,3048.4105299418607,3495.510741,14.934,262163.305575,3600000.0,3600000.0,trigger_spam__s07__no_consistency_check,no_consistency_check,ablation,,,True,
secure,trigger_spam,7,3600.0,fd1a7853d356670d,True,synthetic_distribution,False,disable_cooldown,2017,392,277,1625,72166.54800000001,0.020046263333333335,295,4.916666666666667,337,5.616666666666666,178,157,1527,93,82,0.8817204301075269,0.11827956989247312,0.5667870036101083,82,402.5581219511906,255.5820000000822,440.60906558786735,1144.5653999999995,1514.003949999935,1811.883879999839,130.46900000004098,2048.93200000003,337,238.01102373887383,253.2249999998603,89.13872972524645,299.38000000000164,393.38839999998453,497.5967600000462,129.377000000095,883.0999999999767,337,239.01702373887414,254.2249999998603,89.14242210138784,300.38000000000164,394.38839999998453,498.5967600000462,130.377000000095,884.0999999999767,0,253.0,1274.0,24.0,466.0,0.16568434839554683,0.9133574007220217,0.28048780487804875,0.732183908045977,0.08664259927797834,0.16568434839554683,1247.0,157,21,23,0.8820224719101124,0.8722222222222222,0.8770949720670391,0.8820224719101124,0.8240761111111112,0.10780987732854781,0.18385909090909092,0.41839762611275966,0.5816023738872403,,,not_computed_no_bbox_data,7,7,7.0,0,0,1625,1247.0,1247,1112,135,280,78,202,73,0.8917401764234162,0.08307692307692308,135,0.2785714285714286,0.2885375494071146,0.779305828421742,0.934453781512605,0.8917401764234162,0.9125974558883875,0.4,8,2,30,396,754,0,0.0,337,0.6638178041543027,0.637,0.11596695230671007,0.8335,0.8928,0.978928,0.5007,1.0,337,22.141771513353117,0.0,74.81516306736123,76.37020000000047,166.7023999999998,309.38639999999964,0.0,749.324,337,0,0,0,0,0.0,0.0,3597148.494,215828.909617,2017.0,181.53,610.8,58.026,223.706,19.015042,3527833.446,28222.667571,885.0,132.75,47265.811,19851.640599,21599.243,9071.681905,2416.5,724.95,0.0,0.0,216087.48065900002,58003.690075,274091.17073400004,4568.1861789,135.89051598116015,813.3269161246292,1539.838037831461,1745.803635248408,58.026,274091.170735,3599999.9999999995,3600000.0,trigger_spam__s07__no_cooldown,no_cooldown,ablation,,,True,
secure,trigger_spam,7,3600.0,fd1a7853d356670d,True,synthetic_distribution,False,disable_early_exit,2017,392,277,1625,40092.681,0.011136855833333332,153,2.55,153,2.55,86,77,393,93,55,0.5913978494623656,0.4086021505376344,0.2779783393501805,55,474.586345454534,270.19900000002235,662.6628347018728,901.178199999995,1479.64130000004,3186.462339999957,231.15600000000268,4384.387000000002,153,263.7829281045747,261.11599999998,14.552032142026228,282.5291999999434,285.13900000015275,293.94832000009717,228.12899999995716,300.3040000000037,153,264.7829281045747,262.11599999998,14.552032142026228,283.5291999999434,286.13900000015275,294.94832000009717,229.12899999995716,301.3040000000037,0,253.0,1274.0,24.0,466.0,0.16568434839554683,0.9133574007220217,0.28048780487804875,0.732183908045977,0.08664259927797834,0.26208651399491095,1247.0,77,9,11,0.8953488372093024,0.875,0.8850574712643678,0.8953488372093024,0.8584931818181818,0.12253999187265548,0.17168235294117645,0.0,1.0,,,not_computed_no_bbox_data,2,2,2.0,0,0,1625,272.0,272,224,48,121,16,105,15,0.8235294117647058,0.029538461538461538,48,0.1322314049586777,0.14563106796116504,0.6106870229007634,0.9333333333333333,0.8235294117647058,0.8749999999999999,0.4,0,0,9,64,167,0,150.0,153,0.6781549019607843,0.6465,0.12872704544540037,0.8616800000000001,0.9217000000000001,0.9805839999999999,0.5007,1.0,153,0.0,0.0,0.0,0.0,0.0,0.0,0.0,0.0,153,0,0,0,0,0.0,0.0,3597722.043,215863.322555,2017.0,181.53,157.2,14.934,103.757,8.81938,3559907.316,28479.258528,459.0,68.85,21692.886,9111.011953,16829.298,7068.305314,1111.5,333.45,0.0,0.0,216068.605935,45060.87579499999,261129.48173,4352.158028833333,129.4642943629152,1706.7286387581698,3036.3893224418603,3391.2919705194804,14.934,261129.481731,3600000.0000000005,3600000.0,trigger_spam__s07__no_early_exit,no_early_exit,ablation,,,True,
secure,trigger_spam,7,3600.0,fd1a7853d356670d,True,synthetic_distribution,False,disable_rate_limit,2017,392,277,1625,32527.381999999998,0.009035383888888889,153,2.55,153,2.55,86,75,393,93,56,0.6021505376344086,0.3978494623655914,0.27075812274368233,56,425.1216071428411,168.2554999999702,694.8126863979361,1052.8120000000126,1691.4387499999139,3099.886750000024,130.46900000004098,4384.387000000002,153,214.33650980392255,246.34999999962747,56.26361737138772,278.444800000079,283.15940000004485,293.94832000009717,129.46900000004098,300.3040000000037,153,215.33650980392255,247.34999999962747,56.26361737138772,279.444800000079,284.15940000004485,294.94832000009717,130.46900000004098,301.3040000000037,0,253.0,1274.0,24.0,466.0,0.16568434839554683,0.9133574007220217,0.28048780487804875,0.732183908045977,0.08664259927797834,0.26208651399491095,1247.0,75,11,13,0.872093023255814,0.8522727272727273,0.8620689655172414,0.872093023255814,0.8307045454545455,0.10805156273273615,0.18909411764705883,0.45098039215686275,0.5490196078431373,,,not_computed_no_bbox_data,2,2,2.0,0,0,1625,272.0,272,224,48,121,16,105,15,0.8235294117647058,0.029538461538461538,48,0.1322314049586777,0.14563106796116504,0.6106870229007634,0.9333333333333333,0.8235294117647058,0.8749999999999999,0.4,0,0,9,64,167,0,150.0,153,0.6781549019607843,0.6465,0.12872704544540037,0.8616800000000001,0.9217000000000001,0.9805839999999999,0.5007,1.0,153,0.0,0.0,0.0,0.0,0.0,0.0,0.0,0.0,153,0,0,0,0,0.0,0.0,3597722.043,215863.322555,2017.0,181.53,157.2,14.934,103.757,8.81938,3567472.618,28539.780944,459.0,68.85,21692.886,9111.011953,9271.496,3894.028499,1104.0,331.2,0.0,0.0,216068.605935,41944.871395999995,258013.47733100003,4300.224622183334,127.91942356519586,1686.3625969346408,3000.1567131511633,3440.179697746667,14.934,258013.477332,3600000.0000000005,3599999.9999999995,trigger_spam__s07__no_rate_limit,no_rate_limit,ablation,,,True,
secure,trigger_spam,7,3600.0,fd1a7853d356670d,True,synthetic_distribution,False,disable_replay_protection,2017,392,277,1625,33797.541000000005,0.009388205833333335,159,2.65,159,2.65,92,81,393,93,58,0.6236559139784946,0.3763440860215054,0.2924187725631769,58,437.4972586206716,168.87799999996787,685.7037039864639,966.578800000012,1682.7932499999295,3053.1776500000174,130.46900000004098,4384.387000000002,159,214.30303144654252,246.34999999962747,56.07944192100784,278.12620000003375,282.71210000007267,293.9447800000757,129.46900000004098,300.3040000000037,159,215.30303144654252,247.34999999962747,56.07944192100784,279.12620000003375,283.71210000007267,294.9447800000757,130.46900000004098,301.3040000000037,0,253.0,1274.0,24.0,466.0,0.16568434839554683,0.9133574007220217,0.28048780487804875,0.732183908045977,0.08664259927797834,0.26208651399491095,1247.0,81,11,13,0.8804347826086957,0.8617021276595744,0.870967741935484,0.8804347826086957,0.8323276595744682,0.10975537452660014,0.18909411764705883,0.4528301886792453,0.5471698113207547,,,not_computed_no_bbox_data,2,2,2.0,0,0,1625,272.0,272,224,48,121,10,111,9,0.8235294117647058,0.029538461538461538,48,0.08264462809917356,0.08737864077669903,0.5954198473282443,0.9572649572649573,0.8235294117647058,0.8853754940711462,0.4,0,0,0,67,167,0,150.0,159,0.6764553459119497,0.6461,0.12757434151758498,0.8589200000000001,0.9198999999999999,0.980386,0.5007,1.0,159,0.0,0.0,0.0,0.0,0.0,0.0,0.0,0.0,159,0,0,0,0,0.0,0.0,3597718.244,215863.094631,2017.0,181.53,157.2,14.934,107.556,9.142273,3566202.458,28529.619663,477.0,71.55,22572.459,9480.432972,9593.083,4029.09474,1155.0,346.5,0.0,0.0,216068.70090400003,42457.197375,258525.89827900002,4308.764971316667,128.1734746053545,1625.9490457798743,2810.064111728261,3191.6777565308644,14.934,258525.898279,3600000.0,3600000.0,trigger_spam__s07__no_replay_protection,no_replay_protection,ablation,,,True,
secure,trigger_spam,7,3600.0,fd1a7853d356670d,True,synthetic_distribution,False,disable_security,2017,392,277,1625,87339.27100000001,0.024260908611111114,393,6.55,393,6.55,101,90,393,93,65,0.6989247311827957,0.30107526881720426,0.3249097472924188,65,559.6367230769085,173.40599999995902,816.9695551590099,1560.7486000000038,2117.983199999947,3771.060279999996,130.06899999966845,4383.987000000008,393,223.5670279898234,251.40000000002328,54.564282148351516,278.72659999988974,283.6707999999955,293.9335599999129,123.45100000011735,308.06600000010803,393,224.5670279898234,252.40000000002328,54.564282148351516,279.72659999988974,284.6707999999955,294.9335599999129,124.45100000011735,309.06600000010803,0,253.0,1274.0,24.0,466.0,0.16568434839554683,0.9133574007220217,0.28048780487804875,0.732183908045977,0.08664259927797834,0.26208651399491095,1247.0,90,11,13,0.8910891089108911,0.8737864077669902,0.8823529411764707,0.8910891089108911,0.8351194174757283,0.10587192323307018,0.18299444444444443,0.356234096692112,0.6437659033078881,,,not_computed_no_bbox_data,14,14,14.0,0,0,1625,272.0,0,0,0,0,0,0,0,,0.16738461538461538,272,,,,,,,0.0,0,0,0,0,0,0,150.0,393,0.6664839694656489,0.6487,0.11804845348380229,0.8431000000000001,0.89836,0.9858319999999998,0.5002,1.0317,393,0.0,0.0,0.0,0.0,0.0,0.0,0.0,0.0,393,0,0,0,0,0.0,0.0,3597721.072,215863.264301,2017.0,181.53,0.0,0.0,261.928,22.263908,3512660.73,28101.285837,1179.0,176.85,55610.028,23356.211869,27947.742,11738.051665,2602.5,780.75,0.0,0.0,216067.05820899998,64153.149371,280220.20758,4670.3367929999995,138.92920554288546,713.0285180152672,2774.457500792079,3113.5578619999997,0.0,280220.207579,3600000.0,3600000.0,trigger_spam__s07__no_security,no_security,ablation,,,True,
always_on,trigger_spam,8,3600.0,af44499182185c9c,True,synthetic_distribution,False,,1553,337,262,1216,3600000.0,1.0,1,0.016666666666666666,1125,18.75,258,236,0,92,90,0.9782608695652174,0.021739130434782594,0.9007633587786259,90,370.21475555556356,326.92699999990873,254.31299639062095,511.3740999998992,856.6233999999703,1459.339810000085,133.03300000028685,1754.438000000082,0,,,,,,,,,1125,325.3945395555566,319.9700000002049,89.27432328341582,447.83440000014383,474.2477999999188,521.0773600000422,131.13100000005215,673.9880000003614,0,,,,,,,,,,,,236,26,26,0.9007633587786259,0.9007633587786259,0.9007633587786259,0.9147286821705426,0.8385232824427481,0.10920372237591157,0.18529199999999998,0.3857777777777778,0.6142222222222222,,,not_computed_no_bbox_data,38,34,38.0,16886,216,1216,,0,0,0,0,0,0,0,,0.6480263157894737,788,,,,,,,0.0,0,0,0,0,0,0,,0,,,,,,,,,0,,,,,,,,,0,0,0,0,0,3600000.0,18000.0,0.0,0.0,0.0,0.0,0.0,0.0,0.0,0.0,0.0,0.0,0.0,0.0,2529666.467,1062459.916299,961220.533,403712.623701,109113.0,32733.9,0.0,0.0,18000.0,1498906.44,1516906.44,25281.773999999998,976.758815196394,,5879.482325581395,6427.569661016949,0.0,1516906.44,3600000.0,3600000.0,trigger_spam__s08__always_on,always_on,ablation,,,True,
secure,trigger_spam,8,3600.0,af44499182185c9c,True,synthetic_distribution,False,,1553,337,262,1216,32713.343,0.009087039722222223,162,2.7,162,2.7,122,111,357,92,74,0.8043478260869565,0.19565217391304346,0.42366412213740456,74,314.36763513515365,203.52549999998882,422.48169762147035,283.37919999998996,1208.811050000192,1998.5240700000024,130.64900000020862,2923.1720000000205,162,203.6652469136047,169.92250000004424,55.7781500049464,271.39619999999996,276.89944999999716,289.18638999996574,126.79900000011548,315.6149999999907,162,204.6652469136047,170.92250000004424,55.7781500049464,272.39619999999996,277.89944999999716,290.18638999996574,127.79900000011548,316.6149999999907,0,251.0,966.0,11.0,325.0,0.20624486442070666,0.9580152671755725,0.33941852603110206,0.7482571649883811,0.04198473282442748,0.3697478991596639,953.0,111,12,13,0.9024390243902439,0.8951612903225806,0.8987854251012146,0.9098360655737705,0.8392354838709677,0.10915995661886395,0.23381666666666664,0.5370370370370371,0.46296296296296297,,,not_computed_no_bbox_data,2,1,2.0,0,0,1216,213.0,213,187,26,144,8,136,8,0.8779342723004695,0.02138157894736842,26,0.05555555555555555,0.06060606060606061,0.5462184873949579,0.958974358974359,0.8779342723004695,0.9166666666666666,0.4,0,1,5,38,151,0,119.0,162,0.660308024691358,0.643,0.11729154204726559,0.80673,0.9017049999999999,0.9840989999999997,0.5003,1.0333,162,0.0,0.0,0.0,0.0,0.0,0.0,0.0,0.0,162,0,0,0,0,0.0,0.0,3598197.23,215891.833785,1553.0,139.77,142.8,13.566,106.97,9.092471,3567286.657,28538.293254,486.0,72.9,22855.869,9599.465173,8154.974,3425.088982,1216.5,364.95,0.0,0.0,216054.262256,42000.697409,258054.959665,4300.915994416667,166.1654601835158,1592.9318497839506,2115.2045874180326,2324.8194564414416,13.566,258054.959666,3600000.0,3600000.0,trigger_spam__s08__full_secure,full_secure,ablation,,,True,
secure,trigger_spam,8,3600.0,af44499182185c9c,True,synthetic_distribution,False,disable_adaptive_trigger,1553,337,262,1216,32713.343,0.009087039722222223,162,2.7,162,2.7,122,111,357,92,74,0.8043478260869565,0.19565217391304346,0.42366412213740456,74,314.36763513515365,203.52549999998882,422.48169762147035,283.37919999998996,1208.811050000192,1998.5240700000024,130.64900000020862,2923.1720000000205,162,203.6652469136047,169.92250000004424,55.7781500049464,271.39619999999996,276.89944999999716,289.18638999996574,126.79900000011548,315.6149999999907,162,204.6652469136047,170.92250000004424,55.7781500049464,272.39619999999996,277.89944999999716,290.18638999996574,127.79900000011548,316.6149999999907,0,251.0,966.0,11.0,325.0,0.20624486442070666,0.9580152671755725,0.33941852603110206,0.7482571649883811,0.04198473282442748,0.3697478991596639,953.0,111,12,13,0.9024390243902439,0.8951612903225806,0.8987854251012146,0.9098360655737705,0.8392354838709677,0.10915995661886395,0.23381666666666664,0.5370370370370371,0.46296296296296297,,,not_computed_no_bbox_data,2,1,2.0,0,0,1216,213.0,213,187,26,144,8,136,8,0.8779342723004695,0.02138157894736842,26,0.05555555555555555,0.06060606060606061,0.5462184873949579,0.958974358974359,0.8779342723004695,0.9166666666666666,0.4,0,1,5,38,151,0,119.0,162,0.660308024691358,0.643,0.11729154204726559,0.80673,0.9017049999999999,0.9840989999999997,0.5003,1.0333,162,0.0,0.0,0.0,0.0,0.0,0.0,0.0,0.0,162,0,0,0,0,0.0,0.0,3598197.23,215891.833785,1553.0,139.77,142.8,13.566,106.97,9.092471,3567286.657,28538.293254,486.0,72.9,22855.869,9599.465173,8154.974,3425.088982,1216.5,364.95,0.0,0.0,216054.262256,42000.697409,258054.959665,4300.915994416667,166.1654601835158,1592.9318497839506,2115.2045874180326,2324.8194564414416,13.566,258054.959666,3600000.0,3600000.0,trigger_spam__s08__no_adaptive_trigger,no_adaptive_trigger,ablation,,,True,
secure,trigger_spam,8,3600.0,af44499182185c9c,True,synthetic_distribution,False,disable_burst_detection,1553,337,262,1216,41949.79,0.011652719444444445,200,3.3333333333333335,200,3.3333333333333335,124,113,357,92,75,0.8152173913043478,0.18478260869565222,0.4312977099236641,75,336.72778666668745,236.40299999993294,462.1438903965237,291.994600000023,1356.8387000000102,2233.6451800001505,130.64900000020862,2923.1720000000205,200,211.48697500001632,242.53200000000652,56.13429389399298,275.71449999997856,279.015899999917,295.8173000000219,126.79900000011548,315.6149999999907,200,212.48697500001632,243.53200000000652,56.13429389399298,276.71449999997856,280.015899999917,296.8173000000219,127.79900000011548,316.6149999999907,0,251.0,966.0,11.0,325.0,0.20624486442070666,0.9580152671755725,0.33941852603110206,0.7482571649883811,0.04198473282442748,0.3697478991596639,953.0,113,12,13,0.904,0.8968253968253969,0.900398406374502,0.9112903225806451,0.8396619047619047,0.10833717873907765,0.23381666666666664,0.47,0.53,,,not_computed_no_bbox_data,7,6,7.0,0,0,1216,213.0,213,151,62,144,6,138,6,0.7089201877934272,0.05098684210526316,62,0.041666666666666664,0.045454545454545456,0.43977591036414565,0.9617834394904459,0.7089201877934272,0.8162162162162162,0.4,0,1,5,0,151,0,119.0,200,0.6621215,0.643,0.11564344564371885,0.8163699999999999,0.8968849999999998,0.9749409999999998,0.5003,1.0333,200,0.0,0.0,0.0,0.0,0.0,0.0,0.0,0.0,200,0,0,0,0,0.0,0.0,3598171.775,215890.306511,1553.0,139.77,142.8,13.566,132.425,11.256109,3558050.208,28464.401668,600.0,90.0,28298.871,11885.525978,11592.92,4869.026461,1458.0,437.4,0.0,0.0,216054.89862,45746.354107,261801.252727,4363.3542121166665,168.57775449259498,1309.006263635,2111.300425217742,2316.8252453716814,13.566,261801.252727,3599999.9999999995,3599999.999,trigger_spam__s08__no_burst_detection,no_burst_detection,ablation,,,True,
secure,trigger_spam,8,3600.0,af44499182185c9c,True,synthetic_distribution,False,disable_consistency_check,1553,337,262,1216,46423.649,0.012895458055555555,224,3.7333333333333334,224,3.7333333333333334,122,111,357,92,74,0.8043478260869565,0.19565217391304346,0.42366412213740456,74,314.36763513515365,203.52549999998882,422.48169762147035,283.37919999998996,1208.811050000192,1998.5240700000024,130.64900000020862,2923.1720000000205,224,208.9748928571664,240.2380000000412,55.85740041985736,271.3406000000017,276.87035000001197,285.7994400000526,126.78200000000652,315.6149999999907,224,209.97809375002433,241.2380000000412,55.8602262826082,272.3406000000017,277.87035000001197,286.7994400000526,127.78200000000652,316.6149999999907,0,251.0,966.0,11.0,325.0,0.20624486442070666,0.9580152671755725,0.33941852603110206,0.7482571649883811,0.04198473282442748,0.3697478991596639,953.0,111,12,13,0.9024390243902439,0.8951612903225806,0.8987854251012146,0.9098360655737705,0.8392354838709677,0.10915995661886395,0.23381666666666664,0.48214285714285715,0.5178571428571429,,,not_computed_no_bbox_data,5,4,5.0,0,0,1216,213.0,213,125,88,144,8,136,8,0.5868544600938967,0.07236842105263158,88,0.05555555555555555,0.06060606060606061,0.37254901960784315,0.9398496240601504,0.5868544600938967,0.7225433526011562,0.4,0,1,5,127,0,0,119.0,224,0.6610736607142857,0.64185,0.11837621516412798,0.80639,0.889875,0.9932570000000003,0.5002,1.1234,224,0.0,0.0,0.0,0.0,0.0,0.0,0.0,0.0,224,0,0,0,0,0.0,0.0,3598156.119,215889.367135,1553.0,139.77,142.8,13.566,148.081,12.586892,3553576.349,28428.610795,672.0,100.8,31479.792,13221.512618,12671.359,5321.970618,1600.5,480.15,0.0,0.0,216055.29002699998,47553.044031,263608.33405800007,4393.472234300001,169.74136127366393,1176.822919901786,2160.7240496557383,2374.849856378379,13.566,263608.334059,3599999.9999999995,3600000.0,trigger_spam__s08__no_consistency_check,no_consistency_check,ablation,,,True,
secure,trigger_spam,8,3600.0,af44499182185c9c,True,synthetic_distribution,False,disable_cooldown,1553,337,262,1216,71649.747,0.019902707500000002,321,5.35,346,5.766666666666667,219,198,1217,92,86,0.9347826086956522,0.06521739130434778,0.7557251908396947,86,346.3794534883929,242.12449999991804,425.631128098503,777.4655000001658,1239.1287500003818,1846.5271500000126,130.64900000020862,2923.1720000000205,346,221.49862138728975,244.54049999988638,77.78816442169072,279.11350000006496,326.4172500000277,475.6333500000708,126.79900000011548,724.0390000001062,346,222.49862138728975,245.54049999988638,77.78816442169072,280.11350000006496,327.4172500000277,476.6333500000708,127.79900000011548,725.0390000001062,0,251.0,966.0,11.0,325.0,0.20624486442070666,0.9580152671755725,0.33941852603110206,0.7482571649883811,0.04198473282442748,0.20624486442070666,953.0,198,22,23,0.9,0.8959276018099548,0.8979591836734694,0.9041095890410958,0.8393900452488687,0.10255950330727186,0.22488461538461538,0.4884393063583815,0.5115606936416185,,,not_computed_no_bbox_data,4,3,4.0,0,0,1216,953.0,953,841,112,264,30,234,30,0.8824763903462749,0.09210526315789473,112,0.11363636363636363,0.11952191235059761,0.7156943303204601,0.965556831228473,0.8824763903462749,0.9221491228070176,0.4,15,1,11,223,621,0,0.0,346,0.6583786127167629,0.63815,0.11900249274863409,0.82915,0.9026,0.9837750000000002,0.5003,1.0593,346,12.69042196531792,0.0,52.0834442094048,0.0,131.44225,220.74590000000012,0.0,463.385,346,0,0,0,0,0.0,0.0,3597732.4,215863.944017,1553.0,139.77,486.8,46.246,227.8,19.362976,3528350.258,28226.802063,963.0,144.45,48684.316,20447.412909,19459.926,8173.168798,2542.5,762.75,0.0,0.0,216069.322993,57754.58377,273823.906763,4563.731779383334,176.31932180489375,791.3985744595376,1250.337473803653,1382.9490240555556,46.246,273823.906763,3599999.9999999995,3600000.0,trigger_spam__s08__no_cooldown,no_cooldown,ablation,,,True,
secure,trigger_spam,8,3600.0,af44499182185c9c,True,synthetic_distribution,False,disable_early_exit,1553,337,262,1216,42321.738,0.011756038333333333,162,2.7,162,2.7,122,116,357,92,77,0.8369565217391305,0.1630434782608695,0.44274809160305345,77,372.79380519481964,265.0799999998417,419.2386406988023,298.8902000000468,1304.2644000002188,1984.2589199999982,236.40299999993294,3022.064000000013,162,262.97637037037964,262.7060000000638,13.799586990347308,278.17339999997057,285.87969999988564,301.2463000000711,232.0480000001844,315.6149999999907,162,263.97637037037964,263.7060000000638,13.799586990347308,279.17339999997057,286.87969999988564,302.2463000000711,233.0480000001844,316.6149999999907,0,251.0,966.0,11.0,325.0,0.20624486442070666,0.9580152671755725,0.33941852603110206,0.7482571649883811,0.04198473282442748,0.3697478991596639,953.0,116,7,8,0.943089430894309,0.9354838709677419,0.9392712550607287,0.9508196721311475,0.8621798387096774,0.12074459841128393,0.2220333333333333,0.0,1.0,,,not_computed_no_bbox_data,2,1,2.0,0,0,1216,213.0,213,187,26,144,8,136,8,0.8779342723004695,0.02138157894736842,26,0.05555555555555555,0.06060606060606061,0.5462184873949579,0.958974358974359,0.8779342723004695,0.9166666666666666,0.4,0,1,5,38,151,0,119.0,162,0.660308024691358,0.643,0.11729154204726559,0.80673,0.9017049999999999,0.9840989999999997,0.5003,1.0333,162,0.0,0.0,0.0,0.0,0.0,0.0,0.0,0.0,162,0,0,0,0,0.0,0.0,3598197.23,215891.833785,1553.0,139.77,142.8,13.566,106.97,9.092471,3557678.254,28461.426028,486.0,72.9,22855.869,9599.465173,17740.877,7451.168348,1239.0,371.7,0.0,0.0,216054.262256,45956.659548999996,262010.92180500002,4366.84869675,168.7127635576304,1617.3513691666667,2147.6305065983606,2258.714843146552,13.566,262010.921806,3600000.0,3600000.0,trigger_spam__s08__no_early_exit,no_early_exit,ablation,,,True,
secure,trigger_spam,8,3600.0,af44499182185c9c,True,synthetic_distribution,False,disable_rate_limit,1553,337,262,1216,32713.343,0.009087039722222223,162,2.7,162,2.7,122,111,357,92,74,0.8043478260869565,0.19565217391304346,0.42366412213740456,74,314.36763513515365,203.52549999998882,422.48169762147035,283.37919999998996,1208.811050000192,1998.5240700000024,130.64900000020862,2923.1720000000205,162,203.6652469136047,169.92250000004424,55.7781500049464,271.39619999999996,276.89944999999716,289.18638999996574,126.79900000011548,315.6149999999907,162,204.6652469136047,170.92250000004424,55.7781500049464,272.39619999999996,277.89944999999716,290.18638999996574,127.79900000011548,316.6149999999907,0,251.0,966.0,11.0,325.0,0.20624486442070666,0.9580152671755725,0.33941852603110206,0.7482571649883811,0.04198473282442748,0.3697478991596639,953.0,111,12,13,0.9024390243902439,0.8951612903225806,0.8987854251012146,0.9098360655737705,0.8392354838709677,0.10915995661886395,0.23381666666666664,0.5370370370370371,0.46296296296296297,,,not_computed_no_bbox_data,2,1,2.0,0,0,1216,213.0,213,187,26,144,8,136,8,0.8779342723004695,0.02138157894736842,26,0.05555555555555555,0.06060606060606061,0.5462184873949579,0.958974358974359,0.8779342723004695,0.9166666666666666,0.4,0,1,5,38,151,0,119.0,162,0.660308024691358,0.643,0.11729154204726559,0.80673,0.9017049999999999,0.9840989999999997,0.5003,1.0333,162,0.0,0.0,0.0,0.0,0.0,0.0,0.0,0.0,162,0,0,0,0,0.0,0.0,3598197.23,215891.833785,1553.0,139.77,142.8,13.566,106.97,9.092471,3567286.657,28538.293254,486.0,72.9,22855.869,9599.465173,8154.974,3425.088982,1216.5,364.95,0.0,0.0,216054.262256,42000.697409,258054.959665,4300.915994416667,166.1654601835158,1592.9318497839506,2115.2045874180326,2324.8194564414416,13.566,258054.959666,3600000.0,3600000.0,trigger_spam__s08__no_rate_limit,no_rate_limit,ablation,,,True,
secure,trigger_spam,8,3600.0,af44499182185c9c,True,synthetic_distribution,False,disable_replay_protection,1553,337,262,1216,33619.886,0.009338857222222222,168,2.8,168,2.8,128,117,357,92,76,0.8260869565217391,0.17391304347826086,0.44656488549618323,76,358.05928947370194,237.3859999999404,497.3583834223099,636.9825000001001,1473.08925000003,2420.287249999994,130.64900000020862,2923.1720000000205,168,201.8486309524062,169.17399999999907,55.60950868885498,271.2294000000053,276.8121500000416,288.5383299999604,126.79900000011548,315.6149999999907,168,202.8486309524062,170.17399999999907,55.60950868885498,272.2294000000053,277.8121500000416,289.5383299999604,127.79900000011548,316.6149999999907,0,251.0,966.0,11.0,325.0,0.20624486442070666,0.9580152671755725,0.33941852603110206,0.7482571649883811,0.04198473282442748,0.3697478991596639,953.0,117,12,13,0.9069767441860465,0.9,0.9034749034749034,0.9140625,0.8417569230769231,0.10761551207921448,0.23381666666666664,0.5535714285714286,0.44642857142857145,,,not_computed_no_bbox_data,2,1,2.0,0,0,1216,213.0,213,187,26,144,2,142,2,0.8779342723004695,0.02138157894736842,26,0.013888888888888888,0.015151515151515152,0.5294117647058824,0.9894179894179894,0.8779342723004695,0.9303482587064678,0.4,0,0,0,38,151,0,119.0,168,0.6611327380952381,0.6451,0.11650886142290952,0.8109200000000001,0.898135,0.9826530000000003,0.5003,1.0333,168,0.0,0.0,0.0,0.0,0.0,0.0,0.0,0.0,168,0,0,0,0,0.0,0.0,3598193.129,215891.587759,1553.0,139.77,142.8,13.566,111.071,9.441008,3566380.114,28531.040914,504.0,75.6,23697.912,9953.12304,8154.974,3425.088982,1263.0,378.9,0.0,0.0,216054.36476699996,42363.752936000004,258418.11770299997,4306.9686283833325,166.39930309272373,1538.203081565476,2018.8915445546872,2208.7018607094014,13.566,258418.117703,3600000.0,3600000.0,trigger_spam__s08__no_replay_protection,no_replay_protection,ablation,,,True,
secure,trigger_spam,8,3600.0,af44499182185c9c,True,synthetic_distribution,False,disable_security,1553,337,262,1216,76685.518,0.021301532777777778,357,5.95,357,5.95,130,119,357,92,77,0.8369565217391305,0.1630434782608695,0.4541984732824427,77,378.8712337662301,237.96900000004098,527.9739017064238,1042.6420000001797,1664.1532000000125,2413.1821200000554,130.24900000030175,2922.771999999997,357,216.13694957982844,247.66800000006333,55.204468375136784,273.577000000095,277.84300000015645,291.6952400000114,126.38200000004144,315.2150000000838,357,217.1389579831903,248.66800000006333,55.205983601516884,274.577000000095,278.84300000015645,292.6952400000114,127.38200000004144,316.2150000000838,0,251.0,966.0,11.0,325.0,0.20624486442070666,0.9580152671755725,0.33941852603110206,0.7482571649883811,0.04198473282442748,0.3697478991596639,953.0,119,12,13,0.9083969465648855,0.9015151515151515,0.9049429657794676,0.9153846153846154,0.8421257575757576,0.10683408097700062,0.23381666666666664,0.41456582633053224,0.5854341736694678,,,not_computed_no_bbox_data,11,10,11.0,0,0,1216,213.0,0,0,0,0,0,0,0,,0.17516447368421054,213,,,,,,,0.0,0,0,0,0,0,0,119.0,357,0.6628187675070029,0.6411,0.11572836857425546,0.8168200000000002,0.8876,0.998932,0.5002,1.1234,357,0.0,0.0,0.0,0.0,0.0,0.0,0.0,0.0,357,0,0,0,0,0.0,0.0,3598210.373,215892.62239,1553.0,139.77,0.0,0.0,236.627,20.11328,3523314.48,28186.515843,1071.0,160.65,50246.871,21103.685874,22942.148,9635.702351,2425.5,727.65,0.0,0.0,216052.50566999998,59814.204068,275866.709738,4597.7784956333335,177.63471328911783,772.7358816190476,2122.051613369231,2318.207644857143,0.0,275866.709739,3600000.0,3599999.999,trigger_spam__s08__no_security,no_security,ablation,,,True,
always_on,trigger_spam,9,3600.0,079bd0db9cb6e246,True,synthetic_distribution,False,,2876,236,169,2640,3600000.0,1.0,1,0.016666666666666666,1935,32.25,167,155,0,50,50,1.0,0.0,0.9171597633136095,50,374.467620000015,319.4729999999872,279.86941174861823,470.70820000014504,711.99604999998,1591.9975699999472,148.2730000000447,1633.8469999999506,0,,,,,,,,,1935,325.2099271317842,325.1219999999739,86.71246655552979,440.9080000001006,473.0934000001055,513.6117799999735,124.89999999990687,624.6149999999907,0,,,,,,,,,,,,155,13,14,0.9226190476190477,0.9171597633136095,0.9198813056379822,0.9281437125748503,0.8411704142011834,0.10537343717620402,0.15894000000000003,0.36227390180878555,0.6377260981912145,,,not_computed_no_bbox_data,61,60,61.0,16027,231,2640,,0,0,0,0,0,0,0,,0.6443181818181818,1701,,,,,,,0.0,0,0,0,0,0,0,,0,,,,,,,,,0,,,,,,,,,0,0,0,0,0,3600000.0,18000.0,0.0,0.0,0.0,0.0,0.0,0.0,0.0,0.0,0.0,0.0,0.0,0.0,2522367.6,1059394.392158,968921.4,406946.987842,108711.0,32613.3,0.0,0.0,18000.0,1498954.68,1516954.68,25282.577999999998,527.4529485396383,,9083.560958083832,9786.804387096774,0.0,1516954.68,3600000.0,3600000.0,trigger_spam__s09__always_on,always_on,ablation,,,True,
secure,trigger_spam,9,3600.0,079bd0db9cb6e246,True,synthetic_distribution,False,,2876,236,169,2640,26051.692,0.0072365811111111105,128,2.1333333333333333,128,2.1333333333333333,58,54,525,50,37,0.74,0.26,0.31952662721893493,37,630.2411351351361,242.52299999957904,1176.2002406677273,1502.9167999999972,2454.5936000000834,5276.32175999981,124.34400000004098,5983.5719999996945,128,205.24923437500226,173.09699999997974,57.51967822187428,274.5993999999482,282.8396500000132,289.5841099997284,123.34400000004098,291.0150000001304,128,206.24923437500226,174.09699999997974,57.51967822187428,275.5993999999482,283.8396500000132,290.5841099997284,124.34400000004098,292.0150000001304,0,153.0,2080.0,16.0,627.0,0.06851768920734438,0.9053254437869822,0.1273938384679434,0.7683782785371259,0.09467455621301775,0.12761904761904763,2062.0,54,5,4,0.9152542372881356,0.9310344827586207,0.923076923076923,0.9310344827586207,0.8636758620689655,0.07643492659530567,0.17892999999999998,0.5234375,0.4765625,,,not_computed_no_bbox_data,5,4,5.0,0,0,2640,445.0,445,385,60,80,12,68,9,0.8651685393258427,0.022727272727272728,60,0.15,0.13432835820895522,0.7561904761904762,0.9697732997481109,0.8651685393258427,0.9144893111638955,0.4,0,0,5,117,275,0,86.0,128,0.662053125,0.63645,0.1238238976448115,0.82124,0.8939449999999997,1.0102680000000002,0.5023,1.1312,128,0.0,0.0,0.0,0.0,0.0,0.0,0.0,0.0,128,0,0,0,0,0.0,0.0,3596829.257,215809.755416,2876.0,258.84,210.0,19.95,84.743,7.203161,3573948.304,28591.586432,384.0,57.6,17938.456,7534.151423,6841.24,2873.320915,888.0,266.4,0.0,0.0,216095.74857700002,39323.058769999996,255418.807347,4256.98012245,88.81043370897079,1995.4594323984375,4403.7725404655175,4729.977913833333,19.95,255418.807346,3600000.0,3600000.0,trigger_spam__s09__full_secure,full_secure,ablation,,,True,
secure,trigger_spam,9,3600.0,079bd0db9cb6e246,True,synthetic_distribution,False,disable_adaptive_trigger,2876,236,169,2640,26051.692,0.0072365811111111105,128,2.1333333333333333,128,2.1333333333333333,58,54,525,50,37,0.74,0.26,0.31952662721893493,37,630.2411351351361,242.52299999957904,1176.2002406677273,1502.9167999999972,2454.5936000000834,5276.32175999981,124.34400000004098,5983.5719999996945,128,205.24923437500226,173.09699999997974,57.51967822187428,274.5993999999482,282.8396500000132,289.5841099997284,123.34400000004098,291.0150000001304,128,206.24923437500226,174.09699999997974,57.51967822187428,275.5993999999482,283.8396500000132,290.5841099997284,124.34400000004098,292.0150000001304,0,153.0,2080.0,16.0,627.0,0.06851768920734438,0.9053254437869822,0.1273938384679434,0.7683782785371259,0.09467455621301775,0.12761904761904763,2062.0,54,5,4,0.9152542372881356,0.9310344827586207,0.923076923076923,0.9310344827586207,0.8636758620689655,0.07643492659530567,0.17892999999999998,0.5234375,0.4765625,,,not_computed_no_bbox_data,5,4,5.0,0,0,2640,445.0,445,385,60,80,12,68,9,0.8651685393258427,0.022727272727272728,60,0.15,0.13432835820895522,0.7561904761904762,0.9697732997481109,0.8651685393258427,0.9144893111638955,0.4,0,0,5,117,275,0,86.0,128,0.662053125,0.63645,0.1238238976448115,0.82124,0.8939449999999997,1.0102680000000002,0.5023,1.1312,128,0.0,0.0,0.0,0.0,0.0,0.0,0.0,0.0,128,0,0,0,0,0.0,0.0,3596829.257,215809.755416,2876.0,258.84,210.0,19.95,84.743,7.203161,3573948.304,28591.586432,384.0,57.6,17938.456,7534.151423,6841.24,2873.320915,888.0,266.4,0.0,0.0,216095.74857700002,39323.058769999996,255418.807347,4256.98012245,88.81043370897079,1995.4594323984375,4403.7725404655175,4729.977913833333,19.95,255418.807346,3600000.0,3600000.0,trigger_spam__s09__no_adaptive_trigger,no_adaptive_trigger,ablation,,,True,
secure,trigger_spam,9,3600.0,079bd0db9cb6e246,True,synthetic_distribution,False,disable_burst_detection,2876,236,169,2640,51665.576,0.01435154888888889,245,4.083333333333333,245,4.083333333333333,62,58,525,50,40,0.8,0.19999999999999996,0.3431952662721893,40,720.9317749999992,253.36450000008335,1192.3068963547635,1577.9648000000052,2908.3629499999834,5217.3842399998175,124.34400000004098,5983.5719999996945,245,212.59814693877706,241.2939999999944,57.48801960882068,276.1077999997884,285.1304000000469,292.45111999999267,123.34400000004098,314.34700000000885,245,213.59814693877706,242.2939999999944,57.48801960882068,277.1077999997884,286.1304000000469,293.45111999999267,124.34400000004098,315.34700000000885,0,153.0,2080.0,16.0,627.0,0.06851768920734438,0.9053254437869822,0.1273938384679434,0.7683782785371259,0.09467455621301775,0.12761904761904763,2062.0,58,5,4,0.9206349206349206,0.9354838709677419,0.9279999999999999,0.9354838709677419,0.860841935483871,0.07538778339172124,0.18241538461538462,0.4530612244897959,0.5469387755102041,,,not_computed_no_bbox_data,7,6,7.0,0,0,2640,445.0,445,275,170,80,5,75,5,0.6179775280898876,0.06439393939393939,170,0.0625,0.07462686567164178,0.5333333333333333,0.9821428571428571,0.6179775280898876,0.7586206896551723,0.4,0,0,5,0,275,0,86.0,245,0.6604534693877552,0.6396,0.11637876808977807,0.81344,0.8834199999999999,0.97194,0.5023,1.1312,245,0.0,0.0,0.0,0.0,0.0,0.0,0.0,0.0,245,0,0,0,0,0.0,0.0,3596752.188,215805.131285,2876.0,258.84,210.0,19.95,161.812,13.754012,3548334.42,28386.675363,735.0,110.25,34340.245,14422.903076,14988.334,6295.100344,1602.0,480.6,0.0,0.0,216097.675297,49695.528782999994,265793.20408,4429.886734666667,92.41766484005564,1084.870220734694,4286.987162580645,4582.641449655172,19.95,265793.204081,3600000.0,3599999.999,trigger_spam__s09__no_burst_detection,no_burst_detection,ablation,,,True,
secure,trigger_spam,9,3600.0,079bd0db9cb6e246,True,synthetic_distribution,False,disable_consistency_check,2876,236,169,2640,46161.835,0.012822731944444445,219,3.65,219,3.65,58,54,525,50,37,0.74,0.26,0.31952662721893493,37,630.2411351351361,242.52299999957904,1176.2002406677273,1502.9167999999972,2454.5936000000834,5276.32175999981,124.34400000004098,5983.5719999996945,219,212.4890684931489,243.64600000006612,56.81080182596782,274.5575999999419,281.9549999999901,289.5271599998791,123.34400000004098,291.0150000001304,219,213.4890684931489,244.64600000006612,56.81080182596782,275.5575999999419,282.9549999999901,290.5271599998791,124.34400000004098,292.0150000001304,0,153.0,2080.0,16.0,627.0,0.06851768920734438,0.9053254437869822,0.1273938384679434,0.7683782785371259,0.09467455621301775,0.12761904761904763,2062.0,54,5,4,0.9152542372881356,0.9310344827586207,0.923076923076923,0.9310344827586207,0.8636758620689655,0.07643492659530567,0.17892999999999998,0.4429223744292237,0.5570776255707762,,,not_computed_no_bbox_data,10,9,10.0,0,0,2640,445.0,445,294,151,80,12,68,9,0.6606741573033708,0.0571969696969697,151,0.15,0.13432835820895522,0.5828571428571429,0.9607843137254902,0.6606741573033708,0.7829560585885487,0.4,4,0,5,297,0,0,86.0,219,0.6511616438356165,0.6274,0.11709091891644824,0.81062,0.86944,0.9994959999999998,0.5008,1.1312,219,0.0,0.0,0.0,0.0,0.0,0.0,0.0,0.0,219,0,0,0,0,0.0,0.0,3596771.396,215806.283739,2876.0,258.84,210.0,19.95,142.604,12.121369,3553838.166,28430.705324,657.0,98.55,30512.624,12815.301893,13546.211,5689.408578,1446.0,433.8,0.0,0.0,216097.195108,47467.765795,263564.96090299997,4392.749348383333,91.64289322079276,1203.4929721598173,4544.223463844827,4880.832609314814,19.95,263564.960904,3600000.0,3600000.001,trigger_spam__s09__no_consistency_check,no_consistency_check,ablation,,,True,
secure,trigger_spam,9,3600.0,079bd0db9cb6e246,True,synthetic_distribution,False,disable_cooldown,2876,236,169,2640,71026.11600000001,0.01972947666666667,299,4.983333333333333,336,5.6,114,104,2233,50,42,0.84,0.16000000000000003,0.6153846153846154,42,473.4132857142737,246.57549999997718,945.31997862841,944.5114000001688,1522.9607499999925,4158.516449999685,124.34400000004098,5983.5719999996945,336,228.52754464285258,249.7085000000052,74.898015755983,287.5320000000065,341.9999999999818,487.98744999996717,119.86199999996461,551.1770000001416,336,229.5304880952337,250.7085000000052,74.90143431458692,288.5320000000065,342.9999999999818,488.98744999996717,120.86199999996461,552.1770000001416,0,153.0,2080.0,16.0,627.0,0.06851768920734438,0.9053254437869822,0.1273938384679434,0.7683782785371259,0.09467455621301775,0.06851768920734438,2062.0,104,11,10,0.9043478260869565,0.9122807017543859,0.9082969432314411,0.9122807017543859,0.8597552631578947,0.08012957105772336,0.17163846153846152,0.44642857142857145,0.5535714285714286,,,not_computed_no_bbox_data,13,12,13.0,0,0,2640,2062.0,2062,1853,209,171,44,127,39,0.8986420950533462,0.07916666666666666,209,0.2573099415204678,0.2549019607843137,0.8495297805642633,0.9768054823405377,0.8986420950533462,0.936094973478151,0.4,28,0,13,616,1240,0,0.0,336,0.661388988095238,0.63725,0.11624755043807843,0.8139000000000001,0.869575,1.023185,0.5021,1.1312,336,15.414997023809525,0.0,52.30986866599574,18.444,150.3945,244.7275,0.0,385.615,336,0,0,0,0,0.0,0.0,3596008.574,215760.514434,2876.0,258.84,893.2,84.854,222.226,18.889218,3528973.874,28231.790994,897.0,134.55,47234.107,19838.324958,20621.019,8660.827872,2274.0,682.2,0.0,0.0,216123.097652,57547.693823999994,273670.791476,4561.179857933333,95.15674251599444,814.4964032023809,2400.620977859649,2631.4499180384614,84.854,273670.791477,3600000.0,3599999.9999999995,trigger_spam__s09__no_cooldown,no_cooldown,ablation,,,True,
secure,trigger_spam,9,3600.0,079bd0db9cb6e246,True,synthetic_distribution,False,disable_early_exit,2876,236,169,2640,33417.587,0.009282663055555555,128,2.1333333333333333,128,2.1333333333333333,58,56,525,50,38,0.76,0.24,0.33136094674556216,38,610.3505263157908,270.20350000003646,1027.8010953514195,1400.852699999998,1686.393550000019,4632.920039999965,231.3939999998547,6081.768999999855,128,262.79528906250744,262.0260000000126,15.085108391495067,282.6783000000261,286.61019999999553,293.7911900001834,227.68100000033155,295.737000000081,128,263.79528906250744,263.0260000000126,15.085108391495067,283.6783000000261,287.61019999999553,294.7911900001834,228.68100000033155,296.737000000081,0,153.0,2080.0,16.0,627.0,0.06851768920734438,0.9053254437869822,0.1273938384679434,0.7683782785371259,0.09467455621301775,0.12761904761904763,2062.0,56,3,2,0.9491525423728814,0.9655172413793104,0.9572649572649573,0.9655172413793104,0.8872948275862068,0.0858297732303702,0.16999999999999998,0.0,1.0,,,not_computed_no_bbox_data,5,4,5.0,0,0,2640,445.0,445,385,60,80,12,68,9,0.8651685393258427,0.022727272727272728,60,0.15,0.13432835820895522,0.7561904761904762,0.9697732997481109,0.8651685393258427,0.9144893111638955,0.4,0,0,5,117,275,0,86.0,128,0.662053125,0.63645,0.1238238976448115,0.82124,0.8939449999999997,1.0102680000000002,0.5023,1.1312,128,0.0,0.0,0.0,0.0,0.0,0.0,0.0,0.0,128,0,0,0,0,0.0,0.0,3596829.257,215809.755416,2876.0,258.84,210.0,19.95,84.743,7.203161,3566582.413,28532.659305,384.0,57.6,17938.456,7534.151423,14195.131,5961.955068,900.0,270.0,0.0,0.0,216095.74857700002,42356.365796000006,258452.11437300002,4307.53523955,89.86513017141864,2019.1571435390626,4456.070937465518,4615.216328089286,19.95,258452.114373,3600000.0,3600000.0,trigger_spam__s09__no_early_exit,no_early_exit,ablation,,,True,
secure,trigger_spam,9,3600.0,079bd0db9cb6e246,True,synthetic_distribution,False,disable_rate_limit,2876,236,169,2640,26051.692,0.0072365811111111105,128,2.1333333333333333,128,2.1333333333333333,58,54,525,50,37,0.74,0.26,0.31952662721893493,37,630.2411351351361,242.52299999957904,1176.2002406677273,1502.9167999999972,2454.5936000000834,5276.32175999981,124.34400000004098,5983.5719999996945,128,205.24923437500226,173.09699999997974,57.51967822187428,274.5993999999482,282.8396500000132,289.5841099997284,123.34400000004098,291.0150000001304,128,206.24923437500226,174.09699999997974,57.51967822187428,275.5993999999482,283.8396500000132,290.5841099997284,124.34400000004098,292.0150000001304,0,153.0,2080.0,16.0,627.0,0.06851768920734438,0.9053254437869822,0.1273938384679434,0.7683782785371259,0.09467455621301775,0.12761904761904763,2062.0,54,5,4,0.9152542372881356,0.9310344827586207,0.923076923076923,0.9310344827586207,0.8636758620689655,0.07643492659530567,0.17892999999999998,0.5234375,0.4765625,,,not_computed_no_bbox_data,5,4,5.0,0,0,2640,445.0,445,385,60,80,12,68,9,0.8651685393258427,0.022727272727272728,60,0.15,0.13432835820895522,0.7561904761904762,0.9697732997481109,0.8651685393258427,0.9144893111638955,0.4,0,0,5,117,275,0,86.0,128,0.662053125,0.63645,0.1238238976448115,0.82124,0.8939449999999997,1.0102680000000002,0.5023,1.1312,128,0.0,0.0,0.0,0.0,0.0,0.0,0.0,0.0,128,0,0,0,0,0.0,0.0,3596829.257,215809.755416,2876.0,258.84,210.0,19.95,84.743,7.203161,3573948.304,28591.586432,384.0,57.6,17938.456,7534.151423,6841.24,2873.320915,888.0,266.4,0.0,0.0,216095.74857700002,39323.058769999996,255418.807347,4256.98012245,88.81043370897079,1995.4594323984375,4403.7725404655175,4729.977913833333,19.95,255418.807346,3600000.0,3600000.0,trigger_spam__s09__no_rate_limit,no_rate_limit,ablation,,,True,
secure,trigger_spam,9,3600.0,079bd0db9cb6e246,True,synthetic_distribution,False,disable_replay_protection,2876,236,169,2640,27017.077999999998,0.007504743888888888,133,2.216666666666667,133,2.216666666666667,63,59,525,50,37,0.74,0.26,0.34911242603550297,37,630.2411351351361,242.52299999957904,1176.2002406677273,1502.9167999999972,2454.5936000000834,5276.32175999981,124.34400000004098,5983.5719999996945,133,204.85325563909296,171.8519999999553,57.31262443516929,274.3867999999551,282.72440000002246,289.5837599997409,123.34400000004098,291.0150000001304,133,205.85325563909296,172.8519999999553,57.31262443516929,275.3867999999551,283.72440000002246,290.5837599997409,124.34400000004098,292.0150000001304,0,153.0,2080.0,16.0,627.0,0.06851768920734438,0.9053254437869822,0.1273938384679434,0.7683782785371259,0.09467455621301775,0.12761904761904763,2062.0,59,5,4,0.921875,0.9365079365079365,0.9291338582677166,0.9365079365079365,0.8630746031746032,0.0742650049316721,0.17892999999999998,0.5263157894736842,0.47368421052631576,,,not_computed_no_bbox_data,5,4,5.0,0,0,2640,445.0,445,385,60,80,7,73,4,0.8651685393258427,0.022727272727272728,60,0.0875,0.05970149253731343,0.7466666666666667,0.9821428571428571,0.8651685393258427,0.9199522102747909,0.4,0,0,0,117,275,0,86.0,133,0.6617526315789474,0.6374,0.123345879529112,0.8191999999999999,0.8851199999999997,1.0076880000000004,0.5023,1.1312,133,0.0,0.0,0.0,0.0,0.0,0.0,0.0,0.0,133,0,0,0,0,0.0,0.0,3596825.987,215809.559194,2876.0,258.84,210.0,19.95,88.013,7.481141,3572982.918,28583.863344,399.0,59.85,18627.986,7823.754166,7061.596,2965.870298,928.5,278.55,0.0,0.0,216095.830335,39711.88780800001,255807.71814299998,4263.461969049999,88.945659994089,1923.3663018270674,4060.4399705238093,4335.7240363220335,19.95,255807.718143,3600000.0,3600000.0,trigger_spam__s09__no_replay_protection,no_replay_protection,ablation,,,True,
secure,trigger_spam,9,3600.0,079bd0db9cb6e246,True,synthetic_distribution,False,disable_security,2876,236,169,2640,113695.69,0.03158213611111111,525,8.75,525,8.75,67,63,525,50,40,0.8,0.19999999999999996,0.3727810650887574,40,720.5317750000056,252.96450000011828,1192.3068963547582,1577.5648000000517,2907.9629500000706,5216.984239999865,123.9440000000177,5983.171999999788,525,217.87644190475467,247.99599999981,55.52085650722343,275.0225999999908,281.1745999997947,290.96079999987035,122.9440000000177,313.94700000001467,525,218.87644190475467,248.99599999981,55.52085650722343,276.0225999999908,282.1745999997947,291.96079999987035,123.9440000000177,314.94700000001467,0,153.0,2080.0,16.0,627.0,0.06851768920734438,0.9053254437869822,0.1273938384679434,0.7683782785371259,0.09467455621301775,0.12761904761904763,2062.0,63,5,4,0.9264705882352942,0.9402985074626866,0.9333333333333335,0.9402985074626866,0.8604880597014926,0.073387647632051,0.18241538461538462,0.38857142857142857,0.6114285714285714,,,not_computed_no_bbox_data,20,19,20.0,0,0,2640,445.0,0,0,0,0,0,0,0,,0.16856060606060605,445,,,,,,,0.0,0,0,0,0,0,0,86.0,525,0.6555072380952381,0.6377,0.11645677254318067,0.81018,0.8727599999999999,1.0005279999999999,0.5008,1.1312,525,0.0,0.0,0.0,0.0,0.0,0.0,0.0,0.0,525,0,0,0,0,0.0,0.0,3596779.858,215806.791509,2876.0,258.84,0.0,0.0,344.142,29.252029,3486304.308,27890.434463,1575.0,236.25,73133.982,30716.272291,35665.71,14979.598393,3321.0,996.3,0.0,0.0,216094.883538,74818.85514700001,290913.738685,4848.5623114166665,101.1522039933936,554.1214070190476,4341.996099776119,4617.678391825397,0.0,290913.738685,3600000.0,3600000.0,trigger_spam__s09__no_security,no_security,ablation,,,True,
always_on,trigger_spam,10,3600.0,8fc97bb437290e2f,True,synthetic_distribution,False,,1396,249,166,1147,3600000.0,1.0,1,0.016666666666666666,1018,16.966666666666665,163,152,0,56,56,1.0,0.0,0.9156626506024096,56,400.87119642855913,337.5174999999872,265.37333156816936,520.5809999999474,939.2100000000501,1482.8918500001087,175.12899999972433,1669.3379999999888,0,,,,,,,,,1018,324.4386974459718,323.02550000010524,90.99680697206787,449.9942000001204,485.30889999993957,522.9212500000443,133.91099999984726,692.6340000000782,0,,,,,,,,,,,,152,13,14,0.9212121212121213,0.9156626506024096,0.918429003021148,0.9325153374233128,0.8526939759036143,0.09701869904039284,0.16934814814814816,0.3948919449901768,0.6051080550098232,,,not_computed_no_bbox_data,29,27,29.0,17012,239,1147,,0,0,0,0,0,0,0,,0.6721883173496077,771,,,,,,,0.0,0,0,0,0,0,0,,0,,,,,,,,,0,,,,,,,,,0,0,0,0,0,3600000.0,18000.0,0.0,0.0,0.0,0.0,0.0,0.0,0.0,0.0,0.0,0.0,0.0,0.0,2531844.686,1063374.768051,959058.814,402804.701949,109096.5,32728.95,0.0,0.0,18000.0,1498908.4200000002,1516908.4200000002,25281.807000000004,1086.6106160458453,,9306.186625766872,9979.660657894738,0.0,1516908.42,3600000.0,3600000.0,trigger_spam__s10__always_on,always_on,ablation,,,True,
secure,trigger_spam,10,3600.0,8fc97bb437290e2f,True,synthetic_distribution,False,,1396,249,166,1147,25775.523,0.0071598675,122,2.033333333333333,122,2.033333333333333,71,65,292,56,47,0.8392857142857143,0.1607142857142857,0.39156626506024095,47,406.27589361700586,171.90499999999884,560.4747623080937,1293.8556000001724,1852.048999999882,2265.4967399999487,140.3560000001453,2389.963999999978,122,212.98086885244658,245.93249999990803,56.26050994912686,272.81429999987597,284.82890000001055,300.7843899998988,139.18299999999,304.0200000000186,122,213.98086885244658,246.93249999990803,56.26050994912686,273.81429999987597,285.82890000001055,301.7843899998988,140.18299999999,305.0200000000186,0,154.0,894.0,12.0,336.0,0.14694656488549618,0.927710843373494,0.25370675453047775,0.7268292682926829,0.07228915662650602,0.2636986301369863,873.0,65,7,6,0.9027777777777778,0.9154929577464789,0.9090909090909091,0.9154929577464789,0.8469323943661974,0.0831141190939093,0.21447857142857138,0.45901639344262296,0.5409836065573771,,,not_computed_no_bbox_data,2,1,2.0,0,0,1147,201.0,201,164,37,91,6,85,6,0.8159203980099502,0.03225806451612903,37,0.06593406593406594,0.07792207792207792,0.5821917808219178,0.9647058823529412,0.8159203980099502,0.8840970350404312,0.4,0,1,3,52,114,0,77.0,122,0.6525778688524592,0.63135,0.1251644336725801,0.8305400000000001,0.864645,1.0946579999999992,0.5064,1.1795,122,0.0,0.0,0.0,0.0,0.0,0.0,0.0,0.0,122,0,0,0,0,0.0,0.0,3598407.585,215904.455107,1396.0,125.64,116.8,11.096,79.615,6.767265,3574224.483,28593.79586,366.0,54.9,17226.46,7235.113172,7299.558,3065.814164,883.5,265.05,0.0,0.0,216047.958372,39214.673196,255262.63156799998,4254.3771928,182.8528879426934,2092.316652196721,3595.248331943662,3927.117408738461,11.096,255262.631568,3600000.0,3600000.001,trigger_spam__s10__full_secure,full_secure,ablation,,,True,
secure,trigger_spam,10,3600.0,8fc97bb437290e2f,True,synthetic_distribution,False,disable_adaptive_trigger,1396,249,166,1147,25948.054000000004,0.007207792777777779,123,2.05,123,2.05,72,66,293,56,47,0.8392857142857143,0.1607142857142857,0.39759036144578314,47,380.4915531914727,171.90499999999884,537.876545723476,652.7140000000351,1852.048999999882,2265.4967399999487,140.3560000001453,2389.963999999978,123,212.66969105690018,245.87200000003213,56.261501629532454,272.73459999989717,284.64080000002866,300.69097999989754,139.18299999999,304.0200000000186,123,213.66969105690018,246.87200000003213,56.261501629532454,273.73459999989717,285.64080000002866,301.69097999989754,140.18299999999,305.0200000000186,0,156.0,894.0,10.0,336.0,0.14857142857142858,0.9397590361445783,0.256578947368421,0.7268292682926829,0.060240963855421686,0.26621160409556316,873.0,66,7,6,0.9041095890410958,0.9166666666666666,0.9103448275862068,0.9166666666666666,0.8452819444444445,0.08582113618383407,0.21447857142857138,0.4634146341463415,0.5365853658536586,,,not_computed_no_bbox_data,2,1,2.0,0,0,1147,201.0,201,164,37,92,6,86,6,0.8159203980099502,0.03225806451612903,37,0.06521739130434782,0.07692307692307693,0.5802047781569966,0.9647058823529412,0.8159203980099502,0.8840970350404312,0.4,0,1,3,52,114,0,78.0,123,0.6535764227642279,0.6334,0.12487073649578644,0.8290799999999999,0.86459,1.0938560000000002,0.5064,1.1795,123,0.0,0.0,0.0,0.0,0.0,0.0,0.0,0.0,123,0,0,0,0,0.0,0.0,3598406.41,215904.384587,1396.0,125.64,117.2,11.134,80.39,6.833169,3574051.952,28592.415612,369.0,55.35,17391.415,7304.394488,7293.633,3063.325877,894.0,268.2,0.0,0.0,216047.991756,39283.685977,255331.67773300002,4255.527962216667,182.90234794627509,2075.8672986422766,3546.2733018472227,3868.6617838333336,11.134,255331.677733,3600000.0000000005,3600000.0,trigger_spam__s10__no_adaptive_trigger,no_adaptive_trigger,ablation,,,True,
secure,trigger_spam,10,3600.0,8fc97bb437290e2f,True,synthetic_distribution,False,disable_burst_detection,1396,249,166,1147,37431.07000000001,0.010397519444444446,174,2.9,174,2.9,74,67,292,56,48,0.8571428571428571,0.1428571428571429,0.4036144578313253,48,424.09691666665157,209.44899999989138,568.0603540821986,1324.2965000000383,1844.4374999998834,2262.7909299999483,140.3560000001453,2389.963999999978,174,216.8214482758583,247.7279999999446,55.57591629522071,271.8722000000067,279.8133000001311,295.9270699998307,130.1359999999986,304.0200000000186,174,217.8214482758583,248.7279999999446,55.57591629522071,272.8722000000067,280.8133000001311,296.9270699998307,131.1359999999986,305.0200000000186,0,154.0,894.0,12.0,336.0,0.14694656488549618,0.927710843373494,0.25370675453047775,0.7268292682926829,0.07228915662650602,0.2636986301369863,873.0,67,8,7,0.8933333333333333,0.9054054054054054,0.8993288590604026,0.9054054054054054,0.8478635135135135,0.08213243661094256,0.21447857142857138,0.41379310344827586,0.5862068965517241,,,not_computed_no_bbox_data,4,3,4.0,0,0,1147,201.0,201,115,86,91,3,88,3,0.572139303482587,0.07497820401046207,86,0.03296703296703297,0.03896103896103896,0.4041095890410959,0.9745762711864406,0.572139303482587,0.7210031347962381,0.4,0,1,3,0,114,0,77.0,174,0.6474683908045976,0.62765,0.11733578553594687,0.8018400000000001,0.863535,1.0529540000000008,0.5009,1.1795,174,0.0,0.0,0.0,0.0,0.0,0.0,0.0,0.0,174,0,0,0,0,0.0,0.0,3598374.54,215902.472417,1396.0,125.64,116.8,11.096,112.66,9.576076,3562568.937,28500.551494,522.0,78.3,24503.721,10291.562714,11199.342,4703.72383,1206.0,361.8,0.0,0.0,216048.784493,43935.93803800001,259984.722531,4333.07870885,186.2354745924069,1494.1650720172415,3513.3070612297297,3880.368993,11.096,259984.722531,3600000.0,3600000.0,trigger_spam__s10__no_burst_detection,no_burst_detection,ablation,,,True,
secure,trigger_spam,10,3600.0,8fc97bb437290e2f,True,synthetic_distribution,False,disable_consistency_check,1396,249,166,1147,38312.992,0.010642497777777777,177,2.95,177,2.95,71,65,292,56,47,0.8392857142857143,0.1607142857142857,0.39156626506024095,47,406.27589361700586,171.90499999999884,560.4747623080937,1293.8556000001724,1852.048999999882,2265.4967399999487,140.3560000001453,2389.963999999978,177,218.16660451975577,249.4619999998249,54.5698499738948,273.34319999990987,280.8110000000684,296.0488799999003,134.06000000005588,304.0200000000186,177,219.16660451975577,250.4619999998249,54.5698499738948,274.34319999990987,281.8110000000684,297.0488799999003,135.06000000005588,305.0200000000186,0,154.0,894.0,12.0,336.0,0.14694656488549618,0.927710843373494,0.25370675453047775,0.7268292682926829,0.07228915662650602,0.2636986301369863,873.0,65,7,6,0.9027777777777778,0.9154929577464789,0.9090909090909091,0.9154929577464789,0.8469323943661974,0.0831141190939093,0.21447857142857138,0.4067796610169492,0.5932203389830508,,,not_computed_no_bbox_data,2,1,2.0,0,0,1147,201.0,201,109,92,91,6,85,6,0.5422885572139303,0.08020924149956409,92,0.06593406593406594,0.07792207792207792,0.3938356164383562,0.9478260869565217,0.5422885572139303,0.689873417721519,0.4,3,1,3,108,0,0,77.0,177,0.6493378531073446,0.6251,0.11995717551163122,0.81608,0.86382,1.0505480000000007,0.5028,1.1795,177,0.0,0.0,0.0,0.0,0.0,0.0,0.0,0.0,177,0,0,0,0,0.0,0.0,3598372.267,215902.336011,1396.0,125.64,116.8,11.096,114.933,9.769318,3561687.011,28493.49609,531.0,79.65,25023.811,10510.000583,11544.678,4848.764678,1213.5,364.05,0.0,0.0,216048.84132900002,44295.961351000005,260344.80268000002,4339.080044666667,186.49341166189114,1470.8745914124295,3666.8282067605637,4005.304656615385,11.096,260344.80268,3600000.0,3600000.0,trigger_spam__s10__no_consistency_check,no_consistency_check,ablation,,,True,
secure,trigger_spam,10,3600.0,8fc97bb437290e2f,True,synthetic_distribution,False,disable_cooldown,1396,249,166,1147,54462.118,0.015128366111111112,241,4.016666666666667,261,4.35,130,121,1048,56,56,1.0,0.0,0.7289156626506024,56,389.82439285713036,248.3564999999944,437.86297303491375,1088.000500000082,1506.3165000000736,1769.56909999993,140.3560000001453,1897.717999999877,261,220.6187318007599,248.05499999999302,68.57262613999822,281.2550000003539,302.9459999999963,425.3061999999682,128.8090000001248,512.3680000000168,261,221.6187318007599,249.05499999999302,68.57262613999822,282.2550000003539,303.9459999999963,426.3061999999682,129.8090000001248,513.3680000000168,0,154.0,894.0,12.0,336.0,0.14694656488549618,0.927710843373494,0.25370675453047775,0.7268292682926829,0.07228915662650602,0.14694656488549618,873.0,121,10,11,0.9236641221374046,0.9166666666666666,0.9201520912547528,0.9307692307692308,0.8496583333333333,0.09295656298390753,0.2070722222222222,0.4789272030651341,0.5210727969348659,,,not_computed_no_bbox_data,4,3,4.0,0,0,1147,873.0,873,762,111,175,25,150,22,0.872852233676976,0.0967741935483871,111,0.14285714285714285,0.14285714285714285,0.7509541984732825,0.9682337992376112,0.872852233676976,0.9180722891566265,0.4,12,2,11,250,512,0,0.0,261,0.6557291187739465,0.6339,0.12092312908966522,0.8046,0.8827,1.0315800000000002,0.5005,1.1795,261,10.239766283524904,0.0,41.918531437445296,0.0,98.39,244.5471999999999,0.0,258.396,261,0,0,0,0,0.0,0.0,3598013.654,215880.819259,1396.0,125.64,419.2,39.824,171.146,14.547384,3545537.881,28364.30305,723.0,108.45,36844.295,15474.603856,15040.824,6317.145998,1854.0,556.2,0.0,0.0,216060.83064300002,50820.702904,266881.533547,4448.025559116667,191.17588362965617,1022.5346112911878,2052.9348734384616,2205.6325086528927,39.824,266881.533547,3600000.0000000005,3600000.0,trigger_spam__s10__no_cooldown,no_cooldown,ablation,,,True,
secure,trigger_spam,10,3600.0,8fc97bb437290e2f,True,synthetic_distribution,False,disable_early_exit,1396,249,166,1147,31873.877,0.008853854722222223,122,2.033333333333333,122,2.033333333333333,71,67,292,56,47,0.8392857142857143,0.1607142857142857,0.4036144578313253,47,344.0557659574279,265.9619999999413,313.1288035395315,285.88279999998633,914.4400000001151,1675.663979999935,246.9089999999851,1850.526999999769,122,262.9673688524465,261.5244999999122,12.833363874454864,279.0292000000103,288.2314500000124,301.7566899999426,237.8980000000447,304.0200000000186,122,263.9673688524465,262.5244999999122,12.833363874454864,280.0292000000103,289.2314500000124,302.7566899999426,238.8980000000447,305.0200000000186,0,154.0,894.0,12.0,336.0,0.14694656488549618,0.927710843373494,0.25370675453047775,0.7268292682926829,0.07228915662650602,0.2636986301369863,873.0,67,5,4,0.9305555555555556,0.9436619718309859,0.9370629370629372,0.9436619718309859,0.8691535211267606,0.09677012353434876,0.20387142857142854,0.0,1.0,,,not_computed_no_bbox_data,2,1,2.0,0,0,1147,201.0,201,164,37,91,6,85,6,0.8159203980099502,0.03225806451612903,37,0.06593406593406594,0.07792207792207792,0.5821917808219178,0.9647058823529412,0.8159203980099502,0.8840970350404312,0.4,0,1,3,52,114,0,77.0,122,0.6525778688524592,0.63135,0.1251644336725801,0.8305400000000001,0.864645,1.0946579999999992,0.5064,1.1795,122,0.0,0.0,0.0,0.0,0.0,0.0,0.0,0.0,122,0,0,0,0,0.0,0.0,3598407.585,215904.455107,1396.0,125.64,116.8,11.096,79.615,6.767265,3568126.125,28545.008998,366.0,54.9,17226.46,7235.113172,13381.415,5620.194446,900.0,270.0,0.0,0.0,216047.958372,41725.216616000005,257773.17498799998,4296.219583133333,184.65127148137535,2112.8948769508197,3630.608098422535,3847.3608207164175,11.096,257773.174987,3600000.0,3600000.0,trigger_spam__s10__no_early_exit,no_early_exit,ablation,,,True,
secure,trigger_spam,10,3600.0,8fc97bb437290e2f,True,synthetic_distribution,False,disable_rate_limit,1396,249,166,1147,25775.523,0.0071598675,122,2.033333333333333,122,2.033333333333333,71,65,292,56,47,0.8392857142857143,0.1607142857142857,0.39156626506024095,47,406.27589361700586,171.90499999999884,560.4747623080937,1293.8556000001724,1852.048999999882,2265.4967399999487,140.3560000001453,2389.963999999978,122,212.98086885244658,245.93249999990803,56.26050994912686,272.81429999987597,284.82890000001055,300.7843899998988,139.18299999999,304.0200000000186,122,213.98086885244658,246.93249999990803,56.26050994912686,273.81429999987597,285.82890000001055,301.7843899998988,140.18299999999,305.0200000000186,0,154.0,894.0,12.0,336.0,0.14694656488549618,0.927710843373494,0.25370675453047775,0.7268292682926829,0.07228915662650602,0.2636986301369863,873.0,65,7,6,0.9027777777777778,0.9154929577464789,0.9090909090909091,0.9154929577464789,0.8469323943661974,0.0831141190939093,0.21447857142857138,0.45901639344262296,0.5409836065573771,,,not_computed_no_bbox_data,2,1,2.0,0,0,1147,201.0,201,164,37,91,6,85,6,0.8159203980099502,0.03225806451612903,37,0.06593406593406594,0.07792207792207792,0.5821917808219178,0.9647058823529412,0.8159203980099502,0.8840970350404312,0.4,0,1,3,52,114,0,77.0,122,0.6525778688524592,0.63135,0.1251644336725801,0.8305400000000001,0.864645,1.0946579999999992,0.5064,1.1795,122,0.0,0.0,0.0,0.0,0.0,0.0,0.0,0.0,122,0,0,0,0,0.0,0.0,3598407.585,215904.455107,1396.0,125.64,116.8,11.096,79.615,6.767265,3574224.483,28593.79586,366.0,54.9,17226.46,7235.113172,7299.558,3065.814164,883.5,265.05,0.0,0.0,216047.958372,39214.673196,255262.63156799998,4254.3771928,182.8528879426934,2092.316652196721,3595.248331943662,3927.117408738461,11.096,255262.631568,3600000.0,3600000.001,trigger_spam__s10__no_rate_limit,no_rate_limit,ablation,,,True,
secure,trigger_spam,10,3600.0,8fc97bb437290e2f,True,synthetic_distribution,False,disable_replay_protection,1396,249,166,1147,26375.370000000006,0.007326491666666668,125,2.0833333333333335,125,2.0833333333333335,73,67,292,56,47,0.8392857142857143,0.1607142857142857,0.4036144578313253,47,406.27589361700586,171.90499999999884,560.4747623080937,1293.8556000001724,1852.048999999882,2265.4967399999487,140.3560000001453,2389.963999999978,125,212.71191999998805,245.87200000003213,56.312636997314094,273.56779999993745,284.4873999999836,300.50415999989497,139.18299999999,304.0200000000186,125,213.71191999998805,246.87200000003213,56.312636997314094,274.56779999993745,285.4873999999836,301.50415999989497,140.18299999999,305.0200000000186,0,154.0,894.0,12.0,336.0,0.14694656488549618,0.927710843373494,0.25370675453047775,0.7268292682926829,0.07228915662650602,0.2636986301369863,873.0,67,7,7,0.9054054054054054,0.9054054054054054,0.9054054054054054,0.9178082191780822,0.8438743243243243,0.09365857706455072,0.21447857142857138,0.464,0.536,,,not_computed_no_bbox_data,2,1,2.0,0,0,1147,201.0,201,164,37,91,3,88,3,0.8159203980099502,0.03225806451612903,37,0.03296703296703297,0.03896103896103896,0.571917808219178,0.9820359281437125,0.8159203980099502,0.8913043478260868,0.4,0,0,0,53,114,0,77.0,125,0.6531096000000001,0.6334,0.125433176158823,0.832,0.86448,1.0922520000000004,0.5064,1.1795,125,0.0,0.0,0.0,0.0,0.0,0.0,0.0,0.0,125,0,0,0,0,0.0,0.0,3598405.561,215904.333658,1396.0,125.64,116.8,11.096,81.639,6.939318,3573624.637,28588.997095,375.0,56.25,17674.526,7423.300738,7418.338,3115.701758,907.5,272.25,0.0,0.0,216048.00897599998,39456.499591,255504.508567,4258.408476116667,183.02615226862466,2044.0360685360001,3500.061761191781,3813.500127865672,11.096,255504.508567,3600000.0,3600000.001,trigger_spam__s10__no_replay_protection,no_replay_protection,ablation,,,True,
secure,trigger_spam,10,3600.0,8fc97bb437290e2f,True,synthetic_distribution,False,disable_security,1396,249,166,1147,63296.184,0.017582273333333332,292,4.866666666666666,292,4.866666666666666,76,69,292,56,48,0.8571428571428571,0.1428571428571429,0.41566265060240964,48,423.69691666666887,209.04899999994086,568.0603540822136,1323.89650000005,1844.0374999999765,2262.39092999998,139.95600000023842,2389.563999999955,292,218.0729246575335,248.87599999993108,54.94565639185367,273.7771999999415,278.45715000004566,293.05260999989696,129.73600000003353,303.61999999999534,292,219.0729246575335,249.87599999993108,54.94565639185367,274.7771999999415,279.45715000004566,294.05260999989696,130.73600000003353,304.61999999999534,0,154.0,894.0,12.0,336.0,0.14694656488549618,0.927710843373494,0.25370675453047775,0.7268292682926829,0.07228915662650602,0.2636986301369863,873.0,69,8,8,0.8961038961038961,0.8961038961038961,0.8961038961038962,0.9078947368421053,0.8448883116883118,0.09245675514591725,0.21447857142857138,0.3972602739726027,0.6027397260273972,,,not_computed_no_bbox_data,6,5,6.0,0,0,1147,201.0,0,0,0,0,0,0,0,,0.17523975588491716,201,,,,,,,0.0,0,0,0,0,0,0,77.0,292,0.6509941780821916,0.6265499999999999,0.12013200242743775,0.8122700000000002,0.863545,1.0367919999999988,0.5004,1.1795,292,0.0,0.0,0.0,0.0,0.0,0.0,0.0,0.0,292,0,0,0,0,0.0,0.0,3598413.909,215904.834554,1396.0,125.64,0.0,0.0,190.091,16.157715,3536703.824,28293.630588,876.0,131.4,41154.294,17284.803334,19342.883,8124.010784,1923.0,576.9,0.0,0.0,216046.63226900002,54410.744706000005,270457.376975,4507.622949583334,193.73737605659028,926.2238937500001,3558.649697039474,3919.672130072464,0.0,270457.376976,3600000.0,3600000.001,trigger_spam__s10__no_security,no_security,ablation,,,True,
