mode,scenario,intensity,seed,segment,frames,seconds,moving_tracks,tracks_detected,tracks_timely,burst_tracks,burst_detected,burst_timely,track_latency_sum_ms,track_latency_n,track_latency_p95_ms,frame_hits,frame_instances,attack_frames,attack_started,spam_frames,spam_started,replay_frames,replay_started,replay_exact_frames,replay_exact_started,replay_pert_frames,replay_pert_started,replay_shift_frames,replay_shift_started,attack_sessions,attack_sessions_reached,spoofed_detections,legit_gate_evaluated,legit_gate_blocked,legit_obj_gate_evaluated,legit_obj_gate_blocked,attack_gate_evaluated,attack_gate_blocked,triggers,processed,second_passes,m7_active_ms,wakes,energy_mJ,energy_m7_mJ,rpc_queue_full,trigger_latency_sum_ms,trigger_latency_n,trigger_latency_p95_ms,block_rate_limit,block_replay,block_duplicate,block_burst,block_consistency_failure,block_content_rate,config_sha256,cond
always_on,clean,1.0,1001,0006_0000,182,18.2,11,11,11,11,11,11,3412.9440000000004,11,461.72400000000016,189,334,0,0,0,0,0,0,0,0,0,0,0,0,0,0,0,0,0,0,0,0,0,,95,35,18200.0,1,7610.9800000000005,7519.9800000000005,0,0.0,0,,0,0,0,0,0,0,d28edbc1ceea4a12,clean@1
always_on,clean,1.0,1001,0012_0000,78,7.8,2,2,1,2,2,1,4682.241,2,4310.87625,17,97,0,0,0,0,0,0,0,0,0,0,0,0,0,0,0,0,0,0,0,0,0,,32,27,7800.0,1,3280.08,3241.08,0,0.0,0,,0,0,0,0,0,0,2a76939d2a035203,clean@1
always_on,clean,1.0,1001,0015_0090,286,28.6,10,10,10,8,8,8,2516.6230000000014,10,550.2919499999995,325,618,0,0,0,0,0,0,0,0,0,0,0,0,0,0,0,0,0,0,0,0,0,,187,0,28600.0,1,11906.960000000001,11763.960000000001,0,0.0,0,,0,0,0,0,0,0,9c19124d613315f8,clean@1
always_on,clean,1.0,1001,0016_0000,209,20.9,16,16,10,14,14,8,23222.759,16,4866.26275,608,1652,0,0,0,0,0,0,0,0,0,0,0,0,0,0,0,0,0,0,0,0,0,,107,34,20900.0,1,8627.8,8523.3,0,0.0,0,,0,0,0,0,0,0,f611ddbd487b4051,clean@1
always_on,clean,1.0,1001,0017_0000,145,14.5,9,9,8,9,9,8,3284.198,9,887.1723999999997,316,718,0,0,0,0,0,0,0,0,0,0,0,0,0,0,0,0,0,0,0,0,0,,79,22,14500.0,1,6029.48,5956.98,0,0.0,0,,0,0,0,0,0,0,6e13ca6a37fd6579,clean@1
always_on,clean,1.0,1001,0019_0618,89,8.9,11,11,10,9,9,8,4943.524000000001,11,1260.978,301,592,0,0,0,0,0,0,0,0,0,0,0,0,0,0,0,0,0,0,0,0,0,,54,2,8900.0,1,3663.34,3618.84,0,0.0,0,,0,0,0,0,0,0,c4c8ddcde560d876,clean@1
always_on,clean,1.0,1001,0019_1003,50,5.0,2,2,2,2,2,2,302.006,2,151.003,51,97,0,0,0,0,0,0,0,0,0,0,0,0,0,0,0,0,0,0,0,0,0,,27,8,5000.0,1,2093.86,2068.86,0,0.0,0,,0,0,0,0,0,0,a1014d80d12c6049,clean@1
always_on,spam,1.0,1001,0006_0000,182,18.2,11,11,11,11,11,11,3412.9440000000004,11,461.72400000000016,189,334,4,2,4,2,0,0,0,0,0,0,0,0,2,2,0,0,0,0,0,0,0,,95,35,18200.0,1,7610.799999999999,7519.799999999999,0,0.0,0,,0,0,0,0,0,0,13131bd12da6cace,spam@1
always_on,spam,1.0,1002,0006_0000,182,18.2,11,11,11,11,11,11,3033.482999999998,11,451.34549999999945,188,334,11,7,11,7,0,0,0,0,0,0,0,0,4,4,0,0,0,0,0,0,0,,94,33,18200.0,1,7612.780000000001,7521.780000000001,0,0.0,0,,0,0,0,0,0,0,989216006eb49f45,spam@1
always_on,spam,1.0,1003,0006_0000,182,18.2,11,11,10,11,11,10,3720.442000000002,11,811.6315000000002,188,334,11,5,11,5,0,0,0,0,0,0,0,0,5,5,0,0,0,0,0,0,0,,96,32,18200.0,1,7609.900000000001,7518.900000000001,0,0.0,0,,0,0,0,0,0,0,dd017a3dc768dd95,spam@1
always_on,spam,1.0,1004,0006_0000,182,18.2,11,11,10,11,11,10,3646.5640000000003,11,782.0779999999999,192,334,9,6,9,6,0,0,0,0,0,0,0,0,3,3,0,0,0,0,0,0,0,,97,33,18200.0,1,7608.820000000001,7517.820000000001,0,0.0,0,,0,0,0,0,0,0,3b491a2011c69020,spam@1
always_on,spam,1.0,1005,0006_0000,182,18.2,11,11,11,11,11,11,3254.567999999999,11,460.22749999999996,186,334,7,4,7,4,0,0,0,0,0,0,0,0,3,3,0,0,0,0,0,0,0,,95,34,18200.0,1,7611.34,7520.34,0,0.0,0,,0,0,0,0,0,0,c42416f257dbd88b,spam@1
always_on,spam,1.0,1001,0012_0000,78,7.8,2,2,1,2,2,1,4682.241,2,4310.87625,17,97,0,0,0,0,0,0,0,0,0,0,0,0,0,0,0,0,0,0,0,0,0,,32,27,7800.0,1,3280.08,3241.08,0,0.0,0,,0,0,0,0,0,0,a8d467827c8e7710,spam@1
always_on,spam,1.0,1002,0012_0000,78,7.8,2,1,1,2,1,1,149.403,1,149.403,15,97,1,1,1,1,0,0,0,0,0,0,0,0,1,1,0,0,0,0,0,0,0,,31,27,7800.0,1,3280.2599999999998,3241.2599999999998,0,0.0,0,,0,0,0,0,0,0,42500518dc2ce183,spam@1
always_on,spam,1.0,1003,0012_0000,78,7.8,2,2,1,2,2,1,3236.1569999999997,2,2934.5944499999996,16,97,4,1,4,1,0,0,0,0,0,0,0,0,2,1,0,0,0,0,0,0,0,,32,28,7800.0,1,3279.36,3240.36,0,0.0,0,,0,0,0,0,0,0,366f1840834f161a,spam@1
always_on,spam,1.0,1004,0012_0000,78,7.8,2,2,1,2,2,1,4707.2029999999995,2,4342.98355,16,97,4,1,4,1,0,0,0,0,0,0,0,0,2,1,0,0,0,0,0,0,0,,31,28,7800.0,1,3280.62,3241.62,0,0.0,0,,0,0,0,0,0,0,85c8f5def174c173,spam@1
always_on,spam,1.0,1005,0012_0000,78,7.8,2,2,1,2,2,1,3310.331,2,3013.2065500000003,15,97,8,4,8,4,0,0,0,0,0,0,0,0,3,3,0,0,0,0,0,0,0,,31,28,7800.0,1,3280.8,3241.8,0,0.0,0,,0,0,0,0,0,0,33b318124bf49734,spam@1
always_on,spam,1.0,1001,0015_0090,286,28.6,10,10,10,8,8,8,2406.2090000000007,10,549.6169499999994,322,618,14,9,14,9,0,0,0,0,0,0,0,0,7,6,0,0,0,0,0,0,0,,188,0,28600.0,1,11906.960000000001,11763.960000000001,0,0.0,0,,0,0,0,0,0,0,9f7f0d5720150a0e,spam@1
always_on,spam,1.0,1002,0015_0090,286,28.6,10,10,10,8,8,8,2651.4290000000024,10,536.4907499999995,322,618,17,10,17,10,0,0,0,0,0,0,0,0,8,7,0,0,0,0,0,0,0,,187,0,28600.0,1,11906.42,11763.42,0,0.0,0,,0,0,0,0,0,0,1ef021e5a7fabcb2,spam@1
always_on,spam,1.0,1003,0015_0090,286,28.6,10,10,10,8,8,8,2490.9689999999996,10,539.2740999999996,326,618,11,8,11,8,0,0,0,0,0,0,0,0,5,5,0,0,0,0,0,0,0,,189,0,28600.0,1,11903.539999999999,11760.539999999999,0,0.0,0,,0,0,0,0,0,0,f336f4bd4bfb6c70,spam@1
always_on,spam,1.0,1004,0015_0090,286,28.6,10,10,10,8,8,8,2700.3489999999993,10,592.6972499999995,326,618,3,2,3,2,0,0,0,0,0,0,0,0,2,1,0,0,0,0,0,0,0,,189,0,28600.0,1,11904.62,11761.62,0,0.0,0,,0,0,0,0,0,0,e35b4804b369c002,spam@1
always_on,spam,1.0,1005,0015_0090,286,28.6,10,10,10,8,8,8,2560.3070000000002,10,548.7902999999995,325,618,10,8,10,8,0,0,0,0,0,0,0,0,4,4,0,0,0,0,0,0,0,,189,0,28600.0,1,11905.7,11762.7,0,0.0,0,,0,0,0,0,0,0,986cdd1191a636a0,spam@1
always_on,spam,1.0,1001,0016_0000,209,20.9,16,16,10,14,14,8,23181.176,16,4865.51275,593,1652,10,5,10,5,0,0,0,0,0,0,0,0,4,4,0,0,0,0,0,0,0,,103,37,20900.0,1,8635.54,8531.04,0,0.0,0,,0,0,0,0,0,0,0494d8ea64e3fc4a,spam@1
always_on,spam,1.0,1002,0016_0000,209,20.9,16,16,11,14,14,9,22984.822,16,4842.575000000001,606,1652,10,3,10,3,0,0,0,0,0,0,0,0,5,3,0,0,0,0,0,0,0,,105,36,20900.0,1,8631.220000000001,8526.720000000001,0,0.0,0,,0,0,0,0,0,0,57c869e08916304f,spam@1
always_on,spam,1.0,1003,0016_0000,209,20.9,16,16,10,14,14,8,22850.345,16,4863.1235,597,1652,10,5,10,5,0,0,0,0,0,0,0,0,5,4,0,0,0,0,0,0,0,,104,38,20900.0,1,8629.24,8524.74,0,0.0,0,,0,0,0,0,0,0,1d1be5975799a154,spam@1
always_on,spam,1.0,1004,0016_0000,209,20.9,16,16,11,14,14,9,25741.549000000003,16,5996.47975,588,1652,17,9,17,9,0,0,0,0,0,0,0,0,8,7,0,0,0,0,0,0,0,,104,38,20900.0,1,8634.64,8530.14,0,0.0,0,,0,0,0,0,0,0,c741f505c239f45f,spam@1
always_on,spam,1.0,1005,0016_0000,209,20.9,16,16,10,14,14,8,27774.484,16,6130.753,612,1652,8,5,8,5,0,0,0,0,0,0,0,0,5,5,0,0,0,0,0,0,0,,105,37,20900.0,1,8628.16,8523.66,0,0.0,0,,0,0,0,0,0,0,22b0b5b539939a69,spam@1
always_on,spam,1.0,1001,0017_0000,145,14.5,9,9,8,9,9,8,3284.198,9,887.1723999999997,316,718,6,3,6,3,0,0,0,0,0,0,0,0,2,2,0,0,0,0,0,0,0,,79,22,14500.0,1,6029.48,5956.98,0,0.0,0,,0,0,0,0,0,0,cb8c7ad0e146380b,spam@1
always_on,spam,1.0,1002,0017_0000,145,14.5,9,9,7,9,9,7,4243.435,9,1109.2992,321,718,3,2,3,2,0,0,0,0,0,0,0,0,1,1,0,0,0,0,0,0,0,,80,18,14500.0,1,6029.660000000001,5957.160000000001,0,0.0,0,,0,0,0,0,0,0,bc235e36507d1e0b,spam@1
always_on,spam,1.0,1003,0017_0000,145,14.5,9,9,8,9,9,8,3673.842,9,917.0179999999998,316,718,3,2,3,2,0,0,0,0,0,0,0,0,1,1,0,0,0,0,0,0,0,,78,23,14500.0,1,6031.460000000001,5958.960000000001,0,0.0,0,,0,0,0,0,0,0,af16b9a6946e0310,spam@1
always_on,spam,1.0,1004,0017_0000,145,14.5,9,9,8,9,9,8,3546.1080000000006,9,915.5099999999999,312,718,7,6,7,6,0,0,0,0,0,0,0,0,3,3,0,0,0,0,0,0,0,,79,22,14500.0,1,6030.56,5958.06,0,0.0,0,,0,0,0,0,0,0,20e65e49afbba6f5,spam@1
always_on,spam,1.0,1005,0017_0000,145,14.5,9,9,8,9,9,8,3646.1629999999996,9,901.7579999999999,314,718,6,3,6,3,0,0,0,0,0,0,0,0,2,2,0,0,0,0,0,0,0,,77,23,14500.0,1,6032.18,5959.68,0,0.0,0,,0,0,0,0,0,0,4324bf31673c319a,spam@1
always_on,spam,1.0,1001,0019_0618,89,8.9,11,11,10,9,9,8,4943.524000000001,11,1260.978,301,592,2,1,2,1,0,0,0,0,0,0,0,0,1,1,0,0,0,0,0,0,0,,54,2,8900.0,1,3663.34,3618.84,0,0.0,0,,0,0,0,0,0,0,144531896b6d6488,spam@1
always_on,spam,1.0,1002,0019_0618,89,8.9,11,11,10,9,9,8,4870.549,11,1327.5715,302,592,7,5,7,5,0,0,0,0,0,0,0,0,4,4,0,0,0,0,0,0,0,,54,2,8900.0,1,3662.98,3618.48,0,0.0,0,,0,0,0,0,0,0,8cd194afdbdbc714,spam@1
always_on,spam,1.0,1003,0019_0618,89,8.9,11,11,10,9,9,8,5001.768000000001,11,1297.307,305,592,5,2,5,2,0,0,0,0,0,0,0,0,2,2,0,0,0,0,0,0,0,,55,1,8900.0,1,3661.0,3616.5,0,0.0,0,,0,0,0,0,0,0,4e782c7457b2e6af,spam@1
always_on,spam,1.0,1004,0019_0618,89,8.9,11,10,9,9,9,8,4776.083,10,1340.5829999999983,293,592,10,6,10,6,0,0,0,0,0,0,0,0,5,4,0,0,0,0,0,0,0,,53,2,8900.0,1,3663.633774,3619.133774,0,0.0,0,,0,0,0,0,0,0,a1cc8c68089fbe14,spam@1
always_on,spam,1.0,1005,0019_0618,89,8.9,11,11,10,9,9,8,4919.965999999999,11,1300.2759999999998,307,592,2,2,2,2,0,0,0,0,0,0,0,0,1,1,0,0,0,0,0,0,0,,55,1,8900.0,1,3661.3599999999997,3616.8599999999997,0,0.0,0,,0,0,0,0,0,0,3157d18a696cf1b5,spam@1
always_on,spam,1.0,1001,0019_1003,50,5.0,2,2,2,2,2,2,302.006,2,151.003,51,97,4,3,4,3,0,0,0,0,0,0,0,0,3,3,0,0,0,0,0,0,0,,27,8,5000.0,1,2093.86,2068.86,0,0.0,0,,0,0,0,0,0,0,5e18871379ccbb4f,spam@1
always_on,spam,1.0,1002,0019_1003,50,5.0,2,2,2,2,2,2,295.806,2,147.903,49,97,1,0,1,0,0,0,0,0,0,0,0,0,1,0,0,0,0,0,0,0,0,,27,8,5000.0,1,2094.4,2069.4,0,0.0,0,,0,0,0,0,0,0,28b6c74776fc28b4,spam@1
always_on,spam,1.0,1003,0019_1003,50,5.0,2,2,2,2,2,2,307.566,2,153.783,49,97,0,0,0,0,0,0,0,0,0,0,0,0,0,0,0,0,0,0,0,0,0,,27,9,5000.0,1,2094.22,2069.22,0,0.0,0,,0,0,0,0,0,0,20f11a45787007fe,spam@1
always_on,spam,1.0,1004,0019_1003,50,5.0,2,2,2,2,2,2,283.354,2,141.677,50,97,3,2,3,2,0,0,0,0,0,0,0,0,1,1,0,0,0,0,0,0,0,,27,7,5000.0,1,2094.4,2069.4,0,0.0,0,,0,0,0,0,0,0,0838a6d26dcd3c07,spam@1
always_on,spam,1.0,1005,0019_1003,50,5.0,2,2,2,2,2,2,289.462,2,144.731,50,97,8,5,8,5,0,0,0,0,0,0,0,0,4,4,0,0,0,0,0,0,0,,27,7,5000.0,1,2094.94,2069.94,0,0.0,0,,0,0,0,0,0,0,be51ecf0d0a9003f,spam@1
always_on,spam,8.0,1001,0006_0000,182,18.2,11,11,11,11,11,11,2867.005000000001,11,377.98300000000035,189,334,42,19,42,19,0,0,0,0,0,0,0,0,20,15,0,0,0,0,0,0,0,,95,35,18200.0,1,7610.8,7519.8,0,0.0,0,,0,0,0,0,0,0,3e53a906035936d7,spam@8
always_on,spam,8.0,1002,0006_0000,182,18.2,11,11,11,11,11,11,3028.676,11,450.47849999999926,187,334,46,27,46,27,0,0,0,0,0,0,0,0,24,23,0,0,0,0,0,0,0,,94,33,18200.0,1,7612.499605,7521.499605,0,0.0,0,,0,0,0,0,0,0,4986e4304fc5c341,spam@8
always_on,spam,8.0,1003,0006_0000,182,18.2,11,11,10,11,11,10,3735.866000000002,11,777.059,180,334,52,28,52,28,0,0,0,0,0,0,0,0,25,23,0,0,0,0,0,0,0,,94,36,18200.0,1,7613.32,7522.32,0,0.0,0,,0,0,0,0,0,0,ef5522b4439fd246,spam@8
always_on,spam,8.0,1004,0006_0000,182,18.2,11,11,10,11,11,10,3646.5640000000003,11,782.0779999999999,191,334,45,25,45,25,0,0,0,0,0,0,0,0,24,17,0,0,0,0,0,0,0,,95,33,18200.0,1,7610.44,7519.44,0,0.0,0,,0,0,0,0,0,0,debf41dd6cbf86ab,spam@8
always_on,spam,8.0,1005,0006_0000,182,18.2,11,11,11,11,11,11,3245.567999999999,11,456.47749999999996,178,334,53,30,53,30,0,0,0,0,0,0,0,0,23,21,0,0,0,0,0,0,0,,94,36,18200.0,1,7612.42,7521.42,0,0.0,0,,0,0,0,0,0,0,fcf8134ff38fe7ff,spam@8
always_on,spam,8.0,1001,0012_0000,78,7.8,2,2,1,2,2,1,4680.741,2,4309.45125,17,97,25,10,25,10,0,0,0,0,0,0,0,0,11,9,0,0,0,0,0,0,0,,32,27,7800.0,1,3280.44,3241.44,0,0.0,0,,0,0,0,0,0,0,592fd79f62da1860,spam@8
always_on,spam,8.0,1002,0012_0000,78,7.8,2,1,1,2,1,1,149.403,1,149.403,15,97,26,11,26,11,0,0,0,0,0,0,0,0,14,11,0,0,0,0,0,0,0,,31,27,7800.0,1,3280.2599999999998,3241.2599999999998,0,0.0,0,,0,0,0,0,0,0,08563db9f695a663,spam@8
always_on,spam,8.0,1003,0012_0000,78,7.8,2,2,1,2,2,1,3233.1569999999997,2,2931.7444499999997,15,97,15,6,15,6,0,0,0,0,0,0,0,0,8,6,0,0,0,0,0,0,0,,32,28,7800.0,1,3279.9,3240.9,0,0.0,0,,0,0,0,0,0,0,d5db818c490ec16b,spam@8
always_on,spam,8.0,1004,0012_0000,78,7.8,2,2,1,2,2,1,3365.857,2,2961.8928499999997,14,97,35,16,35,16,0,0,0,0,0,0,0,0,19,15,0,0,0,0,0,0,0,,30,30,7800.0,1,3281.88,3242.88,0,0.0,0,,0,0,0,0,0,0,ab305784be8f0209,spam@8
always_on,spam,8.0,1005,0012_0000,78,7.8,2,2,1,2,2,1,3310.331,2,3013.2065500000003,15,97,27,12,27,12,0,0,0,0,0,0,0,0,13,10,0,0,0,0,0,0,0,,31,28,7800.0,1,3280.8,3241.8,0,0.0,0,,0,0,0,0,0,0,7e0b783f6b54c727,spam@8
always_on,spam,8.0,1001,0015_0090,286,28.6,10,10,10,8,8,8,2367.948999999998,10,546.1657499999993,319,618,80,53,80,53,0,0,0,0,0,0,0,0,43,37,0,0,0,0,0,0,0,,189,0,28600.0,1,11907.320000000002,11764.320000000002,0,0.0,0,,0,0,0,0,0,0,e823aef9a45dbe10,spam@8
always_on,spam,8.0,1002,0015_0090,286,28.6,10,10,10,8,8,8,2512.813999999996,10,536.4907499999995,317,618,72,47,72,47,0,0,0,0,0,0,0,0,37,34,0,0,0,0,0,0,0,,186,0,28600.0,1,11909.66,11766.66,0,0.0,0,,0,0,0,0,0,0,ec5ac6a5ffc433d0,spam@8
always_on,spam,8.0,1003,0015_0090,286,28.6,10,10,10,8,8,8,2598.5330000000017,10,583.97755,321,618,79,53,79,53,0,0,0,0,0,0,0,0,40,36,0,0,0,0,0,0,0,,189,0,28600.0,1,11905.88,11762.88,0,0.0,0,,0,0,0,0,0,0,5f3e7354190978b2,spam@8
always_on,spam,8.0,1004,0015_0090,286,28.6,10,10,10,8,8,8,2341.8640000000023,10,405.9686999999999,323,618,69,46,69,46,0,0,0,0,0,0,0,0,37,33,0,0,0,0,0,0,0,,189,0,28600.0,1,11904.98,11761.98,0,0.0,0,,0,0,0,0,0,0,01f184aa3c831e07,spam@8
always_on,spam,8.0,1005,0015_0090,286,28.6,10,10,10,8,8,8,2521.9239999999995,10,547.2902999999995,328,618,79,50,79,50,0,0,0,0,0,0,0,0,38,36,0,0,0,0,0,0,0,,189,0,28600.0,1,11906.24,11763.24,0,0.0,0,,0,0,0,0,0,0,571b132319781d9c,spam@8
always_on,spam,8.0,1001,0016_0000,209,20.9,16,16,11,14,14,9,22915.529000000002,16,4853.29175,606,1652,53,22,53,22,0,0,0,0,0,0,0,0,27,17,0,0,0,0,0,0,0,,104,35,20900.0,1,8633.92,8529.42,0,0.0,0,,0,0,0,0,0,0,dda2527b302990c0,spam@8
always_on,spam,8.0,1002,0016_0000,209,20.9,16,16,10,14,14,8,23698.357,16,4847.305,594,1652,54,27,54,27,0,0,0,0,0,0,0,0,32,23,0,0,0,0,0,0,0,,104,39,20900.0,1,8633.92,8529.42,0,0.0,0,,0,0,0,0,0,0,19b0d602521f5ef1,spam@8
always_on,spam,8.0,1003,0016_0000,209,20.9,16,16,10,14,14,8,23219.887000000002,16,5960.295250000001,597,1652,66,32,66,32,0,0,0,0,0,0,0,0,33,29,0,0,0,0,0,0,0,,105,37,20900.0,1,8630.5,8526.0,0,0.0,0,,0,0,0,0,0,0,23603b08c1843893,spam@8
always_on,spam,8.0,1004,0016_0000,209,20.9,16,16,11,14,14,9,25451.869000000002,16,5795.29975,582,1652,65,29,65,29,0,0,0,0,0,0,0,0,33,23,0,0,0,0,0,0,0,,103,38,20900.0,1,8635.658574,8531.158574,0,0.0,0,,0,0,0,0,0,0,9c790d4bcd9ec7ab,spam@8
always_on,spam,8.0,1005,0016_0000,209,20.9,16,16,10,14,14,8,27658.068000000003,16,6124.39775,599,1652,59,30,59,30,0,0,0,0,0,0,0,0,29,22,0,0,0,0,0,0,0,,105,36,20900.0,1,8632.3,8527.8,0,0.0,0,,0,0,0,0,0,0,d7afbf8340fd4bea,spam@8
always_on,spam,8.0,1001,0017_0000,145,14.5,9,9,9,9,9,9,3353.0409999999997,9,685.3692000000001,325,718,32,16,32,16,0,0,0,0,0,0,0,0,15,14,0,0,0,0,0,0,0,,80,21,14500.0,1,6028.4,5955.9,0,0.0,0,,0,0,0,0,0,0,0e44fe93003ad7ab,spam@8
always_on,spam,8.0,1002,0017_0000,145,14.5,9,9,8,9,9,8,3391.446,9,923.3623999999999,321,718,52,29,52,29,0,0,0,0,0,0,0,0,26,22,0,0,0,0,0,0,0,,79,19,14500.0,1,6031.28,5958.78,0,0.0,0,,0,0,0,0,0,0,eacb52d8a2865df0,spam@8
always_on,spam,8.0,1003,0017_0000,145,14.5,9,9,8,9,9,8,3773.248,9,916.1179999999998,316,718,39,25,39,25,0,0,0,0,0,0,0,0,22,20,0,0,0,0,0,0,0,,78,23,14500.0,1,6033.62,5961.12,0,0.0,0,,0,0,0,0,0,0,f8c2ee69a6d770fa,spam@8
always_on,spam,8.0,1004,0017_0000,145,14.5,9,9,8,9,9,8,3546.1080000000006,9,915.5099999999999,318,718,45,25,45,25,0,0,0,0,0,0,0,0,22,19,0,0,0,0,0,0,0,,80,20,14500.0,1,6030.56,5958.06,0,0.0,0,,0,0,0,0,0,0,91f9e2dbcb990baf,spam@8
always_on,spam,8.0,1005,0017_0000,145,14.5,9,9,8,9,9,8,3436.428,9,986.7045999999998,327,718,36,22,36,22,0,0,0,0,0,0,0,0,20,16,0,0,0,0,0,0,0,,80,19,14500.0,1,6028.94,5956.44,0,0.0,0,,0,0,0,0,0,0,c83ad8bead5e7b95,spam@8
always_on,spam,8.0,1001,0019_0618,89,8.9,11,11,10,9,9,8,4956.499999999998,11,1262.3135,294,592,24,18,24,18,0,0,0,0,0,0,0,0,14,12,0,0,0,0,0,0,0,,54,3,8900.0,1,3664.6,3620.1,0,0.0,0,,0,0,0,0,0,0,d1dbecf99772699d,spam@8
always_on,spam,8.0,1002,0019_0618,89,8.9,11,11,10,9,9,8,4212.147000000001,11,826.888,294,592,31,20,31,20,0,0,0,0,0,0,0,0,16,14,0,0,0,0,0,0,0,,54,3,8900.0,1,3665.1400000000003,3620.6400000000003,0,0.0,0,,0,0,0,0,0,0,1b85f7e47935340d,spam@8
always_on,spam,8.0,1003,0019_0618,89,8.9,11,11,10,9,9,8,4989.768000000001,11,1297.307,301,592,25,16,25,16,0,0,0,0,0,0,0,0,13,12,0,0,0,0,0,0,0,,55,1,8900.0,1,3661.72,3617.22,0,0.0,0,,0,0,0,0,0,0,7709b1911d21afa1,spam@8
always_on,spam,8.0,1004,0019_0618,89,8.9,11,11,10,9,9,8,5043.571999999999,11,1251.837,291,592,27,16,27,16,0,0,0,0,0,0,0,0,14,11,0,0,0,0,0,0,0,,54,2,8900.0,1,3663.7,3619.2,0,0.0,0,,0,0,0,0,0,0,774521586b193ba4,spam@8
always_on,spam,8.0,1005,0019_0618,89,8.9,11,11,10,9,9,8,5057.336999999999,11,1265.9155,301,592,39,21,39,21,0,0,0,0,0,0,0,0,19,15,0,0,0,0,0,0,0,,53,3,8900.0,1,3662.9800000000005,3618.4800000000005,0,0.0,0,,0,0,0,0,0,0,3f37c1f666c0ef59,spam@8
always_on,spam,8.0,1001,0019_1003,50,5.0,2,2,2,2,2,2,302.006,2,151.003,50,97,14,8,14,8,0,0,0,0,0,0,0,0,7,5,0,0,0,0,0,0,0,,26,9,5000.0,1,2096.2,2071.2,0,0.0,0,,0,0,0,0,0,0,4791964f2a35a589,spam@8
always_on,spam,8.0,1002,0019_1003,50,5.0,2,2,2,2,2,2,295.806,2,147.903,50,97,18,12,18,12,0,0,0,0,0,0,0,0,9,8,0,0,0,0,0,0,0,,27,8,5000.0,1,2094.5800000000004,2069.5800000000004,0,0.0,0,,0,0,0,0,0,0,fea8d017793dbc8a,spam@8
always_on,spam,8.0,1003,0019_1003,50,5.0,2,2,2,2,2,2,307.566,2,153.783,48,97,12,7,12,7,0,0,0,0,0,0,0,0,7,5,0,0,0,0,0,0,0,,26,9,5000.0,1,2095.3,2070.3,0,0.0,0,,0,0,0,0,0,0,1ad4358681af1148,spam@8
always_on,spam,8.0,1004,0019_1003,50,5.0,2,2,2,2,2,2,283.354,2,141.677,52,97,9,4,9,4,0,0,0,0,0,0,0,0,3,3,0,0,0,0,0,0,0,,28,5,5000.0,1,2093.6800000000003,2068.6800000000003,0,0.0,0,,0,0,0,0,0,0,8b165cccbb973168,spam@8
always_on,spam,8.0,1005,0019_1003,50,5.0,2,2,2,2,2,2,289.462,2,144.731,45,97,10,6,10,6,0,0,0,0,0,0,0,0,6,5,0,0,0,0,0,0,0,,24,10,5000.0,1,2097.1,2072.1,0,0.0,0,,0,0,0,0,0,0,1f269fe4d944d6f0,spam@8
always_on,replay_exact,1.0,1001,0006_0000,182,18.2,11,11,11,11,11,11,3412.9440000000004,11,461.72400000000016,189,334,0,0,0,0,0,0,0,0,0,0,0,0,0,0,0,0,0,0,0,0,0,,95,35,18200.0,1,7610.9800000000005,7519.9800000000005,0,0.0,0,,0,0,0,0,0,0,bfdfcab9db68116f,replay_exact@1
always_on,replay_exact,1.0,1002,0006_0000,182,18.2,11,11,11,11,11,11,3043.982999999998,11,452.84549999999945,188,334,0,0,0,0,0,0,0,0,0,0,0,0,0,0,0,0,0,0,0,0,0,,94,33,18200.0,1,7612.599999999999,7521.599999999999,0,0.0,0,,0,0,0,0,0,0,a847020394259efa,replay_exact@1
always_on,replay_exact,1.0,1003,0006_0000,182,18.2,11,11,10,11,11,10,4245.516999999999,11,1043.7525,176,312,8,3,0,0,8,3,8,3,0,0,0,0,1,1,3,0,0,0,0,0,0,,95,34,18200.0,1,7612.96,7521.96,0,0.0,0,,0,0,0,0,0,0,4c7552edfc933a3a,replay_exact@1
always_on,replay_exact,1.0,1004,0006_0000,182,18.2,11,11,10,11,11,10,3830.767,11,829.9894999999997,143,261,27,16,0,0,27,16,27,16,0,0,0,0,3,3,16,0,0,0,0,0,0,,96,33,18200.0,1,7613.860000000001,7522.860000000001,0,0.0,0,,0,0,0,0,0,0,fd3a20868a5a0147,replay_exact@1
always_on,replay_exact,1.0,1005,0006_0000,182,18.2,11,11,11,11,11,11,3191.6349999999998,11,477.9490000000005,180,321,5,2,0,0,5,2,5,2,0,0,0,0,1,1,2,0,0,0,0,0,0,,95,34,18200.0,1,7611.5199999999995,7520.5199999999995,0,0.0,0,,0,0,0,0,0,0,9c6649c63a24656b,replay_exact@1
always_on,replay_exact,1.0,1001,0012_0000,78,7.8,2,2,1,2,2,1,4682.241,2,4310.87625,17,94,4,2,0,0,4,2,4,2,0,0,0,0,1,1,1,0,0,0,0,0,0,,32,27,7800.0,1,3279.72,3240.72,0,0.0,0,,0,0,0,0,0,0,c141807037d0907c,replay_exact@1
always_on,replay_exact,1.0,1002,0012_0000,78,7.8,2,1,1,2,1,1,149.403,1,149.403,15,90,7,5,0,0,7,5,7,5,0,0,0,0,1,1,5,0,0,0,0,0,0,,33,25,7800.0,1,3278.1,3239.1,0,0.0,0,,0,0,0,0,0,0,c4542429ae2954ed,replay_exact@1
always_on,replay_exact,1.0,1003,0012_0000,78,7.8,2,2,1,2,2,1,3236.1569999999997,2,2934.5944499999996,16,97,0,0,0,0,0,0,0,0,0,0,0,0,0,0,0,0,0,0,0,0,0,,32,28,7800.0,1,3279.36,3240.36,0,0.0,0,,0,0,0,0,0,0,ab4e0046ea6a603a,replay_exact@1
always_on,replay_exact,1.0,1004,0012_0000,78,7.8,2,2,1,2,2,1,4707.2029999999995,2,4342.98355,16,97,0,0,0,0,0,0,0,0,0,0,0,0,0,0,0,0,0,0,0,0,0,,31,28,7800.0,1,3280.62,3241.62,0,0.0,0,,0,0,0,0,0,0,925f128466afc47e,replay_exact@1
always_on,replay_exact,1.0,1005,0012_0000,78,7.8,2,2,1,2,2,1,3311.831,2,3014.63155,15,97,0,0,0,0,0,0,0,0,0,0,0,0,0,0,0,0,0,0,0,0,0,,31,28,7800.0,1,3280.62,3241.62,0,0.0,0,,0,0,0,0,0,0,07c7a35894621fc3,replay_exact@1
always_on,replay_exact,1.0,1001,0015_0090,286,28.6,10,10,10,8,8,8,3026.1629999999986,10,782.3476499999996,286,562,30,22,0,0,30,22,30,22,0,0,0,0,3,3,22,0,0,0,0,0,0,,188,0,28600.0,1,11906.960000000001,11763.960000000001,0,0.0,0,,0,0,0,0,0,0,304645c46b7ed879,replay_exact@1
always_on,replay_exact,1.0,1002,0015_0090,286,28.6,10,10,10,8,8,8,2678.2389999999964,10,536.4907499999995,303,570,29,18,0,0,29,18,29,18,0,0,0,0,3,3,18,0,0,0,0,0,0,,187,0,28600.0,1,11899.4,11756.4,0,0.0,0,,0,0,0,0,0,0,38e3e03ad18b677d,replay_exact@1
always_on,replay_exact,1.0,1003,0015_0090,286,28.6,10,10,10,8,8,8,2532.735,10,548.881599999999,314,589,24,16,0,0,24,16,24,16,0,0,0,0,3,3,16,0,0,0,0,0,0,,189,0,28600.0,1,11894.9,11751.9,0,0.0,0,,0,0,0,0,0,0,21592bb75dc13235,replay_exact@1
always_on,replay_exact,1.0,1004,0015_0090,286,28.6,10,10,10,8,8,8,2505.2310000000043,10,592.6972499999995,271,511,40,26,0,0,40,26,40,26,0,0,0,0,4,4,26,0,0,0,0,0,0,,189,0,28600.0,1,11894.36,11751.36,0,0.0,0,,0,0,0,0,0,0,0d2d35c29d9a8a40,replay_exact@1
always_on,replay_exact,1.0,1005,0015_0090,286,28.6,10,10,10,8,8,8,2640.9649999999997,10,548.7902999999995,320,603,21,14,0,0,21,14,21,14,0,0,0,0,3,3,14,0,0,0,0,0,0,,189,0,28600.0,1,11903.179999999998,11760.179999999998,0,0.0,0,,0,0,0,0,0,0,349ea3b902657347,replay_exact@1
always_on,replay_exact,1.0,1001,0016_0000,209,20.9,16,16,10,14,14,8,23170.852,16,4866.26275,559,1503,25,13,0,0,25,13,25,13,0,0,0,0,2,2,13,0,0,0,0,0,0,,107,32,20900.0,1,8621.68,8517.18,0,0.0,0,,0,0,0,0,0,0,848be4662dfb66dd,replay_exact@1
always_on,replay_exact,1.0,1002,0016_0000,209,20.9,16,16,9,14,14,8,24932.378,16,4840.88925,549,1492,15,9,0,0,15,9,15,9,0,0,0,0,1,1,9,0,0,0,0,0,0,,105,36,20900.0,1,8629.999353,8525.499353,0,0.0,0,,0,0,0,0,0,0,f5ceb612cb36577e,replay_exact@1
always_on,replay_exact,1.0,1003,0016_0000,209,20.9,16,16,10,14,14,8,22653.692,16,4821.87175,549,1498,19,10,0,0,19,10,19,10,0,0,0,0,2,2,10,0,0,0,0,0,0,,104,38,20900.0,1,8627.08,8522.58,0,0.0,0,,0,0,0,0,0,0,ca52f7992c59a853,replay_exact@1
always_on,replay_exact,1.0,1004,0016_0000,209,20.9,16,16,11,14,14,9,25465.466,16,5800.17475,597,1652,0,0,0,0,0,0,0,0,0,0,0,0,0,0,0,0,0,0,0,0,0,,103,39,20900.0,1,8633.56,8529.06,0,0.0,0,,0,0,0,0,0,0,bc5d084a5e4b63ac,replay_exact@1
always_on,replay_exact,1.0,1005,0016_0000,209,20.9,16,16,10,14,14,8,24603.826,16,5659.370999999999,552,1477,24,13,0,0,24,13,24,13,0,0,0,0,2,2,13,0,0,0,0,0,0,,108,33,20900.0,1,8625.1,8520.6,0,0.0,0,,0,0,0,0,0,0,dde96a297edc85b4,replay_exact@1
always_on,replay_exact,1.0,1001,0017_0000,145,14.5,9,9,8,9,9,8,3284.198,9,887.1723999999997,316,718,0,0,0,0,0,0,0,0,0,0,0,0,0,0,0,0,0,0,0,0,0,,79,22,14500.0,1,6029.48,5956.98,0,0.0,0,,0,0,0,0,0,0,dc73af84bdef6248,replay_exact@1
always_on,replay_exact,1.0,1002,0017_0000,145,14.5,9,9,8,9,9,8,3391.446,9,923.3623999999999,299,664,11,5,0,0,11,5,11,5,0,0,0,0,1,1,5,0,0,0,0,0,0,,78,21,14500.0,1,6033.26,5960.76,0,0.0,0,,0,0,0,0,0,0,7461c43fbe33bd1f,replay_exact@1
always_on,replay_exact,1.0,1003,0017_0000,145,14.5,9,9,8,9,9,8,3673.842,9,917.0179999999998,316,718,0,0,0,0,0,0,0,0,0,0,0,0,0,0,0,0,0,0,0,0,0,,79,22,14500.0,1,6031.1,5958.6,0,0.0,0,,0,0,0,0,0,0,a033786bddd45199,replay_exact@1
always_on,replay_exact,1.0,1004,0017_0000,145,14.5,9,9,8,9,9,8,3546.1080000000006,9,915.5099999999999,312,718,0,0,0,0,0,0,0,0,0,0,0,0,0,0,0,0,0,0,0,0,0,,79,22,14500.0,1,6030.38,5957.88,0,0.0,0,,0,0,0,0,0,0,a8eb11fd6734cd5c,replay_exact@1
always_on,replay_exact,1.0,1005,0017_0000,145,14.5,9,9,8,9,9,8,3646.1629999999996,9,901.7579999999999,314,718,0,0,0,0,0,0,0,0,0,0,0,0,0,0,0,0,0,0,0,0,0,,77,23,14500.0,1,6031.82,5959.32,0,0.0,0,,0,0,0,0,0,0,3ded3e28f6455932,replay_exact@1
always_on,replay_exact,1.0,1001,0019_0618,89,8.9,11,11,10,9,9,8,4943.524000000001,11,1260.978,301,592,0,0,0,0,0,0,0,0,0,0,0,0,0,0,0,0,0,0,0,0,0,,54,2,8900.0,1,3663.34,3618.84,0,0.0,0,,0,0,0,0,0,0,c02bb96fd2e5f8ed,replay_exact@1
always_on,replay_exact,1.0,1002,0019_0618,89,8.9,11,11,10,9,9,8,4919.4039999999995,11,1363.892,301,592,0,0,0,0,0,0,0,0,0,0,0,0,0,0,0,0,0,0,0,0,0,,54,1,8900.0,1,3662.9800000000005,3618.4800000000005,0,0.0,0,,0,0,0,0,0,0,c79d35d6510b66f5,replay_exact@1
always_on,replay_exact,1.0,1003,0019_0618,89,8.9,11,11,10,9,9,8,5003.268000000001,11,1297.307,305,592,0,0,0,0,0,0,0,0,0,0,0,0,0,0,0,0,0,0,0,0,0,,55,1,8900.0,1,3660.8199999999997,3616.3199999999997,0,0.0,0,,0,0,0,0,0,0,dc7b60959b08b41e,replay_exact@1
always_on,replay_exact,1.0,1004,0019_0618,89,8.9,11,10,9,9,9,8,4777.583,10,1341.407999999998,293,592,0,0,0,0,0,0,0,0,0,0,0,0,0,0,0,0,0,0,0,0,0,,53,2,8900.0,1,3663.633774,3619.133774,0,0.0,0,,0,0,0,0,0,0,99688faf15d6bb8b,replay_exact@1
always_on,replay_exact,1.0,1005,0019_0618,89,8.9,11,11,10,9,9,8,4922.965999999999,11,1300.2759999999998,307,592,0,0,0,0,0,0,0,0,0,0,0,0,0,0,0,0,0,0,0,0,0,,55,1,8900.0,1,3661.0,3616.5,0,0.0,0,,0,0,0,0,0,0,ee4c704e7464b4ec,replay_exact@1
always_on,replay_exact,1.0,1001,0019_1003,50,5.0,2,2,2,2,2,2,302.006,2,151.003,51,97,0,0,0,0,0,0,0,0,0,0,0,0,0,0,0,0,0,0,0,0,0,,27,8,5000.0,1,2093.86,2068.86,0,0.0,0,,0,0,0,0,0,0,e32283c3a49ec44f,replay_exact@1
always_on,replay_exact,1.0,1002,0019_1003,50,5.0,2,2,2,2,2,2,295.806,2,147.903,49,97,0,0,0,0,0,0,0,0,0,0,0,0,0,0,0,0,0,0,0,0,0,,27,8,5000.0,1,2094.4,2069.4,0,0.0,0,,0,0,0,0,0,0,d7ddc12377a25f72,replay_exact@1
always_on,replay_exact,1.0,1003,0019_1003,50,5.0,2,2,2,2,2,2,307.566,2,153.783,49,97,0,0,0,0,0,0,0,0,0,0,0,0,0,0,0,0,0,0,0,0,0,,27,9,5000.0,1,2094.22,2069.22,0,0.0,0,,0,0,0,0,0,0,30d30bfd2ab53d87,replay_exact@1
always_on,replay_exact,1.0,1004,0019_1003,50,5.0,2,2,2,2,2,2,283.354,2,141.677,50,97,0,0,0,0,0,0,0,0,0,0,0,0,0,0,0,0,0,0,0,0,0,,27,7,5000.0,1,2094.4,2069.4,0,0.0,0,,0,0,0,0,0,0,abca7839acdcd677,replay_exact@1
always_on,replay_exact,1.0,1005,0019_1003,50,5.0,2,2,2,2,2,2,289.462,2,144.731,48,90,5,3,0,0,5,3,5,3,0,0,0,0,1,1,2,0,0,0,0,0,0,,28,7,5000.0,1,2093.32,2068.32,0,0.0,0,,0,0,0,0,0,0,31670a3d2a74733d,replay_exact@1
always_on,replay_perturbed,1.0,1001,0006_0000,182,18.2,11,11,10,11,11,10,4350.740000000001,11,890.2205000000004,145,252,36,20,0,0,36,20,0,0,36,20,13,8,3,3,19,0,0,0,0,0,0,,96,32,18200.0,1,7607.38,7516.38,0,0.0,0,,0,0,0,0,0,0,979558573ddcd82f,replay_perturbed@1
always_on,replay_perturbed,1.0,1002,0006_0000,182,18.2,11,11,11,11,11,11,4789.629000000001,11,909.4735000000005,124,234,35,17,0,0,35,17,0,0,35,17,12,5,3,3,16,0,0,0,0,0,0,,87,44,18200.0,1,7630.06,7539.06,0,0.0,0,,0,0,0,0,0,0,dea90f80db24d1e2,replay_perturbed@1
always_on,replay_perturbed,1.0,1003,0006_0000,182,18.2,11,11,10,11,11,10,3705.442000000002,11,810.1315000000002,188,334,0,0,0,0,0,0,0,0,0,0,0,0,0,0,0,0,0,0,0,0,0,,96,32,18200.0,1,7610.080000000001,7519.080000000001,0,0.0,0,,0,0,0,0,0,0,979d09f565b6b682,replay_perturbed@1
always_on,replay_perturbed,1.0,1004,0006_0000,182,18.2,11,11,10,11,11,10,3646.5640000000003,11,782.0779999999999,192,334,0,0,0,0,0,0,0,0,0,0,0,0,0,0,0,0,0,0,0,0,0,,97,33,18200.0,1,7608.820000000001,7517.820000000001,0,0.0,0,,0,0,0,0,0,0,3ee4ed4fd76492d1,replay_perturbed@1
always_on,replay_perturbed,1.0,1005,0006_0000,182,18.2,11,11,11,11,11,11,3254.567999999999,11,460.22749999999996,176,312,14,8,0,0,14,8,0,0,14,8,14,8,1,1,8,0,0,0,0,0,0,,96,32,18200.0,1,7612.06,7521.06,0,0.0,0,,0,0,0,0,0,0,86996d400d65de03,replay_perturbed@1
always_on,replay_perturbed,1.0,1001,0012_0000,78,7.8,2,2,1,2,2,1,4682.241,2,4310.87625,17,97,0,0,0,0,0,0,0,0,0,0,0,0,0,0,0,0,0,0,0,0,0,,32,27,7800.0,1,3280.08,3241.08,0,0.0,0,,0,0,0,0,0,0,fbf4336af3351e2c,replay_perturbed@1
always_on,replay_perturbed,1.0,1002,0012_0000,78,7.8,2,1,1,2,1,1,149.403,1,149.403,15,97,0,0,0,0,0,0,0,0,0,0,0,0,0,0,0,0,0,0,0,0,0,,31,27,7800.0,1,3280.2599999999998,3241.2599999999998,0,0.0,0,,0,0,0,0,0,0,df15d87b09e3f90a,replay_perturbed@1
always_on,replay_perturbed,1.0,1003,0012_0000,78,7.8,2,1,1,2,1,1,155.283,1,155.283,15,76,21,8,0,0,21,8,0,0,21,8,6,2,2,2,8,0,0,0,0,0,0,,32,27,7800.0,1,3279.1800000000003,3240.1800000000003,0,0.0,0,,0,0,0,0,0,0,d05849b35bcd3089,replay_perturbed@1
always_on,replay_perturbed,1.0,1004,0012_0000,78,7.8,2,2,1,2,2,1,4707.2029999999995,2,4342.98355,16,97,0,0,0,0,0,0,0,0,0,0,0,0,0,0,0,0,0,0,0,0,0,,31,28,7800.0,1,3280.62,3241.62,0,0.0,0,,0,0,0,0,0,0,c0b9f8ebda1bafb5,replay_perturbed@1
always_on,replay_perturbed,1.0,1005,0012_0000,78,7.8,2,2,1,2,2,1,3311.831,2,3014.63155,15,97,0,0,0,0,0,0,0,0,0,0,0,0,0,0,0,0,0,0,0,0,0,,31,28,7800.0,1,3280.62,3241.62,0,0.0,0,,0,0,0,0,0,0,06a19f8b19f6b024,replay_perturbed@1
always_on,replay_perturbed,1.0,1001,0015_0090,286,28.6,10,10,10,8,8,8,3178.646999999999,10,807.7103500000003,321,612,8,5,0,0,8,5,0,0,8,5,8,5,1,1,5,0,0,0,0,0,0,,187,0,28600.0,1,11903.720000000001,11760.720000000001,0,0.0,0,,0,0,0,0,0,0,8790c154cad8a7eb,replay_perturbed@1
always_on,replay_perturbed,1.0,1002,0015_0090,286,28.6,10,10,10,8,8,8,3296.476000000002,10,877.3577999999995,300,561,40,26,0,0,40,26,0,0,40,26,12,8,4,4,26,0,0,0,0,0,0,,186,0,28600.0,1,11897.42,11754.42,0,0.0,0,,0,0,0,0,0,0,5023718dfac5b99c,replay_perturbed@1
always_on,replay_perturbed,1.0,1003,0015_0090,286,28.6,10,10,10,8,8,8,2904.1570000000015,10,734.2334499999995,298,568,21,14,0,0,21,14,0,0,21,14,0,0,2,2,14,0,0,0,0,0,0,,189,0,28600.0,1,11904.08,11761.08,0,0.0,0,,0,0,0,0,0,0,600c470e1c03aa46,replay_perturbed@1
always_on,replay_perturbed,1.0,1004,0015_0090,286,28.6,10,10,9,8,8,8,3448.4580000000005,10,942.2168999999998,312,593,13,9,0,0,13,9,0,0,13,9,0,0,1,1,9,0,0,0,0,0,0,,188,0,28600.0,1,11899.94,11756.94,0,0.0,0,,0,0,0,0,0,0,219ffe5fb30d5a8b,replay_perturbed@1
always_on,replay_perturbed,1.0,1005,0015_0090,286,28.6,10,10,10,8,8,8,2572.3070000000002,10,548.7902999999995,327,618,0,0,0,0,0,0,0,0,0,0,0,0,0,0,0,0,0,0,0,0,0,,189,0,28600.0,1,11904.98,11761.98,0,0.0,0,,0,0,0,0,0,0,6c218132b8ee310d,replay_perturbed@1
always_on,replay_perturbed,1.0,1001,0016_0000,209,20.9,16,16,9,14,14,7,30640.369,16,6374.02625,441,1225,44,24,0,0,44,24,0,0,44,24,3,2,5,5,24,0,0,0,0,0,0,,106,34,20900.0,1,8631.76,8527.26,0,0.0,0,,0,0,0,0,0,0,a755ab94eb274f33,replay_perturbed@1
always_on,replay_perturbed,1.0,1002,0016_0000,209,20.9,16,15,9,14,14,8,22884.98,15,4899.1783,582,1563,15,7,0,0,15,7,0,0,15,7,8,4,2,2,6,0,0,0,0,0,0,,106,35,20900.0,1,8625.460000000001,8520.960000000001,0,0.0,0,,0,0,0,0,0,0,214e48d5f54f35eb,replay_perturbed@1
always_on,replay_perturbed,1.0,1003,0016_0000,209,20.9,16,16,10,14,14,8,22638.131,16,4821.87175,603,1635,7,3,0,0,7,3,0,0,7,3,7,3,1,1,2,0,0,0,0,0,0,,105,36,20900.0,1,8626.18,8521.68,0,0.0,0,,0,0,0,0,0,0,1d05307f0fa8e135,replay_perturbed@1
always_on,replay_perturbed,1.0,1004,0016_0000,209,20.9,16,16,11,14,14,9,25465.466,16,5800.17475,597,1652,0,0,0,0,0,0,0,0,0,0,0,0,0,0,0,0,0,0,0,0,0,,103,39,20900.0,1,8633.56,8529.06,0,0.0,0,,0,0,0,0,0,0,ba78cd43796104e4,replay_perturbed@1
always_on,replay_perturbed,1.0,1005,0016_0000,209,20.9,16,16,10,14,14,8,27731.552,16,6126.802,584,1587,8,3,0,0,8,3,0,0,8,3,0,0,1,1,3,0,0,0,0,0,0,,104,38,20900.0,1,8632.3,8527.8,0,0.0,0,,0,0,0,0,0,0,efa5905343669dad,replay_perturbed@1
always_on,replay_perturbed,1.0,1001,0017_0000,145,14.5,9,9,8,9,9,8,3284.198,9,887.1723999999997,306,697,8,5,0,0,8,5,0,0,8,5,0,0,1,1,4,0,0,0,0,0,0,,79,22,14500.0,1,6026.06,5953.56,0,0.0,0,,0,0,0,0,0,0,851dd60f02f54ab1,replay_perturbed@1
always_on,replay_perturbed,1.0,1002,0017_0000,145,14.5,9,9,8,9,9,8,3391.446,9,923.3623999999999,280,637,22,12,0,0,22,12,0,0,22,12,22,12,2,2,12,0,0,0,0,0,0,,79,19,14500.0,1,6026.780000000001,5954.280000000001,0,0.0,0,,0,0,0,0,0,0,ce16f072de9a0e3d,replay_perturbed@1
always_on,replay_perturbed,1.0,1003,0017_0000,145,14.5,9,9,8,9,9,8,3673.842,9,917.0179999999998,298,662,14,7,0,0,14,7,0,0,14,7,14,7,1,1,7,0,0,0,0,0,0,,81,17,14500.0,1,6028.58,5956.08,0,0.0,0,,0,0,0,0,0,0,f5c6c8b187ba5fbe,replay_perturbed@1
always_on,replay_perturbed,1.0,1004,0017_0000,145,14.5,9,9,8,9,9,8,3546.1080000000006,9,915.5099999999999,286,658,15,8,0,0,15,8,0,0,15,8,0,0,1,1,8,0,0,0,0,0,0,,80,20,14500.0,1,6028.760000000001,5956.260000000001,0,0.0,0,,0,0,0,0,0,0,a466cd64713dbaa0,replay_perturbed@1
always_on,replay_perturbed,1.0,1005,0017_0000,145,14.5,9,9,8,9,9,8,3646.1629999999996,9,901.7579999999999,295,673,12,5,0,0,12,5,0,0,12,5,0,0,1,1,5,0,0,0,0,0,0,,77,23,14500.0,1,6035.78,5963.28,0,0.0,0,,0,0,0,0,0,0,6b9e8a80f78938e7,replay_perturbed@1
always_on,replay_perturbed,1.0,1001,0019_0618,89,8.9,11,11,10,9,9,8,4943.524000000001,11,1260.978,301,592,0,0,0,0,0,0,0,0,0,0,0,0,0,0,0,0,0,0,0,0,0,,54,2,8900.0,1,3663.34,3618.84,0,0.0,0,,0,0,0,0,0,0,ebaaf53c06eb8950,replay_perturbed@1
always_on,replay_perturbed,1.0,1002,0019_0618,89,8.9,11,11,10,9,9,8,4920.177000000001,11,1363.892,288,565,6,3,0,0,6,3,0,0,6,3,6,3,1,1,3,0,0,0,0,0,0,,54,1,8900.0,1,3660.6400000000003,3616.1400000000003,0,0.0,0,,0,0,0,0,0,0,d8c5c346296d62bb,replay_perturbed@1
always_on,replay_perturbed,1.0,1003,0019_0618,89,8.9,11,11,10,9,9,8,5371.634,11,1441.418,267,532,9,5,0,0,9,5,0,0,9,5,9,5,1,1,5,0,0,0,0,0,0,,54,2,8900.0,1,3660.022386,3615.522386,0,0.0,0,,0,0,0,0,0,0,29636ff62db5a298,replay_perturbed@1
always_on,replay_perturbed,1.0,1004,0019_0618,89,8.9,11,11,10,9,9,8,4983.231999999999,11,1254.837,266,536,11,6,0,0,11,6,0,0,11,6,11,6,1,1,6,0,0,0,0,0,0,,53,2,8900.0,1,3659.9199999999996,3615.4199999999996,0,0.0,0,,0,0,0,0,0,0,8b02db8fa0562369,replay_perturbed@1
always_on,replay_perturbed,1.0,1005,0019_0618,89,8.9,11,10,8,9,9,8,5592.784,10,1700.1604999999988,260,477,22,13,0,0,22,13,0,0,22,13,12,7,3,3,12,0,0,0,0,0,0,,53,3,8900.0,1,3654.88,3610.38,0,0.0,0,,0,0,0,0,0,0,7ced330043234b79,replay_perturbed@1
always_on,replay_perturbed,1.0,1001,0019_1003,50,5.0,2,2,2,2,2,2,302.006,2,151.003,51,97,0,0,0,0,0,0,0,0,0,0,0,0,0,0,0,0,0,0,0,0,0,,27,8,5000.0,1,2093.86,2068.86,0,0.0,0,,0,0,0,0,0,0,2080653e7aaea64e,replay_perturbed@1
always_on,replay_perturbed,1.0,1002,0019_1003,50,5.0,2,2,2,2,2,2,295.806,2,147.903,49,97,0,0,0,0,0,0,0,0,0,0,0,0,0,0,0,0,0,0,0,0,0,,27,8,5000.0,1,2094.4,2069.4,0,0.0,0,,0,0,0,0,0,0,d15d43cc8d02f5b3,replay_perturbed@1
always_on,replay_perturbed,1.0,1003,0019_1003,50,5.0,2,2,2,2,2,2,307.566,2,153.783,49,97,0,0,0,0,0,0,0,0,0,0,0,0,0,0,0,0,0,0,0,0,0,,27,9,5000.0,1,2094.22,2069.22,0,0.0,0,,0,0,0,0,0,0,4eb0f20b836ee724,replay_perturbed@1
always_on,replay_perturbed,1.0,1004,0019_1003,50,5.0,2,2,2,2,2,2,283.354,2,141.677,50,97,0,0,0,0,0,0,0,0,0,0,0,0,0,0,0,0,0,0,0,0,0,,27,7,5000.0,1,2094.4,2069.4,0,0.0,0,,0,0,0,0,0,0,0087574b0eb2ce6a,replay_perturbed@1
always_on,replay_perturbed,1.0,1005,0019_1003,50,5.0,2,2,2,2,2,2,289.462,2,144.731,45,83,7,4,0,0,7,4,0,0,7,4,0,0,1,1,4,0,0,0,0,0,0,,27,7,5000.0,1,2094.04,2069.04,0,0.0,0,,0,0,0,0,0,0,4d95feddbda39f2e,replay_perturbed@1
always_on,mixed,1.0,1001,0006_0000,182,18.2,11,11,11,11,11,11,3991.513000000001,11,651.4859999999999,175,307,16,7,0,0,16,7,7,4,9,3,0,0,2,2,7,0,0,0,0,0,0,,94,35,18200.0,1,7614.58,7523.58,0,0.0,0,,0,0,0,0,0,0,cdf6c30c94f9ec54,mixed@1
always_on,mixed,1.0,1002,0006_0000,182,18.2,11,11,11,11,11,11,3043.982999999998,11,452.84549999999945,188,334,4,1,3,1,1,0,0,0,1,0,1,0,2,1,0,0,0,0,0,0,0,,94,33,18200.0,1,7612.419999999999,7521.419999999999,0,0.0,0,,0,0,0,0,0,0,9d427e703d16c0cb,mixed@1
always_on,mixed,1.0,1003,0006_0000,182,18.2,11,11,10,11,11,10,3705.442000000002,11,810.1315000000002,187,331,9,5,3,2,6,3,6,3,0,0,0,0,2,2,3,0,0,0,0,0,0,,97,31,18200.0,1,7607.74,7516.74,0,0.0,0,,0,0,0,0,0,0,32c5f67735427177,mixed@1
always_on,mixed,1.0,1004,0006_0000,182,18.2,11,11,9,11,11,9,5293.643000000002,11,1446.1850000000004,154,276,33,18,3,2,30,16,21,12,9,4,9,4,4,4,16,0,0,0,0,0,0,,94,37,18200.0,1,7619.08,7528.08,0,0.0,0,,0,0,0,0,0,0,aa15c5904d7671fe,mixed@1
always_on,mixed,1.0,1005,0006_0000,182,18.2,11,11,11,11,11,11,3254.567999999999,11,460.22749999999996,185,334,3,1,3,1,0,0,0,0,0,0,0,0,2,1,0,0,0,0,0,0,0,,95,34,18200.0,1,7611.160000000001,7520.160000000001,0,0.0,0,,0,0,0,0,0,0,e468622a98760ea5,mixed@1
always_on,mixed,1.0,1001,0012_0000,78,7.8,2,2,1,2,2,1,4682.241,2,4310.87625,17,97,0,0,0,0,0,0,0,0,0,0,0,0,0,0,0,0,0,0,0,0,0,,32,27,7800.0,1,3280.08,3241.08,0,0.0,0,,0,0,0,0,0,0,ef7013dff434e4c4,mixed@1
always_on,mixed,1.0,1002,0012_0000,78,7.8,2,1,1,2,1,1,149.403,1,149.403,15,97,1,1,1,1,0,0,0,0,0,0,0,0,1,1,0,0,0,0,0,0,0,,31,27,7800.0,1,3280.2599999999998,3241.2599999999998,0,0.0,0,,0,0,0,0,0,0,e4777f89bb41c813,mixed@1
always_on,mixed,1.0,1003,0012_0000,78,7.8,2,2,1,2,2,1,3236.1569999999997,2,2934.5944499999996,16,97,1,1,1,1,0,0,0,0,0,0,0,0,1,1,0,0,0,0,0,0,0,,32,28,7800.0,1,3279.36,3240.36,0,0.0,0,,0,0,0,0,0,0,8e98c68ec99f31c8,mixed@1
always_on,mixed,1.0,1004,0012_0000,78,7.8,2,2,1,2,2,1,4707.2029999999995,2,4342.98355,16,97,0,0,0,0,0,0,0,0,0,0,0,0,0,0,0,0,0,0,0,0,0,,31,28,7800.0,1,3280.62,3241.62,0,0.0,0,,0,0,0,0,0,0,c5272f6557ec5028,mixed@1
always_on,mixed,1.0,1005,0012_0000,78,7.8,2,2,1,2,2,1,3311.831,2,3014.63155,15,97,1,1,1,1,0,0,0,0,0,0,0,0,1,1,0,0,0,0,0,0,0,,31,28,7800.0,1,3280.62,3241.62,0,0.0,0,,0,0,0,0,0,0,0125ae1c20ed8184,mixed@1
always_on,mixed,1.0,1001,0015_0090,286,28.6,10,10,10,8,8,8,2516.6230000000014,10,550.2919499999995,323,618,6,4,6,4,0,0,0,0,0,0,0,0,3,2,0,0,0,0,0,0,0,,187,0,28600.0,1,11907.5,11764.5,0,0.0,0,,0,0,0,0,0,0,515a131258485bc0,mixed@1
always_on,mixed,1.0,1002,0015_0090,286,28.6,10,10,9,8,8,7,3776.641000000002,10,1077.3317499999987,302,588,22,14,4,2,18,12,18,12,0,0,0,0,5,4,12,0,0,0,0,0,0,,187,0,28600.0,1,11906.960000000001,11763.960000000001,0,0.0,0,,0,0,0,0,0,0,916dbb271fe68539,mixed@1
always_on,mixed,1.0,1003,0015_0090,286,28.6,10,10,10,8,8,8,2467.863,10,537.8286999999998,325,618,10,6,3,2,7,4,7,4,0,0,0,0,2,2,4,0,0,0,0,0,0,,189,0,28600.0,1,11900.3,11757.3,0,0.0,0,,0,0,0,0,0,0,3a804113abd867c3,mixed@1
always_on,mixed,1.0,1004,0015_0090,286,28.6,10,10,10,8,8,8,2697.3489999999993,10,592.6972499999995,326,618,5,4,5,4,0,0,0,0,0,0,0,0,2,2,0,0,0,0,0,0,0,,189,0,28600.0,1,11904.8,11761.8,0,0.0,0,,0,0,0,0,0,0,eaf83530d7ea7629,mixed@1
always_on,mixed,1.0,1005,0015_0090,286,28.6,10,10,10,8,8,8,2582.0930000000003,10,548.7902999999995,316,598,30,20,14,10,16,10,0,0,16,10,0,0,8,8,10,0,0,0,0,0,0,,189,0,28600.0,1,11900.84,11757.84,0,0.0,0,,0,0,0,0,0,0,0b9e84e0da665ea4,mixed@1
always_on,mixed,1.0,1001,0016_0000,209,20.9,16,16,10,14,14,8,23225.762,16,4860.33275,595,1652,15,8,15,8,0,0,0,0,0,0,0,0,7,6,0,0,0,0,0,0,0,,103,37,20900.0,1,8634.099999999999,8529.599999999999,0,0.0,0,,0,0,0,0,0,0,d15fc4786536117d,mixed@1
always_on,mixed,1.0,1002,0016_0000,209,20.9,16,16,10,14,14,8,23436.594,16,4842.38925,602,1652,5,4,5,4,0,0,0,0,0,0,0,0,2,2,0,0,0,0,0,0,0,,106,34,20900.0,1,8628.7,8524.2,0,0.0,0,,0,0,0,0,0,0,92e5952d20329489,mixed@1
always_on,mixed,1.0,1003,0016_0000,209,20.9,16,16,10,14,14,8,22639.631,16,4821.87175,607,1652,5,2,5,2,0,0,0,0,0,0,0,0,2,2,0,0,0,0,0,0,0,,105,37,20900.0,1,8627.44,8522.94,0,0.0,0,,0,0,0,0,0,0,541efc4820f25678,mixed@1
always_on,mixed,1.0,1004,0016_0000,209,20.9,16,16,11,14,14,9,25462.466,16,5800.17475,597,1652,6,3,6,3,0,0,0,0,0,0,0,0,4,3,0,0,0,0,0,0,0,,103,39,20900.0,1,8633.92,8529.42,0,0.0,0,,0,0,0,0,0,0,baa921c6c9a4cf29,mixed@1
always_on,mixed,1.0,1005,0016_0000,209,20.9,16,16,10,14,14,8,23304.263000000003,16,4797.815,598,1652,0,0,0,0,0,0,0,0,0,0,0,0,0,0,0,0,0,0,0,0,0,,104,37,20900.0,1,8633.74,8529.24,0,0.0,0,,0,0,0,0,0,0,4c225f1f2f7997c0,mixed@1
always_on,mixed,1.0,1001,0017_0000,145,14.5,9,9,8,9,9,8,3284.198,9,887.1723999999997,316,718,0,0,0,0,0,0,0,0,0,0,0,0,0,0,0,0,0,0,0,0,0,,79,22,14500.0,1,6029.48,5956.98,0,0.0,0,,0,0,0,0,0,0,50fef766f0abe9dc,mixed@1
always_on,mixed,1.0,1002,0017_0000,145,14.5,9,9,8,9,9,8,3391.446,9,923.3623999999999,314,718,3,2,3,2,0,0,0,0,0,0,0,0,2,2,0,0,0,0,0,0,0,,77,23,14500.0,1,6032.0,5959.5,0,0.0,0,,0,0,0,0,0,0,9f93a5567b02604b,mixed@1
always_on,mixed,1.0,1003,0017_0000,145,14.5,9,9,8,9,9,8,3673.842,9,917.0179999999998,320,718,6,3,6,3,0,0,0,0,0,0,0,0,2,2,0,0,0,0,0,0,0,,79,22,14500.0,1,6029.48,5956.98,0,0.0,0,,0,0,0,0,0,0,9e73fa6947d62756,mixed@1
always_on,mixed,1.0,1004,0017_0000,145,14.5,9,9,8,9,9,8,3546.1080000000006,9,915.5099999999999,294,682,14,6,2,1,12,5,12,5,0,0,0,0,2,2,5,0,0,0,0,0,0,,78,23,14500.0,1,6030.92,5958.42,0,0.0,0,,0,0,0,0,0,0,41cbf2417d8be4ac,mixed@1
always_on,mixed,1.0,1005,0017_0000,145,14.5,9,9,8,9,9,8,3646.1629999999996,9,901.7579999999999,314,718,1,1,1,1,0,0,0,0,0,0,0,0,1,1,0,0,0,0,0,0,0,,77,23,14500.0,1,6031.82,5959.32,0,0.0,0,,0,0,0,0,0,0,a5d93efaa65aeba0,mixed@1
always_on,mixed,1.0,1001,0019_0618,89,8.9,11,11,10,9,9,8,4943.524000000001,11,1260.978,301,592,3,2,3,2,0,0,0,0,0,0,0,0,1,1,0,0,0,0,0,0,0,,54,2,8900.0,1,3663.34,3618.84,0,0.0,0,,0,0,0,0,0,0,6379c7dfb45132a2,mixed@1
always_on,mixed,1.0,1002,0019_0618,89,8.9,11,11,10,9,9,8,4919.4039999999995,11,1363.892,301,592,2,1,2,1,0,0,0,0,0,0,0,0,1,1,0,0,0,0,0,0,0,,54,1,8900.0,1,3662.9800000000005,3618.4800000000005,0,0.0,0,,0,0,0,0,0,0,26e2837d06d173da,mixed@1
always_on,mixed,1.0,1003,0019_0618,89,8.9,11,11,10,9,9,8,5003.268000000001,11,1297.307,305,592,0,0,0,0,0,0,0,0,0,0,0,0,0,0,0,0,0,0,0,0,0,,55,1,8900.0,1,3660.8199999999997,3616.3199999999997,0,0.0,0,,0,0,0,0,0,0,05ffa49aba7fb7cf,mixed@1
always_on,mixed,1.0,1004,0019_0618,89,8.9,11,10,9,9,9,8,4777.583,10,1341.407999999998,293,592,0,0,0,0,0,0,0,0,0,0,0,0,0,0,0,0,0,0,0,0,0,,53,2,8900.0,1,3663.633774,3619.133774,0,0.0,0,,0,0,0,0,0,0,1096905c0067827f,mixed@1
always_on,mixed,1.0,1005,0019_0618,89,8.9,11,11,10,9,9,8,4922.965999999999,11,1300.2759999999998,307,592,0,0,0,0,0,0,0,0,0,0,0,0,0,0,0,0,0,0,0,0,0,,55,1,8900.0,1,3661.0,3616.5,0,0.0,0,,0,0,0,0,0,0,d2a6333f50610c2c,mixed@1
always_on,mixed,1.0,1001,0019_1003,50,5.0,2,2,2,2,2,2,302.006,2,151.003,51,97,0,0,0,0,0,0,0,0,0,0,0,0,0,0,0,0,0,0,0,0,0,,27,8,5000.0,1,2093.86,2068.86,0,0.0,0,,0,0,0,0,0,0,4e3e16fa90ace097,mixed@1
always_on,mixed,1.0,1002,0019_1003,50,5.0,2,2,2,2,2,2,295.806,2,147.903,49,97,1,0,1,0,0,0,0,0,0,0,0,0,1,0,0,0,0,0,0,0,0,,27,8,5000.0,1,2094.4,2069.4,0,0.0,0,,0,0,0,0,0,0,c0a14b536a598ad8,mixed@1
always_on,mixed,1.0,1003,0019_1003,50,5.0,2,2,2,2,2,2,307.566,2,153.783,49,97,0,0,0,0,0,0,0,0,0,0,0,0,0,0,0,0,0,0,0,0,0,,27,9,5000.0,1,2094.22,2069.22,0,0.0,0,,0,0,0,0,0,0,5881fe5f7aa78367,mixed@1
always_on,mixed,1.0,1004,0019_1003,50,5.0,2,2,2,2,2,2,283.354,2,141.677,50,97,1,0,1,0,0,0,0,0,0,0,0,0,1,0,0,0,0,0,0,0,0,,27,7,5000.0,1,2094.4,2069.4,0,0.0,0,,0,0,0,0,0,0,a03963b1d2923635,mixed@1
always_on,mixed,1.0,1005,0019_1003,50,5.0,2,2,2,2,2,2,289.462,2,144.731,50,97,1,1,1,1,0,0,0,0,0,0,0,0,1,1,0,0,0,0,0,0,0,,27,7,5000.0,1,2094.58,2069.58,0,0.0,0,,0,0,0,0,0,0,775797a8e4bbc25f,mixed@1
ugs_secure,clean,1.0,1001,0006_0000,182,18.2,11,11,10,11,11,10,9123.07,11,2562.4264999999996,43,334,0,0,0,0,0,0,0,0,0,0,0,0,0,0,0,28,0,22,0,0,0,28.0,28,14,5809.276,24,3584.2436020000005,2485.9218100000003,0,6435.359999999999,28,433.80490000000003,0,0,0,0,0,0,fa3ade203bc19193,clean@1
ugs_secure,clean,1.0,1001,0012_0000,78,7.8,2,1,1,2,1,1,465.559,1,465.559,4,97,0,0,0,0,0,0,0,0,0,0,0,0,0,0,0,7,0,7,0,0,0,7.0,7,7,1819.652,6,1270.2299830000002,799.676692,0,2040.0929999999998,7,419.1238999999998,0,0,0,0,0,0,30c144a8f57906c9,clean@1
ugs_secure,clean,1.0,1001,0015_0090,286,28.6,10,10,8,8,8,7,5280.019,10,1374.0221000000001,84,618,0,0,0,0,0,0,0,0,0,0,0,0,0,0,0,43,3,42,3,0,0,43.0,40,0,6203.114,33,4427.240078000001,2701.412918,0,6725.0530000000035,40,214.0669000000003,3,0,0,0,0,0,0367403b50f2bb4b,clean@1
ugs_secure,clean,1.0,1001,0016_0000,209,20.9,16,16,9,14,14,8,32254.418,16,6423.860000000001,166,1652,0,0,0,0,0,0,0,0,0,0,0,0,0,0,0,29,0,29,0,0,0,29.0,29,13,6237.945,26,3905.8887390000004,2644.713475,0,6604.975000000004,29,308.80780000000084,0,0,0,0,0,0,9e64d07cfe702172,clean@1
ugs_secure,clean,1.0,1001,0017_0000,145,14.5,9,9,7,9,9,7,6374.490000000001,9,1366.1413999999997,83,718,0,0,0,0,0,0,0,0,0,0,0,0,0,0,0,19,0,19,0,0,0,19.0,19,6,3591.874,19,2423.6930979999997,1548.782183,0,3624.3420000000024,19,270.1518000000007,0,0,0,0,0,0,9b70139156f2d6eb,clean@1
ugs_secure,clean,1.0,1001,0019_0618,89,8.9,11,11,10,9,9,8,6301.445,11,1666.9825,88,592,0,0,0,0,0,0,0,0,0,0,0,0,0,0,0,17,0,17,0,0,0,17.0,17,0,2662.772,15,1656.566446,1119.392159,0,2800.3,17,217.0786000000003,0,0,0,0,0,0,f0ac04ff797ff806,clean@1
ugs_secure,clean,1.0,1001,0019_1003,50,5.0,2,2,2,2,2,2,722.224,2,361.112,10,97,0,0,0,0,0,0,0,0,0,0,0,0,0,0,0,6,0,6,0,0,0,6.0,6,2,1138.482,6,799.030154,497.35439500000007,0,1148.1449999999995,6,262.18474999999984,0,0,0,0,0,0,e6db16d05bfaea64,clean@1
ugs_secure,spam,1.0,1001,0006_0000,182,18.2,11,11,10,11,11,10,9123.07,11,2562.4264999999996,43,334,4,2,4,2,0,0,0,0,0,0,0,0,2,1,0,28,0,22,0,2,0,30.0,30,16,6331.305,25,3796.7657470000004,2698.387663,0,6435.359999999999,28,433.80490000000003,0,0,0,0,0,0,041c2975c4f33cd9,spam@1
ugs_secure,spam,1.0,1002,0006_0000,182,18.2,11,11,10,11,11,10,9182.414,11,2556.566,43,334,11,2,11,2,0,0,0,0,0,0,0,0,4,2,0,26,0,20,0,2,0,28.0,28,14,5829.383,24,3592.513567,2494.205753,0,6035.060000000001,26,431.0802500000001,0,0,0,0,0,0,d46d40f69e90bd5a,spam@1
ugs_secure,spam,1.0,1003,0006_0000,182,18.2,11,11,10,11,11,10,6742.376999999997,11,1414.3964999999998,48,334,11,3,11,3,0,0,0,0,0,0,0,0,5,3,0,32,0,25,0,3,0,35.0,34,20,7467.368,21,4262.643290000001,3164.1054269999995,0,7882.992999999997,31,417.7669999999998,0,0,0,0,0,0,7478607dce4440c5,spam@1
ugs_secure,spam,1.0,1004,0006_0000,182,18.2,11,11,11,11,11,11,5973.919999999999,11,867.3195000000001,45,334,9,4,9,4,0,0,0,0,0,0,0,0,3,3,0,28,0,22,0,5,1,33.0,32,16,6581.377,25,3897.495943,2799.077126,0,6760.2750000000015,28,443.41655000000003,1,0,0,0,0,0,c4f598e4e136c594,spam@1
ugs_secure,spam,1.0,1005,0006_0000,182,18.2,11,11,8,11,11,8,10618.495999999997,11,2909.8375,42,334,7,1,7,1,0,0,0,0,0,0,0,0,3,1,0,27,0,21,0,1,0,28.0,28,13,5810.81,22,3587.0126010000004,2488.7138680000003,0,6303.094000000003,27,424.3889000000003,0,0,0,0,0,0,582c7702f5c28180,spam@1
ugs_secure,spam,1.0,1001,0012_0000,78,7.8,2,1,1,2,1,1,465.559,1,465.559,4,97,0,0,0,0,0,0,0,0,0,0,0,0,0,0,0,7,0,7,0,0,0,7.0,7,7,1819.652,6,1270.2299830000002,799.676692,0,2040.0929999999998,7,419.1238999999998,0,0,0,0,0,0,67cf24bfe140160b,spam@1
ugs_secure,spam,1.0,1002,0012_0000,78,7.8,2,1,1,2,1,1,474.079,1,474.079,4,97,1,1,1,1,0,0,0,0,0,0,0,0,1,1,0,11,4,11,4,1,0,12.0,8,8,2121.239,6,1393.311132,922.670478,0,2049.7519999999995,7,390.8971999999996,0,4,0,0,0,0,1bbfd125c5386b68,spam@1
ugs_secure,spam,1.0,1003,0012_0000,78,7.8,2,1,1,2,1,1,464.652,1,464.652,4,97,4,2,4,2,0,0,0,0,0,0,0,0,2,1,0,8,1,8,1,2,0,10.0,9,9,2400.329,6,1507.213134,1036.57557,0,2016.5230000000001,7,373.31530000000004,0,1,0,0,0,0,62ff82a76d7c412e,spam@1
ugs_secure,spam,1.0,1004,0012_0000,78,7.8,2,2,1,2,2,1,4842.424,2,4174.7486,5,97,4,1,4,1,0,0,0,0,0,0,0,0,2,1,0,9,0,9,0,1,0,10.0,10,10,2652.056,8,1608.592193,1137.947128,0,2621.0370000000007,9,379.48500000000035,0,0,0,0,0,0,b91bcdc5760f0816,spam@1
ugs_secure,spam,1.0,1005,0012_0000,78,7.8,2,2,1,2,2,1,3551.4110000000005,2,2951.2517500000004,6,97,8,4,8,4,0,0,0,0,0,0,0,0,3,3,0,8,0,8,0,4,0,12.0,12,10,2921.45,8,1717.672332,1246.957525,0,2116.3650000000007,8,381.05875,0,0,0,0,0,0,61d1f019fd5af2ff,spam@1
ugs_secure,spam,1.0,1001,0015_0090,286,28.6,10,10,8,8,8,7,5280.019,10,1374.0221000000001,83,618,14,5,14,5,0,0,0,0,0,0,0,0,7,4,0,37,0,36,0,5,0,42.0,42,0,6425.711,34,4516.549247,2790.692907,0,6146.442000000005,37,205.66660000000047,0,0,0,0,0,0,005bc3a81c6d90f3,spam@1
ugs_secure,spam,1.0,1002,0015_0090,286,28.6,10,10,9,8,8,7,4930.194000000003,10,1237.2896999999998,79,618,17,7,17,7,0,0,0,0,0,0,0,0,8,7,0,38,0,34,0,7,0,45.0,45,0,7053.288,37,4770.267646,3044.304526,0,6311.454000000001,38,196.06179999999958,0,0,0,0,0,0,a3b03e0bc44a29b7,spam@1
ugs_secure,spam,1.0,1003,0015_0090,286,28.6,10,10,9,8,8,7,4562.222000000002,10,1045.4744499999995,82,618,11,2,11,2,0,0,0,0,0,0,0,0,5,2,0,43,3,40,3,2,0,45.0,42,0,6385.538,36,4498.780215,2772.8817369999997,0,6562.702000000009,40,221.78544999999994,3,0,0,0,0,0,680827f8b9062fbe,spam@1
ugs_secure,spam,1.0,1004,0015_0090,286,28.6,10,10,8,8,8,7,5346.377000000002,10,1375.6227999999994,88,618,3,2,3,2,0,0,0,0,0,0,0,0,2,2,0,42,1,40,1,2,0,44.0,43,0,6612.489,36,4590.658603,2864.765312,0,6821.306000000002,41,211.87900000000081,1,0,0,0,0,0,fb8c8925f13fc1b7,spam@1
ugs_secure,spam,1.0,1005,0015_0090,286,28.6,10,10,8,8,8,7,5531.192999999999,10,1375.5693499999995,84,618,10,4,10,4,0,0,0,0,0,0,0,0,4,4,0,41,1,38,1,4,0,45.0,44,0,6711.151,37,4630.1815990000005,2904.244036,0,6622.160000000001,40,214.7895999999986,1,0,0,0,0,0,63a0dc1af41a57af,spam@1
ugs_secure,spam,1.0,1001,0016_0000,209,20.9,16,16,9,14,14,8,32505.1,16,6423.860000000001,172,1652,10,2,10,2,0,0,0,0,0,0,0,0,4,2,0,28,0,28,0,2,0,30.0,30,14,6524.847,25,4022.590624,2761.386821,0,6637.847000000003,28,334.04745000000014,0,0,0,0,0,0,2fbd2b386441c60b,spam@1
ugs_secure,spam,1.0,1002,0016_0000,209,20.9,16,16,8,14,14,7,33246.089,16,6433.76375,167,1652,10,4,10,4,0,0,0,0,0,0,0,0,5,3,0,26,0,26,0,4,0,30.0,30,14,6442.85,27,3987.912218,2726.7043169999997,0,5656.4039999999995,26,293.00849999999946,0,0,0,0,0,0,bd895038d18fd021,spam@1
ugs_secure,spam,1.0,1003,0016_0000,209,20.9,16,16,9,14,14,8,32268.893999999997,16,6441.4735,165,1652,10,0,10,0,0,0,0,0,0,0,0,0,5,0,0,29,0,29,0,0,0,29.0,29,13,6165.787,25,3876.579202,2615.434126,0,6458.877999999992,29,307.8801999999996,0,0,0,0,0,0,8ea5af1eac63fcc4,spam@1
ugs_secure,spam,1.0,1004,0016_0000,209,20.9,16,16,9,14,14,8,32104.640000000003,16,6393.386,169,1652,17,3,17,3,0,0,0,0,0,0,0,0,8,3,0,27,0,27,0,3,0,30.0,30,13,6258.53,26,3912.9539470000004,2651.754488,0,5896.615,27,329.42169999999936,0,0,0,0,0,0,bf4b0519748253b6,spam@1
ugs_secure,spam,1.0,1005,0016_0000,209,20.9,16,16,10,14,14,8,31058.399,16,6141.45325,150,1652,8,3,8,3,0,0,0,0,0,0,0,0,5,3,0,23,0,23,0,3,0,26.0,26,7,4969.242,24,3394.0454539999996,2132.987873,0,4545.303,23,288.4645000000001,0,0,0,0,0,0,94df6470a4f18860,spam@1
ugs_secure,spam,1.0,1001,0017_0000,145,14.5,9,9,7,9,9,7,6374.490000000001,9,1366.1413999999997,89,718,6,2,6,2,0,0,0,0,0,0,0,0,2,2,0,18,0,18,0,2,0,20.0,20,6,3746.76,19,2485.5528759999997,1610.615275,0,3475.9230000000016,18,270.2882000000007,0,0,0,0,0,0,fcd5fdfed16ac090,spam@1
ugs_secure,spam,1.0,1002,0017_0000,145,14.5,9,9,6,9,9,6,7018.645,9,1432.9494,83,718,3,1,3,1,0,0,0,0,0,0,0,0,1,1,0,18,0,18,0,1,0,19.0,19,7,3828.549,19,2520.87187,1645.9321959999997,0,3604.4230000000007,18,296.1870999999998,0,0,0,0,0,0,764acf5ac544778c,spam@1
ugs_secure,spam,1.0,1003,0017_0000,145,14.5,9,9,7,9,9,7,6326.7970000000005,9,1349.8881999999996,83,718,3,0,3,0,0,0,0,0,0,0,0,0,1,0,0,19,0,19,0,0,0,19.0,19,6,3591.506,19,2423.5580499999996,1548.6303180000002,0,3625.129,19,279.5417000000002,0,0,0,0,0,0,10f439cff5e467de,spam@1
ugs_secure,spam,1.0,1004,0017_0000,145,14.5,9,9,7,9,9,7,6483.012999999999,9,1379.5695999999998,83,718,7,0,7,0,0,0,0,0,0,0,0,0,3,0,0,19,0,19,0,0,0,19.0,19,6,3720.524,19,2476.700634,1601.7858740000001,0,3752.3680000000004,19,287.74600000000004,0,0,0,0,0,0,b76e49142ec57496,spam@1
ugs_secure,spam,1.0,1005,0017_0000,145,14.5,9,9,7,9,9,7,6449.531999999999,9,1377.7749999999999,87,718,6,1,6,1,0,0,0,0,0,0,0,0,2,1,0,19,0,19,0,1,0,20.0,20,9,4150.534,20,2651.1273459999998,1776.1598060000001,0,3913.587999999999,19,287.7242,0,0,0,0,0,0,51d1d797d92447ff,spam@1
ugs_secure,spam,1.0,1001,0019_0618,89,8.9,11,11,10,9,9,8,6301.445,11,1666.9825,88,592,2,0,2,0,0,0,0,0,0,0,0,0,1,0,0,17,0,17,0,0,0,17.0,17,0,2662.772,15,1656.566446,1119.392159,0,2800.3,17,217.0786000000003,0,0,0,0,0,0,1c937e8b0f37d6cb,spam@1
ugs_secure,spam,1.0,1002,0019_0618,89,8.9,11,11,10,9,9,8,6532.801,11,1809.7649999999999,108,592,7,3,7,3,0,0,0,0,0,0,0,0,4,2,0,17,0,17,0,3,0,20.0,20,0,3204.282,16,1871.7878509999998,1334.484147,0,2933.9379999999996,17,223.475,0,0,0,0,0,0,4b2d82d023a29147,spam@1
ugs_secure,spam,1.0,1003,0019_0618,89,8.9,11,10,9,9,9,8,6010.857,10,1791.1889499999972,87,592,5,1,5,1,0,0,0,0,0,0,0,0,2,1,0,16,0,16,0,1,0,17.0,17,0,2776.833,14,1704.76876,1167.555051,0,2768.8590000000017,16,224.76299999999998,0,0,0,0,0,0,13c3ccb4f3f1520c,spam@1
ugs_secure,spam,1.0,1004,0019_0618,89,8.9,11,11,10,9,9,8,5619.992000000001,11,1271.584,89,592,10,2,10,2,0,0,0,0,0,0,0,0,5,2,0,15,0,15,0,2,0,17.0,17,0,2725.998,15,1682.271056,1145.081356,0,2563.232,15,222.0269999999997,0,0,0,0,0,0,451eefd0ca576e40,spam@1
ugs_secure,spam,1.0,1005,0019_0618,89,8.9,11,11,10,9,9,8,6300.070000000001,11,1670.3815,88,592,2,0,2,0,0,0,0,0,0,0,0,0,1,0,0,17,0,17,0,0,0,17.0,17,0,2672.712,15,1660.673685,1123.487476,0,2818.401,17,192.43739999999994,0,0,0,0,0,0,3959c7fe305b9e7b,spam@1
ugs_secure,spam,1.0,1001,0019_1003,50,5.0,2,2,2,2,2,2,725.224,2,362.612,12,97,4,2,4,2,0,0,0,0,0,0,0,0,3,2,0,4,0,4,0,2,0,6.0,6,1,1017.412,6,748.81019,447.11361899999997,0,716.4319999999998,4,240.55159999999995,0,0,0,0,0,0,f8d063990b654e06,spam@1
ugs_secure,spam,1.0,1002,0019_1003,50,5.0,2,2,2,2,2,2,697.694,2,348.847,10,97,1,0,1,0,0,0,0,0,0,0,0,0,1,0,0,6,0,6,0,0,0,6.0,6,2,1103.722,6,784.708283,483.03344500000003,0,1114.1200000000001,6,264.90450000000016,0,0,0,0,0,0,11f7f2f3152a8e0f,spam@1
ugs_secure,spam,1.0,1003,0019_1003,50,5.0,2,2,2,2,2,2,705.606,2,352.803,10,97,0,0,0,0,0,0,0,0,0,0,0,0,0,0,0,6,0,6,0,0,0,6.0,6,2,1092.101,6,779.9315240000001,478.245607,0,1103.373,6,255.49974999999995,0,0,0,0,0,0,515dd291b02b3a40,spam@1
ugs_secure,spam,1.0,1004,0019_1003,50,5.0,2,2,2,2,2,2,744.528,2,372.264,13,97,3,1,3,1,0,0,0,0,0,0,0,0,1,1,0,6,0,6,0,1,0,7.0,7,2,1280.119,7,855.5174679999999,553.8191199999999,0,1147.4940000000001,6,280.55375000000004,0,0,0,0,0,0,d8f1ce9e0e6266a4,spam@1
ugs_secure,spam,1.0,1005,0019_1003,50,5.0,2,2,2,2,2,2,698.59,2,349.295,11,97,8,2,8,2,0,0,0,0,0,0,0,0,4,2,0,4,0,4,0,2,0,6.0,6,1,1053.592,6,764.425781,462.740094,0,619.1030000000001,4,158.50399999999988,0,0,0,0,0,0,1bcfc9b4491435f3,spam@1
ugs_secure,spam,8.0,1001,0006_0000,182,18.2,11,11,10,11,11,10,7408.622000000002,11,1503.7545000000005,47,334,42,14,42,14,0,0,0,0,0,0,0,0,20,11,0,22,1,16,1,15,1,37.0,35,20,7432.885,25,4244.2877020000005,3145.758554,0,4826.518999999999,21,436.6110000000001,2,0,0,0,0,0,921e3b322215b383,spam@8
ugs_secure,spam,8.0,1002,0006_0000,182,18.2,11,11,8,11,11,8,10798.731,11,2732.5715,56,334,46,18,46,18,0,0,0,0,0,0,0,0,24,15,0,19,0,13,0,18,0,37.0,37,18,7618.159,24,4318.801875000001,3220.201345,0,4491.728999999999,19,383.9273999999998,0,0,0,0,0,0,1271a89094a7677f,spam@8
ugs_secure,spam,8.0,1003,0006_0000,182,18.2,11,11,9,11,11,9,10775.884,11,2869.1710000000003,57,334,52,17,52,17,0,0,0,0,0,0,0,0,25,15,0,27,5,24,5,24,7,51.0,38,22,8405.44,25,4640.23151,3541.4114389999995,0,5328.204999999997,21,402.77200000000084,12,0,0,0,0,0,5c7f60d1357e4118,spam@8
ugs_secure,spam,8.0,1004,0006_0000,182,18.2,11,11,9,11,11,9,7329.955,11,1281.8320000000003,54,334,45,18,45,18,0,0,0,0,0,0,0,0,24,15,0,19,0,15,0,19,1,38.0,36,20,7905.363,20,4441.0684550000005,3342.4894510000004,0,5475.858000000002,18,536.1216499999998,0,1,0,0,0,0,366ad726635fb6fc,spam@8
ugs_secure,spam,8.0,1005,0006_0000,182,18.2,11,11,10,11,11,10,6123.110000000001,11,1005.0645,63,334,53,15,53,15,0,0,0,0,0,0,0,0,23,13,0,33,10,25,5,19,4,52.0,38,18,7791.4,22,4389.122490000001,3290.3168860000005,0,5555.173000000003,23,398.37909999999977,4,10,0,0,0,0,a91e0817ec1c75a5,spam@8
ugs_secure,spam,8.0,1001,0012_0000,78,7.8,2,1,1,2,1,1,465.559,1,465.559,4,97,25,9,25,9,0,0,0,0,0,0,0,0,11,6,0,13,11,12,10,12,3,25.0,11,11,2878.839,7,1702.173051,1231.2918029999998,0,574.8799999999999,2,307.7592999999998,0,14,0,0,0,0,118d646c36f3a7d1,spam@8
ugs_secure,spam,8.0,1002,0012_0000,78,7.8,2,1,1,2,1,1,474.079,1,474.079,8,97,26,11,26,11,0,0,0,0,0,0,0,0,14,9,0,17,12,16,11,11,0,28.0,16,15,4136.133,10,2211.554717,1740.566888,0,1424.8749999999998,5,402.3997999999999,0,12,0,0,0,0,410755c8803480e8,spam@8
ugs_secure,spam,8.0,1003,0012_0000,78,7.8,2,2,1,2,2,1,5147.872,2,4472.2916000000005,5,97,15,9,15,9,0,0,0,0,0,0,0,0,8,8,0,7,0,7,0,9,0,16.0,16,16,4147.505,8,2218.613648,1747.771918,0,2569.857,7,512.2832,0,0,0,0,0,0,5d56dbef1e94b6e9,spam@8
ugs_secure,spam,8.0,1004,0012_0000,78,7.8,2,1,1,2,1,1,472.838,1,472.838,4,97,35,9,35,9,0,0,0,0,0,0,0,0,19,7,0,6,0,6,0,13,4,19.0,15,15,3968.333,8,2145.536317,1674.6733989999998,0,2032.4430000000004,6,422.9365,0,4,0,0,0,0,44f596a139a9562b,spam@8
ugs_secure,spam,8.0,1005,0012_0000,78,7.8,2,2,1,2,2,1,5112.915,2,4434.68055,5,97,27,9,27,9,0,0,0,0,0,0,0,0,13,7,0,9,2,9,2,11,2,20.0,16,16,4179.141,8,2230.968587,1760.0860239999997,0,2284.4370000000004,7,409.7858000000003,4,0,0,0,0,0,e0d14da4f1a9d97f,spam@8
ugs_secure,spam,8.0,1001,0015_0090,286,28.6,10,10,9,8,8,7,5935.656000000002,10,1338.158349999999,85,618,80,25,80,25,0,0,0,0,0,0,0,0,43,20,0,30,2,27,2,29,4,59.0,53,0,8148.907,41,5209.903754999999,3483.639756,0,4507.799999999997,28,203.35639999999964,4,2,0,0,0,0,f3cccf28450c23cf,spam@8
ugs_secure,spam,8.0,1002,0015_0090,286,28.6,10,10,9,8,8,7,5008.1640000000025,10,1237.2896999999998,93,618,72,20,72,20,0,0,0,0,0,0,0,0,37,18,0,34,0,29,0,21,1,55.0,54,0,8272.085,44,5256.584517,3530.33887,0,5816.407999999993,34,235.17599999999982,0,1,0,0,0,0,6500921f7b35e6a4,spam@8
ugs_secure,spam,8.0,1003,0015_0090,286,28.6,10,10,8,8,8,6,5906.884000000004,10,1444.444,95,618,79,21,79,21,0,0,0,0,0,0,0,0,40,18,0,38,8,34,8,21,0,59.0,51,0,7737.235,38,5044.6723059999995,3318.440698,0,5060.102000000006,30,225.17694999999947,3,5,0,0,0,0,7180d3012731fa95,spam@8
ugs_secure,spam,8.0,1004,0015_0090,286,28.6,10,10,9,8,8,7,4584.890999999997,10,956.087749999999,82,618,69,18,69,18,0,0,0,0,0,0,0,0,37,18,0,35,10,32,10,20,2,55.0,43,0,6697.829,40,4623.834138,2897.765727,0,4025.7550000000037,25,181.7993999999997,0,12,0,0,0,0,34a5e3c8a419d9fc,spam@8
ugs_secure,spam,8.0,1005,0015_0090,286,28.6,10,10,9,8,8,7,4451.117000000001,10,1038.4471499999995,91,618,79,27,79,27,0,0,0,0,0,0,0,0,38,23,0,27,0,23,0,27,0,54.0,54,0,8211.492,45,5230.060259,3503.844576,0,4274.247,27,191.8174999999999,0,0,0,0,0,0,21ebcb2828dd6463,spam@8
ugs_secure,spam,8.0,1001,0016_0000,209,20.9,16,16,9,14,14,7,33092.208,16,6139.902,158,1652,53,13,53,13,0,0,0,0,0,0,0,0,27,12,0,17,0,17,0,13,0,30.0,30,9,5900.835,23,3772.311559999999,2511.1340649999997,0,3483.6029999999982,17,282.9625999999999,0,0,0,0,0,0,d874a251aaac1533,spam@8
ugs_secure,spam,8.0,1002,0016_0000,209,20.9,16,16,10,14,14,8,31473.714,16,6311.703,186,1652,54,13,54,13,0,0,0,0,0,0,0,0,32,12,0,21,0,21,0,13,0,34.0,34,10,6700.109,27,4086.2869000000005,2824.9547310000003,0,4714.195999999997,21,344.79599999999846,0,0,0,0,0,0,6a8bed7a5046fdbf,spam@8
ugs_secure,spam,8.0,1003,0016_0000,209,20.9,16,16,7,14,14,6,34075.81999999999,16,6145.49425,166,1652,66,14,66,14,0,0,0,0,0,0,0,0,33,13,0,18,0,18,0,14,0,32.0,31,11,6318.314,29,3936.6462699999997,2675.3952329999997,0,3305.2019999999984,17,283.9244,0,0,0,0,0,0,56a6013f23e69b9e,spam@8
ugs_secure,spam,8.0,1004,0016_0000,209,20.9,16,16,10,14,14,9,28901.633,16,6329.9805,160,1652,65,13,65,13,0,0,0,0,0,0,0,0,33,13,0,18,0,18,0,13,0,31.0,30,8,5866.401,28,3753.71161,2492.510475,0,3460.863999999997,17,306.4241999999991,0,0,0,0,0,0,64e1901e245ce52a,spam@8
ugs_secure,spam,8.0,1005,0016_0000,209,20.9,16,16,10,14,14,8,31086.579,16,6420.3705,163,1652,59,9,59,9,0,0,0,0,0,0,0,0,29,8,0,21,0,21,0,9,0,30.0,30,10,5899.489,25,3768.87038,2507.69942,0,4437.747000000001,21,295.512999999999,0,0,0,0,0,0,78abd5aefa838084,spam@8
ugs_secure,spam,8.0,1001,0017_0000,145,14.5,9,9,6,9,9,6,6951.874000000001,9,1364.3413999999998,84,718,32,8,32,8,0,0,0,0,0,0,0,0,15,8,0,12,0,12,0,8,0,20.0,20,7,3854.023,19,2529.759938,1654.8076750000002,0,2268.095000000002,12,293.2310499999997,0,0,0,0,0,0,ed2a7915afe689a2,spam@8
ugs_secure,spam,8.0,1002,0017_0000,145,14.5,9,9,7,9,9,7,6472.579,9,1379.0897999999997,101,718,52,11,52,11,0,0,0,0,0,0,0,0,26,10,0,12,0,12,0,11,0,23.0,23,6,4295.967,21,2704.7339309999998,1829.6882769999997,0,2366.844,12,279.40105000000034,0,0,0,0,0,0,ff830307b2060dbc,spam@8
ugs_secure,spam,8.0,1003,0017_0000,145,14.5,9,9,6,9,9,6,6564.423000000001,9,1421.4759999999997,93,718,39,10,39,10,0,0,0,0,0,0,0,0,22,10,0,13,0,13,0,10,0,23.0,23,6,4173.859,21,2655.871276,1780.819944,0,2528.816999999999,13,294.3584,0,0,0,0,0,0,31e404c3eb97d61f,spam@8
ugs_secure,spam,8.0,1004,0017_0000,145,14.5,9,9,7,9,9,7,6483.012999999999,9,1379.5695999999998,101,718,45,6,45,6,0,0,0,0,0,0,0,0,22,6,0,18,0,18,0,6,0,24.0,23,8,4629.879,21,2841.441888,1966.3601999999998,0,3549.5379999999996,17,276.08520000000004,0,0,0,0,0,0,1f3803633de6acb9,spam@8
ugs_secure,spam,8.0,1005,0017_0000,145,14.5,9,9,6,9,9,6,6834.058999999999,9,1186.0395999999998,98,718,36,9,36,9,0,0,0,0,0,0,0,0,20,8,0,15,0,15,0,9,0,24.0,24,9,4814.308,19,2917.4478259999996,2042.344854,0,2909.806999999998,15,300.36949999999956,0,0,0,0,0,0,aeb4fdd1b91773e7,spam@8
ugs_secure,spam,8.0,1001,0019_0618,89,8.9,11,11,10,9,9,8,6273.785,11,1666.9825,111,592,24,7,24,7,0,0,0,0,0,0,0,0,14,6,0,14,0,14,0,7,0,21.0,21,1,3449.457,15,1972.1623910000003,1434.8661980000002,0,2607.697,14,241.61269999999976,0,0,0,0,0,0,0d5777a8ecb76fe3,spam@8
ugs_secure,spam,8.0,1002,0019_0618,89,8.9,11,10,9,9,9,8,4801.04,10,1015.1177499999999,79,592,31,7,31,7,0,0,0,0,0,0,0,0,16,6,0,10,0,10,0,7,0,17.0,17,0,2760.953,13,1701.1773560000001,1163.982713,0,1887.0630000000008,10,268.69735000000003,0,0,0,0,0,0,b4421d767b51351f,spam@8
ugs_secure,spam,8.0,1003,0019_0618,89,8.9,11,10,9,9,9,8,6010.857,10,1791.1889499999972,94,592,25,7,25,7,0,0,0,0,0,0,0,0,13,7,0,12,0,12,0,7,0,19.0,19,0,3061.594,14,1818.689051,1281.456709,0,2099.5590000000007,12,226.40140000000002,0,0,0,0,0,0,a56e8bafa397b77f,spam@8
ugs_secure,spam,8.0,1004,0019_0618,89,8.9,11,10,8,9,9,7,6449.446,10,1708.9039999999989,105,592,27,7,27,7,0,0,0,0,0,0,0,0,14,6,0,13,0,13,0,7,0,20.0,20,0,3179.202,13,1864.028185,1326.7611459999998,0,2223.5,13,220.32239999999973,0,0,0,0,0,0,f7cbe946d19de951,spam@8
ugs_secure,spam,8.0,1005,0019_0618,89,8.9,11,10,9,9,9,8,6765.448,10,1966.8079499999978,109,592,39,15,39,15,0,0,0,0,0,0,0,0,19,14,0,8,1,8,1,17,2,25.0,21,0,3419.044,16,1960.5484540000002,1423.146169,0,1028.933,6,207.05224999999984,3,0,0,0,0,0,cd13589565f35062,spam@8
ugs_secure,spam,8.0,1001,0019_1003,50,5.0,2,2,2,2,2,2,722.224,2,361.112,13,97,14,4,14,4,0,0,0,0,0,0,0,0,7,4,0,3,0,3,0,4,0,7.0,7,2,1292.725,6,861.890619,560.1825289999999,0,564.6089999999999,3,254.8999999999998,0,0,0,0,0,0,08c8f8834d383a3b,spam@8
ugs_secure,spam,8.0,1002,0019_1003,50,5.0,2,2,2,2,2,2,697.694,2,348.847,19,97,18,6,18,6,0,0,0,0,0,0,0,0,9,6,0,4,0,4,0,6,0,10.0,10,5,2063.898,7,1174.925933,873.1360090000001,0,1020.5750000000003,4,295.2284000000001,0,0,0,0,0,0,9b3f307286d2a5d3,spam@8
ugs_secure,spam,8.0,1003,0019_1003,50,5.0,2,2,2,2,2,2,705.606,2,352.803,16,97,12,4,12,4,0,0,0,0,0,0,0,0,7,4,0,5,0,5,0,4,0,9.0,9,2,1603.213,9,984.943492,683.1537500000001,0,889.4739999999998,5,236.56279999999987,0,0,0,0,0,0,875e7957947b0371,spam@8
ugs_secure,spam,8.0,1004,0019_1003,50,5.0,2,2,2,2,2,2,744.528,2,372.264,11,97,9,2,9,2,0,0,0,0,0,0,0,0,3,2,0,5,0,5,0,2,0,7.0,7,2,1260.184,7,847.6697549999999,545.965909,0,864.5279999999999,5,241.42800000000003,0,0,0,0,0,0,25123120cde490a0,spam@8
ugs_secure,spam,8.0,1005,0019_1003,50,5.0,2,2,2,2,2,2,942.086,2,471.043,9,97,10,2,10,2,0,0,0,0,0,0,0,0,6,2,0,4,0,4,0,2,0,6.0,5,3,1255.785,6,848.0905849999999,546.403614,0,510.1890000000003,3,241.4061000000001,0,0,0,0,0,0,b34d2a94229b5f32,spam@8
ugs_secure,replay_exact,1.0,1001,0006_0000,182,18.2,11,11,10,11,11,10,9123.07,11,2562.4264999999996,43,334,0,0,0,0,0,0,0,0,0,0,0,0,0,0,0,28,0,22,0,0,0,28.0,28,14,5809.276,24,3584.2436020000005,2485.9218100000003,0,6435.359999999999,28,433.80490000000003,0,0,0,0,0,0,3fa32f91cbb892bc,replay_exact@1
ugs_secure,replay_exact,1.0,1002,0006_0000,182,18.2,11,11,10,11,11,10,9182.414,11,2556.566,43,334,0,0,0,0,0,0,0,0,0,0,0,0,0,0,0,28,0,22,0,0,0,28.0,28,14,5829.383,24,3592.513567,2494.205753,0,6447.710000000001,28,427.09075,0,0,0,0,0,0,0c0adf5ada08b7d4,replay_exact@1
ugs_secure,replay_exact,1.0,1003,0006_0000,182,18.2,11,11,10,11,11,10,9816.987000000001,11,2630.4555,41,312,8,0,0,0,8,0,8,0,0,0,0,0,1,0,0,27,0,21,0,7,7,34.0,27,13,5539.561,23,3475.438387,2377.0492090000002,0,6187.574,27,420.9504999999998,0,7,0,0,0,0,c6c75d86d4901f2f,replay_exact@1
ugs_secure,replay_exact,1.0,1004,0006_0000,182,18.2,11,11,9,11,11,9,7811.7620000000015,11,1662.268,38,261,27,2,0,0,27,2,27,2,0,0,0,0,3,1,2,25,0,19,0,18,16,43.0,27,12,5429.493,21,3431.783001,2333.320982,0,5899.220000000001,25,449.6096,0,16,0,0,0,0,ab203928e6332a0d,replay_exact@1
ugs_secure,replay_exact,1.0,1005,0006_0000,182,18.2,11,11,10,11,11,10,9004.202999999998,11,2559.495,44,321,5,0,0,0,5,0,5,0,0,0,0,0,1,0,0,28,0,22,0,5,5,33.0,28,15,5987.489,24,3657.900597,2559.5256529999997,0,6634.418000000003,28,423.1170500000003,0,5,0,0,0,0,f8cfad64ae8dbcaf,replay_exact@1
ugs_secure,replay_exact,1.0,1001,0012_0000,78,7.8,2,1,1,2,1,1,465.559,1,465.559,4,94,4,1,0,0,4,1,4,1,0,0,0,0,1,1,1,7,0,7,0,1,0,8.0,8,7,1950.665,7,1322.348452,851.764185,0,2040.0929999999998,7,419.1238999999998,0,0,0,0,0,0,5d1421806c9c8bd9,replay_exact@1
ugs_secure,replay_exact,1.0,1002,0012_0000,78,7.8,2,1,1,2,1,1,474.079,1,474.079,4,90,7,1,0,0,7,1,7,1,0,0,0,0,1,1,1,9,0,9,0,1,0,10.0,10,9,2564.357,9,1571.6483289999999,1101.004987,0,2613.067,9,379.0063999999998,0,0,0,0,0,0,cf8531bb5eefab44,replay_exact@1
ugs_secure,replay_exact,1.0,1003,0012_0000,78,7.8,2,1,1,2,1,1,464.652,1,464.652,4,97,0,0,0,0,0,0,0,0,0,0,0,0,0,0,0,7,0,7,0,0,0,7.0,7,7,1826.069,6,1272.8659590000002,802.320532,0,1985.0140000000001,7,372.6802000000001,0,0,0,0,0,0,7c5c3ce3b234b27f,replay_exact@1
ugs_secure,replay_exact,1.0,1004,0012_0000,78,7.8,2,1,1,2,1,1,472.838,1,472.838,4,97,0,0,0,0,0,0,0,0,0,0,0,0,0,0,0,7,0,7,0,0,0,7.0,7,7,1842.68,6,1279.716958,809.164204,0,2008.0860000000007,7,372.29020000000014,0,0,0,0,0,0,93b80fd9f5939d20,replay_exact@1
ugs_secure,replay_exact,1.0,1005,0012_0000,78,7.8,2,1,1,2,1,1,469.543,1,469.543,4,97,0,0,0,0,0,0,0,0,0,0,0,0,0,0,0,7,0,7,0,0,0,7.0,7,7,1823.744,6,1271.918251,801.3623469999999,0,2010.1840000000002,7,372.99609999999996,0,0,0,0,0,0,e9028b2d10ecf559,replay_exact@1
ugs_secure,replay_exact,1.0,1001,0015_0090,286,28.6,10,10,8,8,8,7,5473.028999999999,10,1374.0221000000001,67,562,30,1,0,0,30,1,30,1,0,0,0,0,3,1,1,34,0,31,0,14,13,48.0,35,0,5330.762,29,4079.5499069999996,2353.703825,0,5581.878000000001,34,205.90985000000046,0,13,0,0,0,0,bfee96d34c2ae356,replay_exact@1
ugs_secure,replay_exact,1.0,1002,0015_0090,286,28.6,10,10,8,8,8,7,5554.841000000004,10,1378.8241500000006,78,570,29,0,0,0,29,0,29,0,0,0,0,0,3,0,0,39,0,36,0,28,28,67.0,39,0,6011.175,31,4352.122173,2625.933947,0,6527.4439999999995,39,205.42720000000048,0,28,0,0,0,0,42a3491a4edff176,replay_exact@1
ugs_secure,replay_exact,1.0,1003,0015_0090,286,28.6,10,10,9,8,8,7,5433.401999999999,10,1222.3469499999997,80,589,24,1,0,0,24,1,24,1,0,0,0,0,3,1,1,40,0,37,0,15,14,55.0,41,0,6187.771,34,4419.955567,2693.921671,0,6586.412999999999,40,227.91944999999933,0,14,0,0,0,0,0ea849ed556c88ac,replay_exact@1
ugs_secure,replay_exact,1.0,1004,0015_0090,286,28.6,10,10,8,8,8,7,4933.504999999999,10,1330.710099999999,65,511,40,0,0,0,40,0,40,0,0,0,0,0,4,0,0,32,0,30,0,39,39,71.0,32,0,4918.828,31,3912.5895670000004,2186.507033,0,5049.610000000006,32,175.48365000000004,0,39,0,0,0,0,cdf7b214103a605a,replay_exact@1
ugs_secure,replay_exact,1.0,1005,0015_0090,286,28.6,10,10,9,8,8,7,5121.132999999998,10,1150.8046999999995,82,603,21,1,0,0,21,1,21,1,0,0,0,0,3,1,1,44,5,43,5,20,19,64.0,40,0,6089.328,33,4381.398128,2655.25298,0,6448.655999999996,39,215.35419999999868,0,24,0,0,0,0,15024b5640696104,replay_exact@1
ugs_secure,replay_exact,1.0,1001,0016_0000,209,20.9,16,16,10,14,14,8,30463.304,16,6547.5255,152,1503,25,1,0,0,25,1,25,1,0,0,0,0,2,1,1,26,0,26,0,17,16,43.0,27,11,5608.647,22,3655.2252299999996,2393.902412,0,5923.734999999999,26,322.44174999999905,0,16,0,0,0,0,3a5b27b06a98843f,replay_exact@1
ugs_secure,replay_exact,1.0,1002,0016_0000,209,20.9,16,16,9,14,14,8,31839.816,16,6433.76375,149,1492,15,0,0,0,15,0,15,0,0,0,0,0,1,0,0,26,0,26,0,14,14,40.0,26,12,5565.768,23,3640.123589,2378.846488,0,5913.593999999996,26,308.2362499999999,0,14,0,0,0,0,9d7fcd131c6d42a4,replay_exact@1
ugs_secure,replay_exact,1.0,1003,0016_0000,209,20.9,16,16,9,14,14,8,31819.650999999998,16,6441.4735,146,1498,19,0,0,0,19,0,19,0,0,0,0,0,2,0,0,25,0,25,0,17,17,42.0,25,12,5439.214,23,3589.5826289999995,2328.3262640000003,0,5712.997999999992,25,313.13059999999894,0,17,0,0,0,0,a05c7c3a48b0cbdc,replay_exact@1
ugs_secure,replay_exact,1.0,1004,0016_0000,209,20.9,16,16,9,14,14,8,32104.640000000003,16,6393.386,166,1652,0,0,0,0,0,0,0,0,0,0,0,0,0,0,0,29,0,29,0,0,0,29.0,29,13,6087.638,26,3843.9551150000007,2582.786724,0,6398.686,29,325.4445999999994,0,0,0,0,0,0,b2dd7abe680f7b62,replay_exact@1
ugs_secure,replay_exact,1.0,1005,0016_0000,209,20.9,16,16,8,14,14,7,35173.211,16,7630.955,152,1477,24,0,0,0,24,0,24,0,0,0,0,0,2,0,0,27,0,27,0,22,22,49.0,27,10,5552.654,25,3630.7030350000005,2369.3033370000003,0,5868.397000000006,27,304.5755000000001,0,22,0,0,0,0,c4193b0a952d6ef3,replay_exact@1
ugs_secure,replay_exact,1.0,1001,0017_0000,145,14.5,9,9,7,9,9,7,6374.490000000001,9,1366.1413999999997,83,718,0,0,0,0,0,0,0,0,0,0,0,0,0,0,0,19,0,19,0,0,0,19.0,19,6,3591.874,19,2423.6930979999997,1548.782183,0,3624.3420000000024,19,270.1518000000007,0,0,0,0,0,0,98aa02caa969b648,replay_exact@1
ugs_secure,replay_exact,1.0,1002,0017_0000,145,14.5,9,9,7,9,9,7,6474.079,9,1379.0897999999997,86,664,11,0,0,0,11,0,11,0,0,0,0,0,1,0,0,20,0,20,0,7,7,27.0,20,10,4268.598,19,2700.676903,1825.6123120000002,0,4451.868,20,303.0828000000002,0,7,0,0,0,0,952799e32ca3b9fd,replay_exact@1
ugs_secure,replay_exact,1.0,1003,0017_0000,145,14.5,9,9,7,9,9,7,6326.7970000000005,9,1349.8881999999996,83,718,0,0,0,0,0,0,0,0,0,0,0,0,0,0,0,19,0,19,0,0,0,19.0,19,6,3591.506,19,2423.5580499999996,1548.6303180000002,0,3625.129,19,279.5417000000002,0,0,0,0,0,0,a74d26db3f87b600,replay_exact@1
ugs_secure,replay_exact,1.0,1004,0017_0000,145,14.5,9,9,7,9,9,7,6483.012999999999,9,1379.5695999999998,83,718,0,0,0,0,0,0,0,0,0,0,0,0,0,0,0,19,0,19,0,0,0,19.0,19,6,3720.524,19,2476.700634,1601.7858740000001,0,3752.3680000000004,19,287.74600000000004,0,0,0,0,0,0,561157605a45aff4,replay_exact@1
ugs_secure,replay_exact,1.0,1005,0017_0000,145,14.5,9,9,7,9,9,7,6449.531999999999,9,1377.7749999999999,83,718,0,0,0,0,0,0,0,0,0,0,0,0,0,0,0,19,0,19,0,0,0,19.0,19,6,3650.453,19,2447.842671,1572.916753,0,3682.2379999999966,19,275.3526999999998,0,0,0,0,0,0,e06f9501f3bfae72,replay_exact@1
ugs_secure,replay_exact,1.0,1001,0019_0618,89,8.9,11,11,10,9,9,8,6301.445,11,1666.9825,88,592,0,0,0,0,0,0,0,0,0,0,0,0,0,0,0,17,0,17,0,0,0,17.0,17,0,2662.772,15,1656.566446,1119.392159,0,2800.3,17,217.0786000000003,0,0,0,0,0,0,9ea7fc12baaa8638,replay_exact@1
ugs_secure,replay_exact,1.0,1002,0019_0618,89,8.9,11,11,10,9,9,8,6241.8460000000005,11,1664.2875,88,592,0,0,0,0,0,0,0,0,0,0,0,0,0,0,0,17,0,17,0,0,0,17.0,17,0,2772.857,15,1701.9421189999998,1164.7470039999998,0,2926.581,17,222.5797999999999,0,0,0,0,0,0,a10a1db18ff18434,replay_exact@1
ugs_secure,replay_exact,1.0,1003,0019_0618,89,8.9,11,11,10,9,9,8,6265.132,11,1661.5175,88,592,0,0,0,0,0,0,0,0,0,0,0,0,0,0,0,17,0,17,0,0,0,17.0,17,0,2771.702,15,1701.479545,1164.271293,0,2925.171,17,224.35339999999997,0,0,0,0,0,0,6c431fd0368705cf,replay_exact@1
ugs_secure,replay_exact,1.0,1004,0019_0618,89,8.9,11,11,10,9,9,8,6416.102000000002,11,1669.6390000000001,88,592,0,0,0,0,0,0,0,0,0,0,0,0,0,0,0,17,0,17,0,0,0,17.0,17,0,2728.497,15,1683.652973,1146.470776,0,2882.136,17,216.94599999999969,0,0,0,0,0,0,84570ddbbb8b6253,replay_exact@1
ugs_secure,replay_exact,1.0,1005,0019_0618,89,8.9,11,11,10,9,9,8,6300.070000000001,11,1670.3815,88,592,0,0,0,0,0,0,0,0,0,0,0,0,0,0,0,17,0,17,0,0,0,17.0,17,0,2672.712,15,1660.673685,1123.487476,0,2818.401,17,192.43739999999994,0,0,0,0,0,0,ac84c2ffee6b5fcf,replay_exact@1
ugs_secure,replay_exact,1.0,1001,0019_1003,50,5.0,2,2,2,2,2,2,722.224,2,361.112,10,97,0,0,0,0,0,0,0,0,0,0,0,0,0,0,0,6,0,6,0,0,0,6.0,6,2,1138.482,6,799.030154,497.35439500000007,0,1148.1449999999995,6,262.18474999999984,0,0,0,0,0,0,478c972dc217862f,replay_exact@1
ugs_secure,replay_exact,1.0,1002,0019_1003,50,5.0,2,2,2,2,2,2,697.694,2,348.847,10,97,0,0,0,0,0,0,0,0,0,0,0,0,0,0,0,6,0,6,0,0,0,6.0,6,2,1103.722,6,784.708283,483.03344500000003,0,1114.1200000000001,6,264.90450000000016,0,0,0,0,0,0,95e74beb2a28e29f,replay_exact@1
ugs_secure,replay_exact,1.0,1003,0019_1003,50,5.0,2,2,2,2,2,2,705.606,2,352.803,10,97,0,0,0,0,0,0,0,0,0,0,0,0,0,0,0,6,0,6,0,0,0,6.0,6,2,1092.101,6,779.9315240000001,478.245607,0,1103.373,6,255.49974999999995,0,0,0,0,0,0,462d7e2e4e54575a,replay_exact@1
ugs_secure,replay_exact,1.0,1004,0019_1003,50,5.0,2,2,2,2,2,2,744.528,2,372.264,10,97,0,0,0,0,0,0,0,0,0,0,0,0,0,0,0,6,0,6,0,0,0,6.0,6,2,1139.97,6,799.644657,497.96751500000005,0,1150.1019999999999,6,278.92275000000006,0,0,0,0,0,0,e29e0dd3b8ed2162,replay_exact@1
ugs_secure,replay_exact,1.0,1005,0019_1003,50,5.0,2,2,2,2,2,2,698.59,2,349.295,10,90,5,0,0,0,5,0,5,0,0,0,0,0,1,0,0,6,0,6,0,0,0,6.0,6,2,1092.662,6,780.1653080000001,478.47692300000006,0,1102.6540000000005,6,277.85699999999997,0,0,0,0,0,0,5a30f650a9767e42,replay_exact@1
ugs_secure,replay_perturbed,1.0,1001,0006_0000,182,18.2,11,11,9,11,11,9,7393.8809999999985,11,1552.8449999999993,40,252,36,1,0,0,36,1,0,0,36,1,13,1,3,1,1,29,7,19,0,27,26,56.0,23,9,4481.097,19,3046.8234780000003,1948.1619070000002,0,4864.049999999999,22,404.20790000000005,0,33,0,0,0,0,e067556f1c987612,replay_perturbed@1
ugs_secure,replay_perturbed,1.0,1002,0006_0000,182,18.2,11,11,9,11,11,9,11299.675000000003,11,3271.6770000000006,29,234,35,1,0,0,35,1,0,0,35,1,12,0,3,1,1,22,0,17,0,29,28,51.0,23,14,5070.781,18,3292.43754,2193.901865,0,5580.051000000003,22,458.88264999999996,0,28,0,0,0,0,90bf8a21ddb14d02,replay_perturbed@1
ugs_secure,replay_perturbed,1.0,1003,0006_0000,182,18.2,11,11,10,11,11,10,9162.386999999999,11,2569.0180000000005,43,334,0,0,0,0,0,0,0,0,0,0,0,0,0,0,0,28,0,22,0,0,0,28.0,28,14,5741.505,24,3556.3225140000004,2458.000199,0,6391.028999999998,28,419.9922499999998,0,0,0,0,0,0,03c09cd51f24a62c,replay_perturbed@1
ugs_secure,replay_perturbed,1.0,1004,0006_0000,182,18.2,11,11,10,11,11,10,9091.544999999998,11,2551.1789999999996,43,334,0,0,0,0,0,0,0,0,0,0,0,0,0,0,0,28,0,22,0,0,0,28.0,28,14,5768.59,24,3567.4375849999997,2469.159086,0,6492.849000000002,28,443.41655000000003,0,0,0,0,0,0,eb847e1e60079091,replay_perturbed@1
ugs_secure,replay_perturbed,1.0,1005,0006_0000,182,18.2,11,11,10,11,11,10,9209.578999999998,11,2559.495,41,312,14,0,0,0,14,0,0,0,14,0,14,0,1,0,0,27,0,22,0,7,7,34.0,26,12,5457.143,23,3442.7344510000003,2344.352849,0,6015.999,26,417.84199999999953,0,7,0,0,0,0,4bf12e3e36a52d4d,replay_perturbed@1
ugs_secure,replay_perturbed,1.0,1001,0012_0000,78,7.8,2,1,1,2,1,1,465.559,1,465.559,4,97,0,0,0,0,0,0,0,0,0,0,0,0,0,0,0,7,0,7,0,0,0,7.0,7,7,1819.652,6,1270.2299830000002,799.676692,0,2040.0929999999998,7,419.1238999999998,0,0,0,0,0,0,0c50d11a50423e0b,replay_perturbed@1
ugs_secure,replay_perturbed,1.0,1002,0012_0000,78,7.8,2,1,1,2,1,1,474.079,1,474.079,4,97,0,0,0,0,0,0,0,0,0,0,0,0,0,0,0,7,0,7,0,0,0,7.0,7,7,1872.119,6,1291.838655,821.2932,0,2054.932,7,390.8971999999996,0,0,0,0,0,0,94ea4e9766665682,replay_perturbed@1
ugs_secure,replay_perturbed,1.0,1003,0012_0000,78,7.8,2,1,1,2,1,1,464.652,1,464.652,4,76,21,1,0,0,21,1,0,0,21,1,6,1,2,1,1,12,3,11,3,16,15,28.0,9,9,2472.638,7,1536.6305340000001,1065.736682,0,2414.3320000000003,8,424.7769000000001,0,18,0,0,0,0,6135b1796e3bf20c,replay_perturbed@1
ugs_secure,replay_perturbed,1.0,1004,0012_0000,78,7.8,2,1,1,2,1,1,472.838,1,472.838,4,97,0,0,0,0,0,0,0,0,0,0,0,0,0,0,0,7,0,7,0,0,0,7.0,7,7,1842.68,6,1279.716958,809.164204,0,2008.0860000000007,7,372.29020000000014,0,0,0,0,0,0,92c82fcba1bbda0d,replay_perturbed@1
ugs_secure,replay_perturbed,1.0,1005,0012_0000,78,7.8,2,1,1,2,1,1,469.543,1,469.543,4,97,0,0,0,0,0,0,0,0,0,0,0,0,0,0,0,7,0,7,0,0,0,7.0,7,7,1823.744,6,1271.918251,801.3623469999999,0,2010.1840000000002,7,372.99609999999996,0,0,0,0,0,0,39793491c15ee4d9,replay_perturbed@1
ugs_secure,replay_perturbed,1.0,1001,0015_0090,286,28.6,10,10,9,8,8,7,4867.787,10,1188.5176999999996,84,612,8,2,0,0,8,2,0,0,8,2,8,2,1,1,2,44,4,43,4,2,0,46.0,42,0,6516.931,35,4551.2026319999995,2825.305522,0,6641.248000000003,40,205.61395000000073,3,1,0,0,0,0,d964b4a35c58fc15,replay_perturbed@1
ugs_secure,replay_perturbed,1.0,1002,0015_0090,286,28.6,10,10,8,8,8,7,6157.453000000001,10,1438.8289499999994,70,561,40,6,0,0,40,6,0,0,40,6,12,2,4,3,6,37,0,33,0,16,10,53.0,43,0,6735.052,39,4639.207950999999,2913.191371,0,6093.861,37,198.57579999999942,0,10,0,0,0,0,979adf7f0b9fef8f,replay_perturbed@1
ugs_secure,replay_perturbed,1.0,1003,0015_0090,286,28.6,10,10,8,8,8,7,5417.815999999999,10,1362.6875499999994,67,568,21,5,0,0,21,5,0,0,21,5,0,0,2,2,5,33,0,32,0,5,0,38.0,38,0,5780.047,33,4256.966135,2531.249416,0,5325.440999999996,33,222.16299999999939,0,0,0,0,0,0,656023b897646ccb,replay_perturbed@1
ugs_secure,replay_perturbed,1.0,1004,0015_0090,286,28.6,10,10,8,8,8,7,6146.783000000002,10,1375.6227999999994,74,593,13,0,0,0,13,0,0,0,13,0,0,0,1,0,0,39,3,38,3,13,13,52.0,36,0,5525.822,31,4155.2584400000005,2429.388631,0,5954.994999999997,36,220.63299999999887,3,13,0,0,0,0,28cb00df09f63d05,replay_perturbed@1
ugs_secure,replay_perturbed,1.0,1005,0015_0090,286,28.6,10,10,8,8,8,7,5227.578999999998,10,1375.5693499999995,84,618,0,0,0,0,0,0,0,0,0,0,0,0,0,0,0,43,3,42,3,0,0,43.0,40,0,6044.425,33,4361.875988000001,2636.033007,0,6569.371999999997,40,224.24875000000065,3,0,0,0,0,0,d80cafd94f4014c8,replay_perturbed@1
ugs_secure,replay_perturbed,1.0,1001,0016_0000,209,20.9,16,16,9,14,14,8,36338.295,16,6681.025750000001,129,1225,44,2,0,0,44,2,0,0,44,2,3,1,5,2,2,25,0,25,0,30,28,55.0,27,9,5360.317,24,3554.8885740000005,2293.3905280000004,0,5377.488000000003,25,311.8738000000004,0,28,0,0,0,0,ee576139432d2657,replay_perturbed@1
ugs_secure,replay_perturbed,1.0,1002,0016_0000,209,20.9,16,15,9,14,14,8,30934.437000000005,15,6976.019299999998,150,1563,15,2,0,0,15,2,0,0,15,2,8,2,2,1,2,26,0,26,0,9,7,35.0,28,11,5859.778,24,3754.834785,2493.5883320000003,0,5835.220999999999,26,308.53250000000025,0,7,0,0,0,0,4d528e4a9e358f95,replay_perturbed@1
ugs_secure,replay_perturbed,1.0,1003,0016_0000,209,20.9,16,15,8,14,14,8,31587.004999999997,15,6568.552799999997,164,1635,7,2,0,0,7,2,0,0,7,2,7,2,1,1,2,28,0,28,0,2,0,30.0,30,13,6315.694,26,3935.214549,2674.045927,0,6184.925999999994,28,312.4965499999991,0,0,0,0,0,0,8acf76c9714939dc,replay_perturbed@1
ugs_secure,replay_perturbed,1.0,1004,0016_0000,209,20.9,16,16,9,14,14,8,32104.640000000003,16,6393.386,166,1652,0,0,0,0,0,0,0,0,0,0,0,0,0,0,0,29,0,29,0,0,0,29.0,29,13,6087.638,26,3843.9551150000007,2582.786724,0,6398.686,29,325.4445999999994,0,0,0,0,0,0,d51da0d5fc202763,replay_perturbed@1
ugs_secure,replay_perturbed,1.0,1005,0016_0000,209,20.9,16,16,9,14,14,7,32162.584,16,6681.883,157,1587,8,0,0,0,8,0,0,0,8,0,0,0,1,0,0,28,0,28,0,2,2,30.0,28,13,6031.071,25,3825.201022,2564.0712679999997,0,6395.963000000003,28,304.6571999999996,0,2,0,0,0,0,f263fd8c60ba17a1,replay_perturbed@1
ugs_secure,replay_perturbed,1.0,1001,0017_0000,145,14.5,9,9,7,9,9,7,6374.490000000001,9,1366.1413999999997,81,697,8,0,0,0,8,0,0,0,8,0,0,0,1,0,0,18,0,18,0,8,8,26.0,18,6,3434.612,18,2360.8754059999997,1485.880149,0,3465.4370000000017,18,270.2882000000007,0,8,0,0,0,0,0077c7078f0e35ea,replay_perturbed@1
ugs_secure,replay_perturbed,1.0,1002,0017_0000,145,14.5,9,9,7,9,9,7,6474.079,9,1379.0897999999997,73,637,22,4,0,0,22,4,0,0,22,4,22,4,2,2,4,16,0,16,0,4,0,20.0,20,7,3932.073,20,2559.3156750000003,1684.353984,0,3221.105000000002,16,293.6005000000004,0,0,0,0,0,0,ee74fd6d0f0092ae,replay_perturbed@1
ugs_secure,replay_perturbed,1.0,1003,0017_0000,145,14.5,9,9,7,9,9,7,6326.7970000000005,9,1349.8881999999996,79,662,14,3,0,0,14,3,0,0,14,3,14,3,1,1,3,18,0,18,0,3,0,21.0,21,7,4051.029,21,2607.186823,1732.1938659999998,0,3500.428999999999,18,279.6780500000002,0,0,0,0,0,0,efd4760a65490b87,replay_perturbed@1
ugs_secure,replay_perturbed,1.0,1004,0017_0000,145,14.5,9,9,7,9,9,7,6483.012999999999,9,1379.5695999999998,80,658,15,0,0,0,15,0,0,0,15,0,0,0,1,0,0,18,0,18,0,15,15,33.0,18,4,3334.943,17,2321.096111,1445.986397,0,3432.9699999999993,18,275.39840000000004,0,15,0,0,0,0,3ebd41c9b7ffba51,replay_perturbed@1
ugs_secure,replay_perturbed,1.0,1005,0017_0000,145,14.5,9,9,7,9,9,7,6449.531999999999,9,1377.7749999999999,79,673,12,0,0,0,12,0,0,0,12,0,0,0,1,0,0,18,0,18,0,9,9,27.0,18,4,3274.563,18,2296.03484,1421.019762,0,3304.2279999999982,18,272.65479999999997,0,9,0,0,0,0,7c0a4121f345f8fd,replay_perturbed@1
ugs_secure,replay_perturbed,1.0,1001,0019_0618,89,8.9,11,11,10,9,9,8,6301.445,11,1666.9825,88,592,0,0,0,0,0,0,0,0,0,0,0,0,0,0,0,17,0,17,0,0,0,17.0,17,0,2662.772,15,1656.566446,1119.392159,0,2800.3,17,217.0786000000003,0,0,0,0,0,0,1ae3339fe0c4f98f,replay_perturbed@1
ugs_secure,replay_perturbed,1.0,1002,0019_0618,89,8.9,11,10,9,9,9,8,5976.281,10,1794.631549999997,80,565,6,2,0,0,6,2,0,0,6,2,6,2,1,1,2,15,0,15,0,2,0,17.0,17,0,2833.269,14,1726.0311909999996,1188.826673,0,2773.389,15,252.33309999999994,0,0,0,0,0,0,237e69958b078e64,replay_perturbed@1
ugs_secure,replay_perturbed,1.0,1003,0019_0618,89,8.9,11,10,9,9,9,8,6488.022,10,1969.0464999999976,78,532,9,3,0,0,9,3,0,0,9,3,9,3,1,1,3,16,0,16,0,3,0,19.0,19,0,3074.224,15,1821.851736,1284.590453,0,2827.935000000001,16,237.9802499999999,0,0,0,0,0,0,e31e48a287cd1edf,replay_perturbed@1
ugs_secure,replay_perturbed,1.0,1004,0019_0618,89,8.9,11,10,9,9,9,8,6155.699000000001,10,1798.1764999999973,77,536,11,2,0,0,11,2,0,0,11,2,11,2,1,1,2,14,0,14,0,2,0,16.0,16,0,2575.578,15,1621.3339610000003,1084.188029,0,2352.39,14,209.27949999999998,0,0,0,0,0,0,348af3014a12c538,replay_perturbed@1
ugs_secure,replay_perturbed,1.0,1005,0019_0618,89,8.9,11,10,8,9,9,8,7102.1720000000005,10,2232.4742999999985,66,477,22,4,0,0,22,4,0,0,22,4,12,3,3,3,3,10,0,10,0,8,4,18.0,13,0,2185.607,12,1466.705596,929.550276,0,1659.8089999999995,10,218.54109999999994,0,4,0,0,0,0,41c9731aba574aa5,replay_perturbed@1
ugs_secure,replay_perturbed,1.0,1001,0019_1003,50,5.0,2,2,2,2,2,2,722.224,2,361.112,10,97,0,0,0,0,0,0,0,0,0,0,0,0,0,0,0,6,0,6,0,0,0,6.0,6,2,1138.482,6,799.030154,497.35439500000007,0,1148.1449999999995,6,262.18474999999984,0,0,0,0,0,0,d7957ed00f1a4415,replay_perturbed@1
ugs_secure,replay_perturbed,1.0,1002,0019_1003,50,5.0,2,2,2,2,2,2,697.694,2,348.847,10,97,0,0,0,0,0,0,0,0,0,0,0,0,0,0,0,6,0,6,0,0,0,6.0,6,2,1103.722,6,784.708283,483.03344500000003,0,1114.1200000000001,6,264.90450000000016,0,0,0,0,0,0,88da4a1ce3630ffc,replay_perturbed@1
ugs_secure,replay_perturbed,1.0,1003,0019_1003,50,5.0,2,2,2,2,2,2,705.606,2,352.803,10,97,0,0,0,0,0,0,0,0,0,0,0,0,0,0,0,6,0,6,0,0,0,6.0,6,2,1092.101,6,779.9315240000001,478.245607,0,1103.373,6,255.49974999999995,0,0,0,0,0,0,bbd8ed959f8871c0,replay_perturbed@1
ugs_secure,replay_perturbed,1.0,1004,0019_1003,50,5.0,2,2,2,2,2,2,744.528,2,372.264,10,97,0,0,0,0,0,0,0,0,0,0,0,0,0,0,0,6,0,6,0,0,0,6.0,6,2,1139.97,6,799.644657,497.96751500000005,0,1150.1019999999999,6,278.92275000000006,0,0,0,0,0,0,cd33f3e1585cd3ba,replay_perturbed@1
ugs_secure,replay_perturbed,1.0,1005,0019_1003,50,5.0,2,2,2,2,2,2,698.59,2,349.295,9,83,7,1,0,0,7,1,0,0,7,1,0,0,1,1,1,5,0,5,0,1,0,6.0,6,2,1094.406,6,780.8839700000001,479.195247,0,944.4390000000003,5,279.47659999999996,0,0,0,0,0,0,a24a7ade3b428910,replay_perturbed@1
ugs_secure,mixed,1.0,1001,0006_0000,182,18.2,11,11,10,11,11,10,9945.708,11,2653.9294999999997,40,307,16,1,0,0,16,1,7,1,9,0,0,0,2,1,1,26,0,20,0,10,9,36.0,27,15,5843.249,22,3601.0251679999997,2502.618611,0,6160.482000000002,26,437.5495000000001,0,9,0,0,0,0,b1a3d23ce14a7ed7,mixed@1
ugs_secure,mixed,1.0,1002,0006_0000,182,18.2,11,11,10,11,11,10,9182.414,11,2556.566,43,334,4,1,3,1,1,0,0,0,1,0,1,0,2,1,0,27,0,22,0,2,1,29.0,28,14,5830.883,24,3592.9655669999997,2494.643753,0,6006.656000000001,27,369.98179999999996,0,1,0,0,0,0,f321e8c6cfde7fd9,mixed@1
ugs_secure,mixed,1.0,1003,0006_0000,182,18.2,11,11,10,11,11,10,9162.386999999999,11,2569.0180000000005,43,331,9,1,3,1,6,0,6,0,0,0,0,0,2,1,0,28,0,21,0,7,6,35.0,29,15,6028.129,24,3673.623039,2575.188952,0,6682.281999999994,28,429.90190000000007,0,6,0,0,0,0,182f63421711b932,mixed@1
ugs_secure,mixed,1.0,1004,0006_0000,182,18.2,11,10,7,11,10,7,9854.437999999998,10,3059.7544999999964,31,276,33,3,3,0,30,3,21,3,9,0,9,0,4,1,3,21,0,16,0,25,22,46.0,23,10,4740.787,21,3153.481761,2054.974141,0,4744.695999999998,20,460.0898000000002,0,22,0,0,0,0,dc79a38bbc8c0eea,mixed@1
ugs_secure,mixed,1.0,1005,0006_0000,182,18.2,11,11,9,11,11,9,10145.571999999996,11,3121.586,39,334,3,3,3,3,0,0,0,0,0,0,0,0,2,2,0,27,0,22,0,3,0,30.0,30,17,6627.654,23,3920.9979330000006,2822.6433620000003,0,6719.913000000004,27,491.3911999999999,0,0,0,0,0,0,81568f305fccf748,mixed@1
ugs_secure,mixed,1.0,1001,0012_0000,78,7.8,2,1,1,2,1,1,465.559,1,465.559,4,97,0,0,0,0,0,0,0,0,0,0,0,0,0,0,0,7,0,7,0,0,0,7.0,7,7,1819.652,6,1270.2299830000002,799.676692,0,2040.0929999999998,7,419.1238999999998,0,0,0,0,0,0,bda5e019eacc5e0c,mixed@1
ugs_secure,mixed,1.0,1002,0012_0000,78,7.8,2,1,1,2,1,1,474.079,1,474.079,4,97,1,0,1,0,0,0,0,0,0,0,0,0,1,0,0,7,0,7,0,0,0,7.0,7,7,1872.119,6,1291.838655,821.2932,0,2054.932,7,390.8971999999996,0,0,0,0,0,0,274a55ac856b83be,mixed@1
ugs_secure,mixed,1.0,1003,0012_0000,78,7.8,2,1,1,2,1,1,464.652,1,464.652,4,97,1,0,1,0,0,0,0,0,0,0,0,0,1,0,0,7,0,7,0,0,0,7.0,7,7,1826.069,6,1272.8659590000002,802.320532,0,1985.0140000000001,7,372.6802000000001,0,0,0,0,0,0,ef4d080a6eccfa17,mixed@1
ugs_secure,mixed,1.0,1004,0012_0000,78,7.8,2,1,1,2,1,1,472.838,1,472.838,4,97,0,0,0,0,0,0,0,0,0,0,0,0,0,0,0,7,0,7,0,0,0,7.0,7,7,1842.68,6,1279.716958,809.164204,0,2008.0860000000007,7,372.29020000000014,0,0,0,0,0,0,730df0d1ddca1fce,mixed@1
ugs_secure,mixed,1.0,1005,0012_0000,78,7.8,2,1,1,2,1,1,469.543,1,469.543,4,97,1,1,1,1,0,0,0,0,0,0,0,0,1,1,0,6,0,6,0,1,0,7.0,7,7,1831.545,6,1275.1304610000002,804.576504,0,1740.7180000000003,6,379.8837500000001,0,0,0,0,0,0,16c9ebb4d90f691c,mixed@1
ugs_secure,mixed,1.0,1001,0015_0090,286,28.6,10,10,8,8,8,7,5428.429,10,1374.0221000000001,83,618,6,2,6,2,0,0,0,0,0,0,0,0,3,2,0,39,1,38,1,2,0,41.0,40,0,6175.945,33,4416.751722,2690.9392420000004,0,6363.811000000009,38,214.99370000000033,1,0,0,0,0,0,25ebc697211edc09,mixed@1
ugs_secure,mixed,1.0,1002,0015_0090,286,28.6,10,10,7,8,8,6,5904.897999999999,10,1387.1585999999993,76,588,22,2,4,1,18,1,18,1,0,0,0,0,5,2,1,39,0,37,0,9,7,48.0,41,0,6457.796,34,4531.810356,2805.892011,0,6577.116999999996,39,208.7097999999993,0,7,0,0,0,0,d39d1c08b4aa6db8,mixed@1
ugs_secure,mixed,1.0,1003,0015_0090,286,28.6,10,10,8,8,8,7,5843.719000000001,10,1401.1485999999998,83,618,10,2,3,2,7,0,7,0,0,0,0,0,2,1,0,40,0,36,0,9,7,49.0,42,0,6433.098,34,4520.071131000001,2794.096455,0,6634.987000000002,40,227.91944999999933,0,7,0,0,0,0,d1e0d7095f5e5c1b,mixed@1
ugs_secure,mixed,1.0,1004,0015_0090,286,28.6,10,10,8,8,8,7,5346.377000000002,10,1375.6227999999994,80,618,5,1,5,1,0,0,0,0,0,0,0,0,2,1,0,38,0,37,0,1,0,39.0,39,0,5991.353,32,4342.358421,2616.597583,0,6295.907000000001,38,216.69080000000048,0,0,0,0,0,0,f35ddd48e6b91d1e,mixed@1
ugs_secure,mixed,1.0,1005,0015_0090,286,28.6,10,10,9,8,8,7,4504.156999999999,10,1050.0294499999993,77,598,30,5,14,3,16,2,0,0,16,2,0,0,8,5,2,36,0,34,0,5,0,41.0,41,0,6297.242,35,4463.492888000001,2737.6738560000003,0,5912.677999999994,36,223.46950000000015,0,0,0,0,0,0,e8ac189e0a5eff95,mixed@1
ugs_secure,mixed,1.0,1001,0016_0000,209,20.9,16,16,8,14,14,6,28736.841999999997,16,4735.553,155,1652,15,5,15,5,0,0,0,0,0,0,0,0,7,5,0,24,0,24,0,5,0,29.0,29,8,5509.953,25,3609.6045209999997,2348.4708149999997,0,4843.832000000004,24,312.27955000000054,0,0,0,0,0,0,04896c95f02bdb7a,mixed@1
ugs_secure,mixed,1.0,1002,0016_0000,209,20.9,16,16,9,14,14,8,27847.206,16,4806.559749999999,164,1652,5,1,5,1,0,0,0,0,0,0,0,0,2,1,0,28,0,28,0,1,0,29.0,29,14,6274.238,26,3921.0111699999998,2659.8460529999998,0,6493.209,28,306.3375499999998,0,0,0,0,0,0,1f62fd39da6d24ec,mixed@1
ugs_secure,mixed,1.0,1003,0016_0000,209,20.9,16,16,9,14,14,8,32268.893999999997,16,6441.4735,166,1652,5,1,5,1,0,0,0,0,0,0,0,0,2,1,0,28,0,28,0,1,0,29.0,29,13,6137.458,26,3864.4541750000003,2603.312499,0,6254.780999999994,28,312.4965499999991,0,0,0,0,0,0,76585007263efb38,mixed@1
ugs_secure,mixed,1.0,1004,0016_0000,209,20.9,16,16,9,14,14,8,32104.640000000003,16,6393.386,168,1652,6,3,6,3,0,0,0,0,0,0,0,0,4,2,0,27,0,27,0,3,0,30.0,30,13,6223.234,25,3899.4014570000004,2638.2022150000003,0,5968.714,27,329.42169999999936,0,0,0,0,0,0,44907926637878e8,mixed@1
ugs_secure,mixed,1.0,1005,0016_0000,209,20.9,16,16,8,14,14,7,32281.144,16,6435.59075,166,1652,0,0,0,0,0,0,0,0,0,0,0,0,0,0,0,29,0,29,0,0,0,29.0,29,13,6188.135,26,3885.341925,2624.191622,0,6555.362000000005,29,303.9537999999995,0,0,0,0,0,0,e72cdba0556ced36,mixed@1
ugs_secure,mixed,1.0,1001,0017_0000,145,14.5,9,9,7,9,9,7,6374.490000000001,9,1366.1413999999997,83,718,0,0,0,0,0,0,0,0,0,0,0,0,0,0,0,19,0,19,0,0,0,19.0,19,6,3591.874,19,2423.6930979999997,1548.782183,0,3624.3420000000024,19,270.1518000000007,0,0,0,0,0,0,ebfec6f417225b67,mixed@1
ugs_secure,mixed,1.0,1002,0017_0000,145,14.5,9,9,7,9,9,7,6474.079,9,1379.0897999999997,84,718,3,1,3,1,0,0,0,0,0,0,0,0,2,1,0,18,0,18,0,1,0,19.0,19,5,3578.071,19,2418.201556,1543.275177,0,3463.9610000000016,18,296.1870999999998,0,0,0,0,0,0,772d6f748d223e20,mixed@1
ugs_secure,mixed,1.0,1003,0017_0000,145,14.5,9,9,7,9,9,7,6326.7970000000005,9,1349.8881999999996,83,718,6,1,6,1,0,0,0,0,0,0,0,0,2,1,0,18,0,18,0,1,0,19.0,19,5,3471.74,19,2374.3946800000003,1499.466948,0,3343.133,18,270.10005,0,0,0,0,0,0,2fe4447273c593d3,mixed@1
ugs_secure,mixed,1.0,1004,0017_0000,145,14.5,9,9,7,9,9,7,6483.012999999999,9,1379.5695999999998,80,682,14,0,2,0,12,0,12,0,0,0,0,0,2,0,0,18,0,18,0,11,11,29.0,18,5,3459.644,18,2371.5939989999997,1496.5535149999998,0,3490.0949999999993,18,275.39840000000004,0,11,0,0,0,0,d912044ac87dabb3,mixed@1
ugs_secure,mixed,1.0,1005,0017_0000,145,14.5,9,9,7,9,9,7,6449.531999999999,9,1377.7749999999999,84,718,1,1,1,1,0,0,0,0,0,0,0,0,1,1,0,18,0,18,0,1,0,19.0,19,5,3527.716,19,2397.4567880000004,1522.528865,0,3401.221999999999,18,276.0250499999998,0,0,0,0,0,0,e4ca6477816c6d28,mixed@1
ugs_secure,mixed,1.0,1001,0019_0618,89,8.9,11,11,10,9,9,8,6301.445,11,1666.9825,88,592,3,2,3,2,0,0,0,0,0,0,0,0,1,1,0,15,0,15,0,2,0,17.0,17,0,2662.772,15,1656.566446,1119.392159,0,2425.1139999999996,15,193.6870999999999,0,0,0,0,0,0,b74306a4de2d0fb8,mixed@1
ugs_secure,mixed,1.0,1002,0019_0618,89,8.9,11,10,9,9,9,8,5976.281,10,1794.631549999997,87,592,2,2,2,2,0,0,0,0,0,0,0,0,1,1,0,16,0,16,0,2,0,18.0,17,0,2807.833,15,1716.7394180000001,1179.517219,0,2762.0159999999996,16,223.13524999999987,0,0,0,0,0,0,5a2eec414dd82f92,mixed@1
ugs_secure,mixed,1.0,1003,0019_0618,89,8.9,11,11,10,9,9,8,6265.132,11,1661.5175,88,592,0,0,0,0,0,0,0,0,0,0,0,0,0,0,0,17,0,17,0,0,0,17.0,17,0,2771.702,15,1701.479545,1164.271293,0,2925.171,17,224.35339999999997,0,0,0,0,0,0,bc0702c85c7fb855,mixed@1
ugs_secure,mixed,1.0,1004,0019_0618,89,8.9,11,11,10,9,9,8,6416.102000000002,11,1669.6390000000001,88,592,0,0,0,0,0,0,0,0,0,0,0,0,0,0,0,17,0,17,0,0,0,17.0,17,0,2728.497,15,1683.652973,1146.470776,0,2882.136,17,216.94599999999969,0,0,0,0,0,0,21b188baad1f651c,mixed@1
ugs_secure,mixed,1.0,1005,0019_0618,89,8.9,11,11,10,9,9,8,6300.070000000001,11,1670.3815,88,592,0,0,0,0,0,0,0,0,0,0,0,0,0,0,0,17,0,17,0,0,0,17.0,17,0,2672.712,15,1660.673685,1123.487476,0,2818.401,17,192.43739999999994,0,0,0,0,0,0,cdf1b2595aebb7e3,mixed@1
ugs_secure,mixed,1.0,1001,0019_1003,50,5.0,2,2,2,2,2,2,722.224,2,361.112,10,97,0,0,0,0,0,0,0,0,0,0,0,0,0,0,0,6,0,6,0,0,0,6.0,6,2,1138.482,6,799.030154,497.35439500000007,0,1148.1449999999995,6,262.18474999999984,0,0,0,0,0,0,f971268966a18782,mixed@1
ugs_secure,mixed,1.0,1002,0019_1003,50,5.0,2,2,2,2,2,2,697.694,2,348.847,11,97,1,0,1,0,0,0,0,0,0,0,0,0,1,0,0,6,0,6,0,0,0,6.0,6,1,1021.336,6,750.783572,449.090348,0,1031.9930000000002,6,228.95125000000002,0,0,0,0,0,0,2c93124c1c4dce99,mixed@1
ugs_secure,mixed,1.0,1003,0019_1003,50,5.0,2,2,2,2,2,2,705.606,2,352.803,10,97,0,0,0,0,0,0,0,0,0,0,0,0,0,0,0,6,0,6,0,0,0,6.0,6,2,1092.101,6,779.9315240000001,478.245607,0,1103.373,6,255.49974999999995,0,0,0,0,0,0,861b3ca40eecddff,mixed@1
ugs_secure,mixed,1.0,1004,0019_1003,50,5.0,2,2,2,2,2,2,744.528,2,372.264,12,97,1,1,1,1,0,0,0,0,0,0,0,0,1,1,0,6,0,6,0,1,0,7.0,7,1,1202.179,6,824.2192330000001,522.517559,0,1094.6269999999995,6,260.70574999999997,0,0,0,0,0,0,00823745e806a641,mixed@1
ugs_secure,mixed,1.0,1005,0019_1003,50,5.0,2,2,2,2,2,2,698.59,2,349.295,11,97,1,1,1,1,0,0,0,0,0,0,0,0,1,1,0,6,0,6,0,1,0,7.0,7,2,1225.723,6,834.1210980000001,532.3977980000001,0,990.9409999999998,6,238.42425000000003,0,0,0,0,0,0,7dd7e3cfed6ec907,mixed@1
robust_secure,clean,1.0,1001,0006_0000,182,18.2,11,11,6,11,11,6,15649.387999999999,11,3562.1849999999995,17,334,0,0,0,0,0,0,0,0,0,0,0,0,0,0,0,31,21,28,19,0,0,31.0,10,3,1897.71,9,2005.622881,907.5666520000001,0,1985.0420000000008,10,309.16874999999993,0,11,0,0,0,10,0386bd512437a3fb,clean@1
robust_secure,clean,1.0,1001,0012_0000,78,7.8,2,0,0,2,0,0,0.0,0,,0,97,0,0,0,0,0,0,0,0,0,0,0,0,0,0,0,0,0,0,0,0,0,0.0,0,0,0.0,0,532.74,62.4,0,0.0,0,,0,0,0,0,0,0,5d78967bde98319d,clean@1
robust_secure,clean,1.0,1001,0015_0090,286,28.6,10,9,5,8,8,5,10111.597,9,2488.9865999999997,23,618,0,0,0,0,0,0,0,0,0,0,0,0,0,0,0,29,22,29,22,0,0,29.0,7,0,1126.521,7,2400.481569,675.3765440000001,0,1138.175,7,173.71269999999998,0,15,0,0,0,7,2ea1b3ebe33c7fd8,clean@1
robust_secure,clean,1.0,1001,0016_0000,209,20.9,16,16,6,14,14,4,46464.476,16,9621.52225,74,1652,0,0,0,0,0,0,0,0,0,0,0,0,0,0,0,41,28,41,28,0,0,41.0,13,2,2343.579,13,2353.562256,1092.524583,0,2364.6490000000003,13,279.26380000000023,0,0,0,0,0,28,de0c76862f861869,clean@1
robust_secure,clean,1.0,1001,0017_0000,145,14.5,9,9,7,9,9,7,9371.189999999999,9,3073.756199999999,38,718,0,0,0,0,0,0,0,0,0,0,0,0,0,0,0,29,19,29,19,0,0,29.0,10,4,1988.218,10,1785.405254,910.4859429999999,0,2005.431000000001,10,279.6212499999997,0,0,0,0,0,19,5cf5731b2c8fa5da,clean@1
robust_secure,clean,1.0,1001,0019_0618,89,8.9,11,10,8,9,9,8,8679.703000000001,10,2866.8448499999968,39,592,0,0,0,0,0,0,0,0,0,0,0,0,0,0,0,18,11,18,11,0,0,18.0,7,0,1134.021,7,1053.765776,516.726627,0,1146.0130000000006,7,172.8596000000002,0,0,0,0,0,11,5579e3665674e155,clean@1
robust_secure,clean,1.0,1001,0019_1003,50,5.0,2,2,2,2,2,2,722.224,2,361.112,14,97,0,0,0,0,0,0,0,0,0,0,0,0,0,0,0,10,2,10,2,0,0,10.0,8,3,1534.575,8,958.180614,656.404829,0,1548.4080000000006,8,274.3591,0,0,0,0,0,2,b5e0a33667a598cb,clean@1
robust_secure,spam,1.0,1001,0006_0000,182,18.2,11,11,6,11,11,6,15649.387999999999,11,3562.1849999999995,17,334,4,0,4,0,0,0,0,0,0,0,0,0,2,0,0,32,22,28,19,1,1,33.0,10,3,1897.71,9,2005.650881,907.5666520000001,0,1985.0420000000008,10,309.16874999999993,0,13,0,0,0,10,84ebbef3033c9280,spam@1
robust_secure,spam,1.0,1002,0006_0000,182,18.2,11,11,6,11,11,6,15670.066,11,3550.1059999999998,17,334,11,1,11,1,0,0,0,0,0,0,0,0,4,1,0,28,18,25,16,3,2,31.0,11,4,2158.638,10,2110.7226370000003,1012.638693,0,1975.9760000000008,10,303.15930000000003,0,9,0,0,0,11,4e5f9a6264b7143b,spam@1
robust_secure,spam,1.0,1003,0006_0000,182,18.2,11,11,6,11,11,6,15706.542000000003,11,3571.254000000001,18,334,11,2,11,2,0,0,0,0,0,0,0,0,5,2,0,31,21,27,18,3,1,34.0,12,5,2405.932,10,2212.3077789999998,1114.1641339999999,0,2369.5380000000005,10,498.9269499999998,0,12,0,0,0,10,a94359afd040d28a,spam@1
robust_secure,spam,1.0,1004,0006_0000,182,18.2,11,11,6,11,11,6,16162.715,11,3941.249,16,334,9,2,9,2,0,0,0,0,0,0,0,0,3,2,0,28,19,26,18,3,1,31.0,11,4,2106.946,10,2090.484177,992.421722,0,1658.701000000001,9,294.7296,0,11,0,0,0,9,4fea533cf712551f,spam@1
robust_secure,spam,1.0,1005,0006_0000,182,18.2,11,11,7,11,11,7,11612.396999999999,11,2554.027,28,334,7,1,7,1,0,0,0,0,0,0,0,0,3,1,0,29,16,26,14,2,1,31.0,14,4,2602.005,13,2287.0466699999997,1188.916099,0,2527.079999999998,13,295.6601999999999,0,10,0,0,0,7,16be7b79afd368f3,spam@1
robust_secure,spam,1.0,1001,0012_0000,78,7.8,2,0,0,2,0,0,0.0,0,,0,97,0,0,0,0,0,0,0,0,0,0,0,0,0,0,0,0,0,0,0,0,0,0.0,0,0,0.0,0,532.74,62.4,0,0.0,0,,0,0,0,0,0,0,7799fa01793e23c5,spam@1
robust_secure,spam,1.0,1002,0012_0000,78,7.8,2,0,0,2,0,0,0.0,0,,0,97,1,0,1,0,0,0,0,0,0,0,0,0,1,0,0,2,2,2,2,0,0,2.0,0,0,0.0,0,532.768,62.4,0,0.0,0,,0,2,0,0,0,0,dc1baeb29704ab28,spam@1
robust_secure,spam,1.0,1003,0012_0000,78,7.8,2,0,0,2,0,0,0.0,0,,0,97,4,0,4,0,0,0,0,0,0,0,0,0,2,0,0,0,0,0,0,2,2,2.0,0,0,0.0,0,532.768,62.4,0,0.0,0,,0,2,0,0,0,0,76176c4ee6941ab7,spam@1
robust_secure,spam,1.0,1004,0012_0000,78,7.8,2,0,0,2,0,0,0.0,0,,0,97,4,0,4,0,0,0,0,0,0,0,0,0,2,0,0,0,0,0,0,0,0,0.0,0,0,0.0,0,532.74,62.4,0,0.0,0,,0,0,0,0,0,0,35fb9e480aaf19cc,spam@1
robust_secure,spam,1.0,1005,0012_0000,78,7.8,2,0,0,2,0,0,0.0,0,,0,97,8,0,8,0,0,0,0,0,0,0,0,0,3,0,0,0,0,0,0,0,0,0.0,0,0,0.0,0,532.74,62.4,0,0.0,0,,0,0,0,0,0,0,94cb01f7418261e9,spam@1
robust_secure,spam,1.0,1001,0015_0090,286,28.6,10,9,6,8,8,6,7939.856000000002,9,1808.2732000000003,26,618,14,3,14,3,0,0,0,0,0,0,0,0,7,3,0,25,19,25,19,6,3,31.0,9,0,1386.722,9,2503.610441,778.4392580000001,0,931.1680000000013,6,165.43675000000002,0,15,0,0,0,7,ada3f0650c8f7be0,spam@1
robust_secure,spam,1.0,1002,0015_0090,286,28.6,10,8,6,8,6,5,9258.11,8,3690.5853499999985,27,618,17,2,17,2,0,0,0,0,0,0,0,0,8,2,0,27,20,27,20,4,2,31.0,9,0,1357.008,9,2491.353886,766.19739,0,1078.9440000000018,7,176.13430000000005,0,15,0,0,0,7,a1a9ac5222ae1d62,spam@1
robust_secure,spam,1.0,1003,0015_0090,286,28.6,10,10,5,8,8,5,14772.113999999998,10,3852.261199999997,29,618,11,1,11,1,0,0,0,0,0,0,0,0,5,1,0,29,21,29,21,2,1,31.0,9,0,1444.021,9,2526.8600229999997,801.686843,0,1301.893,8,176.64235000000002,0,15,0,0,0,7,2a253432abcd6fc0,spam@1
robust_secure,spam,1.0,1004,0015_0090,286,28.6,10,10,6,8,8,5,10613.243999999997,10,2444.3640999999984,24,618,3,0,3,0,0,0,0,0,0,0,0,0,2,0,0,30,22,30,22,0,0,30.0,8,0,1251.56,8,2450.115055,725.002532,0,1264.9039999999982,8,180.10124999999994,0,15,0,0,0,7,4b755d2b06b58585,spam@1
robust_secure,spam,1.0,1005,0015_0090,286,28.6,10,9,5,8,8,5,9940.026,9,2478.5076,23,618,10,1,10,1,0,0,0,0,0,0,0,0,4,1,0,29,22,29,22,1,0,30.0,8,0,1252.989,8,2450.908853,725.7714920000001,0,1115.4139999999989,7,172.56389999999982,0,15,0,0,0,7,e9a6cd3a221cf3e9,spam@1
robust_secure,spam,1.0,1001,0016_0000,209,20.9,16,16,6,14,14,4,46464.476,16,9621.52225,74,1652,10,0,10,0,0,0,0,0,0,0,0,0,4,0,0,39,26,39,26,2,2,41.0,13,2,2343.579,13,2353.562256,1092.524583,0,2364.6490000000003,13,279.26380000000023,0,0,0,0,0,28,30688a7f7e138fa1,spam@1
robust_secure,spam,1.0,1002,0016_0000,209,20.9,16,16,6,14,14,4,46523.433000000005,16,9631.27825,74,1652,10,0,10,0,0,0,0,0,0,0,0,0,5,0,0,40,27,40,27,1,1,41.0,13,2,2339.64,13,2351.9659960000004,1090.901663,0,2362.8239999999987,13,268.74399999999946,0,0,0,0,0,28,32ce500f030628ec,spam@1
robust_secure,spam,1.0,1003,0016_0000,209,20.9,16,16,6,14,14,4,46528.496,16,9622.70875,74,1652,10,1,10,1,0,0,0,0,0,0,0,0,5,1,0,40,28,40,28,1,0,41.0,13,2,2364.744,13,2362.308517,1101.244464,0,2226.558999999995,12,286.17154999999985,0,0,0,0,0,28,ef50bc6022e2a3f8,spam@1
robust_secure,spam,1.0,1004,0016_0000,209,20.9,16,16,6,14,14,4,46633.851,16,9622.788,74,1652,17,1,17,1,0,0,0,0,0,0,0,0,8,1,0,38,26,38,26,3,2,41.0,13,2,2337.383,13,2351.035622,1089.971618,0,2194.5930000000008,12,286.85435000000086,0,0,0,0,0,28,2ccb2f48f1e97480,spam@1
robust_secure,spam,1.0,1005,0016_0000,209,20.9,16,16,6,14,14,4,44457.547999999995,16,9113.611,74,1652,8,1,8,1,0,0,0,0,0,0,0,0,5,1,0,39,27,39,27,2,1,41.0,13,2,2279.399,13,2327.142365,1066.082567,0,2138.1510000000003,12,267.8384999999997,0,0,0,0,0,28,52d6ceee4a113bea,spam@1
robust_secure,spam,1.0,1001,0017_0000,145,14.5,9,9,7,9,9,7,9371.189999999999,9,3073.756199999999,38,718,6,0,6,0,0,0,0,0,0,0,0,0,2,0,0,27,17,27,17,2,2,29.0,10,4,1988.218,10,1785.405254,910.4859429999999,0,2005.431000000001,10,279.6212499999997,0,0,0,0,0,19,cf2841c7dffbae2a,spam@1
robust_secure,spam,1.0,1002,0017_0000,145,14.5,9,9,7,9,9,7,9428.597,9,3083.4461999999985,38,718,3,0,3,0,0,0,0,0,0,0,0,0,1,0,0,28,18,28,18,1,1,29.0,10,4,2056.583,10,1813.5729140000003,938.6519969999999,0,2073.443999999999,10,286.68039999999985,0,0,0,0,0,19,d68c0deaa39fc629,spam@1
robust_secure,spam,1.0,1003,0017_0000,145,14.5,9,9,7,9,9,7,9409.848999999998,9,3095.9291999999987,38,718,3,0,3,0,0,0,0,0,0,0,0,0,1,0,0,28,18,28,18,1,1,29.0,10,4,2019.86,10,1798.444499,923.522178,0,2037.597999999999,10,268.96994999999976,0,0,0,0,0,19,db9f531d7a92fe23,spam@1
robust_secure,spam,1.0,1004,0017_0000,145,14.5,9,9,7,9,9,7,9448.515,9,3087.1499999999987,38,718,7,0,7,0,0,0,0,0,0,0,0,0,3,0,0,27,17,27,17,2,2,29.0,10,4,2024.893,10,1800.502167,925.5960279999998,0,2041.508000000001,10,276.7375500000001,0,0,0,0,0,19,ba0061ebd1d6006a,spam@1
robust_secure,spam,1.0,1005,0017_0000,145,14.5,9,9,7,9,9,7,9383.8,9,3075.198599999999,38,718,6,0,6,0,0,0,0,0,0,0,0,0,2,0,0,28,18,28,18,1,1,29.0,10,4,2025.288,10,1800.70383,925.758527,0,2043.1859999999983,10,285.2841,0,0,0,0,0,19,f892d00a625872e5,spam@1
robust_secure,spam,1.0,1001,0019_0618,89,8.9,11,10,8,9,9,8,8679.703000000001,10,2866.8448499999968,39,592,2,0,2,0,0,0,0,0,0,0,0,0,1,0,0,18,11,18,11,0,0,18.0,7,0,1134.021,7,1053.765776,516.726627,0,1146.0130000000006,7,172.8596000000002,0,0,0,0,0,11,25ff5b27c4800f07,spam@1
robust_secure,spam,1.0,1002,0019_0618,89,8.9,11,10,8,9,9,8,8569.059999999998,10,2875.612099999996,39,592,7,1,7,1,0,0,0,0,0,0,0,0,4,1,0,16,10,16,10,2,1,18.0,7,0,1116.035,7,1046.352864,509.316376,0,967.8789999999992,6,184.04674999999997,0,0,0,0,0,11,3fdf2512a66294f2,spam@1
robust_secure,spam,1.0,1003,0019_0618,89,8.9,11,10,8,9,9,8,8675.14,10,2891.8461999999963,39,592,5,0,5,0,0,0,0,0,0,0,0,0,2,0,0,18,11,18,11,0,0,18.0,7,0,1168.877,7,1068.1314069999999,531.087176,0,1181.3779999999988,7,181.02389999999974,0,0,0,0,0,11,4c020d6e9cc69ecb,spam@1
robust_secure,spam,1.0,1004,0019_0618,89,8.9,11,10,8,9,9,8,8803.052,10,2876.476099999996,39,592,10,0,10,0,0,0,0,0,0,0,0,0,5,0,0,16,9,16,9,2,2,18.0,7,0,1182.654,7,1073.79173,536.763463,0,1194.590999999999,7,185.26949999999994,0,0,0,0,0,11,7bf5aaea475665d0,spam@1
robust_secure,spam,1.0,1005,0019_0618,89,8.9,11,10,8,9,9,8,8609.405999999999,10,2872.6218999999965,39,592,2,0,2,0,0,0,0,0,0,0,0,0,1,0,0,18,11,18,11,0,0,18.0,7,0,1147.421,7,1059.303739,522.247257,0,1159.6519999999991,7,177.3911999999999,0,0,0,0,0,11,7b22ac8ea0e3f1e8,spam@1
robust_secure,spam,1.0,1001,0019_1003,50,5.0,2,2,2,2,2,2,725.224,2,362.612,16,97,4,3,4,3,0,0,0,0,0,0,0,0,3,3,0,8,2,8,2,3,0,11.0,9,3,1683.916,9,1017.6751549999999,715.8632259999999,0,1242.1390000000004,6,275.3585,0,0,0,0,0,2,5202b547cab707f9,spam@1
robust_secure,spam,1.0,1002,0019_1003,50,5.0,2,2,2,2,2,2,697.694,2,348.847,14,97,1,0,1,0,0,0,0,0,0,0,0,0,1,0,0,10,2,10,2,0,0,10.0,8,3,1591.398,8,981.599109,679.816154,0,1605.016,8,286.89699999999976,0,0,0,0,0,2,e59a36062b91406e,spam@1
robust_secure,spam,1.0,1003,0019_1003,50,5.0,2,2,2,2,2,2,705.606,2,352.803,14,97,0,0,0,0,0,0,0,0,0,0,0,0,0,0,0,10,2,10,2,0,0,10.0,8,3,1573.773,8,974.335477,672.5546659999999,0,1587.9299999999998,8,268.6266,0,0,0,0,0,2,baf76f81f3820a00,spam@1
robust_secure,spam,1.0,1004,0019_1003,50,5.0,2,2,2,2,2,2,744.528,2,372.264,14,97,3,1,3,1,0,0,0,0,0,0,0,0,1,1,0,9,2,9,2,1,0,10.0,8,3,1544.938,8,962.432682,660.674406,0,1390.3889999999997,7,277.4330999999999,0,0,0,0,0,2,c8c251af751b839d,spam@1
robust_secure,spam,1.0,1005,0019_1003,50,5.0,2,2,2,2,2,2,698.59,2,349.295,14,97,8,1,8,1,0,0,0,0,0,0,0,0,4,1,0,9,2,9,2,1,0,10.0,8,3,1513.444,8,949.4819610000001,647.698782,0,1383.2769999999998,7,268.7238999999999,0,0,0,0,0,2,1fac45c5fcc4ef3d,spam@1
robust_secure,spam,8.0,1001,0006_0000,182,18.2,11,11,6,11,11,6,15649.387999999999,11,3562.1849999999995,18,334,42,4,42,4,0,0,0,0,0,0,0,0,20,3,0,20,12,19,12,16,12,36.0,12,5,2463.677,11,2235.1222730000004,1136.964971,0,1523.7359999999999,8,296.66099999999983,0,13,0,0,0,11,aa26731b6be6c95f,spam@8
robust_secure,spam,8.0,1002,0006_0000,182,18.2,11,11,6,11,11,6,12204.86,11,2451.0474999999997,19,334,46,5,46,5,0,0,0,0,0,0,0,0,24,5,0,25,17,22,15,13,8,38.0,13,6,2686.498,11,2326.0605520000004,1227.867324,0,1803.1189999999997,8,315.8572,0,14,0,0,0,11,be5923563bd13d5c,spam@8
robust_secure,spam,8.0,1003,0006_0000,182,18.2,11,10,5,11,10,5,15495.052000000001,10,3832.3419999999987,16,334,52,4,52,4,0,0,0,0,0,0,0,0,25,4,0,25,16,23,15,13,9,38.0,13,7,2788.066,11,2368.2833210000003,1270.073158,0,2175.204,9,386.6934,0,15,0,0,0,10,ee9fc8f112d438b4,spam@8
robust_secure,spam,8.0,1004,0006_0000,182,18.2,11,11,9,11,11,9,7472.358,11,1968.0315,29,334,45,4,45,4,0,0,0,0,0,0,0,0,24,4,0,26,15,23,13,12,8,38.0,15,5,2898.784,14,2408.2426359999995,1310.01921,0,2135.4399999999996,11,306.766,0,15,0,0,0,8,b056507ae89c837d,spam@8
robust_secure,spam,8.0,1005,0006_0000,182,18.2,11,10,6,11,10,6,12128.254000000003,10,2754.9230000000002,22,334,53,8,53,8,0,0,0,0,0,0,0,0,23,7,0,22,13,19,12,15,7,37.0,17,8,3467.032,14,2640.0509559999996,1541.797053,0,1966.4210000000007,9,335.6916,0,11,0,0,0,9,9e195acc769bc6b5,spam@8
robust_secure,spam,8.0,1001,0012_0000,78,7.8,2,1,1,2,1,1,433.088,1,433.088,3,97,25,1,25,1,0,0,0,0,0,0,0,0,11,1,0,3,1,3,1,2,1,5.0,3,2,689.243,2,811.601422,341.14819,0,592.5049999999999,2,444.0005499999999,0,2,0,0,0,0,12f8e998149aca09,spam@8
robust_secure,spam,8.0,1002,0012_0000,78,7.8,2,1,1,2,1,1,765.997,1,765.997,6,97,26,4,26,4,0,0,0,0,0,0,0,0,14,4,0,5,3,5,3,4,0,9.0,6,6,1597.504,5,1180.2361919999998,709.681612,0,528.98,2,270.8692,0,2,0,0,0,1,ddd0fa6545cedf6c,spam@8
robust_secure,spam,8.0,1003,0012_0000,78,7.8,2,1,0,2,1,0,1550.143,1,1550.143,3,97,15,2,15,2,0,0,0,0,0,0,0,0,8,2,0,3,1,3,1,3,1,6.0,4,3,903.761,4,898.032205,427.54945999999995,0,498.87599999999975,2,250.67279999999994,0,2,0,0,0,0,efac211dfc977230,spam@8
robust_secure,spam,8.0,1004,0012_0000,78,7.8,2,1,0,2,1,0,3161.392,1,3161.392,1,97,35,3,35,3,0,0,0,0,0,0,0,0,19,3,0,1,1,1,1,5,2,6.0,3,3,821.351,3,865.610176,395.12642400000004,0,0.0,0,,0,3,0,0,0,0,c87442bb333304a5,spam@8
robust_secure,spam,8.0,1005,0012_0000,78,7.8,2,1,0,2,1,0,1563.155,1,1563.155,2,97,27,1,27,1,0,0,0,0,0,0,0,0,13,1,0,5,1,5,1,4,3,9.0,5,5,1265.194,5,1044.748738,574.209841,0,1011.7060000000001,4,270.7539499999997,0,4,0,0,0,0,0cdde7c97390cafa,spam@8
robust_secure,spam,8.0,1001,0015_0090,286,28.6,10,8,6,8,6,4,5883.231,8,1813.6793999999995,39,618,80,10,80,10,0,0,0,0,0,0,0,0,43,8,0,22,13,20,13,15,5,37.0,19,0,2913.282,16,3114.875947,1389.472243,0,1451.2670000000005,9,200.63959999999977,0,9,0,0,0,9,e3ea7b592a5010e8,spam@8
robust_secure,spam,8.0,1002,0015_0090,286,28.6,10,9,6,8,7,5,8847.77,9,2370.6594000000005,31,618,72,5,72,5,0,0,0,0,0,0,0,0,37,5,0,30,20,29,20,13,8,43.0,14,0,2274.598,14,2859.859197,1134.4342840000002,0,1641.4579999999999,10,191.8190499999998,0,17,0,0,0,11,ae9fbabd4bdf4988,spam@8
robust_secure,spam,8.0,1003,0015_0090,286,28.6,10,7,5,8,6,4,5640.844999999999,7,1855.1612999999995,42,618,79,8,79,8,0,0,0,0,0,0,0,0,40,8,0,27,18,25,17,17,9,44.0,17,0,2640.951,15,3005.353423,1279.8817649999999,0,1535.650999999999,9,214.45379999999966,0,18,0,0,0,9,279cb745b46027e3,spam@8
robust_secure,spam,8.0,1004,0015_0090,286,28.6,10,10,7,8,8,5,9287.079999999998,10,2444.3640999999984,38,618,69,10,69,10,0,0,0,0,0,0,0,0,37,10,0,25,18,24,17,20,10,45.0,17,0,2682.579,16,3021.906275,1296.402454,0,1085.9419999999968,7,176.0912999999994,0,21,0,0,0,7,ce3e637f3cc553dd,spam@8
robust_secure,spam,8.0,1005,0015_0090,286,28.6,10,10,8,8,8,6,6895.482,10,1887.3903,36,618,79,9,79,9,0,0,0,0,0,0,0,0,38,9,0,13,5,10,5,13,4,26.0,17,0,2598.272,16,2987.447156,1262.208248,0,1261.2389999999987,8,186.1197000000003,0,2,0,0,0,7,b2f9533ffda882b0,spam@8
robust_secure,spam,8.0,1001,0016_0000,209,20.9,16,16,6,14,14,4,46462.976,16,9621.52225,74,1652,53,3,53,3,0,0,0,0,0,0,0,0,27,3,0,30,20,30,20,11,8,41.0,13,2,2342.079,13,2353.124256,1092.086583,0,1741.287999999999,10,234.5201999999992,0,0,0,0,0,28,3f4211fb374d379f,spam@8
robust_secure,spam,8.0,1002,0016_0000,209,20.9,16,16,6,14,14,4,46526.433000000005,16,9632.40325,74,1652,54,2,54,2,0,0,0,0,0,0,0,0,32,2,0,32,21,32,21,9,7,41.0,13,2,2341.14,13,2352.403996,1091.339663,0,2003.4139999999989,11,272.3724999999995,0,0,0,0,0,28,0eade1b1edc8b5f6,spam@8
robust_secure,spam,8.0,1003,0016_0000,209,20.9,16,16,8,14,14,7,36232.85999999999,16,6665.97725,73,1652,66,1,66,1,0,0,0,0,0,0,0,0,33,1,0,28,16,28,16,14,13,42.0,13,4,2604.481,13,2459.471364,1198.3962589999999,0,2351.3770000000004,12,279.32900000000024,0,0,0,0,0,29,5549c5bc424bfcf6,spam@8
robust_secure,spam,8.0,1004,0016_0000,209,20.9,16,16,5,14,14,3,47118.019,16,9622.788,72,1652,65,5,65,5,0,0,0,0,0,0,0,0,33,5,0,28,20,28,20,13,8,41.0,13,2,2332.883,13,2349.721622,1088.657618,0,1585.149000000001,8,286.954950000001,0,0,0,0,0,28,cc104663b75d47c6,spam@8
robust_secure,spam,8.0,1005,0016_0000,209,20.9,16,16,6,14,14,4,46579.92600000001,16,9616.23775,74,1652,59,1,59,1,0,0,0,0,0,0,0,0,29,1,0,33,21,33,21,8,7,41.0,13,3,2391.27,13,2373.05322,1111.9934220000002,0,2145.9380000000015,12,267.8384999999997,0,0,0,0,0,28,4608715444967d60,spam@8
robust_secure,spam,8.0,1001,0017_0000,145,14.5,9,9,7,9,9,7,9876.988,9,3073.756199999999,37,718,32,3,32,3,0,0,0,0,0,0,0,0,15,3,0,21,14,21,14,8,5,29.0,10,4,1986.718,10,1784.9672540000001,910.047943,0,1298.2820000000015,7,271.9188,0,0,0,0,0,19,f346d3b099d6a5f0,spam@8
robust_secure,spam,8.0,1002,0017_0000,145,14.5,9,9,7,9,9,7,9425.597,9,3082.846199999999,37,718,52,6,52,6,0,0,0,0,0,0,0,0,26,6,0,18,14,18,14,11,5,29.0,10,3,1940.141,10,1766.318954,891.398037,0,715.5940000000003,4,258.28810000000004,0,0,0,0,0,19,fa5df49786ea532e,spam@8
robust_secure,spam,8.0,1003,0017_0000,145,14.5,9,9,7,9,9,7,9411.348999999998,9,3095.9291999999987,39,718,39,2,39,2,0,0,0,0,0,0,0,0,22,2,0,21,13,21,13,8,6,29.0,10,4,2019.86,10,1798.444499,923.522178,0,1612.134999999999,8,269.0428499999998,0,0,0,0,0,19,ba85e95bb7c70937,spam@8
robust_secure,spam,8.0,1004,0017_0000,145,14.5,9,9,7,9,9,7,9445.515,9,3085.3499999999985,48,718,45,4,45,4,0,0,0,0,0,0,0,0,22,4,0,19,10,19,10,10,6,29.0,13,4,2489.163,13,1985.080711,1110.125203,0,1761.1760000000006,9,268.6724000000004,0,0,0,0,0,16,54cb9bc678222ae5,spam@8
robust_secure,spam,8.0,1005,0017_0000,145,14.5,9,9,7,9,9,7,9874.501999999999,9,3075.198599999999,37,718,36,3,36,3,0,0,0,0,0,0,0,0,20,3,0,19,12,19,12,10,7,29.0,10,4,2023.788,10,1800.26583,925.3205270000001,0,1321.1009999999987,7,271.3790999999999,0,0,0,0,0,19,9c2d41f99f790559,spam@8
robust_secure,spam,8.0,1001,0019_0618,89,8.9,11,10,8,9,9,8,8678.203000000001,10,2866.1698499999966,39,592,24,1,24,1,0,0,0,0,0,0,0,0,14,1,0,15,9,15,9,3,2,18.0,7,0,1132.521,7,1053.3277759999999,516.288627,0,996.5690000000002,6,172.91300000000024,0,0,0,0,0,11,caecae06f18b0721,spam@8
robust_secure,spam,8.0,1002,0019_0618,89,8.9,11,10,8,9,9,8,8560.059999999998,10,2875.612099999996,39,592,31,2,31,2,0,0,0,0,0,0,0,0,16,2,0,14,9,14,9,4,2,18.0,7,0,1113.035,7,1045.476864,508.44037599999996,0,779.6909999999991,5,170.6001999999997,0,0,0,0,0,11,12505be92ade428e,spam@8
robust_secure,spam,8.0,1003,0019_0618,89,8.9,11,10,8,9,9,8,8675.14,10,2891.8461999999963,39,592,25,1,25,1,0,0,0,0,0,0,0,0,13,1,0,11,5,11,5,7,6,18.0,7,0,1168.877,7,1068.1314069999999,531.087176,0,999.5359999999993,6,177.16375,0,0,0,0,0,11,b14824b2c9b1bfe6,spam@8
robust_secure,spam,8.0,1004,0019_0618,89,8.9,11,10,8,9,9,8,8800.052,10,2875.1260999999968,39,592,27,2,27,2,0,0,0,0,0,0,0,0,14,2,0,12,7,12,7,6,4,18.0,7,0,1179.654,7,1072.91573,535.887463,0,849.4329999999987,5,185.5333999999999,0,0,0,0,0,11,35d23a060e78d413,spam@8
robust_secure,spam,8.0,1005,0019_0618,89,8.9,11,10,8,9,9,8,9806.006,10,2975.1149999999966,38,592,39,2,39,2,0,0,0,0,0,0,0,0,19,2,0,11,6,11,6,7,5,18.0,7,1,1239.757,7,1098.224677,561.1898069999999,0,831.9230000000003,5,187.70280000000002,0,0,0,0,0,11,952833b69b414c57,spam@8
robust_secure,spam,8.0,1001,0019_1003,50,5.0,2,2,2,2,2,2,722.224,2,361.112,15,97,14,3,14,3,0,0,0,0,0,0,0,0,7,3,0,6,0,6,0,5,2,11.0,9,4,1785.542,8,1060.527239,758.723151,0,1256.5970000000004,6,275.3585,0,0,0,0,0,2,88e88d35360d9d4a,spam@8
robust_secure,spam,8.0,1002,0019_1003,50,5.0,2,2,2,2,2,2,697.694,2,348.847,14,97,18,3,18,3,0,0,0,0,0,0,0,0,9,3,0,7,1,7,1,4,1,11.0,8,3,1745.298,8,1045.0222860000001,743.222682,0,1164.8540000000005,6,269.73100000000005,0,0,0,0,0,2,ad684ce84d416468,spam@8
robust_secure,spam,8.0,1003,0019_1003,50,5.0,2,2,2,2,2,2,705.606,2,352.803,17,97,12,3,12,3,0,0,0,0,0,0,0,0,7,3,0,9,3,9,3,4,1,13.0,9,3,1715.118,8,1031.543158,729.70866,0,1213.2559999999999,6,268.89325,0,0,0,0,0,4,9fc0ea50d1a6f650,spam@8
robust_secure,spam,8.0,1004,0019_1003,50,5.0,2,2,2,2,2,2,744.528,2,372.264,14,97,9,2,9,2,0,0,0,0,0,0,0,0,3,2,0,7,1,7,1,3,1,10.0,8,3,1544.938,8,962.432682,660.674406,0,1065.1149999999993,6,257.9677499999999,0,0,0,0,0,2,ede000d221170739,spam@8
robust_secure,spam,8.0,1005,0019_1003,50,5.0,2,2,2,2,2,2,942.086,2,471.043,14,97,10,4,10,4,0,0,0,0,0,0,0,0,6,4,0,6,2,6,2,4,0,10.0,8,4,1635.192,8,999.282105,697.498926,0,703.1670000000004,4,234.00735000000034,0,0,0,0,0,2,965e81d22211aec9,spam@8
robust_secure,replay_exact,1.0,1001,0006_0000,182,18.2,11,11,6,11,11,6,15649.387999999999,11,3562.1849999999995,17,334,0,0,0,0,0,0,0,0,0,0,0,0,0,0,0,31,21,28,19,0,0,31.0,10,3,1897.71,9,2005.622881,907.5666520000001,0,1985.0420000000008,10,309.16874999999993,0,11,0,0,0,10,4dd8ad512572383e,replay_exact@1
robust_secure,replay_exact,1.0,1002,0006_0000,182,18.2,11,11,6,11,11,6,15670.066,11,3550.1059999999998,17,334,0,0,0,0,0,0,0,0,0,0,0,0,0,0,0,31,21,28,19,0,0,31.0,10,3,1889.621,9,2002.304336,904.233695,0,1975.9760000000008,10,303.15930000000003,0,11,0,0,0,10,c33fa67a3632b7e5,replay_exact@1
robust_secure,replay_exact,1.0,1003,0006_0000,182,18.2,11,11,6,11,11,6,15705.042000000003,11,3571.254000000001,17,312,8,0,0,0,8,0,8,0,0,0,0,0,1,0,0,29,19,26,17,2,2,31.0,10,3,1899.878,9,2006.5232559999997,908.4598739999999,0,1980.4300000000007,10,299.3737499999999,0,12,0,0,0,9,a5610b6269f511bd,replay_exact@1
robust_secure,replay_exact,1.0,1004,0006_0000,182,18.2,11,11,6,11,11,6,11581.699,11,2269.153,19,261,27,0,0,0,27,0,27,0,0,0,0,0,3,0,0,27,16,23,14,7,7,34.0,11,4,2129.486,10,2098.902388,1000.808292,0,2194.7519999999995,11,284.74299999999994,0,15,0,0,0,8,c3074cf30ba4db64,replay_exact@1
robust_secure,replay_exact,1.0,1005,0006_0000,182,18.2,11,11,6,11,11,6,16004.243,11,3655.4220000000005,17,321,5,0,0,0,5,0,5,0,0,0,0,0,1,0,0,30,20,27,18,1,1,31.0,10,3,1847.127,9,1984.971912,886.9064649999999,0,1923.8549999999996,10,302.8194,0,11,0,0,0,10,8648f23f925668d1,replay_exact@1
robust_secure,replay_exact,1.0,1001,0012_0000,78,7.8,2,0,0,2,0,0,0.0,0,,0,94,4,0,0,0,4,0,4,0,0,0,0,0,1,0,0,0,0,0,0,0,0,0.0,0,0,0.0,0,532.74,62.4,0,0.0,0,,0,0,0,0,0,0,88738f8b4b026bfb,replay_exact@1
robust_secure,replay_exact,1.0,1002,0012_0000,78,7.8,2,0,0,2,0,0,0.0,0,,0,90,7,0,0,0,7,0,7,0,0,0,0,0,1,0,0,0,0,0,0,0,0,0.0,0,0,0.0,0,532.74,62.4,0,0.0,0,,0,0,0,0,0,0,345f6c91cb7bccef,replay_exact@1
robust_secure,replay_exact,1.0,1003,0012_0000,78,7.8,2,0,0,2,0,0,0.0,0,,0,97,0,0,0,0,0,0,0,0,0,0,0,0,0,0,0,0,0,0,0,0,0,0.0,0,0,0.0,0,532.74,62.4,0,0.0,0,,0,0,0,0,0,0,e1a5bfcb2527af08,replay_exact@1
robust_secure,replay_exact,1.0,1004,0012_0000,78,7.8,2,0,0,2,0,0,0.0,0,,0,97,0,0,0,0,0,0,0,0,0,0,0,0,0,0,0,0,0,0,0,0,0,0.0,0,0,0.0,0,532.74,62.4,0,0.0,0,,0,0,0,0,0,0,eeb4ec96d528faad,replay_exact@1
robust_secure,replay_exact,1.0,1005,0012_0000,78,7.8,2,0,0,2,0,0,0.0,0,,0,97,0,0,0,0,0,0,0,0,0,0,0,0,0,0,0,0,0,0,0,0,0,0.0,0,0,0.0,0,532.74,62.4,0,0.0,0,,0,0,0,0,0,0,4352171e7cf54dda,replay_exact@1
robust_secure,replay_exact,1.0,1001,0015_0090,286,28.6,10,7,5,8,6,5,5755.847,7,1848.2810999999995,21,562,30,0,0,0,30,0,30,0,0,0,0,0,3,0,0,22,16,22,16,4,4,26.0,6,0,951.265,6,2330.286363,605.2411649999999,0,961.3,6,166.27849999999995,0,13,0,0,0,7,44683a3189528141,replay_exact@1
robust_secure,replay_exact,1.0,1002,0015_0090,286,28.6,10,7,5,8,6,5,5751.454999999998,7,1873.9925999999994,21,570,29,0,0,0,29,0,29,0,0,0,0,0,3,0,0,29,23,29,23,3,3,32.0,6,0,952.932,6,2331.061807,605.927834,0,962.983999999999,6,184.19949999999926,0,19,0,0,0,7,d3e0fd25b59b6a6e,replay_exact@1
robust_secure,replay_exact,1.0,1003,0015_0090,286,28.6,10,9,5,8,8,5,13641.014,9,4083.3125999999997,30,589,24,0,0,0,24,0,24,0,0,0,0,0,3,0,0,31,21,31,21,3,3,34.0,10,0,1601.738,9,2590.2875219999996,865.0459240000001,0,1693.2789999999986,10,206.03164999999933,0,17,0,0,0,7,1d0f679ea408625e,replay_exact@1
robust_secure,replay_exact,1.0,1004,0015_0090,286,28.6,10,7,5,8,6,5,5791.933,7,1858.0667999999994,21,511,40,0,0,0,40,0,40,0,0,0,0,0,4,0,0,24,18,24,18,10,10,34.0,6,0,979.595,6,2342.054334,616.913205,0,989.5859999999998,6,180.53774999999993,0,21,0,0,0,7,82f4760a8e0b20cb,replay_exact@1
robust_secure,replay_exact,1.0,1005,0015_0090,286,28.6,10,6,5,8,6,5,4360.6539999999995,6,1767.1549999999997,20,603,21,0,0,0,21,0,21,0,0,0,0,0,3,0,0,27,22,27,22,0,0,27.0,5,0,783.943,5,2263.425118,538.3744829999999,0,792.5059999999994,5,171.83539999999994,0,15,0,0,0,7,90f34b7d7733e616,replay_exact@1
robust_secure,replay_exact,1.0,1001,0016_0000,209,20.9,16,16,6,14,14,4,46464.476,16,9621.52225,74,1503,25,0,0,0,25,0,25,0,0,0,0,0,2,0,0,36,23,36,23,5,5,41.0,13,2,2343.579,13,2353.562256,1092.524583,0,2364.6490000000003,13,279.26380000000023,0,5,0,0,0,23,1c6ddc9481a7367c,replay_exact@1
robust_secure,replay_exact,1.0,1002,0016_0000,209,20.9,16,16,6,14,14,4,46523.433000000005,16,9631.27825,74,1492,15,0,0,0,15,0,15,0,0,0,0,0,1,0,0,38,25,38,25,3,3,41.0,13,2,2339.64,13,2351.9659960000004,1090.901663,0,2362.8239999999987,13,268.74399999999946,0,3,0,0,0,25,5a082b297e33ac1f,replay_exact@1
robust_secure,replay_exact,1.0,1003,0016_0000,209,20.9,16,16,6,14,14,4,46528.496,16,9622.70875,74,1498,19,0,0,0,19,0,19,0,0,0,0,0,2,0,0,38,25,38,25,3,3,41.0,13,2,2364.744,13,2362.308517,1101.244464,0,2387.701999999995,13,285.58459999999974,0,3,0,0,0,25,11928c874022f659,replay_exact@1
robust_secure,replay_exact,1.0,1004,0016_0000,209,20.9,16,16,6,14,14,4,46633.851,16,9622.788,74,1652,0,0,0,0,0,0,0,0,0,0,0,0,0,0,0,41,28,41,28,0,0,41.0,13,2,2337.383,13,2351.035622,1089.971618,0,2359.652000000001,13,286.82920000000087,0,0,0,0,0,28,7b79c3df654a68c5,replay_exact@1
robust_secure,replay_exact,1.0,1005,0016_0000,209,20.9,16,16,6,14,14,4,46468.05500000001,16,9616.23775,71,1477,24,0,0,0,24,0,24,0,0,0,0,0,2,0,0,36,23,36,23,5,5,41.0,13,2,2284.877,13,2329.937372,1068.879312,0,2307.0150000000017,13,266.6379999999997,0,5,0,0,0,23,2836ed1976d39566,replay_exact@1
robust_secure,replay_exact,1.0,1001,0017_0000,145,14.5,9,9,7,9,9,7,9371.189999999999,9,3073.756199999999,38,718,0,0,0,0,0,0,0,0,0,0,0,0,0,0,0,29,19,29,19,0,0,29.0,10,4,1988.218,10,1785.405254,910.4859429999999,0,2005.431000000001,10,279.6212499999997,0,0,0,0,0,19,933a6dccc8edb4c2,replay_exact@1
robust_secure,replay_exact,1.0,1002,0017_0000,145,14.5,9,9,7,9,9,7,9428.597,9,3083.4461999999985,38,664,11,0,0,0,11,0,11,0,0,0,0,0,1,0,0,26,16,26,16,3,3,29.0,10,5,2145.624,10,1849.903964,974.9771929999999,0,2162.3739999999993,10,286.68039999999985,0,3,0,0,0,16,445cdce68804882c,replay_exact@1
robust_secure,replay_exact,1.0,1003,0017_0000,145,14.5,9,9,7,9,9,7,9409.848999999998,9,3095.9291999999987,38,718,0,0,0,0,0,0,0,0,0,0,0,0,0,0,0,29,19,29,19,0,0,29.0,10,4,2019.86,10,1798.444499,923.522178,0,2037.597999999999,10,268.96994999999976,0,0,0,0,0,19,d5b9d9371d13788a,replay_exact@1
robust_secure,replay_exact,1.0,1004,0017_0000,145,14.5,9,9,7,9,9,7,9448.515,9,3087.1499999999987,38,718,0,0,0,0,0,0,0,0,0,0,0,0,0,0,0,29,19,29,19,0,0,29.0,10,4,2024.893,10,1800.502167,925.5960279999998,0,2041.508000000001,10,276.7375500000001,0,0,0,0,0,19,12af52ea7c1aca92,replay_exact@1
robust_secure,replay_exact,1.0,1005,0017_0000,145,14.5,9,9,7,9,9,7,9383.8,9,3075.198599999999,38,718,0,0,0,0,0,0,0,0,0,0,0,0,0,0,0,29,19,29,19,0,0,29.0,10,4,2025.288,10,1800.70383,925.758527,0,2043.1859999999983,10,285.2841,0,0,0,0,0,19,df5139043d8fb3cf,replay_exact@1
robust_secure,replay_exact,1.0,1001,0019_0618,89,8.9,11,10,8,9,9,8,8679.703000000001,10,2866.8448499999968,39,592,0,0,0,0,0,0,0,0,0,0,0,0,0,0,0,18,11,18,11,0,0,18.0,7,0,1134.021,7,1053.765776,516.726627,0,1146.0130000000006,7,172.8596000000002,0,0,0,0,0,11,0989c374c6a2702c,replay_exact@1
robust_secure,replay_exact,1.0,1002,0019_0618,89,8.9,11,10,8,9,9,8,8569.059999999998,10,2875.612099999996,39,592,0,0,0,0,0,0,0,0,0,0,0,0,0,0,0,18,11,18,11,0,0,18.0,7,0,1116.035,7,1046.352864,509.316376,0,1127.7259999999992,7,183.21849999999995,0,0,0,0,0,11,ea907f2639185588,replay_exact@1
robust_secure,replay_exact,1.0,1003,0019_0618,89,8.9,11,10,8,9,9,8,8675.14,10,2891.8461999999963,39,592,0,0,0,0,0,0,0,0,0,0,0,0,0,0,0,18,11,18,11,0,0,18.0,7,0,1168.877,7,1068.1314069999999,531.087176,0,1181.3779999999988,7,181.02389999999974,0,0,0,0,0,11,98342771da94a874,replay_exact@1
robust_secure,replay_exact,1.0,1004,0019_0618,89,8.9,11,10,8,9,9,8,8803.052,10,2876.476099999996,39,592,0,0,0,0,0,0,0,0,0,0,0,0,0,0,0,18,11,18,11,0,0,18.0,7,0,1182.654,7,1073.79173,536.763463,0,1194.590999999999,7,185.26949999999994,0,0,0,0,0,11,c0403a864c3d2fcd,replay_exact@1
robust_secure,replay_exact,1.0,1005,0019_0618,89,8.9,11,10,8,9,9,8,8609.405999999999,10,2872.6218999999965,39,592,0,0,0,0,0,0,0,0,0,0,0,0,0,0,0,18,11,18,11,0,0,18.0,7,0,1147.421,7,1059.303739,522.247257,0,1159.6519999999991,7,177.3911999999999,0,0,0,0,0,11,ce3c4050c1ac7e02,replay_exact@1
robust_secure,replay_exact,1.0,1001,0019_1003,50,5.0,2,2,2,2,2,2,722.224,2,361.112,14,97,0,0,0,0,0,0,0,0,0,0,0,0,0,0,0,10,2,10,2,0,0,10.0,8,3,1534.575,8,958.180614,656.404829,0,1548.4080000000006,8,274.3591,0,0,0,0,0,2,e167d19b568efe62,replay_exact@1
robust_secure,replay_exact,1.0,1002,0019_1003,50,5.0,2,2,2,2,2,2,697.694,2,348.847,14,97,0,0,0,0,0,0,0,0,0,0,0,0,0,0,0,10,2,10,2,0,0,10.0,8,3,1591.398,8,981.599109,679.816154,0,1605.016,8,286.89699999999976,0,0,0,0,0,2,36bb56e3e82fe6f8,replay_exact@1
robust_secure,replay_exact,1.0,1003,0019_1003,50,5.0,2,2,2,2,2,2,705.606,2,352.803,14,97,0,0,0,0,0,0,0,0,0,0,0,0,0,0,0,10,2,10,2,0,0,10.0,8,3,1573.773,8,974.335477,672.5546659999999,0,1587.9299999999998,8,268.6266,0,0,0,0,0,2,e57620dba0167138,replay_exact@1
robust_secure,replay_exact,1.0,1004,0019_1003,50,5.0,2,2,2,2,2,2,744.528,2,372.264,14,97,0,0,0,0,0,0,0,0,0,0,0,0,0,0,0,10,2,10,2,0,0,10.0,8,3,1544.938,8,962.432682,660.674406,0,1558.5399999999995,8,275.86044999999996,0,0,0,0,0,2,2277d923e5e0591a,replay_exact@1
robust_secure,replay_exact,1.0,1005,0019_1003,50,5.0,2,2,2,2,2,2,698.59,2,349.295,13,90,5,0,0,0,5,0,5,0,0,0,0,0,1,0,0,9,2,9,2,1,1,10.0,7,2,1267.684,7,850.1018650000001,548.335629,0,1279.6409999999994,7,268.7238999999999,0,1,0,0,0,2,0496472ca20a8fd5,replay_exact@1
robust_secure,replay_perturbed,1.0,1001,0006_0000,182,18.2,11,11,6,11,11,6,11129.378999999999,11,2208.8315,19,252,36,2,0,0,36,2,0,0,36,2,13,2,3,1,2,26,16,22,13,9,7,35.0,12,3,2221.66,11,2133.598938,1035.453957,0,1983.7129999999993,10,309.16874999999993,0,14,0,0,0,9,9d5c41c96e249698,replay_perturbed@1
robust_secure,replay_perturbed,1.0,1002,0006_0000,182,18.2,11,11,8,11,11,8,10467.945000000002,11,2261.9570000000003,19,234,35,3,0,0,35,3,0,0,35,3,12,3,3,1,3,22,11,20,10,9,6,31.0,14,8,3037.33,13,2468.00302,1369.89004,0,2329.2740000000013,11,301.85350000000017,0,11,0,0,0,6,6a33dc1c9da1674e,replay_perturbed@1
robust_secure,replay_perturbed,1.0,1003,0006_0000,182,18.2,11,11,6,11,11,6,15705.042000000003,11,3571.254000000001,17,334,0,0,0,0,0,0,0,0,0,0,0,0,0,0,0,31,21,28,19,0,0,31.0,10,3,1899.878,9,2006.5232559999997,908.4598739999999,0,1980.4300000000007,10,299.3737499999999,0,11,0,0,0,10,96334f72dad076cc,replay_perturbed@1
robust_secure,replay_perturbed,1.0,1004,0006_0000,182,18.2,11,11,6,11,11,6,15638.161999999997,11,3550.7819999999992,17,334,0,0,0,0,0,0,0,0,0,0,0,0,0,0,0,31,21,28,19,0,0,31.0,10,3,1836.749,9,1980.50042,882.450475,0,1901.0709999999988,10,277.89389999999986,0,11,0,0,0,10,9dc0a3f9bdafcdb0,replay_perturbed@1
robust_secure,replay_perturbed,1.0,1005,0006_0000,182,18.2,11,11,6,11,11,6,15596.020999999999,11,3554.027,17,312,14,1,0,0,14,1,0,0,14,1,14,1,1,1,1,29,19,26,17,3,2,32.0,11,3,2005.989,10,2048.385345,950.2874840000001,0,1918.4229999999989,10,302.8194,0,10,0,0,0,11,e61d058ac7a9a579,replay_perturbed@1
robust_secure,replay_perturbed,1.0,1001,0012_0000,78,7.8,2,0,0,2,0,0,0.0,0,,0,97,0,0,0,0,0,0,0,0,0,0,0,0,0,0,0,0,0,0,0,0,0,0.0,0,0,0.0,0,532.74,62.4,0,0.0,0,,0,0,0,0,0,0,f84867c5932b3ce0,replay_perturbed@1
robust_secure,replay_perturbed,1.0,1002,0012_0000,78,7.8,2,0,0,2,0,0,0.0,0,,0,97,0,0,0,0,0,0,0,0,0,0,0,0,0,0,0,0,0,0,0,0,0,0.0,0,0,0.0,0,532.74,62.4,0,0.0,0,,0,0,0,0,0,0,0e7f5e5926467076,replay_perturbed@1
robust_secure,replay_perturbed,1.0,1003,0012_0000,78,7.8,2,0,0,2,0,0,0.0,0,,0,76,21,1,0,0,21,1,0,0,21,1,6,1,2,1,1,2,2,2,2,1,0,3.0,1,1,263.711,1,639.374321,168.97901700000003,0,0.0,0,,0,2,0,0,0,0,7052ae4ec7e82c06,replay_perturbed@1
robust_secure,replay_perturbed,1.0,1004,0012_0000,78,7.8,2,0,0,2,0,0,0.0,0,,0,97,0,0,0,0,0,0,0,0,0,0,0,0,0,0,0,0,0,0,0,0,0,0.0,0,0,0.0,0,532.74,62.4,0,0.0,0,,0,0,0,0,0,0,dd6ec6d8d3c5c61f,replay_perturbed@1
robust_secure,replay_perturbed,1.0,1005,0012_0000,78,7.8,2,0,0,2,0,0,0.0,0,,0,97,0,0,0,0,0,0,0,0,0,0,0,0,0,0,0,0,0,0,0,0,0,0.0,0,0,0.0,0,532.74,62.4,0,0.0,0,,0,0,0,0,0,0,15add7fee6739b5d,replay_perturbed@1
robust_secure,replay_perturbed,1.0,1001,0015_0090,286,28.6,10,9,6,8,8,5,9612.208,9,2488.9865999999997,24,612,8,2,0,0,8,2,0,0,8,2,8,2,1,1,2,30,22,30,22,2,0,32.0,10,0,1601.497,10,2589.152125,863.9565699999999,0,1302.1970000000008,8,173.18564999999998,0,15,0,0,0,7,64b74cc847b05817,replay_perturbed@1
robust_secure,replay_perturbed,1.0,1002,0015_0090,286,28.6,10,9,5,8,8,5,11266.440999999999,9,2685.4674,31,561,40,1,0,0,40,1,0,0,40,1,12,1,4,1,1,34,20,32,20,9,8,43.0,15,0,2395.131,15,2906.5448400000005,1181.1238179999998,0,2260.4149999999977,14,185.17350000000033,0,19,0,0,0,9,3bca8352bea46bbc,replay_perturbed@1
robust_secure,replay_perturbed,1.0,1003,0015_0090,286,28.6,10,10,5,8,8,5,11403.639,10,2395.863949999999,25,568,21,1,0,0,21,1,0,0,21,1,0,0,2,1,1,26,18,26,18,3,2,29.0,9,0,1425.83,9,2519.874705,794.732134,0,1294.554,8,176.38754999999978,0,13,0,0,0,7,6d2a048c81f123cb,replay_perturbed@1
robust_secure,replay_perturbed,1.0,1004,0015_0090,286,28.6,10,10,5,8,8,5,15028.838999999998,10,3956.702849999997,30,593,13,0,0,0,13,0,0,0,13,0,0,0,1,0,0,34,24,34,24,3,3,37.0,10,0,1569.168,9,2577.0660609999995,851.807114,0,1632.8189999999981,10,193.9539500000002,0,19,0,0,0,8,9e49dfb584b56639,replay_perturbed@1
robust_secure,replay_perturbed,1.0,1005,0015_0090,286,28.6,10,9,5,8,8,5,10030.178000000002,9,2478.5076,23,618,0,0,0,0,0,0,0,0,0,0,0,0,0,0,0,29,22,29,22,0,0,29.0,7,0,1093.503,7,2386.883892,661.773267,0,1105.5660000000007,7,170.80259999999993,0,15,0,0,0,7,f8665d3041f270b8,replay_perturbed@1
robust_secure,replay_perturbed,1.0,1001,0016_0000,209,20.9,16,16,6,14,14,4,48572.249,16,9621.52225,65,1225,44,1,0,0,44,1,0,0,44,1,3,0,5,1,1,32,20,32,20,9,8,41.0,13,2,2299.539,13,2335.777529,1074.739897,0,2156.5840000000017,12,280.1844000000004,0,5,0,0,0,23,1a579ff8fce85b46,replay_perturbed@1
robust_secure,replay_perturbed,1.0,1002,0016_0000,209,20.9,16,15,5,14,14,4,48694.213,15,9780.834099999996,70,1563,15,1,0,0,15,1,0,0,15,1,8,1,2,1,1,38,26,38,26,4,3,42.0,13,1,2217.432,13,2301.8147830000003,1040.73205,0,2075.607,12,216.26204999999993,0,2,0,0,0,27,a032a8cfb5ad9258,replay_perturbed@1
robust_secure,replay_perturbed,1.0,1003,0016_0000,209,20.9,16,15,5,14,14,4,45846.607,15,9772.688699999997,72,1635,7,1,0,0,7,1,0,0,7,1,7,1,1,1,1,40,28,40,28,1,0,41.0,13,1,2255.299,13,2316.857351,1055.793298,0,2106.812999999996,12,234.40224999999964,0,0,0,0,0,28,074444de643ed15b,replay_perturbed@1
robust_secure,replay_perturbed,1.0,1004,0016_0000,209,20.9,16,16,6,14,14,4,46633.851,16,9622.788,74,1652,0,0,0,0,0,0,0,0,0,0,0,0,0,0,0,41,28,41,28,0,0,41.0,13,2,2337.383,13,2351.035622,1089.971618,0,2359.652000000001,13,286.82920000000087,0,0,0,0,0,28,bea7dd2793bf510a,replay_perturbed@1
robust_secure,replay_perturbed,1.0,1005,0016_0000,209,20.9,16,16,6,14,14,4,47479.458,16,9616.23775,74,1587,8,0,0,0,8,0,0,0,8,0,0,0,1,0,0,39,26,39,26,2,2,41.0,13,2,2290.545,13,2331.734911,1070.6744039999999,0,2312.9690000000014,13,266.6379999999997,0,2,0,0,0,26,e0b5687b65b02114,replay_perturbed@1
robust_secure,replay_perturbed,1.0,1001,0017_0000,145,14.5,9,9,7,9,9,7,9371.189999999999,9,3073.756199999999,36,697,8,0,0,0,8,0,0,0,8,0,0,0,1,0,0,27,18,27,18,2,2,29.0,9,4,1830.956,9,1722.489559,847.583907,0,1846.5260000000003,9,279.91799999999967,0,2,0,0,0,18,ef9d10d4e77cac96,replay_perturbed@1
robust_secure,replay_perturbed,1.0,1002,0017_0000,145,14.5,9,9,7,9,9,7,9428.597,9,3083.4461999999985,48,637,22,1,0,0,22,1,0,0,22,1,22,1,2,1,1,24,11,24,11,5,4,29.0,14,4,2688.255,14,2064.701155,1189.721095,0,2562.4250000000006,13,283.5861999999999,0,1,0,0,0,14,8c2ad1d8aa30a8b1,replay_perturbed@1
robust_secure,replay_perturbed,1.0,1003,0017_0000,145,14.5,9,9,7,9,9,7,9409.848999999998,9,3095.9291999999987,34,662,14,1,0,0,14,1,0,0,14,1,14,1,1,1,1,26,17,26,17,3,2,29.0,10,4,2019.86,10,1798.444499,923.522178,0,1769.0289999999995,9,268.97159999999997,0,0,0,0,0,19,034c5f6a39c2bf51,replay_perturbed@1
robust_secure,replay_perturbed,1.0,1004,0017_0000,145,14.5,9,9,7,9,9,7,9448.515,9,3087.1499999999987,38,658,15,0,0,0,15,0,0,0,15,0,0,0,1,0,0,26,16,26,16,3,3,29.0,10,3,1931.708,10,1762.471975,887.5636790000001,0,1948.5220000000002,10,276.7375500000001,0,3,0,0,0,16,c2b073d1663756e9,replay_perturbed@1
robust_secure,replay_perturbed,1.0,1005,0017_0000,145,14.5,9,9,7,9,9,7,9383.8,9,3075.198599999999,34,673,12,1,0,0,12,1,0,0,12,1,0,0,1,1,1,26,17,26,17,3,2,29.0,10,3,1905.783,10,1752.3613050000004,877.422416,0,1769.1779999999985,9,284.72320000000013,0,2,0,0,0,17,fb40994d01a63885,replay_perturbed@1
robust_secure,replay_perturbed,1.0,1001,0019_0618,89,8.9,11,10,8,9,9,8,8679.703000000001,10,2866.8448499999968,39,592,0,0,0,0,0,0,0,0,0,0,0,0,0,0,0,18,11,18,11,0,0,18.0,7,0,1134.021,7,1053.765776,516.726627,0,1146.0130000000006,7,172.8596000000002,0,0,0,0,0,11,aff20219079d96fc,replay_perturbed@1
robust_secure,replay_perturbed,1.0,1002,0019_0618,89,8.9,11,10,8,9,9,8,8569.059999999998,10,2875.612099999996,39,565,6,0,0,0,6,0,0,0,6,0,6,0,1,0,0,17,10,17,10,1,1,18.0,7,0,1116.035,7,1046.352864,509.316376,0,1127.7259999999992,7,183.21849999999995,0,0,0,0,0,11,3d2b8aec8a51aebf,replay_perturbed@1
robust_secure,replay_perturbed,1.0,1003,0019_0618,89,8.9,11,10,8,9,9,8,8675.14,10,2891.8461999999963,39,532,9,0,0,0,9,0,0,0,9,0,9,0,1,0,0,16,9,16,9,2,2,18.0,7,0,1168.877,7,1068.1314069999999,531.087176,0,1181.3779999999988,7,181.02389999999974,0,1,0,0,0,10,cf3b9114612a3346,replay_perturbed@1
robust_secure,replay_perturbed,1.0,1004,0019_0618,89,8.9,11,10,8,9,9,8,10802.306,10,3776.1403999999984,35,536,11,1,0,0,11,1,0,0,11,1,11,1,1,1,1,16,10,16,10,2,1,18.0,7,0,1188.654,7,1075.5437299999999,538.5154630000001,0,1032.6969999999988,6,185.41274999999993,0,1,0,0,0,10,2da1784ef8103e1f,replay_perturbed@1
robust_secure,replay_perturbed,1.0,1005,0019_0618,89,8.9,11,10,8,9,9,8,8609.405999999999,10,2872.6218999999965,37,477,22,1,0,0,22,1,0,0,22,1,12,1,3,1,1,14,8,14,8,4,3,18.0,7,0,1149.145,7,1059.2929809999998,522.237884,0,984.6169999999993,6,176.19399999999993,0,1,0,0,0,10,2ff92804b8a0ef2a,replay_perturbed@1
robust_secure,replay_perturbed,1.0,1001,0019_1003,50,5.0,2,2,2,2,2,2,722.224,2,361.112,14,97,0,0,0,0,0,0,0,0,0,0,0,0,0,0,0,10,2,10,2,0,0,10.0,8,3,1534.575,8,958.180614,656.404829,0,1548.4080000000006,8,274.3591,0,0,0,0,0,2,1808979e2ee88874,replay_perturbed@1
robust_secure,replay_perturbed,1.0,1002,0019_1003,50,5.0,2,2,2,2,2,2,697.694,2,348.847,14,97,0,0,0,0,0,0,0,0,0,0,0,0,0,0,0,10,2,10,2,0,0,10.0,8,3,1591.398,8,981.599109,679.816154,0,1605.016,8,286.89699999999976,0,0,0,0,0,2,7b36768ec63ffefe,replay_perturbed@1
robust_secure,replay_perturbed,1.0,1003,0019_1003,50,5.0,2,2,2,2,2,2,705.606,2,352.803,14,97,0,0,0,0,0,0,0,0,0,0,0,0,0,0,0,10,2,10,2,0,0,10.0,8,3,1573.773,8,974.335477,672.5546659999999,0,1587.9299999999998,8,268.6266,0,0,0,0,0,2,6691dc3c6dcf3dcf,replay_perturbed@1
robust_secure,replay_perturbed,1.0,1004,0019_1003,50,5.0,2,2,2,2,2,2,744.528,2,372.264,14,97,0,0,0,0,0,0,0,0,0,0,0,0,0,0,0,10,2,10,2,0,0,10.0,8,3,1544.938,8,962.432682,660.674406,0,1558.5399999999995,8,275.86044999999996,0,0,0,0,0,2,d50e0403928305e3,replay_perturbed@1
robust_secure,replay_perturbed,1.0,1005,0019_1003,50,5.0,2,2,2,2,2,2,698.59,2,349.295,12,83,7,1,0,0,7,1,0,0,7,1,0,0,1,1,1,8,2,8,2,2,1,10.0,7,2,1288.544,7,858.690887,556.9301230000001,0,1140.1919999999998,6,268.86524999999995,0,1,0,0,0,2,e5097acc528a36a3,replay_perturbed@1
robust_secure,mixed,1.0,1001,0006_0000,182,18.2,11,11,6,11,11,6,16169.662,11,3562.1849999999995,18,307,16,1,0,0,16,1,7,1,9,0,0,0,2,1,1,26,17,24,15,4,3,30.0,10,3,1903.002,9,2007.60643,909.566647,0,1680.3720000000008,9,293.622,0,12,0,0,0,8,b6dc96599a9896c9,mixed@1
robust_secure,mixed,1.0,1002,0006_0000,182,18.2,11,11,6,11,11,6,15670.066,11,3550.1059999999998,17,334,4,0,3,0,1,0,0,0,1,0,1,0,2,0,0,30,20,28,19,1,1,31.0,10,3,1889.621,9,2002.304336,904.233695,0,1975.9760000000008,10,303.15930000000003,0,11,0,0,0,10,8c897e420d796b6d,mixed@1
robust_secure,mixed,1.0,1003,0006_0000,182,18.2,11,11,6,11,11,6,15705.042000000003,11,3571.254000000001,17,331,9,1,3,1,6,0,6,0,0,0,0,0,2,1,0,32,23,27,19,3,2,35.0,10,3,1899.878,9,2006.5792559999998,908.4598739999999,0,1828.6270000000006,9,302.517,0,15,0,0,0,10,30838f2d587468ab,mixed@1
robust_secure,mixed,1.0,1004,0006_0000,182,18.2,11,11,6,11,11,6,10478.556000000002,11,2238.2115000000003,19,276,33,2,3,0,30,2,21,0,9,2,9,2,4,1,2,25,15,23,14,7,5,32.0,12,5,2347.558,10,2188.230756,1090.1139229999999,0,1929.9000000000003,10,277.89389999999986,0,14,0,0,0,6,4813b7387e85f28d,mixed@1
robust_secure,mixed,1.0,1005,0006_0000,182,18.2,11,11,6,11,11,6,15596.020999999999,11,3554.027,19,334,3,2,3,2,0,0,0,0,0,0,0,0,2,2,0,33,21,30,19,2,0,35.0,14,7,2889.873,11,2409.4876380000005,1311.2978719999999,0,2870.790999999999,12,474.42429999999996,0,11,0,0,0,10,5bb9a7b8617946c1,mixed@1
robust_secure,mixed,1.0,1001,0012_0000,78,7.8,2,0,0,2,0,0,0.0,0,,0,97,0,0,0,0,0,0,0,0,0,0,0,0,0,0,0,0,0,0,0,0,0,0.0,0,0,0.0,0,532.74,62.4,0,0.0,0,,0,0,0,0,0,0,a83be7ec92c9cc32,mixed@1
robust_secure,mixed,1.0,1002,0012_0000,78,7.8,2,0,0,2,0,0,0.0,0,,0,97,1,0,1,0,0,0,0,0,0,0,0,0,1,0,0,0,0,0,0,0,0,0.0,0,0,0.0,0,532.74,62.4,0,0.0,0,,0,0,0,0,0,0,0755108664baa843,mixed@1
robust_secure,mixed,1.0,1003,0012_0000,78,7.8,2,0,0,2,0,0,0.0,0,,0,97,1,0,1,0,0,0,0,0,0,0,0,0,1,0,0,0,0,0,0,0,0,0.0,0,0,0.0,0,532.74,62.4,0,0.0,0,,0,0,0,0,0,0,7c69036e4289e3a8,mixed@1
robust_secure,mixed,1.0,1004,0012_0000,78,7.8,2,0,0,2,0,0,0.0,0,,0,97,0,0,0,0,0,0,0,0,0,0,0,0,0,0,0,0,0,0,0,0,0,0.0,0,0,0.0,0,532.74,62.4,0,0.0,0,,0,0,0,0,0,0,bbc8d15dc3cec0cb,mixed@1
robust_secure,mixed,1.0,1005,0012_0000,78,7.8,2,1,0,2,1,0,2043.991,1,2043.991,1,97,1,0,1,0,0,0,0,0,0,0,0,0,1,0,0,1,0,1,0,0,0,1.0,1,1,241.082,1,630.0279949999999,159.655626,0,242.99099999999999,1,242.99099999999999,0,0,0,0,0,0,b842e2d765f47ef1,mixed@1
robust_secure,mixed,1.0,1001,0015_0090,286,28.6,10,9,5,8,8,5,10111.597,9,2488.9865999999997,23,618,6,0,6,0,0,0,0,0,0,0,0,0,3,0,0,28,21,28,21,1,1,29.0,7,0,1126.521,7,2400.481569,675.3765440000001,0,1138.175,7,173.71269999999998,0,15,0,0,0,7,a102582a10dc222a,mixed@1
robust_secure,mixed,1.0,1002,0015_0090,286,28.6,10,8,6,8,7,5,8587.809999999998,8,3365.278549999998,23,588,22,2,4,0,18,2,18,2,0,0,0,0,5,1,2,26,18,26,18,4,2,30.0,10,0,1564.065,9,2576.4925599999997,851.324961,0,1263.9619999999982,8,176.39024999999992,0,13,0,0,0,7,1c00a957907b443b,mixed@1
robust_secure,mixed,1.0,1003,0015_0090,286,28.6,10,9,5,8,8,5,9115.109999999997,9,2177.4857999999995,26,618,10,1,3,1,7,0,7,0,0,0,0,0,2,1,0,27,19,26,19,3,2,30.0,9,0,1392.94,9,2506.163726,781.0013220000001,0,1258.201000000001,8,176.38754999999978,0,14,0,0,0,7,2c110f20e37d65a5,mixed@1
robust_secure,mixed,1.0,1004,0015_0090,286,28.6,10,9,5,8,8,5,9921.679,9,2430.1841999999997,23,618,5,0,5,0,0,0,0,0,0,0,0,0,2,0,0,28,21,28,21,0,0,28.0,7,0,1142.012,7,2406.649103,681.578972,0,1153.4589999999994,7,180.31949999999992,0,14,0,0,0,7,91b8413e0435ed5b,mixed@1
robust_secure,mixed,1.0,1005,0015_0090,286,28.6,10,9,5,8,8,5,8518.922,9,1860.5293999999997,27,598,30,2,14,2,16,0,0,0,16,0,0,0,8,2,0,27,20,27,20,4,2,31.0,9,0,1391.621,9,2505.264219,780.09789,0,1105.5660000000007,7,170.80259999999993,0,15,0,0,0,7,a2e0fb531f23f386,mixed@1
robust_secure,mixed,1.0,1001,0016_0000,209,20.9,16,15,8,14,14,7,35852.62699999999,15,6960.454099999996,72,1652,15,0,15,0,0,0,0,0,0,0,0,0,7,0,0,40,27,40,27,2,2,42.0,13,4,2534.285,13,2431.069971,1170.015256,0,2555.695999999998,13,276.7021999999997,0,0,0,0,0,29,d6f8c2ac3248b381,mixed@1
robust_secure,mixed,1.0,1002,0016_0000,209,20.9,16,16,6,14,14,4,46523.433000000005,16,9631.27825,74,1652,5,0,5,0,0,0,0,0,0,0,0,0,2,0,0,40,27,40,27,1,1,41.0,13,2,2339.64,13,2351.9659960000004,1090.901663,0,2362.8239999999987,13,268.74399999999946,0,0,0,0,0,28,69248c302939ed9f,mixed@1
robust_secure,mixed,1.0,1003,0016_0000,209,20.9,16,16,6,14,14,4,46528.496,16,9622.70875,74,1652,5,0,5,0,0,0,0,0,0,0,0,0,2,0,0,41,28,41,28,0,0,41.0,13,2,2364.744,13,2362.308517,1101.244464,0,2387.701999999995,13,285.58459999999974,0,0,0,0,0,28,429d2e747727742d,mixed@1
robust_secure,mixed,1.0,1004,0016_0000,209,20.9,16,16,6,14,14,4,46633.851,16,9622.788,74,1652,6,1,6,1,0,0,0,0,0,0,0,0,4,1,0,39,27,39,27,2,1,41.0,13,2,2335.883,13,2350.597622,1089.533618,0,2219.2610000000013,12,286.85435000000086,0,0,0,0,0,28,46fffab1e7bdab00,mixed@1
robust_secure,mixed,1.0,1005,0016_0000,209,20.9,16,16,6,14,14,4,46468.05500000001,16,9616.23775,74,1652,0,0,0,0,0,0,0,0,0,0,0,0,0,0,0,41,28,41,28,0,0,41.0,13,2,2279.399,13,2327.142365,1066.082567,0,2301.566000000001,13,266.6379999999997,0,0,0,0,0,28,0d9ddca57a0d61bf,mixed@1
robust_secure,mixed,1.0,1001,0017_0000,145,14.5,9,9,7,9,9,7,9371.189999999999,9,3073.756199999999,38,718,0,0,0,0,0,0,0,0,0,0,0,0,0,0,0,29,19,29,19,0,0,29.0,10,4,1988.218,10,1785.405254,910.4859429999999,0,2005.431000000001,10,279.6212499999997,0,0,0,0,0,19,ea0c0825609c8169,mixed@1
robust_secure,mixed,1.0,1002,0017_0000,145,14.5,9,9,7,9,9,7,9428.597,9,3083.4461999999985,38,718,3,0,3,0,0,0,0,0,0,0,0,0,2,0,0,28,18,28,18,1,1,29.0,10,4,2056.583,10,1813.5729140000003,938.6519969999999,0,2073.443999999999,10,286.68039999999985,0,0,0,0,0,19,093b6f9405aad697,mixed@1
robust_secure,mixed,1.0,1003,0017_0000,145,14.5,9,9,7,9,9,7,9409.848999999998,9,3095.9291999999987,38,718,6,0,6,0,0,0,0,0,0,0,0,0,2,0,0,29,19,29,19,0,0,29.0,10,4,2019.86,10,1798.444499,923.522178,0,2037.597999999999,10,268.96994999999976,0,0,0,0,0,19,c05b27159d59f8c3,mixed@1
robust_secure,mixed,1.0,1004,0017_0000,145,14.5,9,9,7,9,9,7,9448.515,9,3087.1499999999987,38,682,14,0,2,0,12,0,12,0,0,0,0,0,2,0,0,25,15,25,15,4,4,29.0,10,4,2016.859,10,1797.1974410000003,922.286025,0,2033.8749999999993,10,276.7375500000001,0,3,0,0,0,16,4b5c929a339806b9,mixed@1
robust_secure,mixed,1.0,1005,0017_0000,145,14.5,9,9,7,9,9,7,9383.8,9,3075.198599999999,38,718,1,0,1,0,0,0,0,0,0,0,0,0,1,0,0,29,19,29,19,0,0,29.0,10,4,2025.288,10,1800.70383,925.758527,0,2043.1859999999983,10,285.2841,0,0,0,0,0,19,4975688ab52da758,mixed@1
robust_secure,mixed,1.0,1001,0019_0618,89,8.9,11,10,8,9,9,8,8679.703000000001,10,2866.8448499999968,39,592,3,0,3,0,0,0,0,0,0,0,0,0,1,0,0,18,11,18,11,0,0,18.0,7,0,1134.021,7,1053.765776,516.726627,0,1146.0130000000006,7,172.8596000000002,0,0,0,0,0,11,b4b33629ba83c5eb,mixed@1
robust_secure,mixed,1.0,1002,0019_0618,89,8.9,11,10,8,9,9,8,8569.059999999998,10,2875.612099999996,39,592,2,0,2,0,0,0,0,0,0,0,0,0,1,0,0,17,10,17,10,1,1,18.0,7,0,1116.035,7,1046.352864,509.316376,0,1127.7259999999992,7,183.21849999999995,0,0,0,0,0,11,f2f97fe04bb9e9ba,mixed@1
robust_secure,mixed,1.0,1003,0019_0618,89,8.9,11,10,8,9,9,8,8675.14,10,2891.8461999999963,39,592,0,0,0,0,0,0,0,0,0,0,0,0,0,0,0,18,11,18,11,0,0,18.0,7,0,1168.877,7,1068.1314069999999,531.087176,0,1181.3779999999988,7,181.02389999999974,0,0,0,0,0,11,46927768293f648a,mixed@1
robust_secure,mixed,1.0,1004,0019_0618,89,8.9,11,10,8,9,9,8,8803.052,10,2876.476099999996,39,592,0,0,0,0,0,0,0,0,0,0,0,0,0,0,0,18,11,18,11,0,0,18.0,7,0,1182.654,7,1073.79173,536.763463,0,1194.590999999999,7,185.26949999999994,0,0,0,0,0,11,4a54dece33512e19,mixed@1
robust_secure,mixed,1.0,1005,0019_0618,89,8.9,11,10,8,9,9,8,8609.405999999999,10,2872.6218999999965,39,592,0,0,0,0,0,0,0,0,0,0,0,0,0,0,0,18,11,18,11,0,0,18.0,7,0,1147.421,7,1059.303739,522.247257,0,1159.6519999999991,7,177.3911999999999,0,0,0,0,0,11,7eda2d1b3ba91617,mixed@1
robust_secure,mixed,1.0,1001,0019_1003,50,5.0,2,2,2,2,2,2,722.224,2,361.112,14,97,0,0,0,0,0,0,0,0,0,0,0,0,0,0,0,10,2,10,2,0,0,10.0,8,3,1534.575,8,958.180614,656.404829,0,1548.4080000000006,8,274.3591,0,0,0,0,0,2,c1c87bb1523b4b8b,mixed@1
robust_secure,mixed,1.0,1002,0019_1003,50,5.0,2,2,2,2,2,2,697.694,2,348.847,14,97,1,0,1,0,0,0,0,0,0,0,0,0,1,0,0,10,2,10,2,0,0,10.0,8,3,1591.398,8,981.599109,679.816154,0,1605.016,8,286.89699999999976,0,0,0,0,0,2,560125b52299cb5f,mixed@1
robust_secure,mixed,1.0,1003,0019_1003,50,5.0,2,2,2,2,2,2,705.606,2,352.803,14,97,0,0,0,0,0,0,0,0,0,0,0,0,0,0,0,10,2,10,2,0,0,10.0,8,3,1573.773,8,974.335477,672.5546659999999,0,1587.9299999999998,8,268.6266,0,0,0,0,0,2,364768115536d6c9,mixed@1
robust_secure,mixed,1.0,1004,0019_1003,50,5.0,2,2,2,2,2,2,744.528,2,372.264,14,97,1,1,1,1,0,0,0,0,0,0,0,0,1,1,0,9,2,9,2,1,0,10.0,8,3,1544.938,8,962.432682,660.674406,0,1390.3889999999997,7,277.4330999999999,0,0,0,0,0,2,8c62fb5a77fd3233,mixed@1
robust_secure,mixed,1.0,1005,0019_1003,50,5.0,2,2,2,2,2,2,698.59,2,349.295,14,97,1,0,1,0,0,0,0,0,0,0,0,0,1,0,0,10,2,10,2,0,0,10.0,8,3,1513.444,8,949.4819610000001,647.698782,0,1527.2279999999998,8,268.5825499999999,0,0,0,0,0,2,5f376087fcac0ba6,mixed@1
secure,clean,1.0,1001,0006_0000,182,18.2,11,5,3,11,5,3,3491.0570000000007,5,1479.1450000000004,8,334,0,0,0,0,0,0,0,0,0,0,0,0,0,0,0,9,5,9,5,0,0,9.0,4,0,621.331,4,1490.775305,393.128442,0,627.9120000000005,4,159.45910000000003,0,1,1,3,0,0,1a0cf8124328923a,clean@1
secure,clean,1.0,1001,0012_0000,78,7.8,2,0,0,2,0,0,0.0,0,,0,97,0,0,0,0,0,0,0,0,0,0,0,0,0,0,0,0,0,0,0,0,0,0.0,0,0,0.0,0,532.74,62.4,0,0.0,0,,0,0,0,0,0,0,cc05ae1196be1ec7,clean@1
secure,clean,1.0,1001,0015_0090,286,28.6,10,3,3,8,3,3,2288.112,3,762.704,3,618,0,0,0,0,0,0,0,0,0,0,0,0,0,0,0,5,4,5,4,0,0,5.0,1,0,160.237,1,2016.871705,292.207651,0,161.70399999999995,1,161.70399999999995,0,0,1,2,1,0,dc3738d9f96ca4f2,clean@1
secure,clean,1.0,1001,0016_0000,209,20.9,16,0,0,14,0,0,0.0,0,,0,1652,0,0,0,0,0,0,0,0,0,0,0,0,0,0,0,2,2,2,2,0,0,2.0,0,0,0.0,0,1427.498,167.2,0,0.0,0,,0,0,1,0,1,0,0c781fe15ed82968,clean@1
secure,clean,1.0,1001,0017_0000,145,14.5,9,0,0,9,0,0,0.0,0,,0,718,0,0,0,0,0,0,0,0,0,0,0,0,0,0,0,7,7,7,7,0,0,7.0,0,0,0.0,0,990.448,116.0,0,0.0,0,,0,0,0,5,2,0,974292204c740150,clean@1
secure,clean,1.0,1001,0019_0618,89,8.9,11,6,6,9,6,6,5303.2919999999995,6,883.882,6,592,0,0,0,0,0,0,0,0,0,0,0,0,0,0,0,5,4,5,4,0,0,5.0,1,1,281.414,1,720.2067440000001,183.45269000000002,0,282.88199999999995,1,282.88199999999995,0,0,1,2,1,0,7248553bc5728a3b,clean@1
secure,clean,1.0,1001,0019_1003,50,5.0,2,0,0,2,0,0,0.0,0,,0,97,0,0,0,0,0,0,0,0,0,0,0,0,0,0,0,4,4,4,4,0,0,4.0,0,0,0.0,0,341.556,40.0,0,0.0,0,,0,0,2,1,1,0,ffc8e556ec8beb48,clean@1
secure,spam,1.0,1001,0006_0000,182,18.2,11,5,3,11,5,3,3491.0570000000007,5,1479.1450000000004,8,334,4,0,4,0,0,0,0,0,0,0,0,0,2,0,0,10,6,10,6,0,0,10.0,4,0,621.331,4,1490.789305,393.128442,0,627.9120000000005,4,159.45910000000003,0,1,1,4,0,0,12dc7f903325bb4b,spam@1
secure,spam,1.0,1002,0006_0000,182,18.2,11,4,2,11,4,2,2937.1600000000003,4,1404.662,5,334,11,0,11,0,0,0,0,0,0,0,0,0,4,0,0,9,6,9,6,3,3,12.0,3,0,463.256,3,1427.925238,330.251267,0,469.49800000000005,3,174.2468999999998,0,0,3,6,0,0,9a04275c6dafa23a,spam@1
secure,spam,1.0,1003,0006_0000,182,18.2,11,6,4,11,6,4,3630.344999999999,6,1452.6319999999996,9,334,11,1,11,1,0,0,0,0,0,0,0,0,5,1,0,8,4,8,4,1,0,9.0,5,0,764.406,5,1547.861774,450.18536700000004,0,614.5539999999994,4,163.56879999999995,0,1,0,3,0,0,249b798d305f64cf,spam@1
secure,spam,1.0,1004,0006_0000,182,18.2,11,6,3,11,6,3,5179.538999999999,6,1630.6732499999996,10,334,9,1,9,1,0,0,0,0,0,0,0,0,3,1,0,8,4,8,4,2,1,10.0,5,0,791.151,5,1558.704518,461.024066,0,651.2080000000002,4,173.7559499999997,0,1,1,3,0,0,ba02d2fc1faca2fd,spam@1
secure,spam,1.0,1005,0006_0000,182,18.2,11,6,4,11,6,4,4336.293,6,1460.254,10,334,7,1,7,1,0,0,0,0,0,0,0,0,3,1,0,10,6,10,6,2,1,12.0,5,0,761.645,5,1546.577146,448.867818,0,612.3159999999993,4,160.31904999999966,0,1,3,3,0,0,91eda7b67615f975,spam@1
secure,spam,1.0,1001,0012_0000,78,7.8,2,0,0,2,0,0,0.0,0,,0,97,0,0,0,0,0,0,0,0,0,0,0,0,0,0,0,0,0,0,0,0,0,0.0,0,0,0.0,0,532.74,62.4,0,0.0,0,,0,0,0,0,0,0,8f7e00eaa4827410,spam@1
secure,spam,1.0,1002,0012_0000,78,7.8,2,0,0,2,0,0,0.0,0,,0,97,1,1,1,1,0,0,0,0,0,0,0,0,1,1,0,0,0,0,0,1,0,1.0,1,1,257.356,1,636.9182500000001,166.540559,0,0.0,0,,0,0,0,0,0,0,23212d0e89cb1231,spam@1
secure,spam,1.0,1003,0012_0000,78,7.8,2,0,0,2,0,0,0.0,0,,0,97,4,1,4,1,0,0,0,0,0,0,0,0,2,1,0,0,0,0,0,1,0,1.0,1,1,288.714,1,649.8457360000001,179.460327,0,0.0,0,,0,0,0,0,0,0,17a3f970634692c8,spam@1
secure,spam,1.0,1004,0012_0000,78,7.8,2,0,0,2,0,0,0.0,0,,0,97,4,0,4,0,0,0,0,0,0,0,0,0,2,0,0,0,0,0,0,0,0,0.0,0,0,0.0,0,532.74,62.4,0,0.0,0,,0,0,0,0,0,0,71429886dcfc561f,spam@1
secure,spam,1.0,1005,0012_0000,78,7.8,2,0,0,2,0,0,0.0,0,,0,97,8,0,8,0,0,0,0,0,0,0,0,0,3,0,0,0,0,0,0,1,1,1.0,0,0,0.0,0,532.754,62.4,0,0.0,0,,0,0,0,0,1,0,8c888dd37bdfe962,spam@1
secure,spam,1.0,1001,0015_0090,286,28.6,10,4,3,8,4,3,7244.605999999999,4,4327.425499999998,4,618,14,1,14,1,0,0,0,0,0,0,0,0,7,1,0,6,5,6,5,3,2,9.0,2,0,314.036,2,2078.4178629999997,353.682825,0,161.70399999999995,1,161.70399999999995,0,0,2,2,3,0,52f01701ea02dedc,spam@1
secure,spam,1.0,1002,0015_0090,286,28.6,10,3,3,8,3,3,2278.125,3,759.375,3,618,17,0,17,0,0,0,0,0,0,0,0,0,8,0,0,5,4,5,4,5,5,10.0,1,0,156.764,1,2015.512276,290.776673,0,158.375,1,158.375,0,1,3,3,2,0,9b77c612c74cff7c,spam@1
secure,spam,1.0,1003,0015_0090,286,28.6,10,3,3,8,3,3,2295.477,3,765.159,3,618,11,0,11,0,0,0,0,0,0,0,0,0,5,0,0,5,4,5,4,1,1,6.0,1,0,162.401,1,2017.783653,293.099312,0,164.159,1,164.159,0,1,1,2,1,0,2067870610974251,spam@1
secure,spam,1.0,1004,0015_0090,286,28.6,10,3,3,8,3,3,2341.1549999999997,3,780.385,3,618,3,0,3,0,0,0,0,0,0,0,0,0,2,0,0,5,4,5,4,1,1,6.0,1,0,177.774,1,2024.1125230000002,299.43303299999997,0,179.385,1,179.385,0,1,1,2,1,0,23a184361ab6fcb5,spam@1
secure,spam,1.0,1005,0015_0090,286,28.6,10,3,3,8,3,3,2244.234,3,748.078,3,618,10,0,10,0,0,0,0,0,0,0,0,0,4,0,0,5,4,5,4,1,1,6.0,1,0,145.439,1,2010.792601,286.110836,0,147.07799999999997,1,147.07799999999997,0,0,2,2,1,0,573169fc0772936c,spam@1
secure,spam,1.0,1001,0016_0000,209,20.9,16,0,0,14,0,0,0.0,0,,0,1652,10,0,10,0,0,0,0,0,0,0,0,0,4,0,0,2,2,2,2,0,0,2.0,0,0,0.0,0,1427.498,167.2,0,0.0,0,,0,0,1,0,1,0,1258b4f4d3155ba4,spam@1
secure,spam,1.0,1002,0016_0000,209,20.9,16,6,0,14,6,0,11779.32,6,1963.22,6,1652,10,1,10,1,0,0,0,0,0,0,0,0,5,1,0,2,2,2,2,1,0,3.0,1,0,160.601,1,1490.5443609999998,230.21755699999997,0,0.0,0,,0,0,1,0,1,0,7a51c4d80e83c111,spam@1
secure,spam,1.0,1003,0016_0000,209,20.9,16,0,0,14,0,0,0.0,0,,0,1652,10,0,10,0,0,0,0,0,0,0,0,0,5,0,0,2,2,2,2,1,1,3.0,0,0,0.0,0,1427.512,167.2,0,0.0,0,,0,0,1,0,2,0,c4ffad76c7753ca8,spam@1
secure,spam,1.0,1004,0016_0000,209,20.9,16,0,0,14,0,0,0.0,0,,0,1652,17,0,17,0,0,0,0,0,0,0,0,0,8,0,0,2,2,2,2,0,0,2.0,0,0,0.0,0,1427.498,167.2,0,0.0,0,,0,0,1,0,1,0,f876c95fc8191b7a,spam@1
secure,spam,1.0,1005,0016_0000,209,20.9,16,7,0,14,7,0,18683.049,7,2669.007,7,1652,8,1,8,1,0,0,0,0,0,0,0,0,5,1,0,2,2,2,2,1,0,3.0,1,0,166.246,1,1492.69374,232.36334300000001,0,0.0,0,,0,0,1,0,1,0,74e62741b44eb2b6,spam@1
secure,spam,1.0,1001,0017_0000,145,14.5,9,3,0,9,3,0,35371.351,3,12863.1883,5,718,6,1,6,1,0,0,0,0,0,0,0,0,2,1,0,10,9,10,9,1,0,11.0,2,0,306.168,2,1112.542985,238.001332,0,151.4950000000008,1,151.4950000000008,0,1,1,5,2,0,062be6df0b22461b,spam@1
secure,spam,1.0,1002,0017_0000,145,14.5,9,0,0,9,0,0,0.0,0,,0,718,3,0,3,0,0,0,0,0,0,0,0,0,1,0,0,6,6,6,6,1,1,7.0,0,0,0.0,0,990.448,116.0,0,0.0,0,,0,0,0,5,2,0,0cb906fc55ab0945,spam@1
secure,spam,1.0,1003,0017_0000,145,14.5,9,0,0,9,0,0,0.0,0,,0,718,3,0,3,0,0,0,0,0,0,0,0,0,1,0,0,7,7,7,7,0,0,7.0,0,0,0.0,0,990.448,116.0,0,0.0,0,,0,0,0,5,2,0,11ad6d46e29aa3d2,spam@1
secure,spam,1.0,1004,0017_0000,145,14.5,9,3,0,9,3,0,39241.263,3,13080.421,3,718,7,0,7,0,0,0,0,0,0,0,0,0,3,0,0,13,12,13,12,0,0,13.0,1,0,177.834,1,1061.743075,187.197436,0,179.42100000000028,1,179.42100000000028,0,3,2,5,2,0,f47f1a1d80603932,spam@1
secure,spam,1.0,1005,0017_0000,145,14.5,9,3,0,9,3,0,39100.269,3,13033.423,3,718,6,0,6,0,0,0,0,0,0,0,0,0,2,0,0,11,10,11,10,0,0,11.0,1,0,130.864,1,1042.363736,167.846015,0,132.42300000000068,1,132.42300000000068,0,2,1,5,2,0,36ad4b4548c9e5aa,spam@1
secure,spam,1.0,1001,0019_0618,89,8.9,11,6,6,9,6,6,5303.2919999999995,6,883.882,6,592,2,0,2,0,0,0,0,0,0,0,0,0,1,0,0,5,4,5,4,1,1,6.0,1,1,281.414,1,720.220744,183.45269000000002,0,282.88199999999995,1,282.88199999999995,0,0,0,4,1,0,2e37a45d964d0964,spam@1
secure,spam,1.0,1002,0019_0618,89,8.9,11,6,6,9,6,6,5285.0160000000005,6,880.836,6,592,7,0,7,0,0,0,0,0,0,0,0,0,4,0,0,5,4,5,4,0,0,5.0,1,1,278.224,1,718.8938860000002,182.138283,0,279.836,1,279.836,0,0,1,2,1,0,93357413a0485293,spam@1
secure,spam,1.0,1003,0019_0618,89,8.9,11,6,6,9,6,6,5327.16,6,887.86,6,592,5,0,5,0,0,0,0,0,0,0,0,0,2,0,0,5,4,5,4,0,0,5.0,1,1,285.103,1,721.7327210000001,184.97238,0,286.86,1,286.86,0,0,1,2,1,0,0b91d2fd7cabd440,spam@1
secure,spam,1.0,1004,0019_0618,89,8.9,11,6,6,9,6,6,5433.492,6,905.582,6,592,10,0,10,0,0,0,0,0,0,0,0,0,5,0,0,5,4,5,4,0,0,5.0,1,1,302.971,1,729.0895250000002,192.33403499999997,0,304.582,1,304.582,0,0,1,2,1,0,10aad37d7bc7e347,spam@1
secure,spam,1.0,1005,0019_0618,89,8.9,11,6,6,9,6,6,5137.3679999999995,6,856.228,6,592,2,0,2,0,0,0,0,0,0,0,0,0,1,0,0,5,4,5,4,0,0,5.0,1,1,253.589,1,708.7464420000001,171.988677,0,255.22799999999995,1,255.22799999999995,0,0,1,2,1,0,c0bd82cc47030126,spam@1
secure,spam,1.0,1001,0019_1003,50,5.0,2,0,0,2,0,0,0.0,0,,0,97,4,0,4,0,0,0,0,0,0,0,0,0,3,0,0,4,4,4,4,2,2,6.0,0,0,0.0,0,341.584,40.0,0,0.0,0,,0,0,2,2,2,0,80885dd8ea3a0726,spam@1
secure,spam,1.0,1002,0019_1003,50,5.0,2,0,0,2,0,0,0.0,0,,0,97,1,0,1,0,0,0,0,0,0,0,0,0,1,0,0,4,4,4,4,1,1,5.0,0,0,0.0,0,341.57,40.0,0,0.0,0,,0,0,2,1,2,0,3e7aa1139b621fe4,spam@1
secure,spam,1.0,1003,0019_1003,50,5.0,2,0,0,2,0,0,0.0,0,,0,97,0,0,0,0,0,0,0,0,0,0,0,0,0,0,0,4,4,4,4,0,0,4.0,0,0,0.0,0,341.556,40.0,0,0.0,0,,0,0,2,1,1,0,f036d34092f4e08a,spam@1
secure,spam,1.0,1004,0019_1003,50,5.0,2,0,0,2,0,0,0.0,0,,0,97,3,0,3,0,0,0,0,0,0,0,0,0,1,0,0,4,4,4,4,1,1,5.0,0,0,0.0,0,341.57,40.0,0,0.0,0,,0,0,3,1,1,0,a79903e9cb6952ba,spam@1
secure,spam,1.0,1005,0019_1003,50,5.0,2,0,0,2,0,0,0.0,0,,0,97,8,0,8,0,0,0,0,0,0,0,0,0,4,0,0,5,5,5,5,1,1,6.0,0,0,0.0,0,341.584,40.0,0,0.0,0,,0,0,2,1,3,0,2643014667f8f5f6,spam@1
secure,spam,8.0,1001,0006_0000,182,18.2,11,4,1,11,4,1,6238.126000000001,4,3004.145,4,334,42,0,42,0,0,0,0,0,0,0,0,0,20,0,0,8,6,8,6,5,5,13.0,2,0,314.441,2,1368.3254590000001,270.649714,0,317.8360000000004,2,159.6137,0,5,1,3,2,0,8fe418bb0cc6c881,spam@8
secure,spam,8.0,1002,0006_0000,182,18.2,11,4,2,11,4,2,4531.281999999999,4,2206.6229999999996,4,334,46,2,46,2,0,0,0,0,0,0,0,0,24,2,0,8,6,7,6,5,3,13.0,4,2,807.619,4,1568.665233,470.959174,0,426.8059999999996,2,256.405,0,2,2,5,0,0,f88d13706f4a7332,spam@8
secure,spam,8.0,1003,0006_0000,182,18.2,11,5,1,11,5,1,6637.9439999999995,5,1964.0460000000003,6,334,52,2,52,2,0,0,0,0,0,0,0,0,25,2,0,5,3,5,3,9,7,14.0,4,1,695.548,4,1521.425504,423.705669,0,295.2199999999996,2,151.2297999999996,0,6,1,2,1,0,b8e60ab49d7b863c,spam@8
secure,spam,8.0,1004,0006_0000,182,18.2,11,3,3,11,3,3,1368.618,3,889.0703999999996,6,334,45,3,45,3,0,0,0,0,0,0,0,0,24,3,0,6,5,6,5,5,2,11.0,4,0,606.832,4,1485.738645,388.054722,0,139.957,1,139.957,0,4,1,1,1,0,8cdf7f4443790056,spam@8
secure,spam,8.0,1005,0006_0000,182,18.2,11,4,1,11,4,1,6220.321999999999,4,3005.2539999999995,4,334,53,0,53,0,0,0,0,0,0,0,0,0,23,0,0,8,6,8,6,7,7,15.0,2,0,293.709,2,1359.8149830000002,262.108019,0,297.8139999999999,2,158.21929999999992,0,5,1,4,3,0,ba3486beab3be163,spam@8
secure,spam,8.0,1001,0012_0000,78,7.8,2,1,0,2,1,0,2946.831,1,2946.831,1,97,25,2,25,2,0,0,0,0,0,0,0,0,11,2,0,0,0,0,0,4,2,4.0,2,2,504.819,2,736.8616969999999,266.42536900000005,0,0.0,0,,0,0,1,0,1,0,d036a4b9881f5bd1,spam@8
secure,spam,8.0,1002,0012_0000,78,7.8,2,1,1,2,1,1,232.913,1,232.913,2,97,26,0,26,0,0,0,0,0,0,0,0,0,14,0,0,4,2,4,2,6,6,10.0,2,0,280.499,2,644.5170830000001,174.005748,0,284.288,2,151.3519,0,0,3,3,2,0,4509741ff3d85211,spam@8
secure,spam,8.0,1003,0012_0000,78,7.8,2,1,0,2,1,0,1538.985,1,1538.985,1,97,15,1,15,1,0,0,0,0,0,0,0,0,8,1,0,0,0,0,0,2,1,2.0,1,1,236.219,1,628.22,157.83217,0,0.0,0,,0,1,0,0,0,0,73b7123a9533b326,spam@8
secure,spam,8.0,1004,0012_0000,78,7.8,2,0,0,2,0,0,0.0,0,,0,97,35,0,35,0,0,0,0,0,0,0,0,0,19,0,0,4,4,4,4,6,6,10.0,0,0,0.0,0,532.88,62.4,0,0.0,0,,0,0,3,1,6,0,6e4d36a12a4f709e,spam@8
secure,spam,8.0,1005,0012_0000,78,7.8,2,0,0,2,0,0,0.0,0,,0,97,27,0,27,0,0,0,0,0,0,0,0,0,13,0,0,0,0,0,0,5,5,5.0,0,0,0.0,0,532.81,62.4,0,0.0,0,,0,0,4,0,1,0,719cfdbdcd34f7a4,spam@8
secure,spam,8.0,1001,0015_0090,286,28.6,10,8,5,8,6,5,14991.130000000005,8,5790.9140499999985,11,618,80,5,80,5,0,0,0,0,0,0,0,0,43,5,0,4,3,4,3,19,14,23.0,6,0,967.87,6,2339.603884,614.602528,0,161.70399999999995,1,161.70399999999995,0,3,6,2,6,0,d8e6b539df647edb,spam@8
secure,spam,8.0,1002,0015_0090,286,28.6,10,3,3,8,3,3,2278.125,3,759.375,3,618,72,1,72,1,0,0,0,0,0,0,0,0,37,1,0,4,4,4,4,13,12,17.0,1,0,156.764,1,2015.6102759999999,290.776673,0,0.0,0,,0,5,2,2,7,0,417060bd014944f6,spam@8
secure,spam,8.0,1003,0015_0090,286,28.6,10,5,4,8,5,4,5250.863999999999,5,3143.7845999999986,7,618,79,2,79,2,0,0,0,0,0,0,0,0,40,2,0,4,3,4,3,15,13,19.0,3,0,444.69,3,2129.979631,405.08214499999997,0,164.159,1,164.159,0,6,5,4,1,0,fc41425108adc4af,spam@8
secure,spam,8.0,1004,0015_0090,286,28.6,10,8,5,8,6,5,15135.614,8,6962.0004999999965,10,618,69,3,69,3,0,0,0,0,0,0,0,0,37,3,0,4,3,4,3,16,13,20.0,4,0,629.003,4,2203.340076,478.40912000000003,0,179.385,1,179.385,0,6,4,2,4,0,c422781b99358cd6,spam@8
secure,spam,8.0,1005,0015_0090,286,28.6,10,3,3,8,3,3,2244.234,3,748.078,3,618,79,0,79,0,0,0,0,0,0,0,0,0,38,0,0,4,3,4,3,16,16,20.0,1,0,145.439,1,2010.988601,286.110836,0,147.07799999999997,1,147.07799999999997,0,4,5,2,8,0,cf0c9e008c32910a,spam@8
secure,spam,8.0,1001,0016_0000,209,20.9,16,0,0,14,0,0,0.0,0,,0,1652,53,0,53,0,0,0,0,0,0,0,0,0,27,0,0,2,2,2,2,3,3,5.0,0,0,0.0,0,1427.54,167.2,0,0.0,0,,0,1,1,0,3,0,1cd2c6f0c747b7c6,spam@8
secure,spam,8.0,1002,0016_0000,209,20.9,16,7,0,14,7,0,15803.316,7,2386.188,7,1652,54,1,54,1,0,0,0,0,0,0,0,0,32,1,0,2,2,2,2,1,0,3.0,1,0,183.381,1,1499.756584,239.422931,0,0.0,0,,0,0,1,0,1,0,a87761f7ac4ffa72,spam@8
secure,spam,8.0,1003,0016_0000,209,20.9,16,6,6,14,6,6,2260.6079999999997,6,376.768,9,1652,66,0,66,0,0,0,0,0,0,0,0,0,33,0,0,5,3,5,3,1,1,6.0,2,2,556.257,2,1650.1088730000001,389.718065,0,559.6279999999999,2,283.4554,0,0,1,2,1,0,81adbc2b635a553c,spam@8
secure,spam,8.0,1004,0016_0000,209,20.9,16,0,0,14,0,0,0.0,0,,0,1652,65,0,65,0,0,0,0,0,0,0,0,0,33,0,0,1,1,1,1,3,3,4.0,0,0,0.0,0,1427.526,167.2,0,0.0,0,,0,1,1,0,2,0,ad49f879668f0ade,spam@8
secure,spam,8.0,1005,0016_0000,209,20.9,16,5,5,14,5,5,3344.121,5,992.244,8,1652,59,2,59,2,0,0,0,0,0,0,0,0,29,2,0,0,0,0,0,3,1,3.0,2,0,340.071,2,1562.077514,301.72920799999997,0,0.0,0,,0,1,0,0,0,0,7f59eebc5ff6a81c,spam@8
secure,spam,8.0,1001,0017_0000,145,14.5,9,0,0,9,0,0,0.0,0,,0,718,32,0,32,0,0,0,0,0,0,0,0,0,15,0,0,4,4,4,4,4,4,8.0,0,0,0.0,0,990.462,116.0,0,0.0,0,,0,1,0,5,2,0,48c6c6094d9993d9,spam@8
secure,spam,8.0,1002,0017_0000,145,14.5,9,6,4,9,6,4,20666.1,6,8595.378,15,718,52,3,52,3,0,0,0,0,0,0,0,0,26,3,0,6,5,6,5,11,8,17.0,4,3,950.15,4,1372.394573,497.741837,0,267.836,1,267.836,0,6,1,5,1,0,a816df0c401a21d5,spam@8
secure,spam,8.0,1003,0017_0000,145,14.5,9,0,0,9,0,0,0.0,0,,0,718,39,0,39,0,0,0,0,0,0,0,0,0,22,0,0,3,3,3,3,6,6,9.0,0,0,0.0,0,990.476,116.0,0,0.0,0,,0,3,2,2,2,0,010f4c211a998be6,spam@8
secure,spam,8.0,1004,0017_0000,145,14.5,9,4,0,9,4,0,37062.24,4,9265.56,12,718,45,3,45,3,0,0,0,0,0,0,0,0,22,3,0,9,9,9,9,7,4,16.0,3,0,490.131,3,1185.0890299999999,310.463908,0,0.0,0,,0,2,2,7,2,0,4185cc351c897219,spam@8
secure,spam,8.0,1005,0017_0000,145,14.5,9,4,0,9,4,0,43846.828,4,10961.707,4,718,36,1,36,1,0,0,0,0,0,0,0,0,20,1,0,5,5,5,5,5,4,10.0,1,0,159.019,1,1053.5923699999998,179.085824,0,0.0,0,,0,3,0,4,2,0,573b0d3e9df85daf,spam@8
secure,spam,8.0,1001,0019_0618,89,8.9,11,6,6,9,6,6,5303.2919999999995,6,883.882,6,592,24,0,24,0,0,0,0,0,0,0,0,0,14,0,0,4,3,4,3,1,1,5.0,1,1,281.414,1,720.2067440000001,183.45269000000002,0,282.88199999999995,1,282.88199999999995,0,0,1,2,1,0,c3a1e626ab006970,spam@8
secure,spam,8.0,1002,0019_0618,89,8.9,11,6,6,9,6,6,5285.0160000000005,6,880.836,6,592,31,0,31,0,0,0,0,0,0,0,0,0,16,0,0,2,1,2,1,4,4,6.0,1,1,278.224,1,718.9078860000002,182.138283,0,279.836,1,279.836,0,0,1,3,1,0,1a09e7ffef913d53,spam@8
secure,spam,8.0,1003,0019_0618,89,8.9,11,6,6,9,6,6,5327.16,6,887.86,6,592,25,0,25,0,0,0,0,0,0,0,0,0,13,0,0,5,4,5,4,0,0,5.0,1,1,285.103,1,721.7327210000001,184.97238,0,286.86,1,286.86,0,0,1,2,1,0,0b84a31ccb462840,spam@8
secure,spam,8.0,1004,0019_0618,89,8.9,11,6,6,9,6,6,2191.266,6,365.211,12,592,27,2,27,2,0,0,0,0,0,0,0,0,14,2,0,3,3,3,3,2,0,5.0,2,2,563.749,2,833.0431680000002,296.264578,0,0.0,0,,0,0,1,2,0,0,d7409f4d0f9df28f,spam@8
secure,spam,8.0,1005,0019_0618,89,8.9,11,5,5,9,5,5,4382.005,5,876.401,5,592,39,1,39,1,0,0,0,0,0,0,0,0,19,1,0,2,2,2,2,4,3,6.0,1,0,173.602,1,676.709728,139.933826,0,0.0,0,,0,1,0,3,1,0,7acbda97fa0ed632,spam@8
secure,spam,8.0,1001,0019_1003,50,5.0,2,0,0,2,0,0,0.0,0,,0,97,14,0,14,0,0,0,0,0,0,0,0,0,7,0,0,4,4,4,4,4,4,8.0,0,0,0.0,0,341.61199999999997,40.0,0,0.0,0,,0,0,1,5,2,0,55536feb525fe91e,spam@8
secure,spam,8.0,1002,0019_1003,50,5.0,2,0,0,2,0,0,0.0,0,,0,97,18,0,18,0,0,0,0,0,0,0,0,0,9,0,0,3,3,3,3,6,6,9.0,0,0,0.0,0,341.626,40.0,0,0.0,0,,0,0,2,5,2,0,c4cf80b0d6ef43c6,spam@8
secure,spam,8.0,1003,0019_1003,50,5.0,2,0,0,2,0,0,0.0,0,,0,97,12,0,12,0,0,0,0,0,0,0,0,0,7,0,0,4,4,4,4,3,3,7.0,0,0,0.0,0,341.598,40.0,0,0.0,0,,0,2,2,2,1,0,b753ebcf91a8702e,spam@8
secure,spam,8.0,1004,0019_1003,50,5.0,2,0,0,2,0,0,0.0,0,,0,97,9,0,9,0,0,0,0,0,0,0,0,0,3,0,0,4,4,4,4,2,2,6.0,0,0,0.0,0,341.584,40.0,0,0.0,0,,0,0,2,3,1,0,45680dee6a1feefe,spam@8
secure,spam,8.0,1005,0019_1003,50,5.0,2,2,2,2,2,2,479.12,2,239.56,2,97,10,1,10,1,0,0,0,0,0,0,0,0,6,1,0,2,2,2,2,3,2,5.0,1,0,136.485,1,395.932708,94.341989,0,0.0,0,,0,0,1,2,1,0,64d9ef9471f0706a,spam@8
secure,replay_exact,1.0,1001,0006_0000,182,18.2,11,5,3,11,5,3,3491.0570000000007,5,1479.1450000000004,8,334,0,0,0,0,0,0,0,0,0,0,0,0,0,0,0,9,5,9,5,0,0,9.0,4,0,621.331,4,1490.775305,393.128442,0,627.9120000000005,4,159.45910000000003,0,1,1,3,0,0,04e2a1158e2a20a9,replay_exact@1
secure,replay_exact,1.0,1002,0006_0000,182,18.2,11,5,3,11,5,3,3480.369,5,1471.125,8,334,0,0,0,0,0,0,0,0,0,0,0,0,0,0,0,9,5,9,5,0,0,9.0,4,0,617.468,4,1489.192929,391.536939,0,625.2440000000001,4,174.50199999999987,0,1,1,3,0,0,2f6bbdce4b02507b,replay_exact@1
secure,replay_exact,1.0,1003,0006_0000,182,18.2,11,5,3,11,5,3,3471.185999999999,5,1472.6319999999996,8,312,8,0,0,0,8,0,8,0,0,0,0,0,1,0,0,8,4,8,4,0,0,8.0,4,0,608.005,4,1485.280122,387.63805600000006,0,614.5539999999994,4,163.56879999999995,0,0,1,3,0,0,a44cef2b715fb098,replay_exact@1
secure,replay_exact,1.0,1004,0006_0000,182,18.2,11,5,3,11,5,3,3530.3579999999997,5,1495.1499999999996,8,261,27,0,0,0,27,0,27,0,0,0,0,0,3,0,0,8,4,8,4,1,1,9.0,4,0,644.702,4,1500.4105940000002,402.75730300000004,0,651.2080000000002,4,173.7559499999997,0,1,1,3,0,0,4ebbe50411a240ba,replay_exact@1
secure,replay_exact,1.0,1005,0006_0000,182,18.2,11,5,3,11,5,3,3476.5699999999993,5,1480.254,8,321,5,0,0,0,5,0,5,0,0,0,0,0,1,0,0,9,5,9,5,0,0,9.0,4,0,604.503,4,1483.8494910000002,386.19519,0,612.3159999999993,4,160.31904999999966,0,0,1,4,0,0,e6cfd4644d9e51a5,replay_exact@1
secure,replay_exact,1.0,1001,0012_0000,78,7.8,2,0,0,2,0,0,0.0,0,,0,94,4,0,0,0,4,0,4,0,0,0,0,0,1,0,0,0,0,0,0,0,0,0.0,0,0,0.0,0,532.74,62.4,0,0.0,0,,0,0,0,0,0,0,4339f6a8fe363dc2,replay_exact@1
secure,replay_exact,1.0,1002,0012_0000,78,7.8,2,0,0,2,0,0,0.0,0,,0,90,7,0,0,0,7,0,7,0,0,0,0,0,1,0,0,0,0,0,0,0,0,0.0,0,0,0.0,0,532.74,62.4,0,0.0,0,,0,0,0,0,0,0,6a1d24d44b6f0b31,replay_exact@1
secure,replay_exact,1.0,1003,0012_0000,78,7.8,2,0,0,2,0,0,0.0,0,,0,97,0,0,0,0,0,0,0,0,0,0,0,0,0,0,0,0,0,0,0,0,0,0.0,0,0,0.0,0,532.74,62.4,0,0.0,0,,0,0,0,0,0,0,ffedb1a1eb6592f1,replay_exact@1
secure,replay_exact,1.0,1004,0012_0000,78,7.8,2,0,0,2,0,0,0.0,0,,0,97,0,0,0,0,0,0,0,0,0,0,0,0,0,0,0,0,0,0,0,0,0,0.0,0,0,0.0,0,532.74,62.4,0,0.0,0,,0,0,0,0,0,0,16849175305a05be,replay_exact@1
secure,replay_exact,1.0,1005,0012_0000,78,7.8,2,0,0,2,0,0,0.0,0,,0,97,0,0,0,0,0,0,0,0,0,0,0,0,0,0,0,0,0,0,0,0,0,0.0,0,0,0.0,0,532.74,62.4,0,0.0,0,,0,0,0,0,0,0,3e751dac02b4accb,replay_exact@1
secure,replay_exact,1.0,1001,0015_0090,286,28.6,10,3,3,8,3,3,2288.112,3,762.704,3,562,30,0,0,0,30,0,30,0,0,0,0,0,3,0,0,5,4,5,4,0,0,5.0,1,0,160.237,1,2016.871705,292.207651,0,161.70399999999995,1,161.70399999999995,0,0,1,2,1,0,30d8f66c41bfa127,replay_exact@1
secure,replay_exact,1.0,1002,0015_0090,286,28.6,10,3,3,8,3,3,2278.125,3,759.375,3,570,29,0,0,0,29,0,29,0,0,0,0,0,3,0,0,5,4,5,4,0,0,5.0,1,0,156.764,1,2015.442276,290.776673,0,158.375,1,158.375,0,0,1,2,1,0,7d7c810878c00b89,replay_exact@1
secure,replay_exact,1.0,1003,0015_0090,286,28.6,10,3,3,8,3,3,2295.477,3,765.159,3,589,24,0,0,0,24,0,24,0,0,0,0,0,3,0,0,5,4,5,4,0,0,5.0,1,0,162.401,1,2017.769653,293.099312,0,164.159,1,164.159,0,0,1,2,1,0,0fd70ae3a254ae1e,replay_exact@1
secure,replay_exact,1.0,1004,0015_0090,286,28.6,10,3,3,8,3,3,2341.1549999999997,3,780.385,3,511,40,0,0,0,40,0,40,0,0,0,0,0,4,0,0,5,4,5,4,0,0,5.0,1,0,177.774,1,2024.0985230000001,299.43303299999997,0,179.385,1,179.385,0,0,1,2,1,0,298ad83b55b75263,replay_exact@1
secure,replay_exact,1.0,1005,0015_0090,286,28.6,10,3,3,8,3,3,2244.234,3,748.078,3,603,21,0,0,0,21,0,21,0,0,0,0,0,3,0,0,5,4,5,4,0,0,5.0,1,0,145.439,1,2010.778601,286.110836,0,147.07799999999997,1,147.07799999999997,0,0,1,2,1,0,55ddba5b7a3a069e,replay_exact@1
secure,replay_exact,1.0,1001,0016_0000,209,20.9,16,0,0,14,0,0,0.0,0,,0,1503,25,0,0,0,25,0,25,0,0,0,0,0,2,0,0,2,2,2,2,0,0,2.0,0,0,0.0,0,1427.498,167.2,0,0.0,0,,0,0,1,0,1,0,c7da76cc2ec50fb4,replay_exact@1
secure,replay_exact,1.0,1002,0016_0000,209,20.9,16,0,0,14,0,0,0.0,0,,0,1492,15,0,0,0,15,0,15,0,0,0,0,0,1,0,0,2,2,2,2,0,0,2.0,0,0,0.0,0,1427.498,167.2,0,0.0,0,,0,0,1,0,1,0,24e5634a3354c0e2,replay_exact@1
secure,replay_exact,1.0,1003,0016_0000,209,20.9,16,0,0,14,0,0,0.0,0,,0,1498,19,0,0,0,19,0,19,0,0,0,0,0,2,0,0,2,2,2,2,0,0,2.0,0,0,0.0,0,1427.498,167.2,0,0.0,0,,0,0,1,0,1,0,f07a2c387660f652,replay_exact@1
secure,replay_exact,1.0,1004,0016_0000,209,20.9,16,0,0,14,0,0,0.0,0,,0,1652,0,0,0,0,0,0,0,0,0,0,0,0,0,0,0,2,2,2,2,0,0,2.0,0,0,0.0,0,1427.498,167.2,0,0.0,0,,0,0,1,0,1,0,2e17f4d03647c368,replay_exact@1
secure,replay_exact,1.0,1005,0016_0000,209,20.9,16,0,0,14,0,0,0.0,0,,0,1477,24,0,0,0,24,0,24,0,0,0,0,0,2,0,0,2,2,2,2,0,0,2.0,0,0,0.0,0,1427.498,167.2,0,0.0,0,,0,0,1,0,1,0,8cf4f5298e4f701f,replay_exact@1
secure,replay_exact,1.0,1001,0017_0000,145,14.5,9,0,0,9,0,0,0.0,0,,0,718,0,0,0,0,0,0,0,0,0,0,0,0,0,0,0,7,7,7,7,0,0,7.0,0,0,0.0,0,990.448,116.0,0,0.0,0,,0,0,0,5,2,0,0251344e031a78b6,replay_exact@1
secure,replay_exact,1.0,1002,0017_0000,145,14.5,9,0,0,9,0,0,0.0,0,,0,664,11,0,0,0,11,0,11,0,0,0,0,0,1,0,0,7,7,7,7,0,0,7.0,0,0,0.0,0,990.448,116.0,0,0.0,0,,0,0,0,5,2,0,83223c7b404ceb6d,replay_exact@1
secure,replay_exact,1.0,1003,0017_0000,145,14.5,9,0,0,9,0,0,0.0,0,,0,718,0,0,0,0,0,0,0,0,0,0,0,0,0,0,0,7,7,7,7,0,0,7.0,0,0,0.0,0,990.448,116.0,0,0.0,0,,0,0,0,5,2,0,c0d46b2c21b0e081,replay_exact@1
secure,replay_exact,1.0,1004,0017_0000,145,14.5,9,0,0,9,0,0,0.0,0,,0,718,0,0,0,0,0,0,0,0,0,0,0,0,0,0,0,7,7,7,7,0,0,7.0,0,0,0.0,0,990.448,116.0,0,0.0,0,,0,0,0,5,2,0,aeb4d82f09e74b56,replay_exact@1
secure,replay_exact,1.0,1005,0017_0000,145,14.5,9,0,0,9,0,0,0.0,0,,0,718,0,0,0,0,0,0,0,0,0,0,0,0,0,0,0,7,7,7,7,0,0,7.0,0,0,0.0,0,990.448,116.0,0,0.0,0,,0,0,0,5,2,0,5da7027df419fceb,replay_exact@1
secure,replay_exact,1.0,1001,0019_0618,89,8.9,11,6,6,9,6,6,5303.2919999999995,6,883.882,6,592,0,0,0,0,0,0,0,0,0,0,0,0,0,0,0,5,4,5,4,0,0,5.0,1,1,281.414,1,720.2067440000001,183.45269000000002,0,282.88199999999995,1,282.88199999999995,0,0,1,2,1,0,0e476c0671ce3bb0,replay_exact@1
secure,replay_exact,1.0,1002,0019_0618,89,8.9,11,6,6,9,6,6,5285.0160000000005,6,880.836,6,592,0,0,0,0,0,0,0,0,0,0,0,0,0,0,0,5,4,5,4,0,0,5.0,1,1,278.224,1,718.8938860000002,182.138283,0,279.836,1,279.836,0,0,1,2,1,0,4e7eec74d37bcb6b,replay_exact@1
secure,replay_exact,1.0,1003,0019_0618,89,8.9,11,6,6,9,6,6,5327.16,6,887.86,6,592,0,0,0,0,0,0,0,0,0,0,0,0,0,0,0,5,4,5,4,0,0,5.0,1,1,285.103,1,721.7327210000001,184.97238,0,286.86,1,286.86,0,0,1,2,1,0,386d45cfb674b61d,replay_exact@1
secure,replay_exact,1.0,1004,0019_0618,89,8.9,11,6,6,9,6,6,5433.492,6,905.582,6,592,0,0,0,0,0,0,0,0,0,0,0,0,0,0,0,5,4,5,4,0,0,5.0,1,1,302.971,1,729.0895250000002,192.33403499999997,0,304.582,1,304.582,0,0,1,2,1,0,46846e82cc332fe2,replay_exact@1
secure,replay_exact,1.0,1005,0019_0618,89,8.9,11,6,6,9,6,6,5137.3679999999995,6,856.228,6,592,0,0,0,0,0,0,0,0,0,0,0,0,0,0,0,5,4,5,4,0,0,5.0,1,1,253.589,1,708.7464420000001,171.988677,0,255.22799999999995,1,255.22799999999995,0,0,1,2,1,0,c75f0be6d167b08e,replay_exact@1
secure,replay_exact,1.0,1001,0019_1003,50,5.0,2,0,0,2,0,0,0.0,0,,0,97,0,0,0,0,0,0,0,0,0,0,0,0,0,0,0,4,4,4,4,0,0,4.0,0,0,0.0,0,341.556,40.0,0,0.0,0,,0,0,2,1,1,0,771376cf50a927f6,replay_exact@1
secure,replay_exact,1.0,1002,0019_1003,50,5.0,2,0,0,2,0,0,0.0,0,,0,97,0,0,0,0,0,0,0,0,0,0,0,0,0,0,0,4,4,4,4,0,0,4.0,0,0,0.0,0,341.556,40.0,0,0.0,0,,0,0,2,1,1,0,3fd963df08d30916,replay_exact@1
secure,replay_exact,1.0,1003,0019_1003,50,5.0,2,0,0,2,0,0,0.0,0,,0,97,0,0,0,0,0,0,0,0,0,0,0,0,0,0,0,4,4,4,4,0,0,4.0,0,0,0.0,0,341.556,40.0,0,0.0,0,,0,0,2,1,1,0,c2f7b1452c7aef6e,replay_exact@1
secure,replay_exact,1.0,1004,0019_1003,50,5.0,2,0,0,2,0,0,0.0,0,,0,97,0,0,0,0,0,0,0,0,0,0,0,0,0,0,0,4,4,4,4,0,0,4.0,0,0,0.0,0,341.556,40.0,0,0.0,0,,0,0,2,1,1,0,c66c8fd667f7f17c,replay_exact@1
secure,replay_exact,1.0,1005,0019_1003,50,5.0,2,0,0,2,0,0,0.0,0,,0,90,5,0,0,0,5,0,5,0,0,0,0,0,1,0,0,4,4,4,4,0,0,4.0,0,0,0.0,0,341.556,40.0,0,0.0,0,,0,0,2,1,1,0,3a3903e6e7baf98e,replay_exact@1
secure,replay_perturbed,1.0,1001,0006_0000,182,18.2,11,5,3,11,5,3,3491.0570000000007,5,1479.1450000000004,8,252,36,0,0,0,36,0,0,0,36,0,13,0,3,0,0,9,5,9,5,6,6,15.0,4,0,621.331,4,1490.859305,393.128442,0,627.9120000000005,4,159.45910000000003,0,5,2,4,0,0,20b2f931261ca1b1,replay_perturbed@1
secure,replay_perturbed,1.0,1002,0006_0000,182,18.2,11,5,2,11,5,2,6555.071000000001,5,2911.1249999999995,7,234,35,0,0,0,35,0,0,0,35,0,12,0,3,0,0,7,4,7,4,1,1,8.0,3,0,444.082,3,1419.437841,321.81175,0,449.82100000000037,3,167.3672000000003,0,2,1,2,0,0,717f1e88d77a2f1d,replay_perturbed@1
secure,replay_perturbed,1.0,1003,0006_0000,182,18.2,11,5,3,11,5,3,3471.185999999999,5,1472.6319999999996,8,334,0,0,0,0,0,0,0,0,0,0,0,0,0,0,0,9,5,9,5,0,0,9.0,4,0,608.005,4,1485.294122,387.63805600000006,0,614.5539999999994,4,163.56879999999995,0,1,1,3,0,0,fc0264e6d73d79f8,replay_perturbed@1
secure,replay_perturbed,1.0,1004,0006_0000,182,18.2,11,5,3,11,5,3,3530.3579999999997,5,1495.1499999999996,8,334,0,0,0,0,0,0,0,0,0,0,0,0,0,0,0,9,5,9,5,0,0,9.0,4,0,644.702,4,1500.4105940000002,402.75730300000004,0,651.2080000000002,4,173.7559499999997,0,1,1,3,0,0,4f0ccc07090eee2e,replay_perturbed@1
secure,replay_perturbed,1.0,1005,0006_0000,182,18.2,11,5,3,11,5,3,3476.5699999999993,5,1480.254,8,312,14,0,0,0,14,0,0,0,14,0,14,0,1,0,0,9,5,9,5,1,1,10.0,4,0,604.503,4,1483.8634909999998,386.19519,0,612.3159999999993,4,160.31904999999966,0,2,1,3,0,0,4187fa9de8772f9a,replay_perturbed@1
secure,replay_perturbed,1.0,1001,0012_0000,78,7.8,2,0,0,2,0,0,0.0,0,,0,97,0,0,0,0,0,0,0,0,0,0,0,0,0,0,0,0,0,0,0,0,0,0.0,0,0,0.0,0,532.74,62.4,0,0.0,0,,0,0,0,0,0,0,f3b97e8be3d8d5ac,replay_perturbed@1
secure,replay_perturbed,1.0,1002,0012_0000,78,7.8,2,0,0,2,0,0,0.0,0,,0,97,0,0,0,0,0,0,0,0,0,0,0,0,0,0,0,0,0,0,0,0,0,0.0,0,0,0.0,0,532.74,62.4,0,0.0,0,,0,0,0,0,0,0,55db81cbf73a7de7,replay_perturbed@1
secure,replay_perturbed,1.0,1003,0012_0000,78,7.8,2,0,0,2,0,0,0.0,0,,0,76,21,0,0,0,21,0,0,0,21,0,6,0,2,0,0,0,0,0,0,1,1,1.0,0,0,0.0,0,532.754,62.4,0,0.0,0,,0,0,0,0,1,0,5a5d12698b74644d,replay_perturbed@1
secure,replay_perturbed,1.0,1004,0012_0000,78,7.8,2,0,0,2,0,0,0.0,0,,0,97,0,0,0,0,0,0,0,0,0,0,0,0,0,0,0,0,0,0,0,0,0,0.0,0,0,0.0,0,532.74,62.4,0,0.0,0,,0,0,0,0,0,0,565068aef7b8d7ab,replay_perturbed@1
secure,replay_perturbed,1.0,1005,0012_0000,78,7.8,2,0,0,2,0,0,0.0,0,,0,97,0,0,0,0,0,0,0,0,0,0,0,0,0,0,0,0,0,0,0,0,0,0.0,0,0,0.0,0,532.74,62.4,0,0.0,0,,0,0,0,0,0,0,6cf7630dcec14cd0,replay_perturbed@1
secure,replay_perturbed,1.0,1001,0015_0090,286,28.6,10,3,3,8,3,3,2288.112,3,762.704,3,612,8,1,0,0,8,1,0,0,8,1,8,1,1,1,1,5,4,5,4,1,0,6.0,2,0,320.869,2,2080.4691230000003,355.77803800000004,0,161.70399999999995,1,161.70399999999995,0,0,1,2,1,0,f19a6059f8c16939,replay_perturbed@1
secure,replay_perturbed,1.0,1002,0015_0090,286,28.6,10,3,3,8,3,3,2278.125,3,759.375,3,561,40,0,0,0,40,0,0,0,40,0,12,0,4,0,0,5,4,5,4,3,3,8.0,1,0,156.764,1,2015.4842760000001,290.776673,0,158.375,1,158.375,0,2,1,2,2,0,4887159cd1fab4a4,replay_perturbed@1
secure,replay_perturbed,1.0,1003,0015_0090,286,28.6,10,3,3,8,3,3,2295.477,3,765.159,3,568,21,0,0,0,21,0,0,0,21,0,0,0,2,0,0,5,4,5,4,1,1,6.0,1,0,162.401,1,2017.783653,293.099312,0,164.159,1,164.159,0,1,1,2,1,0,804b7da262845e05,replay_perturbed@1
secure,replay_perturbed,1.0,1004,0015_0090,286,28.6,10,3,3,8,3,3,2341.1549999999997,3,780.385,3,593,13,0,0,0,13,0,0,0,13,0,0,0,1,0,0,5,4,5,4,3,3,8.0,1,0,177.774,1,2024.140523,299.43303299999997,0,179.385,1,179.385,0,3,1,2,1,0,9c38cce632f267ba,replay_perturbed@1
secure,replay_perturbed,1.0,1005,0015_0090,286,28.6,10,3,3,8,3,3,2244.234,3,748.078,3,618,0,0,0,0,0,0,0,0,0,0,0,0,0,0,0,5,4,5,4,0,0,5.0,1,0,145.439,1,2010.778601,286.110836,0,147.07799999999997,1,147.07799999999997,0,0,1,2,1,0,9b353db7ff07c04d,replay_perturbed@1
secure,replay_perturbed,1.0,1001,0016_0000,209,20.9,16,0,0,14,0,0,0.0,0,,0,1225,44,0,0,0,44,0,0,0,44,0,3,0,5,0,0,2,2,2,2,0,0,2.0,0,0,0.0,0,1427.498,167.2,0,0.0,0,,0,0,1,0,1,0,b6ea8ad9b76828d0,replay_perturbed@1
secure,replay_perturbed,1.0,1002,0016_0000,209,20.9,16,0,0,14,0,0,0.0,0,,0,1563,15,0,0,0,15,0,0,0,15,0,8,0,2,0,0,2,2,2,2,0,0,2.0,0,0,0.0,0,1427.498,167.2,0,0.0,0,,0,0,1,0,1,0,cca83cde60a3f6af,replay_perturbed@1
secure,replay_perturbed,1.0,1003,0016_0000,209,20.9,16,0,0,14,0,0,0.0,0,,0,1635,7,0,0,0,7,0,0,0,7,0,7,0,1,0,0,2,2,2,2,0,0,2.0,0,0,0.0,0,1427.498,167.2,0,0.0,0,,0,0,1,0,1,0,2e7a3d10ed1364fa,replay_perturbed@1
secure,replay_perturbed,1.0,1004,0016_0000,209,20.9,16,0,0,14,0,0,0.0,0,,0,1652,0,0,0,0,0,0,0,0,0,0,0,0,0,0,0,2,2,2,2,0,0,2.0,0,0,0.0,0,1427.498,167.2,0,0.0,0,,0,0,1,0,1,0,7876abd7cb1a23d8,replay_perturbed@1
secure,replay_perturbed,1.0,1005,0016_0000,209,20.9,16,0,0,14,0,0,0.0,0,,0,1587,8,0,0,0,8,0,0,0,8,0,0,0,1,0,0,2,2,2,2,0,0,2.0,0,0,0.0,0,1427.498,167.2,0,0.0,0,,0,0,1,0,1,0,c2f2d6c617113862,replay_perturbed@1
secure,replay_perturbed,1.0,1001,0017_0000,145,14.5,9,0,0,9,0,0,0.0,0,,0,697,8,0,0,0,8,0,0,0,8,0,0,0,1,0,0,7,7,7,7,1,1,8.0,0,0,0.0,0,990.462,116.0,0,0.0,0,,0,1,0,5,2,0,ed4d5eee95d3a340,replay_perturbed@1
secure,replay_perturbed,1.0,1002,0017_0000,145,14.5,9,0,0,9,0,0,0.0,0,,0,637,22,0,0,0,22,0,0,0,22,0,22,0,2,0,0,7,7,7,7,1,1,8.0,0,0,0.0,0,990.462,116.0,0,0.0,0,,0,1,0,5,2,0,cc3aa6d93eee9389,replay_perturbed@1
secure,replay_perturbed,1.0,1003,0017_0000,145,14.5,9,0,0,9,0,0,0.0,0,,0,662,14,0,0,0,14,0,0,0,14,0,14,0,1,0,0,7,7,7,7,1,1,8.0,0,0,0.0,0,990.462,116.0,0,0.0,0,,0,1,0,5,2,0,f65b05705b418ef9,replay_perturbed@1
secure,replay_perturbed,1.0,1004,0017_0000,145,14.5,9,0,0,9,0,0,0.0,0,,0,658,15,0,0,0,15,0,0,0,15,0,0,0,1,0,0,7,7,7,7,2,2,9.0,0,0,0.0,0,990.476,116.0,0,0.0,0,,0,2,0,5,2,0,e635cf30d8ced3f3,replay_perturbed@1
secure,replay_perturbed,1.0,1005,0017_0000,145,14.5,9,0,0,9,0,0,0.0,0,,0,673,12,0,0,0,12,0,0,0,12,0,0,0,1,0,0,7,7,7,7,1,1,8.0,0,0,0.0,0,990.462,116.0,0,0.0,0,,0,1,0,5,2,0,c7d12a9739f1e299,replay_perturbed@1
secure,replay_perturbed,1.0,1001,0019_0618,89,8.9,11,6,6,9,6,6,5303.2919999999995,6,883.882,6,592,0,0,0,0,0,0,0,0,0,0,0,0,0,0,0,5,4,5,4,0,0,5.0,1,1,281.414,1,720.2067440000001,183.45269000000002,0,282.88199999999995,1,282.88199999999995,0,0,1,2,1,0,29662256d606a0eb,replay_perturbed@1
secure,replay_perturbed,1.0,1002,0019_0618,89,8.9,11,6,6,9,6,6,5285.0160000000005,6,880.836,6,565,6,0,0,0,6,0,0,0,6,0,6,0,1,0,0,5,4,5,4,0,0,5.0,1,1,278.224,1,718.8938860000002,182.138283,0,279.836,1,279.836,0,0,1,2,1,0,ca5d2252042076fc,replay_perturbed@1
secure,replay_perturbed,1.0,1003,0019_0618,89,8.9,11,6,6,9,6,6,5327.16,6,887.86,6,532,9,0,0,0,9,0,0,0,9,0,9,0,1,0,0,5,4,5,4,0,0,5.0,1,1,285.103,1,721.7327210000001,184.97238,0,286.86,1,286.86,0,0,1,2,1,0,319bad1d0600b056,replay_perturbed@1
secure,replay_perturbed,1.0,1004,0019_0618,89,8.9,11,6,6,9,6,6,5433.492,6,905.582,6,536,11,0,0,0,11,0,0,0,11,0,11,0,1,0,0,5,4,5,4,0,0,5.0,1,1,302.971,1,729.0895250000002,192.33403499999997,0,304.582,1,304.582,0,0,1,2,1,0,3f13549819d903ce,replay_perturbed@1
secure,replay_perturbed,1.0,1005,0019_0618,89,8.9,11,6,6,9,6,6,5137.3679999999995,6,856.228,6,477,22,0,0,0,22,0,0,0,22,0,12,0,3,0,0,5,4,5,4,0,0,5.0,1,1,253.589,1,708.7464420000001,171.988677,0,255.22799999999995,1,255.22799999999995,0,0,1,2,1,0,3160755ebdd9791a,replay_perturbed@1
secure,replay_perturbed,1.0,1001,0019_1003,50,5.0,2,0,0,2,0,0,0.0,0,,0,97,0,0,0,0,0,0,0,0,0,0,0,0,0,0,0,4,4,4,4,0,0,4.0,0,0,0.0,0,341.556,40.0,0,0.0,0,,0,0,2,1,1,0,1ab3591ba829a90d,replay_perturbed@1
secure,replay_perturbed,1.0,1002,0019_1003,50,5.0,2,0,0,2,0,0,0.0,0,,0,97,0,0,0,0,0,0,0,0,0,0,0,0,0,0,0,4,4,4,4,0,0,4.0,0,0,0.0,0,341.556,40.0,0,0.0,0,,0,0,2,1,1,0,fd77daf1d1e3c2cd,replay_perturbed@1
secure,replay_perturbed,1.0,1003,0019_1003,50,5.0,2,0,0,2,0,0,0.0,0,,0,97,0,0,0,0,0,0,0,0,0,0,0,0,0,0,0,4,4,4,4,0,0,4.0,0,0,0.0,0,341.556,40.0,0,0.0,0,,0,0,2,1,1,0,208eb8461ff349d2,replay_perturbed@1
secure,replay_perturbed,1.0,1004,0019_1003,50,5.0,2,0,0,2,0,0,0.0,0,,0,97,0,0,0,0,0,0,0,0,0,0,0,0,0,0,0,4,4,4,4,0,0,4.0,0,0,0.0,0,341.556,40.0,0,0.0,0,,0,0,2,1,1,0,bc3e752dea4f8210,replay_perturbed@1
secure,replay_perturbed,1.0,1005,0019_1003,50,5.0,2,0,0,2,0,0,0.0,0,,0,83,7,0,0,0,7,0,0,0,7,0,0,0,1,0,0,4,4,4,4,2,2,6.0,0,0,0.0,0,341.584,40.0,0,0.0,0,,0,0,2,3,1,0,05c70124e19117ce,replay_perturbed@1
secure,mixed,1.0,1001,0006_0000,182,18.2,11,5,2,11,5,2,6593.604000000001,5,2919.145,7,307,16,0,0,0,16,0,7,0,9,0,0,0,2,0,0,7,4,7,4,0,0,7.0,3,0,467.352,3,1429.0044149999999,331.399112,0,472.3140000000005,3,159.53640000000001,0,0,1,3,0,0,b169a0740f3d285b,mixed@1
secure,mixed,1.0,1002,0006_0000,182,18.2,11,5,3,11,5,3,3480.369,5,1471.125,8,334,4,1,3,0,1,1,0,0,1,1,1,1,2,1,0,9,5,9,5,1,0,10.0,4,0,715.323,5,1528.731562,431.04293,0,625.2440000000001,4,174.50199999999987,0,1,1,3,0,0,5bcc26f9d68f280f,mixed@1
secure,mixed,1.0,1003,0006_0000,182,18.2,11,5,3,11,5,3,3471.185999999999,5,1472.6319999999996,8,331,9,0,3,0,6,0,6,0,0,0,0,0,2,0,0,9,5,9,5,1,1,10.0,4,0,608.005,4,1485.3081220000001,387.63805600000006,0,614.5539999999994,4,163.56879999999995,0,2,1,3,0,0,6bbf0b5883c488bf,mixed@1
secure,mixed,1.0,1004,0006_0000,182,18.2,11,4,2,11,4,2,2971.199000000001,4,1421.832,5,276,33,0,3,0,30,0,21,0,9,0,9,0,4,0,0,11,8,11,8,0,0,11.0,3,0,480.852,3,1435.179855,337.500911,0,486.36700000000076,3,179.30660000000034,0,0,1,7,0,0,f75ea1d08e9029f8,mixed@1
secure,mixed,1.0,1005,0006_0000,182,18.2,11,5,3,11,5,3,3476.5699999999993,5,1480.254,8,334,3,1,3,1,0,0,0,0,0,0,0,0,2,1,0,9,5,9,5,1,0,10.0,5,1,846.821,5,1582.192191,484.500217,0,612.3159999999993,4,160.31904999999966,0,1,1,3,0,0,80d1d47ac3aeef2c,mixed@1
secure,mixed,1.0,1001,0012_0000,78,7.8,2,0,0,2,0,0,0.0,0,,0,97,0,0,0,0,0,0,0,0,0,0,0,0,0,0,0,0,0,0,0,0,0,0.0,0,0,0.0,0,532.74,62.4,0,0.0,0,,0,0,0,0,0,0,6e84710197ee493b,mixed@1
secure,mixed,1.0,1002,0012_0000,78,7.8,2,0,0,2,0,0,0.0,0,,0,97,1,0,1,0,0,0,0,0,0,0,0,0,1,0,0,0,0,0,0,0,0,0.0,0,0,0.0,0,532.74,62.4,0,0.0,0,,0,0,0,0,0,0,71271a620fca1bc9,mixed@1
secure,mixed,1.0,1003,0012_0000,78,7.8,2,0,0,2,0,0,0.0,0,,0,97,1,0,1,0,0,0,0,0,0,0,0,0,1,0,0,0,0,0,0,1,1,1.0,0,0,0.0,0,532.754,62.4,0,0.0,0,,0,0,0,0,1,0,17a13f61071d5152,mixed@1
secure,mixed,1.0,1004,0012_0000,78,7.8,2,0,0,2,0,0,0.0,0,,0,97,0,0,0,0,0,0,0,0,0,0,0,0,0,0,0,0,0,0,0,0,0,0.0,0,0,0.0,0,532.74,62.4,0,0.0,0,,0,0,0,0,0,0,c4adceabf81cc8a1,mixed@1
secure,mixed,1.0,1005,0012_0000,78,7.8,2,0,0,2,0,0,0.0,0,,0,97,1,0,1,0,0,0,0,0,0,0,0,0,1,0,0,0,0,0,0,0,0,0.0,0,0,0.0,0,532.74,62.4,0,0.0,0,,0,0,0,0,0,0,d6ccadd9c01df587,mixed@1
secure,mixed,1.0,1001,0015_0090,286,28.6,10,3,3,8,3,3,2288.112,3,762.704,3,618,6,0,6,0,0,0,0,0,0,0,0,0,3,0,0,5,4,5,4,1,1,6.0,1,0,160.237,1,2016.8857050000001,292.207651,0,161.70399999999995,1,161.70399999999995,0,0,1,3,1,0,564ecbf45bc3a3d0,mixed@1
secure,mixed,1.0,1002,0015_0090,286,28.6,10,3,3,8,3,3,2278.125,3,759.375,3,588,22,0,4,0,18,0,18,0,0,0,0,0,5,0,0,5,4,5,4,1,1,6.0,1,0,156.764,1,2015.4562760000001,290.776673,0,158.375,1,158.375,0,0,1,2,2,0,f783b34891eb242b,mixed@1
secure,mixed,1.0,1003,0015_0090,286,28.6,10,3,3,8,3,3,2295.477,3,765.159,3,618,10,0,3,0,7,0,7,0,0,0,0,0,2,0,0,5,4,5,4,0,0,5.0,1,0,162.401,1,2017.769653,293.099312,0,164.159,1,164.159,0,0,1,2,1,0,a7620e157457f27b,mixed@1
secure,mixed,1.0,1004,0015_0090,286,28.6,10,3,3,8,3,3,2341.1549999999997,3,780.385,3,618,5,0,5,0,0,0,0,0,0,0,0,0,2,0,0,5,4,5,4,2,2,7.0,1,0,177.774,1,2024.126523,299.43303299999997,0,179.385,1,179.385,0,0,1,2,3,0,885685bcb423c15c,mixed@1
secure,mixed,1.0,1005,0015_0090,286,28.6,10,3,3,8,3,3,2244.234,3,748.078,3,598,30,0,14,0,16,0,0,0,16,0,0,0,8,0,0,5,4,5,4,1,1,6.0,1,0,145.439,1,2010.792601,286.110836,0,147.07799999999997,1,147.07799999999997,0,1,1,2,1,0,75d88bafad8797b2,mixed@1
secure,mixed,1.0,1001,0016_0000,209,20.9,16,5,5,14,5,5,4359.17,5,871.834,5,1652,15,0,15,0,0,0,0,0,0,0,0,0,7,0,0,2,1,2,1,2,2,4.0,1,0,169.374,1,1494.1706559999998,233.831913,0,170.83399999999995,1,170.83399999999995,0,0,1,1,1,0,6079eda7efdcb82f,mixed@1
secure,mixed,1.0,1002,0016_0000,209,20.9,16,0,0,14,0,0,0.0,0,,0,1652,5,0,5,0,0,0,0,0,0,0,0,0,2,0,0,2,2,2,2,0,0,2.0,0,0,0.0,0,1427.498,167.2,0,0.0,0,,0,0,1,0,1,0,a8b09cc86b8455c8,mixed@1
secure,mixed,1.0,1003,0016_0000,209,20.9,16,0,0,14,0,0,0.0,0,,0,1652,5,0,5,0,0,0,0,0,0,0,0,0,2,0,0,2,2,2,2,0,0,2.0,0,0,0.0,0,1427.498,167.2,0,0.0,0,,0,0,1,0,1,0,ef072e14ce18e75f,mixed@1
secure,mixed,1.0,1004,0016_0000,209,20.9,16,0,0,14,0,0,0.0,0,,0,1652,6,0,6,0,0,0,0,0,0,0,0,0,4,0,0,2,2,2,2,0,0,2.0,0,0,0.0,0,1427.498,167.2,0,0.0,0,,0,0,1,0,1,0,6dd7619111047948,mixed@1
secure,mixed,1.0,1005,0016_0000,209,20.9,16,0,0,14,0,0,0.0,0,,0,1652,0,0,0,0,0,0,0,0,0,0,0,0,0,0,0,2,2,2,2,0,0,2.0,0,0,0.0,0,1427.498,167.2,0,0.0,0,,0,0,1,0,1,0,619b70ed54cc2d76,mixed@1
secure,mixed,1.0,1001,0017_0000,145,14.5,9,0,0,9,0,0,0.0,0,,0,718,0,0,0,0,0,0,0,0,0,0,0,0,0,0,0,7,7,7,7,0,0,7.0,0,0,0.0,0,990.448,116.0,0,0.0,0,,0,0,0,5,2,0,8643fd11a891f601,mixed@1
secure,mixed,1.0,1002,0017_0000,145,14.5,9,0,0,9,0,0,0.0,0,,0,718,3,0,3,0,0,0,0,0,0,0,0,0,2,0,0,7,7,7,7,1,1,8.0,0,0,0.0,0,990.462,116.0,0,0.0,0,,0,1,0,5,2,0,a063ca3dbc0ae27c,mixed@1
secure,mixed,1.0,1003,0017_0000,145,14.5,9,4,0,9,4,0,43445.516,4,10861.379,4,718,6,0,6,0,0,0,0,0,0,0,0,0,2,0,0,8,7,8,7,0,0,8.0,1,0,158.705,1,1053.434329,178.95653000000001,0,160.37900000000081,1,160.37900000000081,0,0,0,5,2,0,a3cf100c11c1294f,mixed@1
secure,mixed,1.0,1004,0017_0000,145,14.5,9,3,0,9,3,0,37412.385,3,12470.795,5,682,14,0,2,0,12,0,12,0,0,0,0,0,2,0,0,10,8,10,8,0,0,10.0,2,0,303.923,2,1111.775721,237.256158,0,307.04399999999987,2,168.16770000000005,0,1,0,5,2,0,6e1b4fb0d3341ce8,mixed@1
secure,mixed,1.0,1005,0017_0000,145,14.5,9,0,0,9,0,0,0.0,0,,0,718,1,0,1,0,0,0,0,0,0,0,0,0,1,0,0,7,7,7,7,0,0,7.0,0,0,0.0,0,990.448,116.0,0,0.0,0,,0,0,0,5,2,0,15202324b98612a3,mixed@1
secure,mixed,1.0,1001,0019_0618,89,8.9,11,6,6,9,6,6,5303.2919999999995,6,883.882,6,592,3,0,3,0,0,0,0,0,0,0,0,0,1,0,0,5,4,5,4,0,0,5.0,1,1,281.414,1,720.2067440000001,183.45269000000002,0,282.88199999999995,1,282.88199999999995,0,0,1,2,1,0,62a84723269db292,mixed@1
secure,mixed,1.0,1002,0019_0618,89,8.9,11,6,6,9,6,6,5285.0160000000005,6,880.836,6,592,2,0,2,0,0,0,0,0,0,0,0,0,1,0,0,5,4,5,4,0,0,5.0,1,1,278.224,1,718.8938860000002,182.138283,0,279.836,1,279.836,0,0,1,2,1,0,d102a0d8eaed0103,mixed@1
secure,mixed,1.0,1003,0019_0618,89,8.9,11,6,6,9,6,6,5327.16,6,887.86,6,592,0,0,0,0,0,0,0,0,0,0,0,0,0,0,0,5,4,5,4,0,0,5.0,1,1,285.103,1,721.7327210000001,184.97238,0,286.86,1,286.86,0,0,1,2,1,0,e192e5e0f4c61f56,mixed@1
secure,mixed,1.0,1004,0019_0618,89,8.9,11,6,6,9,6,6,5433.492,6,905.582,6,592,0,0,0,0,0,0,0,0,0,0,0,0,0,0,0,5,4,5,4,0,0,5.0,1,1,302.971,1,729.0895250000002,192.33403499999997,0,304.582,1,304.582,0,0,1,2,1,0,96b649e153dc1b74,mixed@1
secure,mixed,1.0,1005,0019_0618,89,8.9,11,6,6,9,6,6,5137.3679999999995,6,856.228,6,592,0,0,0,0,0,0,0,0,0,0,0,0,0,0,0,5,4,5,4,0,0,5.0,1,1,253.589,1,708.7464420000001,171.988677,0,255.22799999999995,1,255.22799999999995,0,0,1,2,1,0,6f8892c7518e0fb6,mixed@1
secure,mixed,1.0,1001,0019_1003,50,5.0,2,0,0,2,0,0,0.0,0,,0,97,0,0,0,0,0,0,0,0,0,0,0,0,0,0,0,4,4,4,4,0,0,4.0,0,0,0.0,0,341.556,40.0,0,0.0,0,,0,0,2,1,1,0,27eb436609c0d680,mixed@1
secure,mixed,1.0,1002,0019_1003,50,5.0,2,0,0,2,0,0,0.0,0,,0,97,1,0,1,0,0,0,0,0,0,0,0,0,1,0,0,4,4,4,4,1,1,5.0,0,0,0.0,0,341.57,40.0,0,0.0,0,,0,0,2,2,1,0,d7664da830d357c7,mixed@1
secure,mixed,1.0,1003,0019_1003,50,5.0,2,0,0,2,0,0,0.0,0,,0,97,0,0,0,0,0,0,0,0,0,0,0,0,0,0,0,4,4,4,4,0,0,4.0,0,0,0.0,0,341.556,40.0,0,0.0,0,,0,0,2,1,1,0,72741f12ff29e615,mixed@1
secure,mixed,1.0,1004,0019_1003,50,5.0,2,0,0,2,0,0,0.0,0,,0,97,1,0,1,0,0,0,0,0,0,0,0,0,1,0,0,4,4,4,4,1,1,5.0,0,0,0.0,0,341.57,40.0,0,0.0,0,,0,0,2,2,1,0,3355ba084132e67c,mixed@1
secure,mixed,1.0,1005,0019_1003,50,5.0,2,0,0,2,0,0,0.0,0,,0,97,1,0,1,0,0,0,0,0,0,0,0,0,1,0,0,4,4,4,4,0,0,4.0,0,0,0.0,0,341.556,40.0,0,0.0,0,,0,0,2,1,1,0,01c54f9addfa0541,mixed@1
ugs_event,clean,1.0,1001,0006_0000,182,18.2,11,11,10,11,11,10,9118.669999999998,11,2562.0265,43,334,0,0,0,0,0,0,0,0,0,0,0,0,0,0,0,0,0,0,0,0,0,28.0,28,14,5809.276,24,3583.8516020000006,2485.9218100000003,0,6424.159999999996,28,433.40489999999994,0,0,0,0,0,0,5c6106d82ae80fe0,clean@1
ugs_event,clean,1.0,1001,0012_0000,78,7.8,2,1,1,2,1,1,465.159,1,465.159,4,97,0,0,0,0,0,0,0,0,0,0,0,0,0,0,0,0,0,0,0,0,0,7.0,7,7,1819.652,6,1270.131983,799.676692,0,2037.293000000001,7,418.7239000000002,0,0,0,0,0,0,eba40c1cbf06dd8f,clean@1
ugs_event,clean,1.0,1001,0015_0090,286,28.6,10,10,8,8,8,7,5276.018999999999,10,1373.6220999999996,86,618,0,0,0,0,0,0,0,0,0,0,0,0,0,0,0,0,0,0,0,0,0,41.0,41,0,6306.263,32,4468.712084999999,2743.460221,0,6929.692999999995,41,212.5659999999989,0,0,0,0,0,0,97c1cfc68de6b1ec,clean@1
ugs_event,clean,1.0,1001,0016_0000,209,20.9,16,16,9,14,14,8,32248.017999999996,16,6423.46,166,1652,0,0,0,0,0,0,0,0,0,0,0,0,0,0,0,0,0,0,0,0,0,29.0,29,13,6237.945,26,3905.482739,2644.713475,0,6593.374999999992,29,308.4077999999994,0,0,0,0,0,0,f2f8cb1aab31b019,clean@1
ugs_event,clean,1.0,1001,0017_0000,145,14.5,9,9,7,9,9,7,6370.889999999999,9,1365.7413999999999,83,718,0,0,0,0,0,0,0,0,0,0,0,0,0,0,0,0,0,0,0,0,0,19.0,19,6,3591.874,19,2423.4270979999997,1548.782183,0,3616.7419999999997,19,269.75179999999943,0,0,0,0,0,0,f4c5031502f4effe,clean@1
ugs_event,clean,1.0,1001,0019_0618,89,8.9,11,11,10,9,9,8,6297.045000000001,11,1666.5825,88,592,0,0,0,0,0,0,0,0,0,0,0,0,0,0,0,0,0,0,0,0,0,17.0,17,0,2662.772,15,1656.328446,1119.392159,0,2793.5000000000014,17,216.67859999999985,0,0,0,0,0,0,a96eadace97dcfa4,clean@1
ugs_event,clean,1.0,1001,0019_1003,50,5.0,2,2,2,2,2,2,721.424,2,360.712,10,97,0,0,0,0,0,0,0,0,0,0,0,0,0,0,0,0,0,0,0,0,0,6.0,6,2,1138.482,6,798.946154,497.35439500000007,0,1145.7450000000001,6,261.7847500000001,0,0,0,0,0,0,74d05a177965ad6f,clean@1
ugs_event,spam,1.0,1001,0006_0000,182,18.2,11,11,10,11,11,10,9118.669999999998,11,2562.0265,43,334,4,2,4,2,0,0,0,0,0,0,0,0,2,1,0,0,0,0,0,0,0,30.0,30,16,6331.305,25,3796.3457470000003,2698.387663,0,6424.159999999996,28,433.40489999999994,0,0,0,0,0,0,82b6505997a02040,spam@1
ugs_event,spam,1.0,1002,0006_0000,182,18.2,11,11,10,11,11,10,9178.014,11,2556.166,43,334,11,2,11,2,0,0,0,0,0,0,0,0,4,2,0,0,0,0,0,0,0,28.0,28,14,5829.383,24,3592.121567,2494.205753,0,6024.660000000002,26,430.68025000000034,0,0,0,0,0,0,4de14b13200ad628,spam@1
ugs_event,spam,1.0,1003,0006_0000,182,18.2,11,11,10,11,11,10,6737.977000000001,11,1413.9965000000002,48,334,11,3,11,3,0,0,0,0,0,0,0,0,5,3,0,0,0,0,0,0,0,35.0,34,20,7467.768,21,4262.318090000001,3164.270227,0,7870.592999999997,31,417.36699999999996,0,0,0,0,0,0,6f83a00f1f8a4791,spam@1
ugs_event,spam,1.0,1004,0006_0000,182,18.2,11,11,9,11,11,9,9315.060999999998,11,2715.9069999999997,47,334,9,5,9,5,0,0,0,0,0,0,0,0,3,3,0,0,0,0,0,0,0,33.0,33,15,6665.217,25,3930.5372529999995,2832.5393219999996,0,6690.648999999996,28,443.0165500000001,0,0,0,0,0,0,3a3dfc629ade57b4,spam@1
ugs_event,spam,1.0,1005,0006_0000,182,18.2,11,11,8,11,11,8,10614.095999999998,11,2909.4375,42,334,7,1,7,1,0,0,0,0,0,0,0,0,3,1,0,0,0,0,0,0,0,28.0,28,13,5810.81,22,3586.6206010000005,2488.7138680000003,0,6292.293999999998,27,423.9889000000005,0,0,0,0,0,0,e65dc4ca5782a565,spam@1
ugs_event,spam,1.0,1001,0012_0000,78,7.8,2,1,1,2,1,1,465.159,1,465.159,4,97,0,0,0,0,0,0,0,0,0,0,0,0,0,0,0,0,0,0,0,0,0,7.0,7,7,1819.652,6,1270.131983,799.676692,0,2037.293000000001,7,418.7239000000002,0,0,0,0,0,0,3cfc7002706bf50a,spam@1
ugs_event,spam,1.0,1002,0012_0000,78,7.8,2,1,1,2,1,1,473.679,1,473.679,4,97,1,1,1,1,0,0,0,0,0,0,0,0,1,1,0,0,0,0,0,0,0,9.0,9,9,2395.493,6,1505.06927,1034.58297,0,2410.536,8,403.0809500000001,0,0,0,0,0,0,8c913704a0c198f8,spam@1
ugs_event,spam,1.0,1003,0012_0000,78,7.8,2,1,1,2,1,1,464.252,1,464.252,4,97,4,2,4,2,0,0,0,0,0,0,0,0,2,1,0,0,0,0,0,0,0,9.0,9,9,2398.714,6,1506.408758,1035.910022,0,2012.0320000000002,7,372.4079999999998,0,0,0,0,0,0,e16c094997ca8cb3,spam@1
ugs_event,spam,1.0,1004,0012_0000,78,7.8,2,2,1,2,2,1,4841.624,2,4174.348599999999,5,97,4,1,4,1,0,0,0,0,0,0,0,0,2,1,0,0,0,0,0,0,0,10.0,10,10,2652.056,8,1608.452193,1137.947128,0,2617.4369999999994,9,379.0849999999998,0,0,0,0,0,0,127741e727b37061,spam@1
ugs_event,spam,1.0,1005,0012_0000,78,7.8,2,2,1,2,2,1,3550.611,2,2950.85175,6,97,8,4,8,4,0,0,0,0,0,0,0,0,3,3,0,0,0,0,0,0,0,12.0,12,10,2921.45,8,1717.504332,1246.957525,0,2113.165000000001,8,380.65875,0,0,0,0,0,0,6ceae86954fa5cb6,spam@1
ugs_event,spam,1.0,1001,0015_0090,286,28.6,10,10,8,8,8,7,5276.018999999999,10,1373.6220999999996,83,618,14,5,14,5,0,0,0,0,0,0,0,0,7,4,0,0,0,0,0,0,0,42.0,42,0,6425.711,34,4515.961247,2790.692907,0,6131.641999999998,37,205.26659999999973,0,0,0,0,0,0,79018ecfee791969,spam@1
ugs_event,spam,1.0,1002,0015_0090,286,28.6,10,10,9,8,8,7,4926.1939999999995,10,1236.8896999999993,79,618,17,7,17,7,0,0,0,0,0,0,0,0,8,7,0,0,0,0,0,0,0,45.0,45,0,7053.288,37,4769.637646,3044.304526,0,6296.253999999999,38,195.66180000000023,0,0,0,0,0,0,401a85a95ad4933e,spam@1
ugs_event,spam,1.0,1003,0015_0090,286,28.6,10,10,9,8,8,7,4558.221999999998,10,1045.074449999999,84,618,11,2,11,2,0,0,0,0,0,0,0,0,5,2,0,0,0,0,0,0,0,43.0,43,0,6551.988,35,4566.305864,2841.008862,0,6816.59,41,222.8070000000007,0,0,0,0,0,0,47cb7c0839cb2937,spam@1
ugs_event,spam,1.0,1004,0015_0090,286,28.6,10,10,8,8,8,7,5342.377000000002,10,1375.2228000000005,88,618,3,2,3,2,0,0,0,0,0,0,0,0,2,2,0,0,0,0,0,0,0,43.0,43,0,6620.648,35,4594.033437,2868.757126,0,6864.115000000003,41,215.8719999999994,0,0,0,0,0,0,d4016691a0e9e98a,spam@1
ugs_event,spam,1.0,1005,0015_0090,286,28.6,10,10,8,8,8,7,5527.193000000002,10,1375.1693500000006,85,618,10,4,10,4,0,0,0,0,0,0,0,0,4,4,0,0,0,0,0,0,0,44.0,44,0,6713.077,36,4630.968107999999,2905.667613,0,6610.934000000008,40,214.38960000000057,0,0,0,0,0,0,02c16b385f8710f9,spam@1
ugs_event,spam,1.0,1001,0016_0000,209,20.9,16,16,9,14,14,8,32498.699999999997,16,6423.46,172,1652,10,2,10,2,0,0,0,0,0,0,0,0,4,2,0,0,0,0,0,0,0,30.0,30,14,6524.847,25,4022.170624,2761.386821,0,6626.646999999993,28,333.6474499999998,0,0,0,0,0,0,e1aad54a34986928,spam@1
ugs_event,spam,1.0,1002,0016_0000,209,20.9,16,16,8,14,14,7,33239.689,16,6433.36375,167,1652,10,4,10,4,0,0,0,0,0,0,0,0,5,3,0,0,0,0,0,0,0,30.0,30,14,6442.85,27,3987.4922179999994,2726.7043169999997,0,5646.004000000003,26,292.6085000000012,0,0,0,0,0,0,3f41956d65b4b8f1,spam@1
ugs_event,spam,1.0,1003,0016_0000,209,20.9,16,16,9,14,14,8,32262.494000000002,16,6441.0735,165,1652,10,0,10,0,0,0,0,0,0,0,0,0,5,0,0,0,0,0,0,0,0,29.0,29,13,6165.787,25,3876.173202,2615.434126,0,6447.278000000005,29,307.48019999999997,0,0,0,0,0,0,5f38f7db20c6e21b,spam@1
ugs_event,spam,1.0,1004,0016_0000,209,20.9,16,16,9,14,14,8,32098.239999999998,16,6392.986000000001,169,1652,17,3,17,3,0,0,0,0,0,0,0,0,8,3,0,0,0,0,0,0,0,30.0,30,13,6258.53,26,3912.5339470000004,2651.754488,0,5885.815000000005,27,329.0217000000009,0,0,0,0,0,0,5232fb1cec13b1f8,spam@1
ugs_event,spam,1.0,1005,0016_0000,209,20.9,16,16,10,14,14,8,31051.999000000003,16,6141.05325,150,1652,8,3,8,3,0,0,0,0,0,0,0,0,5,3,0,0,0,0,0,0,0,26.0,26,7,4969.242,24,3393.6814539999996,2132.987873,0,4536.103000000004,23,288.0644999999999,0,0,0,0,0,0,58225601eb09c36a,spam@1
ugs_event,spam,1.0,1001,0017_0000,145,14.5,9,9,7,9,9,7,6370.889999999999,9,1365.7413999999999,89,718,6,2,6,2,0,0,0,0,0,0,0,0,2,2,0,0,0,0,0,0,0,20.0,20,6,3746.76,19,2485.272876,1610.615275,0,3468.7230000000004,18,269.8881999999995,0,0,0,0,0,0,cde5e39057a394b0,spam@1
ugs_event,spam,1.0,1002,0017_0000,145,14.5,9,9,6,9,9,6,7015.045,9,1432.5493999999999,83,718,3,1,3,1,0,0,0,0,0,0,0,0,1,1,0,0,0,0,0,0,0,19.0,19,7,3828.549,19,2520.60587,1645.9321959999997,0,3597.223000000001,18,295.78710000000007,0,0,0,0,0,0,9b03d72476f35376,spam@1
ugs_event,spam,1.0,1003,0017_0000,145,14.5,9,9,7,9,9,7,6323.197,9,1349.4881999999998,83,718,3,0,3,0,0,0,0,0,0,0,0,0,1,0,0,0,0,0,0,0,0,19.0,19,6,3591.506,19,2423.2920499999996,1548.6303180000002,0,3617.5289999999986,19,279.14170000000047,0,0,0,0,0,0,2525257400c0ede9,spam@1
ugs_event,spam,1.0,1004,0017_0000,145,14.5,9,9,7,9,9,7,6479.4130000000005,9,1379.1695999999997,83,718,7,0,7,0,0,0,0,0,0,0,0,0,3,0,0,0,0,0,0,0,0,19.0,19,6,3720.524,19,2476.4346339999997,1601.7858740000001,0,3744.7680000000005,19,287.346,0,0,0,0,0,0,75a46b733db2e3c9,spam@1
ugs_event,spam,1.0,1005,0017_0000,145,14.5,9,9,7,9,9,7,6445.932000000001,9,1377.375,87,718,6,1,6,1,0,0,0,0,0,0,0,0,2,1,0,0,0,0,0,0,0,20.0,20,9,4150.534,20,2650.847346,1776.1598060000001,0,3905.987999999999,19,287.32419999999996,0,0,0,0,0,0,ac0f2933fe66ef84,spam@1
ugs_event,spam,1.0,1001,0019_0618,89,8.9,11,11,10,9,9,8,6297.045000000001,11,1666.5825,88,592,2,0,2,0,0,0,0,0,0,0,0,0,1,0,0,0,0,0,0,0,0,17.0,17,0,2662.772,15,1656.328446,1119.392159,0,2793.5000000000014,17,216.67859999999985,0,0,0,0,0,0,26c33874ea957d9c,spam@1
ugs_event,spam,1.0,1002,0019_0618,89,8.9,11,11,10,9,9,8,6528.401000000001,11,1809.365,108,592,7,3,7,3,0,0,0,0,0,0,0,0,4,2,0,0,0,0,0,0,0,20.0,20,0,3204.282,16,1871.507851,1334.484147,0,2927.138000000001,17,223.07500000000007,0,0,0,0,0,0,93e6d3345f3fac8b,spam@1
ugs_event,spam,1.0,1003,0019_0618,89,8.9,11,10,9,9,9,8,6006.857,10,1790.7889499999972,87,592,5,1,5,1,0,0,0,0,0,0,0,0,2,1,0,0,0,0,0,0,0,17.0,17,0,2776.833,14,1704.53076,1167.555051,0,2762.458999999998,16,224.36299999999994,0,0,0,0,0,0,1a25ae4bc32f9bb1,spam@1
ugs_event,spam,1.0,1004,0019_0618,89,8.9,11,11,10,9,9,8,5615.592,11,1271.184,89,592,10,2,10,2,0,0,0,0,0,0,0,0,5,2,0,0,0,0,0,0,0,17.0,17,0,2725.998,15,1682.033056,1145.081356,0,2557.232,15,221.62699999999995,0,0,0,0,0,0,a011c9d46db89ecd,spam@1
ugs_event,spam,1.0,1005,0019_0618,89,8.9,11,11,10,9,9,8,6295.670000000001,11,1669.9815,88,592,2,0,2,0,0,0,0,0,0,0,0,0,1,0,0,0,0,0,0,0,0,17.0,17,0,2672.712,15,1660.435685,1123.487476,0,2811.601000000001,17,192.03740000000002,0,0,0,0,0,0,41eea7d967d443e3,spam@1
ugs_event,spam,1.0,1001,0019_1003,50,5.0,2,2,2,2,2,2,724.424,2,362.212,12,97,4,2,4,2,0,0,0,0,0,0,0,0,3,2,0,0,0,0,0,0,0,6.0,6,1,1017.412,6,748.72619,447.11361899999997,0,714.8319999999999,4,240.15159999999986,0,0,0,0,0,0,1e03be4db312f984,spam@1
ugs_event,spam,1.0,1002,0019_1003,50,5.0,2,2,2,2,2,2,696.894,2,348.447,10,97,1,0,1,0,0,0,0,0,0,0,0,0,1,0,0,0,0,0,0,0,0,6.0,6,2,1103.722,6,784.6242830000001,483.03344500000003,0,1111.7200000000003,6,264.50450000000006,0,0,0,0,0,0,58af2d31e1022d7e,spam@1
ugs_event,spam,1.0,1003,0019_1003,50,5.0,2,2,2,2,2,2,704.806,2,352.403,10,97,0,0,0,0,0,0,0,0,0,0,0,0,0,0,0,0,0,0,0,0,0,6.0,6,2,1092.101,6,779.847524,478.245607,0,1100.9729999999995,6,255.09974999999991,0,0,0,0,0,0,fa13128619f5a790,spam@1
ugs_event,spam,1.0,1004,0019_1003,50,5.0,2,2,2,2,2,2,743.728,2,371.864,13,97,3,1,3,1,0,0,0,0,0,0,0,0,1,1,0,0,0,0,0,0,0,7.0,7,2,1280.119,7,855.4194679999999,553.8191199999999,0,1145.0939999999998,6,280.15374999999995,0,0,0,0,0,0,bb2ebb30b9a7512c,spam@1
ugs_event,spam,1.0,1005,0019_1003,50,5.0,2,2,2,2,2,2,697.79,2,348.895,11,97,8,2,8,2,0,0,0,0,0,0,0,0,4,2,0,0,0,0,0,0,0,6.0,6,1,1053.592,6,764.3417810000001,462.740094,0,617.5029999999997,4,158.1040000000001,0,0,0,0,0,0,542ff4f125d14e6b,spam@1
ugs_event,spam,8.0,1001,0006_0000,182,18.2,11,11,10,11,11,10,7404.222,11,1503.3545,49,334,42,17,42,17,0,0,0,0,0,0,0,0,20,13,0,0,0,0,0,0,0,36.0,36,21,7759.926,25,4377.270587,3279.2396860000003,0,4316.782999999999,19,438.47609999999986,0,0,0,0,0,0,0ced91c2904c86cb,spam@8
ugs_event,spam,8.0,1002,0006_0000,182,18.2,11,11,8,11,11,8,10794.331000000002,11,2732.1715000000004,56,334,46,18,46,18,0,0,0,0,0,0,0,0,24,15,0,0,0,0,0,0,0,37.0,37,18,7618.159,24,4318.283875000001,3220.201345,0,4484.129000000003,19,383.52740000000017,0,0,0,0,0,0,db8137b78f5df30d,spam@8
ugs_event,spam,8.0,1003,0006_0000,182,18.2,11,11,9,11,11,9,10771.483999999999,11,2868.7709999999997,57,334,52,20,52,20,0,0,0,0,0,0,0,0,25,16,0,0,0,0,0,0,0,41.0,41,25,8980.742,21,4876.206329,3778.0755959999997,0,5822.279,21,456.0499999999993,0,0,0,0,0,0,aeb12b68b683242a,spam@8
ugs_event,spam,8.0,1004,0006_0000,182,18.2,11,11,9,11,11,9,7325.554999999998,11,1281.4319999999998,54,334,45,19,45,19,0,0,0,0,0,0,0,0,24,16,0,0,0,0,0,0,0,37.0,36,20,7876.678,20,4428.9061360000005,3330.8515380000003,0,5023.708999999999,17,544.6181999999998,0,0,0,0,0,0,61567bbae7fcb9e2,spam@8
ugs_event,spam,8.0,1005,0006_0000,182,18.2,11,11,10,11,11,10,6118.710000000002,11,1004.6644999999999,64,334,53,15,53,15,0,0,0,0,0,0,0,0,23,14,0,0,0,0,0,0,0,42.0,42,22,8824.585,21,4811.1540860000005,3713.01898,0,7317.017000000001,27,470.03509999999994,0,0,0,0,0,0,be9d4c11bb47b5fe,spam@8
ugs_event,spam,8.0,1001,0012_0000,78,7.8,2,1,1,2,1,1,465.159,1,465.159,4,97,25,7,25,7,0,0,0,0,0,0,0,0,11,5,0,0,0,0,0,0,0,17.0,17,17,4358.411,6,2305.465464,1834.845497,0,3709.9799999999996,10,441.9268000000002,0,0,0,0,0,0,d60901fff1710d5d,spam@8
ugs_event,spam,8.0,1002,0012_0000,78,7.8,2,1,1,2,1,1,473.679,1,473.679,8,97,26,10,26,10,0,0,0,0,0,0,0,0,14,8,0,0,0,0,0,0,0,19.0,19,18,4941.473,9,2540.7567929999996,2070.1167149999997,0,3161.8450000000003,9,515.1986000000003,0,0,0,0,0,0,d40ee5e8d4fd72d8,spam@8
ugs_event,spam,8.0,1003,0012_0000,78,7.8,2,2,1,2,2,1,5147.072,2,4471.8916,5,97,15,9,15,9,0,0,0,0,0,0,0,0,8,8,0,0,0,0,0,0,0,16.0,16,16,4147.505,8,2218.3896480000003,1747.771918,0,2567.056999999999,7,511.88319999999965,0,0,0,0,0,0,6515988e124cbc89,spam@8
ugs_event,spam,8.0,1004,0012_0000,78,7.8,2,1,1,2,1,1,472.438,1,472.438,4,97,35,9,35,9,0,0,0,0,0,0,0,0,19,8,0,0,0,0,0,0,0,17.0,16,16,4419.12,9,2329.500086,1858.867282,0,2498.572000000001,7,455.0797000000004,0,0,0,0,0,0,b3172cdc6d647308,spam@8
ugs_event,spam,8.0,1005,0012_0000,78,7.8,2,2,1,2,2,1,5112.115,2,4434.2805499999995,5,97,27,10,27,10,0,0,0,0,0,0,0,0,13,8,0,0,0,0,0,0,0,19.0,18,18,4736.637,7,2459.2541740000006,1988.604287,0,3129.6169999999997,9,432.10239999999993,0,0,0,0,0,0,0d7e541e5b44191a,spam@8
ugs_event,spam,8.0,1001,0015_0090,286,28.6,10,10,9,8,8,7,5931.656000000001,10,1337.7583499999998,89,618,80,29,80,29,0,0,0,0,0,0,0,0,43,22,0,0,0,0,0,0,0,55.0,55,0,8428.985,39,5323.616456000001,3598.1316460000003,0,4228.716999999997,26,205.70199999999932,0,0,0,0,0,0,89f425ce03b7a325,spam@8
ugs_event,spam,8.0,1002,0015_0090,286,28.6,10,10,9,8,8,7,4820.513000000001,10,1154.2467499999998,93,618,72,22,72,22,0,0,0,0,0,0,0,0,37,19,0,0,0,0,0,0,0,54.0,54,0,8295.502,44,5265.46039,3539.986962,0,5460.985000000001,32,236.79600000000005,0,0,0,0,0,0,ed396c8881da69c2,spam@8
ugs_event,spam,8.0,1003,0015_0090,286,28.6,10,10,8,8,8,6,5902.883999999999,10,1444.044,96,618,79,21,79,21,0,0,0,0,0,0,0,0,40,18,0,0,0,0,0,0,0,52.0,52,0,7897.702,38,5108.8977859999995,3383.473125,0,5236.378999999996,31,224.48149999999987,0,0,0,0,0,0,a388fe56a1e13367,spam@8
ugs_event,spam,8.0,1004,0015_0090,286,28.6,10,10,9,8,8,7,4580.891000000004,10,955.6877499999993,84,618,69,20,69,20,0,0,0,0,0,0,0,0,37,20,0,0,0,0,0,0,0,46.0,45,0,7059.518,42,4768.174438,3042.821269,0,4198.651999999999,26,189.7617499999999,0,0,0,0,0,0,167efe1739c38f3e,spam@8
ugs_event,spam,8.0,1005,0015_0090,286,28.6,10,10,9,8,8,7,4447.117,10,1038.0471499999992,91,618,79,27,79,27,0,0,0,0,0,0,0,0,38,23,0,0,0,0,0,0,0,54.0,54,0,8211.492,45,5229.3042590000005,3503.844576,0,4263.446999999996,27,191.41749999999973,0,0,0,0,0,0,8ec1ba3dbd4018e9,spam@8
ugs_event,spam,8.0,1001,0016_0000,209,20.9,16,16,9,14,14,7,33085.808000000005,16,6139.502,158,1652,53,13,53,13,0,0,0,0,0,0,0,0,27,12,0,0,0,0,0,0,0,30.0,30,9,5900.835,23,3771.891559999999,2511.1340649999997,0,3476.8029999999985,17,282.56259999999963,0,0,0,0,0,0,5fb22c788eeb4ee8,spam@8
ugs_event,spam,8.0,1002,0016_0000,209,20.9,16,16,10,14,14,8,31467.314,16,6311.303,186,1652,54,13,54,13,0,0,0,0,0,0,0,0,32,12,0,0,0,0,0,0,0,34.0,34,10,6700.109,27,4085.810900000001,2824.9547310000003,0,4705.796000000001,21,344.39600000000064,0,0,0,0,0,0,b166236af916323f,spam@8
ugs_event,spam,8.0,1003,0016_0000,209,20.9,16,16,7,14,14,6,34069.42,16,6145.09425,166,1652,66,14,66,14,0,0,0,0,0,0,0,0,33,13,0,0,0,0,0,0,0,32.0,31,11,6318.714,29,3936.36307,2675.560033,0,3298.402,17,283.52440000000007,0,0,0,0,0,0,45803524abce1ef5,spam@8
ugs_event,spam,8.0,1004,0016_0000,209,20.9,16,16,10,14,14,9,28895.233000000004,16,6329.5805,160,1652,65,13,65,13,0,0,0,0,0,0,0,0,33,13,0,0,0,0,0,0,0,31.0,30,8,5866.801,28,3753.3944099999994,2492.627275,0,3454.0640000000035,17,306.0241999999998,0,0,0,0,0,0,21c2efbcb5869955,spam@8
ugs_event,spam,8.0,1005,0016_0000,209,20.9,16,16,10,14,14,8,31080.179000000004,16,6419.9705,163,1652,59,9,59,9,0,0,0,0,0,0,0,0,29,8,0,0,0,0,0,0,0,30.0,30,10,5899.489,25,3768.4503799999998,2507.69942,0,4429.347000000004,21,295.1130000000012,0,0,0,0,0,0,641f3244d2e99d65,spam@8
ugs_event,spam,8.0,1001,0017_0000,145,14.5,9,9,6,9,9,6,6948.273999999999,9,1363.9414,84,718,32,8,32,8,0,0,0,0,0,0,0,0,15,8,0,0,0,0,0,0,0,20.0,20,7,3854.023,19,2529.479938,1654.8076750000002,0,2263.295,12,292.83105000000006,0,0,0,0,0,0,6beb39e1bf17ef89,spam@8
ugs_event,spam,8.0,1002,0017_0000,145,14.5,9,9,7,9,9,7,6468.978999999999,9,1378.6897999999997,101,718,52,11,52,11,0,0,0,0,0,0,0,0,26,10,0,0,0,0,0,0,0,23.0,23,6,4295.967,21,2704.4119309999996,1829.6882769999997,0,2362.044,12,279.0010499999995,0,0,0,0,0,0,a70a97e8714c356c,spam@8
ugs_event,spam,8.0,1003,0017_0000,145,14.5,9,9,6,9,9,6,6560.823,9,1421.0759999999998,93,718,39,10,39,10,0,0,0,0,0,0,0,0,22,10,0,0,0,0,0,0,0,23.0,23,6,4173.859,21,2655.5492759999997,1780.819944,0,2523.6169999999975,13,293.95839999999987,0,0,0,0,0,0,22143e664bd1b764,spam@8
ugs_event,spam,8.0,1004,0017_0000,145,14.5,9,9,7,9,9,7,6479.4130000000005,9,1379.1695999999997,101,718,45,6,45,6,0,0,0,0,0,0,0,0,22,6,0,0,0,0,0,0,0,24.0,23,8,4630.279,21,2841.270688,1966.5249999999999,0,3542.7380000000026,17,275.68519999999995,0,0,0,0,0,0,549d73803e82b998,spam@8
ugs_event,spam,8.0,1005,0017_0000,145,14.5,9,9,6,9,9,6,6830.459000000001,9,1185.6396,98,718,36,9,36,9,0,0,0,0,0,0,0,0,20,8,0,0,0,0,0,0,0,24.0,24,9,4814.308,19,2917.111826,2042.344854,0,2903.8070000000002,15,299.9694999999999,0,0,0,0,0,0,bfbb3d0c28b08bde,spam@8
ugs_event,spam,8.0,1001,0019_0618,89,8.9,11,11,10,9,9,8,6269.385000000001,11,1666.5825,111,592,24,7,24,7,0,0,0,0,0,0,0,0,14,6,0,0,0,0,0,0,0,21.0,21,1,3449.457,15,1971.8683910000002,1434.8661980000002,0,2602.0970000000016,14,241.21270000000013,0,0,0,0,0,0,a412e6fa97c15632,spam@8
ugs_event,spam,8.0,1002,0019_0618,89,8.9,11,10,9,9,9,8,4797.04,10,1014.7177499999998,79,592,31,7,31,7,0,0,0,0,0,0,0,0,16,6,0,0,0,0,0,0,0,17.0,17,0,2760.953,13,1700.9393559999999,1163.982713,0,1883.0630000000008,10,268.2973500000004,0,0,0,0,0,0,eddc0ec902c53116,spam@8
ugs_event,spam,8.0,1003,0019_0618,89,8.9,11,10,9,9,9,8,6006.857,10,1790.7889499999972,94,592,25,7,25,7,0,0,0,0,0,0,0,0,13,7,0,0,0,0,0,0,0,19.0,19,0,3061.594,14,1818.423051,1281.456709,0,2094.758999999999,12,226.00139999999985,0,0,0,0,0,0,f3c6c1f3e4933c83,spam@8
ugs_event,spam,8.0,1004,0019_0618,89,8.9,11,10,8,9,9,7,6445.446,10,1708.5039999999988,105,592,27,7,27,7,0,0,0,0,0,0,0,0,14,6,0,0,0,0,0,0,0,20.0,20,0,3179.202,13,1863.748185,1326.7611459999998,0,2218.3,13,219.9223999999998,0,0,0,0,0,0,da2dc73bde149e33,spam@8
ugs_event,spam,8.0,1005,0019_0618,89,8.9,11,10,9,9,9,8,6761.447999999999,10,1966.407949999998,110,592,39,15,39,15,0,0,0,0,0,0,0,0,19,13,0,0,0,0,0,0,0,21.0,21,0,3311.01,14,1917.1142899999998,1380.076088,0,1026.5329999999997,6,206.65225000000015,0,0,0,0,0,0,49b6c7c5b6d64c4e,spam@8
ugs_event,spam,8.0,1001,0019_1003,50,5.0,2,2,2,2,2,2,721.424,2,360.712,13,97,14,4,14,4,0,0,0,0,0,0,0,0,7,4,0,0,0,0,0,0,0,7.0,7,2,1292.725,6,861.792619,560.1825289999999,0,563.4090000000001,3,254.5000000000001,0,0,0,0,0,0,0c6cd4d31b64e1e2,spam@8
ugs_event,spam,8.0,1002,0019_1003,50,5.0,2,2,2,2,2,2,696.894,2,348.447,19,97,18,6,18,6,0,0,0,0,0,0,0,0,9,6,0,0,0,0,0,0,0,10.0,10,5,2063.898,7,1174.7859329999999,873.1360090000001,0,1018.975,4,294.8284,0,0,0,0,0,0,912896c54d3202d9,spam@8
ugs_event,spam,8.0,1003,0019_1003,50,5.0,2,2,2,2,2,2,704.806,2,352.403,16,97,12,4,12,4,0,0,0,0,0,0,0,0,7,4,0,0,0,0,0,0,0,9.0,9,2,1603.213,9,984.817492,683.1537500000001,0,887.4740000000002,5,236.16280000000006,0,0,0,0,0,0,b3c84f26d0efbac0,spam@8
ugs_event,spam,8.0,1004,0019_1003,50,5.0,2,2,2,2,2,2,743.728,2,371.864,11,97,9,2,9,2,0,0,0,0,0,0,0,0,3,2,0,0,0,0,0,0,0,7.0,7,2,1260.184,7,847.5717549999998,545.965909,0,862.528,5,241.02799999999996,0,0,0,0,0,0,f763cb42a119c6e7,spam@8
ugs_event,spam,8.0,1005,0019_1003,50,5.0,2,2,2,2,2,2,941.286,2,470.643,9,97,10,2,10,2,0,0,0,0,0,0,0,0,6,2,0,0,0,0,0,0,0,6.0,5,3,1256.185,6,848.1713849999999,546.5684139999998,0,508.98900000000003,3,241.0061,0,0,0,0,0,0,9d6696bffb47d928,spam@8
ugs_event,replay_exact,1.0,1001,0006_0000,182,18.2,11,11,10,11,11,10,9118.669999999998,11,2562.0265,43,334,0,0,0,0,0,0,0,0,0,0,0,0,0,0,0,0,0,0,0,0,0,28.0,28,14,5809.276,24,3583.8516020000006,2485.9218100000003,0,6424.159999999996,28,433.40489999999994,0,0,0,0,0,0,43d2083bef8736fe,replay_exact@1
ugs_event,replay_exact,1.0,1002,0006_0000,182,18.2,11,11,10,11,11,10,9178.014,11,2556.166,43,334,0,0,0,0,0,0,0,0,0,0,0,0,0,0,0,0,0,0,0,0,0,28.0,28,14,5829.383,24,3592.121567,2494.205753,0,6436.510000000001,28,426.69075000000026,0,0,0,0,0,0,bb2a487eadca1665,replay_exact@1
ugs_event,replay_exact,1.0,1003,0006_0000,182,18.2,11,11,10,11,11,10,9812.587,11,2630.0554999999995,41,312,8,1,0,0,8,1,8,1,0,0,0,0,1,1,1,0,0,0,0,0,0,28.0,28,14,5796.29,24,3579.0425600000003,2481.1113700000005,0,6176.7739999999985,27,420.55050000000017,0,0,0,0,0,0,8c59551ebb6c7401,replay_exact@1
ugs_event,replay_exact,1.0,1004,0006_0000,182,18.2,11,11,7,11,11,7,16384.413999999997,11,4050.3819999999996,31,261,27,6,0,0,27,6,27,6,0,0,0,0,3,3,6,0,0,0,0,0,0,29.0,29,14,5984.793,22,3658.2865520000005,2560.394875,0,5590.479999999995,23,453.33830000000006,0,0,0,0,0,0,72e82bdfdd7e9fb0,replay_exact@1
ugs_event,replay_exact,1.0,1005,0006_0000,182,18.2,11,11,10,11,11,10,9012.403999999999,11,2559.0950000000003,44,321,5,2,0,0,5,2,5,2,0,0,0,0,1,1,2,0,0,0,0,0,0,30.0,30,17,6500.155,24,3866.719614,2768.764,0,6635.818999999998,28,422.7170500000005,0,0,0,0,0,0,a29bc05ba4c2dca0,replay_exact@1
ugs_event,replay_exact,1.0,1001,0012_0000,78,7.8,2,1,1,2,1,1,465.159,1,465.159,4,94,4,1,0,0,4,1,4,1,0,0,0,0,1,1,1,0,0,0,0,0,0,8.0,8,7,1950.665,7,1322.2364519999999,851.764185,0,2037.293000000001,7,418.7239000000002,0,0,0,0,0,0,e7170ddd69b8efa9,replay_exact@1
ugs_event,replay_exact,1.0,1002,0012_0000,78,7.8,2,1,1,2,1,1,473.679,1,473.679,4,90,7,1,0,0,7,1,7,1,0,0,0,0,1,1,1,0,0,0,0,0,0,10.0,10,9,2564.357,9,1571.5083289999998,1101.004987,0,2609.4669999999987,9,378.6063999999998,0,0,0,0,0,0,81d0f764a7c09e09,replay_exact@1
ugs_event,replay_exact,1.0,1003,0012_0000,78,7.8,2,1,1,2,1,1,464.252,1,464.252,4,97,0,0,0,0,0,0,0,0,0,0,0,0,0,0,0,0,0,0,0,0,0,7.0,7,7,1826.069,6,1272.7679590000002,802.320532,0,1982.214,7,372.2801999999997,0,0,0,0,0,0,c16f2512ef951676,replay_exact@1
ugs_event,replay_exact,1.0,1004,0012_0000,78,7.8,2,1,1,2,1,1,472.438,1,472.438,4,97,0,0,0,0,0,0,0,0,0,0,0,0,0,0,0,0,0,0,0,0,0,7.0,7,7,1842.68,6,1279.618958,809.164204,0,2005.2859999999996,7,371.8901999999998,0,0,0,0,0,0,f0980c7024af159d,replay_exact@1
ugs_event,replay_exact,1.0,1005,0012_0000,78,7.8,2,1,1,2,1,1,469.143,1,469.143,4,97,0,0,0,0,0,0,0,0,0,0,0,0,0,0,0,0,0,0,0,0,0,7.0,7,7,1823.744,6,1271.820251,801.3623469999999,0,2007.383999999999,7,372.5960999999996,0,0,0,0,0,0,1850ab0f9ccbeebc,replay_exact@1
ugs_event,replay_exact,1.0,1001,0015_0090,286,28.6,10,10,8,8,8,7,5469.029000000001,10,1373.6220999999996,64,562,30,4,0,0,30,4,30,4,0,0,0,0,3,3,4,0,0,0,0,0,0,35.0,35,0,5323.401,29,4075.305206,2350.131179,0,5062.5499999999965,31,205.80249999999887,0,0,0,0,0,0,3804cfdce7458863,replay_exact@1
ugs_event,replay_exact,1.0,1002,0015_0090,286,28.6,10,10,8,8,8,7,5550.841,10,1378.4241499999998,78,570,29,5,0,0,29,5,29,5,0,0,0,0,3,3,5,0,0,0,0,0,0,43.0,43,0,6674.03,36,4613.824999,2888.500203,0,6297.294000000006,38,206.4712999999994,0,0,0,0,0,0,3b99b9af400050db,replay_exact@1
ugs_event,replay_exact,1.0,1003,0015_0090,286,28.6,10,10,8,8,8,7,5734.8189999999995,10,1272.9094499999997,76,589,24,4,0,0,24,4,24,4,0,0,0,0,3,3,4,0,0,0,0,0,0,42.0,42,0,6407.254,34,4506.202448,2780.928727,0,6315.839000000001,38,229.13985000000127,0,0,0,0,0,0,11150429e54793a8,replay_exact@1
ugs_event,replay_exact,1.0,1004,0015_0090,286,28.6,10,10,8,8,8,7,5242.571000000002,10,1330.3101000000001,64,511,40,8,0,0,40,8,40,8,0,0,0,0,4,4,8,0,0,0,0,0,0,39.0,39,0,6077.807,36,4371.632009000001,2646.456348,0,4958.8889999999965,31,196.36799999999968,0,0,0,0,0,0,26dd1a4025073cde,replay_exact@1
ugs_event,replay_exact,1.0,1005,0015_0090,286,28.6,10,10,9,8,8,7,4623.694999999999,10,1150.404699999999,79,603,21,4,0,0,21,4,21,4,0,0,0,0,3,3,4,0,0,0,0,0,0,42.0,42,0,6415.222,32,4513.270879,2787.991625,0,6382.59200000001,38,223.9822499999991,0,0,0,0,0,0,e63e337166bd2579,replay_exact@1
ugs_event,replay_exact,1.0,1001,0016_0000,209,20.9,16,16,9,14,14,8,32821.599,16,6649.568499999999,152,1503,25,3,0,0,25,3,25,3,0,0,0,0,2,2,3,0,0,0,0,0,0,29.0,29,13,6206.855,25,3893.304545,2632.534417,0,5857.982999999996,26,309.38524999999936,0,0,0,0,0,0,face68dddf7bf26c,replay_exact@1
ugs_event,replay_exact,1.0,1002,0016_0000,209,20.9,16,16,9,14,14,8,32352.548000000003,16,6433.36375,140,1492,15,3,0,0,15,3,15,3,0,0,0,0,1,1,3,0,0,0,0,0,0,28.0,28,14,6070.682,24,3841.227339,2580.481068,0,5748.998000000003,25,308.7855999999992,0,0,0,0,0,0,a3188593bc94e814,replay_exact@1
ugs_event,replay_exact,1.0,1003,0016_0000,209,20.9,16,16,9,14,14,8,31876.417,16,6441.0735,144,1498,19,4,0,0,19,4,19,4,0,0,0,0,2,2,4,0,0,0,0,0,0,28.0,28,12,5929.441,25,3780.7639459999996,2520.0398339999997,0,5404.429000000006,24,312.9419500000008,0,0,0,0,0,0,66267991086d405a,replay_exact@1
ugs_event,replay_exact,1.0,1004,0016_0000,209,20.9,16,16,9,14,14,8,32098.239999999998,16,6392.986000000001,166,1652,0,0,0,0,0,0,0,0,0,0,0,0,0,0,0,0,0,0,0,0,0,29.0,29,13,6087.638,26,3843.5491150000003,2582.786724,0,6387.086000000005,29,325.04460000000074,0,0,0,0,0,0,e9146d044f94ac22,replay_exact@1
ugs_event,replay_exact,1.0,1005,0016_0000,209,20.9,16,16,8,14,14,7,33736.397,16,6551.0419999999995,150,1477,24,3,0,0,24,3,24,3,0,0,0,0,2,2,3,0,0,0,0,0,0,30.0,30,10,6025.286,28,3814.970524,2554.217928,0,5824.9509999999955,27,304.1754999999998,0,0,0,0,0,0,9c604f6f4181356f,replay_exact@1
ugs_event,replay_exact,1.0,1001,0017_0000,145,14.5,9,9,7,9,9,7,6370.889999999999,9,1365.7413999999999,83,718,0,0,0,0,0,0,0,0,0,0,0,0,0,0,0,0,0,0,0,0,0,19.0,19,6,3591.874,19,2423.4270979999997,1548.782183,0,3616.7419999999997,19,269.75179999999943,0,0,0,0,0,0,c53fd51bf870e153,replay_exact@1
ugs_event,replay_exact,1.0,1002,0017_0000,145,14.5,9,9,7,9,9,7,6470.478999999999,9,1378.6897999999997,80,664,11,2,0,0,11,2,11,2,0,0,0,0,1,1,2,0,0,0,0,0,0,20.0,20,7,3988.913,20,2583.7259059999997,1709.03203,0,3496.554,18,295.78710000000007,0,0,0,0,0,0,07bb5e9b1d8fe28b,replay_exact@1
ugs_event,replay_exact,1.0,1003,0017_0000,145,14.5,9,9,7,9,9,7,6323.197,9,1349.4881999999998,83,718,0,0,0,0,0,0,0,0,0,0,0,0,0,0,0,0,0,0,0,0,0,19.0,19,6,3591.506,19,2423.2920499999996,1548.6303180000002,0,3617.5289999999986,19,279.14170000000047,0,0,0,0,0,0,d3817d8e5b44a4d1,replay_exact@1
ugs_event,replay_exact,1.0,1004,0017_0000,145,14.5,9,9,7,9,9,7,6479.4130000000005,9,1379.1695999999997,83,718,0,0,0,0,0,0,0,0,0,0,0,0,0,0,0,0,0,0,0,0,0,19.0,19,6,3720.524,19,2476.4346339999997,1601.7858740000001,0,3744.7680000000005,19,287.346,0,0,0,0,0,0,528c012c01036712,replay_exact@1
ugs_event,replay_exact,1.0,1005,0017_0000,145,14.5,9,9,7,9,9,7,6445.932000000001,9,1377.375,83,718,0,0,0,0,0,0,0,0,0,0,0,0,0,0,0,0,0,0,0,0,0,19.0,19,6,3650.453,19,2447.5766709999994,1572.916753,0,3674.6379999999986,19,274.9527000000001,0,0,0,0,0,0,bb1cca5c101672e5,replay_exact@1
ugs_event,replay_exact,1.0,1001,0019_0618,89,8.9,11,11,10,9,9,8,6297.045000000001,11,1666.5825,88,592,0,0,0,0,0,0,0,0,0,0,0,0,0,0,0,0,0,0,0,0,0,17.0,17,0,2662.772,15,1656.328446,1119.392159,0,2793.5000000000014,17,216.67859999999985,0,0,0,0,0,0,bddc88abec9b040d,replay_exact@1
ugs_event,replay_exact,1.0,1002,0019_0618,89,8.9,11,11,10,9,9,8,6237.446000000001,11,1663.8875,88,592,0,0,0,0,0,0,0,0,0,0,0,0,0,0,0,0,0,0,0,0,0,17.0,17,0,2772.857,15,1701.7041189999998,1164.7470039999998,0,2919.7810000000013,17,222.17980000000006,0,0,0,0,0,0,6d00d4427d99715b,replay_exact@1
ugs_event,replay_exact,1.0,1003,0019_0618,89,8.9,11,11,10,9,9,8,6260.732,11,1661.1174999999998,88,592,0,0,0,0,0,0,0,0,0,0,0,0,0,0,0,0,0,0,0,0,0,17.0,17,0,2771.702,15,1701.241545,1164.271293,0,2918.3709999999983,17,223.95339999999996,0,0,0,0,0,0,e5f3d216c70fb031,replay_exact@1
ugs_event,replay_exact,1.0,1004,0019_0618,89,8.9,11,11,10,9,9,8,6411.702,11,1669.239,88,592,0,0,0,0,0,0,0,0,0,0,0,0,0,0,0,0,0,0,0,0,0,17.0,17,0,2728.497,15,1683.4149730000001,1146.470776,0,2875.3360000000002,17,216.54599999999996,0,0,0,0,0,0,e0aceb97641b6d67,replay_exact@1
ugs_event,replay_exact,1.0,1005,0019_0618,89,8.9,11,11,10,9,9,8,6295.670000000001,11,1669.9815,88,592,0,0,0,0,0,0,0,0,0,0,0,0,0,0,0,0,0,0,0,0,0,17.0,17,0,2672.712,15,1660.435685,1123.487476,0,2811.601000000001,17,192.03740000000002,0,0,0,0,0,0,630d0a84b529f61b,replay_exact@1
ugs_event,replay_exact,1.0,1001,0019_1003,50,5.0,2,2,2,2,2,2,721.424,2,360.712,10,97,0,0,0,0,0,0,0,0,0,0,0,0,0,0,0,0,0,0,0,0,0,6.0,6,2,1138.482,6,798.946154,497.35439500000007,0,1145.7450000000001,6,261.7847500000001,0,0,0,0,0,0,b1beaceda4f38d6a,replay_exact@1
ugs_event,replay_exact,1.0,1002,0019_1003,50,5.0,2,2,2,2,2,2,696.894,2,348.447,10,97,0,0,0,0,0,0,0,0,0,0,0,0,0,0,0,0,0,0,0,0,0,6.0,6,2,1103.722,6,784.6242830000001,483.03344500000003,0,1111.7200000000003,6,264.50450000000006,0,0,0,0,0,0,073189b686f299ad,replay_exact@1
ugs_event,replay_exact,1.0,1003,0019_1003,50,5.0,2,2,2,2,2,2,704.806,2,352.403,10,97,0,0,0,0,0,0,0,0,0,0,0,0,0,0,0,0,0,0,0,0,0,6.0,6,2,1092.101,6,779.847524,478.245607,0,1100.9729999999995,6,255.09974999999991,0,0,0,0,0,0,3f65162365166e5a,replay_exact@1
ugs_event,replay_exact,1.0,1004,0019_1003,50,5.0,2,2,2,2,2,2,743.728,2,371.864,10,97,0,0,0,0,0,0,0,0,0,0,0,0,0,0,0,0,0,0,0,0,0,6.0,6,2,1139.97,6,799.5606570000001,497.96751500000005,0,1147.702,6,278.52275,0,0,0,0,0,0,ca89e13dcc690a92,replay_exact@1
ugs_event,replay_exact,1.0,1005,0019_1003,50,5.0,2,2,2,2,2,2,697.79,2,348.895,10,90,5,0,0,0,5,0,5,0,0,0,0,0,1,0,0,0,0,0,0,0,0,6.0,6,2,1092.662,6,780.081308,478.47692300000006,0,1100.2539999999997,6,277.45700000000005,0,0,0,0,0,0,b8a808276c36bea5,replay_exact@1
ugs_event,replay_perturbed,1.0,1001,0006_0000,182,18.2,11,10,7,11,10,7,12112.215,10,3457.3759999999984,28,252,36,7,0,0,36,7,0,0,36,7,13,2,3,2,6,0,0,0,0,0,0,27.0,27,14,5681.052,22,3535.8717030000007,2437.9532990000002,0,4575.42,20,410.93730000000005,0,0,0,0,0,0,30264531f289864a,replay_perturbed@1
ugs_event,replay_perturbed,1.0,1002,0006_0000,182,18.2,11,11,9,11,11,9,11673.961999999996,11,3346.7784999999994,29,234,35,9,0,0,35,9,0,0,35,9,12,3,3,3,8,0,0,0,0,0,0,31.0,31,22,7227.46,20,4171.410835999999,3073.4536679999997,0,5786.253999999997,22,458.48264999999986,0,0,0,0,0,0,aaa0026702d94081,replay_perturbed@1
ugs_event,replay_perturbed,1.0,1003,0006_0000,182,18.2,11,11,10,11,11,10,9157.987000000001,11,2568.6179999999995,43,334,0,0,0,0,0,0,0,0,0,0,0,0,0,0,0,0,0,0,0,0,0,28.0,28,14,5741.505,24,3555.9305140000006,2458.000199,0,6379.829000000001,28,419.59225000000015,0,0,0,0,0,0,3c8631acdfec9327,replay_perturbed@1
ugs_event,replay_perturbed,1.0,1004,0006_0000,182,18.2,11,11,10,11,11,10,9087.145,11,2550.779,43,334,0,0,0,0,0,0,0,0,0,0,0,0,0,0,0,0,0,0,0,0,0,28.0,28,14,5768.59,24,3567.045585,2469.159086,0,6481.648999999997,28,443.0165500000001,0,0,0,0,0,0,7f3a50b7cefb9a69,replay_perturbed@1
ugs_event,replay_perturbed,1.0,1005,0006_0000,182,18.2,11,11,10,11,11,10,9205.179,11,2559.0950000000003,41,312,14,1,0,0,14,1,0,0,14,1,14,1,1,1,1,0,0,0,0,0,0,27.0,26,11,5348.445,24,3397.023541,2299.119422,0,5553.725,25,385.7361999999997,0,0,0,0,0,0,a9f7306e96ac18fd,replay_perturbed@1
ugs_event,replay_perturbed,1.0,1001,0012_0000,78,7.8,2,1,1,2,1,1,465.159,1,465.159,4,97,0,0,0,0,0,0,0,0,0,0,0,0,0,0,0,0,0,0,0,0,0,7.0,7,7,1819.652,6,1270.131983,799.676692,0,2037.293000000001,7,418.7239000000002,0,0,0,0,0,0,ffc2237c4feee69d,replay_perturbed@1
ugs_event,replay_perturbed,1.0,1002,0012_0000,78,7.8,2,1,1,2,1,1,473.679,1,473.679,4,97,0,0,0,0,0,0,0,0,0,0,0,0,0,0,0,0,0,0,0,0,0,7.0,7,7,1872.119,6,1291.740655,821.2932,0,2052.1319999999996,7,390.49719999999996,0,0,0,0,0,0,c0d61c540e5df860,replay_perturbed@1
ugs_event,replay_perturbed,1.0,1003,0012_0000,78,7.8,2,1,1,2,1,1,464.252,1,464.252,4,76,21,3,0,0,21,3,0,0,21,3,6,1,2,2,3,0,0,0,0,0,0,12.0,11,10,2885.724,10,1702.05279,1231.518262,0,2268.827,8,367.69854999999984,0,0,0,0,0,0,f3ab0613d9e98ca3,replay_perturbed@1
ugs_event,replay_perturbed,1.0,1004,0012_0000,78,7.8,2,1,1,2,1,1,472.438,1,472.438,4,97,0,0,0,0,0,0,0,0,0,0,0,0,0,0,0,0,0,0,0,0,0,7.0,7,7,1842.68,6,1279.618958,809.164204,0,2005.2859999999996,7,371.8901999999998,0,0,0,0,0,0,3a87416c828857da,replay_perturbed@1
ugs_event,replay_perturbed,1.0,1005,0012_0000,78,7.8,2,1,1,2,1,1,469.143,1,469.143,4,97,0,0,0,0,0,0,0,0,0,0,0,0,0,0,0,0,0,0,0,0,0,7.0,7,7,1823.744,6,1271.820251,801.3623469999999,0,2007.383999999999,7,372.5960999999996,0,0,0,0,0,0,bc878449c9bbab1a,replay_perturbed@1
ugs_event,replay_perturbed,1.0,1001,0015_0090,286,28.6,10,10,9,8,8,7,4754.992000000001,10,1139.1599499999998,87,612,8,2,0,0,8,2,0,0,8,2,8,2,1,1,2,0,0,0,0,0,0,44.0,44,0,6770.494,34,4653.3566980000005,2928.063381,0,7050.864999999997,42,212.288949999999,0,0,0,0,0,0,0c1fde00a3b9c423,replay_perturbed@1
ugs_event,replay_perturbed,1.0,1002,0015_0090,286,28.6,10,10,7,8,8,7,6260.258,10,1438.4289500000004,68,561,40,9,0,0,40,9,0,0,40,9,12,3,4,4,9,0,0,0,0,0,0,45.0,45,0,7099.306,41,4782.282946,3056.96417,0,5862.998000000001,36,194.82775000000032,0,0,0,0,0,0,cf5395cb8d6fbb8e,replay_perturbed@1
ugs_event,replay_perturbed,1.0,1003,0015_0090,286,28.6,10,10,8,8,8,7,5413.8160000000025,10,1362.2875500000005,67,568,21,5,0,0,21,5,0,0,21,5,0,0,2,2,5,0,0,0,0,0,0,38.0,38,0,5780.047,33,4256.4341349999995,2531.249416,0,5312.241000000002,33,221.7630000000003,0,0,0,0,0,0,1d4d81cd18eba036,replay_perturbed@1
ugs_event,replay_perturbed,1.0,1004,0015_0090,286,28.6,10,10,7,8,8,7,6956.771000000001,10,1633.1079499999994,84,593,13,3,0,0,13,3,0,0,13,3,0,0,1,1,3,0,0,0,0,0,0,43.0,43,0,6575.482,33,4574.710195000001,2849.428652,0,6737.289999999996,40,218.97780000000063,0,0,0,0,0,0,56fd31bbd10cc323,replay_perturbed@1
ugs_event,replay_perturbed,1.0,1005,0015_0090,286,28.6,10,10,8,8,8,7,5223.579000000004,10,1375.1693500000006,86,618,0,0,0,0,0,0,0,0,0,0,0,0,0,0,0,0,0,0,0,0,0,41.0,41,0,6213.513,32,4430.503328000001,2705.247307,0,6818.319000000009,41,223.78199999999924,0,0,0,0,0,0,07c1d10ec34b100b,replay_perturbed@1
ugs_event,replay_perturbed,1.0,1001,0016_0000,209,20.9,16,16,9,14,14,8,36331.895,16,6680.625750000001,124,1225,44,9,0,0,44,9,0,0,44,9,3,1,5,5,9,0,0,0,0,0,0,33.0,33,10,6508.465,29,4008.8101870000005,2747.9776860000006,0,5206.287999999997,24,312.51059999999904,0,0,0,0,0,0,bf59edf965fc3bdb,replay_perturbed@1
ugs_event,replay_perturbed,1.0,1002,0016_0000,209,20.9,16,15,8,14,14,8,38227.044,15,9040.486099999998,149,1563,15,5,0,0,15,5,0,0,15,5,8,2,2,2,5,0,0,0,0,0,0,31.0,31,11,6279.721,25,3919.4061009999996,2658.5948710000002,0,5631.004000000003,26,307.8362499999994,0,0,0,0,0,0,e8515c552bb7170d,replay_perturbed@1
ugs_event,replay_perturbed,1.0,1003,0016_0000,209,20.9,16,15,8,14,14,8,31581.005000000005,15,6568.152799999997,164,1635,7,2,0,0,7,2,0,0,7,2,7,2,1,1,2,0,0,0,0,0,0,30.0,30,13,6315.694,26,3934.7945489999997,2674.045927,0,6173.726000000003,28,312.09655000000066,0,0,0,0,0,0,9c0cb65c1fa2b2dd,replay_perturbed@1
ugs_event,replay_perturbed,1.0,1004,0016_0000,209,20.9,16,16,9,14,14,8,32098.239999999998,16,6392.986000000001,166,1652,0,0,0,0,0,0,0,0,0,0,0,0,0,0,0,0,0,0,0,0,0,29.0,29,13,6087.638,26,3843.5491150000003,2582.786724,0,6387.086000000005,29,325.04460000000074,0,0,0,0,0,0,3e4b46eb42a7839e,replay_perturbed@1
ugs_event,replay_perturbed,1.0,1005,0016_0000,209,20.9,16,16,9,14,14,7,31903.413999999997,16,6681.483,151,1587,8,1,0,0,8,1,0,0,8,1,0,0,1,1,1,0,0,0,0,0,0,28.0,28,14,6104.69,25,3854.929532,2594.222209,0,6194.9339999999975,27,304.9606000000004,0,0,0,0,0,0,8972e10570dfb930,replay_perturbed@1
ugs_event,replay_perturbed,1.0,1001,0017_0000,145,14.5,9,9,7,9,9,7,6370.889999999999,9,1365.7413999999999,81,697,8,2,0,0,8,2,0,0,8,2,0,0,1,1,2,0,0,0,0,0,0,20.0,20,6,3764.149,20,2490.5542039999996,1615.889272,0,3458.2370000000005,18,269.8881999999995,0,0,0,0,0,0,0531a9c78177ee1b,replay_perturbed@1
ugs_event,replay_perturbed,1.0,1002,0017_0000,145,14.5,9,9,7,9,9,7,6470.478999999999,9,1378.6897999999997,73,637,22,4,0,0,22,4,0,0,22,4,22,4,2,2,4,0,0,0,0,0,0,20.0,20,7,3932.073,20,2559.035675,1684.353984,0,3214.7050000000027,16,293.20050000000066,0,0,0,0,0,0,8e71b377d725e828,replay_perturbed@1
ugs_event,replay_perturbed,1.0,1003,0017_0000,145,14.5,9,9,7,9,9,7,6323.197,9,1349.4881999999998,79,662,14,3,0,0,14,3,0,0,14,3,14,3,1,1,3,0,0,0,0,0,0,21.0,21,7,4051.029,21,2606.892823,1732.1938659999998,0,3493.2289999999994,18,279.27805000000046,0,0,0,0,0,0,1d06e2457215ac7f,replay_perturbed@1
ugs_event,replay_perturbed,1.0,1004,0017_0000,145,14.5,9,9,7,9,9,7,6479.4130000000005,9,1379.1695999999997,75,658,15,2,0,0,15,2,0,0,15,2,0,0,1,1,2,0,0,0,0,0,0,19.0,19,5,3589.678,19,2423.0777169999997,1548.4172949999997,0,3177.8799999999997,17,275.68519999999995,0,0,0,0,0,0,24958da26e371df9,replay_perturbed@1
ugs_event,replay_perturbed,1.0,1005,0017_0000,145,14.5,9,9,7,9,9,7,6445.932000000001,9,1377.375,75,673,12,2,0,0,12,2,0,0,12,2,0,0,1,1,2,0,0,0,0,0,0,19.0,19,6,3642.21,19,2445.0831409999996,1570.420379,0,3259.021,17,273.12539999999996,0,0,0,0,0,0,3994a04d47891b83,replay_perturbed@1
ugs_event,replay_perturbed,1.0,1001,0019_0618,89,8.9,11,11,10,9,9,8,6297.045000000001,11,1666.5825,88,592,0,0,0,0,0,0,0,0,0,0,0,0,0,0,0,0,0,0,0,0,0,17.0,17,0,2662.772,15,1656.328446,1119.392159,0,2793.5000000000014,17,216.67859999999985,0,0,0,0,0,0,5e889bb930598c69,replay_perturbed@1
ugs_event,replay_perturbed,1.0,1002,0019_0618,89,8.9,11,10,9,9,9,8,5972.281,10,1794.2315499999972,80,565,6,2,0,0,6,2,0,0,6,2,6,2,1,1,2,0,0,0,0,0,0,17.0,17,0,2833.269,14,1725.7931909999998,1188.826673,0,2767.3890000000015,15,251.9331000000003,0,0,0,0,0,0,ef0b5c729520347c,replay_perturbed@1
ugs_event,replay_perturbed,1.0,1003,0019_0618,89,8.9,11,10,9,9,9,8,6484.022,10,1968.6464999999976,78,532,9,3,0,0,9,3,0,0,9,3,9,3,1,1,3,0,0,0,0,0,0,19.0,19,0,3074.224,15,1821.585736,1284.590453,0,2821.534999999999,16,237.5802500000001,0,0,0,0,0,0,a76bb667d3dcf8d3,replay_perturbed@1
ugs_event,replay_perturbed,1.0,1004,0019_0618,89,8.9,11,10,9,9,9,8,6151.699,10,1797.7764999999972,77,536,11,2,0,0,11,2,0,0,11,2,11,2,1,1,2,0,0,0,0,0,0,16.0,16,0,2575.578,15,1621.109961,1084.188029,0,2346.79,14,208.87949999999995,0,0,0,0,0,0,708d6ece1c53e872,replay_perturbed@1
ugs_event,replay_perturbed,1.0,1005,0019_0618,89,8.9,11,10,8,9,9,8,7098.1720000000005,10,2232.0742999999984,66,477,22,5,0,0,22,5,0,0,22,5,12,3,3,3,4,0,0,0,0,0,0,15.0,14,1,2445.866,13,1570.153443,1033.233404,0,1655.8090000000007,10,218.14109999999994,0,0,0,0,0,0,ed37dfcdee0f28ba,replay_perturbed@1
ugs_event,replay_perturbed,1.0,1001,0019_1003,50,5.0,2,2,2,2,2,2,721.424,2,360.712,10,97,0,0,0,0,0,0,0,0,0,0,0,0,0,0,0,0,0,0,0,0,0,6.0,6,2,1138.482,6,798.946154,497.35439500000007,0,1145.7450000000001,6,261.7847500000001,0,0,0,0,0,0,8b537b4142159c0a,replay_perturbed@1
ugs_event,replay_perturbed,1.0,1002,0019_1003,50,5.0,2,2,2,2,2,2,696.894,2,348.447,10,97,0,0,0,0,0,0,0,0,0,0,0,0,0,0,0,0,0,0,0,0,0,6.0,6,2,1103.722,6,784.6242830000001,483.03344500000003,0,1111.7200000000003,6,264.50450000000006,0,0,0,0,0,0,a63bb828f45028c3,replay_perturbed@1
ugs_event,replay_perturbed,1.0,1003,0019_1003,50,5.0,2,2,2,2,2,2,704.806,2,352.403,10,97,0,0,0,0,0,0,0,0,0,0,0,0,0,0,0,0,0,0,0,0,0,6.0,6,2,1092.101,6,779.847524,478.245607,0,1100.9729999999995,6,255.09974999999991,0,0,0,0,0,0,0fd1c0d969710269,replay_perturbed@1
ugs_event,replay_perturbed,1.0,1004,0019_1003,50,5.0,2,2,2,2,2,2,743.728,2,371.864,10,97,0,0,0,0,0,0,0,0,0,0,0,0,0,0,0,0,0,0,0,0,0,6.0,6,2,1139.97,6,799.5606570000001,497.96751500000005,0,1147.702,6,278.52275,0,0,0,0,0,0,a3adf7c6836b4096,replay_perturbed@1
ugs_event,replay_perturbed,1.0,1005,0019_1003,50,5.0,2,2,2,2,2,2,697.79,2,348.895,9,83,7,1,0,0,7,1,0,0,7,1,0,0,1,1,1,0,0,0,0,0,0,6.0,6,2,1094.406,6,780.79997,479.195247,0,942.4390000000001,5,279.07660000000004,0,0,0,0,0,0,3a5f9683d98ea1d9,replay_perturbed@1
ugs_event,mixed,1.0,1001,0006_0000,182,18.2,11,11,7,11,11,7,14857.515999999996,11,3713.7384999999995,29,307,16,3,0,0,16,3,7,1,9,2,0,0,2,2,2,0,0,0,0,0,0,25.0,25,16,5619.077,19,3515.070288,2417.189822,0,5421.456999999997,22,444.6387,0,0,0,0,0,0,5fbb28ae6dd713d8,mixed@1
ugs_event,mixed,1.0,1002,0006_0000,182,18.2,11,11,10,11,11,10,9178.014,11,2556.166,43,334,4,2,3,1,1,1,0,0,1,1,1,1,2,2,0,0,0,0,0,0,0,29.0,28,14,5929.137,25,3632.248999,2534.314544,0,5995.856000000001,27,369.58179999999993,0,0,0,0,0,0,fd63b4d9a3a56d16,mixed@1
ugs_event,mixed,1.0,1003,0006_0000,182,18.2,11,11,10,11,11,10,9157.987000000001,11,2568.6179999999995,43,331,9,2,3,1,6,1,6,1,0,0,0,0,2,2,1,0,0,0,0,0,0,29.0,29,14,5932.597,25,3632.2372829999995,2534.3000969999994,0,6262.699000000002,27,420.55050000000017,0,0,0,0,0,0,47e6ef3669142c68,mixed@1
ugs_event,mixed,1.0,1004,0006_0000,182,18.2,11,10,7,11,10,7,9850.437999999998,10,3059.3544999999967,31,276,33,8,3,0,30,8,21,6,9,2,9,2,4,3,8,0,0,0,0,0,0,29.0,28,14,5978.942,23,3656.5644380000003,2558.614139,0,4736.695999999999,20,459.6898000000001,0,0,0,0,0,0,f57e5e549c24df8e,mixed@1
ugs_event,mixed,1.0,1005,0006_0000,182,18.2,11,11,9,11,11,9,10141.171999999999,11,3121.1859999999997,39,334,3,3,3,3,0,0,0,0,0,0,0,0,2,2,0,0,0,0,0,0,0,30.0,30,17,6627.654,23,3920.5779330000005,2822.6433620000003,0,6709.112999999998,27,490.9912000000003,0,0,0,0,0,0,c6f666628654a5d9,mixed@1
ugs_event,mixed,1.0,1001,0012_0000,78,7.8,2,1,1,2,1,1,465.159,1,465.159,4,97,0,0,0,0,0,0,0,0,0,0,0,0,0,0,0,0,0,0,0,0,0,7.0,7,7,1819.652,6,1270.131983,799.676692,0,2037.293000000001,7,418.7239000000002,0,0,0,0,0,0,0283d5ca58175050,mixed@1
ugs_event,mixed,1.0,1002,0012_0000,78,7.8,2,1,1,2,1,1,473.679,1,473.679,4,97,1,0,1,0,0,0,0,0,0,0,0,0,1,0,0,0,0,0,0,0,0,7.0,7,7,1872.119,6,1291.740655,821.2932,0,2052.1319999999996,7,390.49719999999996,0,0,0,0,0,0,4a13c1e071ac5d86,mixed@1
ugs_event,mixed,1.0,1003,0012_0000,78,7.8,2,1,1,2,1,1,464.252,1,464.252,4,97,1,0,1,0,0,0,0,0,0,0,0,0,1,0,0,0,0,0,0,0,0,7.0,7,7,1826.069,6,1272.7679590000002,802.320532,0,1982.214,7,372.2801999999997,0,0,0,0,0,0,19527666e5b60b8e,mixed@1
ugs_event,mixed,1.0,1004,0012_0000,78,7.8,2,1,1,2,1,1,472.438,1,472.438,4,97,0,0,0,0,0,0,0,0,0,0,0,0,0,0,0,0,0,0,0,0,0,7.0,7,7,1842.68,6,1279.618958,809.164204,0,2005.2859999999996,7,371.8901999999998,0,0,0,0,0,0,b8913774f470e487,mixed@1
ugs_event,mixed,1.0,1005,0012_0000,78,7.8,2,1,1,2,1,1,469.143,1,469.143,4,97,1,1,1,1,0,0,0,0,0,0,0,0,1,1,0,0,0,0,0,0,0,7.0,7,7,1831.545,6,1275.032461,804.576504,0,1738.3179999999993,6,379.48374999999965,0,0,0,0,0,0,978d71468bf381d4,mixed@1
ugs_event,mixed,1.0,1001,0015_0090,286,28.6,10,10,8,8,8,7,5424.428999999999,10,1373.6220999999996,83,618,6,2,6,2,0,0,0,0,0,0,0,0,3,2,0,0,0,0,0,0,0,40.0,40,0,6167.336,32,4413.26196,2688.0224,0,6401.795999999995,38,214.59369999999888,0,0,0,0,0,0,b92ba985a3ca0d92,mixed@1
ugs_event,mixed,1.0,1002,0015_0090,286,28.6,10,10,7,8,8,6,5863.383,10,1386.7586000000001,76,588,22,3,4,1,18,2,18,2,0,0,0,0,5,3,2,0,0,0,0,0,0,41.0,41,0,6487.893,35,4542.0080290000005,2816.761763,0,6382.120000000003,38,208.8316999999996,0,0,0,0,0,0,50102218ceaa840e,mixed@1
ugs_event,mixed,1.0,1003,0015_0090,286,28.6,10,10,8,8,8,7,5839.718999999997,10,1400.7485999999992,83,618,10,3,3,2,7,1,7,1,0,0,0,0,2,2,1,0,0,0,0,0,0,42.0,42,0,6447.736,35,4523.704064,2798.41706,0,6446.472999999998,39,227.6029000000013,0,0,0,0,0,0,1b57f51d195d7439,mixed@1
ugs_event,mixed,1.0,1004,0015_0090,286,28.6,10,10,8,8,8,7,5342.377000000002,10,1375.2228000000005,80,618,5,1,5,1,0,0,0,0,0,0,0,0,2,1,0,0,0,0,0,0,0,39.0,39,0,5991.353,32,4341.812421,2616.597583,0,6280.706999999999,38,216.29079999999956,0,0,0,0,0,0,01da62f68ce90695,mixed@1
ugs_event,mixed,1.0,1005,0015_0090,286,28.6,10,10,9,8,8,7,4500.157000000002,10,1049.6294499999988,77,598,30,5,14,3,16,2,0,0,16,2,0,0,8,5,2,0,0,0,0,0,0,41.0,41,0,6297.242,35,4462.918888000001,2737.6738560000003,0,5898.278000000004,36,223.06950000000006,0,0,0,0,0,0,e393aa61a42be4ba,mixed@1
ugs_event,mixed,1.0,1001,0016_0000,209,20.9,16,16,8,14,14,6,28730.442000000003,16,4735.153,155,1652,15,5,15,5,0,0,0,0,0,0,0,0,7,5,0,0,0,0,0,0,0,29.0,29,8,5509.953,25,3609.198521,2348.4708149999997,0,4834.231999999996,24,311.87954999999926,0,0,0,0,0,0,fccdcc454cddb272,mixed@1
ugs_event,mixed,1.0,1002,0016_0000,209,20.9,16,16,9,14,14,8,27840.806000000004,16,4806.15975,164,1652,5,1,5,1,0,0,0,0,0,0,0,0,2,1,0,0,0,0,0,0,0,29.0,29,14,6274.238,26,3920.6051699999994,2659.8460529999998,0,6482.009000000004,28,305.93754999999965,0,0,0,0,0,0,e65d42f31bd82990,mixed@1
ugs_event,mixed,1.0,1003,0016_0000,209,20.9,16,16,9,14,14,8,32262.494000000002,16,6441.0735,166,1652,5,1,5,1,0,0,0,0,0,0,0,0,2,1,0,0,0,0,0,0,0,29.0,29,13,6137.458,26,3864.0481750000004,2603.312499,0,6243.581000000005,28,312.09655000000066,0,0,0,0,0,0,460fabf8eb6cbdb5,mixed@1
ugs_event,mixed,1.0,1004,0016_0000,209,20.9,16,16,9,14,14,8,32098.239999999998,16,6392.986000000001,168,1652,6,3,6,3,0,0,0,0,0,0,0,0,4,2,0,0,0,0,0,0,0,30.0,30,13,6223.234,25,3898.9814570000003,2638.2022150000003,0,5957.9140000000025,27,329.0217000000009,0,0,0,0,0,0,9e079f0d115e5ea6,mixed@1
ugs_event,mixed,1.0,1005,0016_0000,209,20.9,16,16,8,14,14,7,32274.744,16,6435.19075,166,1652,0,0,0,0,0,0,0,0,0,0,0,0,0,0,0,0,0,0,0,0,0,29.0,29,13,6188.135,26,3884.9359249999998,2624.191622,0,6543.762000000001,29,303.5538000000005,0,0,0,0,0,0,63de5d83551d6335,mixed@1
ugs_event,mixed,1.0,1001,0017_0000,145,14.5,9,9,7,9,9,7,6370.889999999999,9,1365.7413999999999,83,718,0,0,0,0,0,0,0,0,0,0,0,0,0,0,0,0,0,0,0,0,0,19.0,19,6,3591.874,19,2423.4270979999997,1548.782183,0,3616.7419999999997,19,269.75179999999943,0,0,0,0,0,0,1de12ebc3f318f02,mixed@1
ugs_event,mixed,1.0,1002,0017_0000,145,14.5,9,9,7,9,9,7,6470.478999999999,9,1378.6897999999997,84,718,3,1,3,1,0,0,0,0,0,0,0,0,2,1,0,0,0,0,0,0,0,19.0,19,5,3578.071,19,2417.935556,1543.275177,0,3456.7610000000013,18,295.78710000000007,0,0,0,0,0,0,91baf331702a8c6d,mixed@1
ugs_event,mixed,1.0,1003,0017_0000,145,14.5,9,9,7,9,9,7,6323.197,9,1349.4881999999998,83,718,6,1,6,1,0,0,0,0,0,0,0,0,2,1,0,0,0,0,0,0,0,19.0,19,5,3471.74,19,2374.1286800000003,1499.466948,0,3335.932999999999,18,269.7000500000004,0,0,0,0,0,0,5c03f02c6facc366,mixed@1
ugs_event,mixed,1.0,1004,0017_0000,145,14.5,9,9,7,9,9,7,6479.4130000000005,9,1379.1695999999997,80,682,14,2,2,0,12,2,12,2,0,0,0,0,2,1,2,0,0,0,0,0,0,20.0,20,6,3860.846,19,2532.6414449999997,1657.9786409999997,0,3534.186,18,274.99839999999995,0,0,0,0,0,0,341d3b78415d1132,mixed@1
ugs_event,mixed,1.0,1005,0017_0000,145,14.5,9,9,7,9,9,7,6445.932000000001,9,1377.375,84,718,1,1,1,1,0,0,0,0,0,0,0,0,1,1,0,0,0,0,0,0,0,19.0,19,5,3527.716,19,2397.1907880000003,1522.528865,0,3394.0219999999986,18,275.62505000000016,0,0,0,0,0,0,542423dcaa6b1f4a,mixed@1
ugs_event,mixed,1.0,1001,0019_0618,89,8.9,11,11,10,9,9,8,6297.045000000001,11,1666.5825,88,592,3,2,3,2,0,0,0,0,0,0,0,0,1,1,0,0,0,0,0,0,0,17.0,17,0,2662.772,15,1656.328446,1119.392159,0,2419.114000000002,15,193.28709999999998,0,0,0,0,0,0,9da648944c1e8eed,mixed@1
ugs_event,mixed,1.0,1002,0019_0618,89,8.9,11,10,9,9,9,8,5972.281,10,1794.2315499999972,87,592,2,2,2,2,0,0,0,0,0,0,0,0,1,1,0,0,0,0,0,0,0,18.0,17,0,2808.233,15,1716.652218,1179.682019,0,2755.6160000000004,16,222.73525000000006,0,0,0,0,0,0,a175b206487d39fc,mixed@1
ugs_event,mixed,1.0,1003,0019_0618,89,8.9,11,11,10,9,9,8,6260.732,11,1661.1174999999998,88,592,0,0,0,0,0,0,0,0,0,0,0,0,0,0,0,0,0,0,0,0,0,17.0,17,0,2771.702,15,1701.241545,1164.271293,0,2918.3709999999983,17,223.95339999999996,0,0,0,0,0,0,9345e662566c0853,mixed@1
ugs_event,mixed,1.0,1004,0019_0618,89,8.9,11,11,10,9,9,8,6411.702,11,1669.239,88,592,0,0,0,0,0,0,0,0,0,0,0,0,0,0,0,0,0,0,0,0,0,17.0,17,0,2728.497,15,1683.4149730000001,1146.470776,0,2875.3360000000002,17,216.54599999999996,0,0,0,0,0,0,2d385c88730248f1,mixed@1
ugs_event,mixed,1.0,1005,0019_0618,89,8.9,11,11,10,9,9,8,6295.670000000001,11,1669.9815,88,592,0,0,0,0,0,0,0,0,0,0,0,0,0,0,0,0,0,0,0,0,0,17.0,17,0,2672.712,15,1660.435685,1123.487476,0,2811.601000000001,17,192.03740000000002,0,0,0,0,0,0,db988731e70ce508,mixed@1
ugs_event,mixed,1.0,1001,0019_1003,50,5.0,2,2,2,2,2,2,721.424,2,360.712,10,97,0,0,0,0,0,0,0,0,0,0,0,0,0,0,0,0,0,0,0,0,0,6.0,6,2,1138.482,6,798.946154,497.35439500000007,0,1145.7450000000001,6,261.7847500000001,0,0,0,0,0,0,5d07c2a55f7e1510,mixed@1
ugs_event,mixed,1.0,1002,0019_1003,50,5.0,2,2,2,2,2,2,696.894,2,348.447,11,97,1,0,1,0,0,0,0,0,0,0,0,0,1,0,0,0,0,0,0,0,0,6.0,6,1,1021.336,6,750.699572,449.090348,0,1029.5930000000003,6,228.55124999999992,0,0,0,0,0,0,f01a609676417ebe,mixed@1
ugs_event,mixed,1.0,1003,0019_1003,50,5.0,2,2,2,2,2,2,704.806,2,352.403,10,97,0,0,0,0,0,0,0,0,0,0,0,0,0,0,0,0,0,0,0,0,0,6.0,6,2,1092.101,6,779.847524,478.245607,0,1100.9729999999995,6,255.09974999999991,0,0,0,0,0,0,5db12d71700fea84,mixed@1
ugs_event,mixed,1.0,1004,0019_1003,50,5.0,2,2,2,2,2,2,743.728,2,371.864,12,97,1,1,1,1,0,0,0,0,0,0,0,0,1,1,0,0,0,0,0,0,0,7.0,7,1,1202.179,6,824.121233,522.517559,0,1092.227,6,260.30575,0,0,0,0,0,0,b913f1f6a5c9c864,mixed@1
ugs_event,mixed,1.0,1005,0019_1003,50,5.0,2,2,2,2,2,2,697.79,2,348.895,11,97,1,1,1,1,0,0,0,0,0,0,0,0,1,1,0,0,0,0,0,0,0,7.0,7,2,1225.723,6,834.023098,532.3977980000001,0,988.5410000000002,6,238.02425000000005,0,0,0,0,0,0,692d254e6b6408ad,mixed@1
robust_event,clean,1.0,1001,0006_0000,182,18.2,11,11,10,11,11,10,4636.834000000001,11,965.6009999999999,63,334,0,0,0,0,0,0,0,0,0,0,0,0,0,0,0,0,0,0,0,0,0,31.0,31,12,6139.698,29,3707.848693,2609.905552,0,6418.514999999995,31,308.6745000000001,0,0,0,0,0,0,30c1c87d85f98c0a,clean@1
robust_event,clean,1.0,1001,0012_0000,78,7.8,2,0,0,2,0,0,0.0,0,,0,97,0,0,0,0,0,0,0,0,0,0,0,0,0,0,0,0,0,0,0,0,0,0.0,0,0,0.0,0,532.74,62.4,0,0.0,0,,0,0,0,0,0,0,3893ac2adf1cee7a,clean@1
robust_event,clean,1.0,1001,0015_0090,286,28.6,10,9,7,8,8,7,6473.814999999999,9,1778.7567999999992,74,618,0,0,0,0,0,0,0,0,0,0,0,0,0,0,0,0,0,0,0,0,0,29.0,29,0,4546.599,27,3761.08208,2036.028737,0,4757.722999999998,29,201.3387999999993,0,0,0,0,0,0,8c28e17ebea04c42,clean@1
robust_event,clean,1.0,1001,0016_0000,209,20.9,16,16,7,14,14,5,28655.273,16,4812.018,233,1652,0,0,0,0,0,0,0,0,0,0,0,0,0,0,0,0,0,0,0,0,0,41.0,41,13,8057.307,41,4615.694673,3354.780522,0,8109.799999999992,41,289.91100000000006,0,0,0,0,0,0,b74544d5d7880cc9,clean@1
robust_event,clean,1.0,1001,0017_0000,145,14.5,9,9,8,9,9,8,8857.379,9,3001.437399999999,118,718,0,0,0,0,0,0,0,0,0,0,0,0,0,0,0,0,0,0,0,0,0,29.0,29,8,5414.815,29,3149.4516349999994,2274.633982,0,5454.154999999997,29,279.51799999999986,0,0,0,0,0,0,638469e8a84d40c0,clean@1
robust_event,clean,1.0,1001,0019_0618,89,8.9,11,11,10,9,9,8,6961.2379999999985,11,1764.3274999999999,102,592,0,0,0,0,0,0,0,0,0,0,0,0,0,0,0,0,0,0,0,0,0,18.0,18,0,2877.201,18,1739.21057,1202.24686,0,2901.5470000000005,18,175.43770000000055,0,0,0,0,0,0,d86bf537966e9f93,clean@1
robust_event,clean,1.0,1001,0019_1003,50,5.0,2,2,2,2,2,2,721.424,2,360.712,18,97,0,0,0,0,0,0,0,0,0,0,0,0,0,0,0,0,0,0,0,0,0,10.0,10,3,1851.208,10,1084.742759,783.0778349999999,0,1864.7489999999998,10,272.9597,0,0,0,0,0,0,3d1510a400286898,clean@1
robust_event,spam,1.0,1001,0006_0000,182,18.2,11,11,10,11,11,10,4636.834000000001,11,965.6009999999999,63,334,4,1,4,1,0,0,0,0,0,0,0,0,2,1,0,0,0,0,0,0,0,33.0,33,14,6676.346,30,3926.1914129999996,2828.2145149999997,0,6756.486999999996,32,322.3767500000008,0,0,0,0,0,0,65b771ceaf575251,spam@1
robust_event,spam,1.0,1002,0006_0000,182,18.2,11,11,10,11,11,10,4704.102000000001,11,967.0825,63,334,11,3,11,3,0,0,0,0,0,0,0,0,4,3,0,0,0,0,0,0,0,31.0,31,12,6212.352,29,3737.8158240000002,2639.838988,0,5932.249999999998,28,313.38939999999974,0,0,0,0,0,0,da214cd864473b41,spam@1
robust_event,spam,1.0,1003,0006_0000,182,18.2,11,11,10,11,11,10,4669.295,11,959.565,64,334,11,3,11,3,0,0,0,0,0,0,0,0,5,3,0,0,0,0,0,0,0,34.0,34,15,6954.241,30,4039.836989,2941.807406,0,6982.770999999999,31,418.11699999999996,0,0,0,0,0,0,e542e30519dfa562,spam@1
robust_event,spam,1.0,1004,0006_0000,182,18.2,11,11,9,11,11,9,5716.497999999998,11,1608.1029999999996,60,334,9,3,9,3,0,0,0,0,0,0,0,0,3,3,0,0,0,0,0,0,0,31.0,31,11,5966.609,28,3638.463683,2540.4830799999995,0,5591.361999999997,28,294.5346500000002,0,0,0,0,0,0,351016692de60d30,spam@1
robust_event,spam,1.0,1005,0006_0000,182,18.2,11,11,10,11,11,10,4643.276000000003,11,964.9285000000004,63,334,7,2,7,2,0,0,0,0,0,0,0,0,3,2,0,0,0,0,0,0,0,31.0,31,12,6170.761,29,3720.684977,2622.703415,0,6119.050000000004,29,310.29419999999965,0,0,0,0,0,0,e998c6280bffc0ed,spam@1
robust_event,spam,1.0,1001,0012_0000,78,7.8,2,0,0,2,0,0,0.0,0,,0,97,0,0,0,0,0,0,0,0,0,0,0,0,0,0,0,0,0,0,0,0,0,0.0,0,0,0.0,0,532.74,62.4,0,0.0,0,,0,0,0,0,0,0,6bea2520b47d7fec,spam@1
robust_event,spam,1.0,1002,0012_0000,78,7.8,2,0,0,2,0,0,0.0,0,,0,97,1,0,1,0,0,0,0,0,0,0,0,0,1,0,0,0,0,0,0,0,0,2.0,2,2,502.969,1,737.023095,266.653216,0,654.4089999999997,2,396.4113499999997,0,0,0,0,0,0,3f000d9a68588b55,spam@1
robust_event,spam,1.0,1003,0012_0000,78,7.8,2,0,0,2,0,0,0.0,0,,0,97,4,2,4,2,0,0,0,0,0,0,0,0,2,2,0,0,0,0,0,0,0,2.0,2,2,517.85,1,743.158411,272.784078,0,0.0,0,,0,0,0,0,0,0,e8222592123b7c1f,spam@1
robust_event,spam,1.0,1004,0012_0000,78,7.8,2,0,0,2,0,0,0.0,0,,0,97,4,0,4,0,0,0,0,0,0,0,0,0,2,0,0,0,0,0,0,0,0,0.0,0,0,0.0,0,532.74,62.4,0,0.0,0,,0,0,0,0,0,0,f73fe466aef1244f,spam@1
robust_event,spam,1.0,1005,0012_0000,78,7.8,2,0,0,2,0,0,0.0,0,,0,97,8,0,8,0,0,0,0,0,0,0,0,0,3,0,0,0,0,0,0,0,0,0.0,0,0,0.0,0,532.74,62.4,0,0.0,0,,0,0,0,0,0,0,92e5e262a8f6acfd,spam@1
robust_event,spam,1.0,1001,0015_0090,286,28.6,10,9,7,8,8,7,6472.314999999999,9,1778.7567999999992,73,618,14,6,14,6,0,0,0,0,0,0,0,0,7,5,0,0,0,0,0,0,0,31.0,30,0,4723.201,30,3830.908006,2105.818687,0,3939.0690000000004,25,170.06720000000132,0,0,0,0,0,0,cb07931d70065abb,spam@1
robust_event,spam,1.0,1002,0015_0090,286,28.6,10,10,8,8,8,7,10101.666999999998,10,3442.8934499999978,78,618,17,4,17,4,0,0,0,0,0,0,0,0,8,4,0,0,0,0,0,0,0,31.0,31,0,4790.502,29,3857.456305,2132.376682,0,4370.607999999998,27,197.5792999999993,0,0,0,0,0,0,802617c08994df17,spam@1
robust_event,spam,1.0,1003,0015_0090,286,28.6,10,10,7,8,8,7,11218.745999999997,10,3547.005549999997,80,618,11,2,11,2,0,0,0,0,0,0,0,0,5,2,0,0,0,0,0,0,0,31.0,31,0,4867.453,29,3888.814359,2163.7204659999998,0,4801.545999999997,29,207.34760000000085,0,0,0,0,0,0,97943762b7e289fa,spam@1
robust_event,spam,1.0,1004,0015_0090,286,28.6,10,10,8,8,8,7,7039.074999999999,10,1747.6246999999987,75,618,3,0,3,0,0,0,0,0,0,0,0,0,2,0,0,0,0,0,0,0,0,30.0,30,0,4654.903,28,3803.8135869999996,2078.759902,0,4869.485000000003,30,200.20559999999944,0,0,0,0,0,0,a9918c0ca81e49cc,spam@1
robust_event,spam,1.0,1005,0015_0090,286,28.6,10,9,7,8,8,7,6243.529000000001,9,1746.5214000000003,74,618,10,1,10,1,0,0,0,0,0,0,0,0,4,1,0,0,0,0,0,0,0,30.0,30,0,4720.257,28,3830.7466179999997,2105.686041,0,4778.0599999999995,29,204.4705999999989,0,0,0,0,0,0,e2e3d290826f58fa,spam@1
robust_event,spam,1.0,1001,0016_0000,209,20.9,16,16,7,14,14,5,28655.273,16,4812.018,234,1652,10,2,10,2,0,0,0,0,0,0,0,0,4,2,0,0,0,0,0,0,0,41.0,41,14,8189.598,41,4669.658484999999,3408.744334,0,7788.224999999992,39,289.9877,0,0,0,0,0,0,58486b9ed95738fe,spam@1
robust_event,spam,1.0,1002,0016_0000,209,20.9,16,16,7,14,14,5,28667.827000000005,16,4806.15975,233,1652,10,1,10,1,0,0,0,0,0,0,0,0,5,1,0,0,0,0,0,0,0,41.0,41,13,8036.886,41,4607.318107,3346.3668860000002,0,7822.046000000005,40,286.9268,0,0,0,0,0,0,22f1a66b7e1ac77d,spam@1
robust_event,spam,1.0,1003,0016_0000,209,20.9,16,16,7,14,14,5,28720.225000000006,16,4834.1810000000005,233,1652,10,1,10,1,0,0,0,0,0,0,0,0,5,1,0,0,0,0,0,0,0,41.0,41,13,8199.626,41,4674.359799,3413.4158290000005,0,8093.235000000005,40,296.6571000000005,0,0,0,0,0,0,779b2873ff7cd017,spam@1
robust_event,spam,1.0,1004,0016_0000,209,20.9,16,16,7,14,14,5,28772.779000000002,16,4783.83225,233,1652,17,3,17,3,0,0,0,0,0,0,0,0,8,3,0,0,0,0,0,0,0,41.0,41,13,8130.184,41,4645.789602,3384.8059630000007,0,7501.58,38,289.34645000000035,0,0,0,0,0,0,570bbd73b7cadca4,spam@1
robust_event,spam,1.0,1005,0016_0000,209,20.9,16,16,7,14,14,5,28710.326999999997,16,4813.05,233,1652,8,2,8,2,0,0,0,0,0,0,0,0,5,2,0,0,0,0,0,0,0,41.0,41,13,8085.6,41,4627.730992,3366.797293,0,7714.518999999998,39,283.8180999999996,0,0,0,0,0,0,49b32baa315e8d5c,spam@1
robust_event,spam,1.0,1001,0017_0000,145,14.5,9,9,8,9,9,8,8857.379,9,3001.437399999999,118,718,6,2,6,2,0,0,0,0,0,0,0,0,2,2,0,0,0,0,0,0,0,29.0,29,8,5414.815,29,3149.4516349999994,2274.633982,0,5120.097999999998,27,280.11149999999986,0,0,0,0,0,0,9b7a0833747890da,spam@1
robust_event,spam,1.0,1002,0017_0000,145,14.5,9,9,7,9,9,7,9424.997,9,3083.046199999999,118,718,3,1,3,1,0,0,0,0,0,0,0,0,1,1,0,0,0,0,0,0,0,29.0,29,9,5620.595,29,3233.887561,2359.0550989999997,0,5402.172000000002,28,278.82914999999963,0,0,0,0,0,0,fd65928d4c5ba2d8,spam@1
robust_event,spam,1.0,1003,0017_0000,145,14.5,9,9,8,9,9,8,8884.855000000001,9,3016.524399999999,117,718,3,1,3,1,0,0,0,0,0,0,0,0,1,1,0,0,0,0,0,0,0,29.0,29,8,5475.376,29,3174.4189819999997,2299.584801,0,5371.2959999999985,28,271.13789999999943,0,0,0,0,0,0,ade1f0ad38a45f3b,spam@1
robust_event,spam,1.0,1004,0017_0000,145,14.5,9,9,8,9,9,8,8935.4,9,2996.855999999999,118,718,7,2,7,2,0,0,0,0,0,0,0,0,3,2,0,0,0,0,0,0,0,29.0,29,8,5465.962,29,3170.5190749999997,2295.706194,0,5210.368999999999,27,283.80289999999957,0,0,0,0,0,0,a46c360a702fdb57,spam@1
robust_event,spam,1.0,1005,0017_0000,145,14.5,9,9,8,9,9,8,8883.649,9,2994.867399999999,118,718,6,1,6,1,0,0,0,0,0,0,0,0,2,1,0,0,0,0,0,0,0,29.0,29,8,5510.341,29,3188.821305,2313.990328,0,5377.4400000000005,28,287.04840000000013,0,0,0,0,0,0,c48a2fd886511813,spam@1
robust_event,spam,1.0,1001,0019_0618,89,8.9,11,11,10,9,9,8,6961.2379999999985,11,1764.3274999999999,102,592,2,0,2,0,0,0,0,0,0,0,0,0,1,0,0,0,0,0,0,0,0,18.0,18,0,2877.201,18,1739.21057,1202.24686,0,2901.5470000000005,18,175.43770000000055,0,0,0,0,0,0,bf4dd59de287d68e,spam@1
robust_event,spam,1.0,1002,0019_0618,89,8.9,11,11,10,9,9,8,6832.860000000002,11,1754.3490000000002,102,592,7,2,7,2,0,0,0,0,0,0,0,0,4,2,0,0,0,0,0,0,0,18.0,18,0,2907.035,18,1751.5186259999998,1214.5383359999998,0,2598.981000000001,16,188.3259999999999,0,0,0,0,0,0,1c6c9273e6c98cec,spam@1
robust_event,spam,1.0,1003,0019_0618,89,8.9,11,11,10,9,9,8,6913.017000000001,11,1760.964,102,592,5,0,5,0,0,0,0,0,0,0,0,0,2,0,0,0,0,0,0,0,0,18.0,18,0,2954.757,18,1771.1758859999998,1234.19984,0,2979.013000000001,18,181.70795000000004,0,0,0,0,0,0,ebd7957d755ab607,spam@1
robust_event,spam,1.0,1004,0019_0618,89,8.9,11,11,10,9,9,8,7053.157,11,1767.402,102,592,10,2,10,2,0,0,0,0,0,0,0,0,5,2,0,0,0,0,0,0,0,18.0,18,0,2975.693,18,1779.779479,1242.825483,0,2680.0559999999996,16,187.40349999999995,0,0,0,0,0,0,d9d32c8aaba56174,spam@1
robust_event,spam,1.0,1005,0019_0618,89,8.9,11,11,10,9,9,8,6868.880000000001,11,1759.9695,102,592,2,0,2,0,0,0,0,0,0,0,0,0,1,0,0,0,0,0,0,0,0,18.0,18,0,2930.131,18,1761.030986,1224.053996,0,2954.3410000000017,18,177.76469999999995,0,0,0,0,0,0,8dcec27b4c90ea13,spam@1
robust_event,spam,1.0,1001,0019_1003,50,5.0,2,2,2,2,2,2,724.424,2,362.212,20,97,4,3,4,3,0,0,0,0,0,0,0,0,3,3,0,0,0,0,0,0,0,11.0,11,3,2000.549,11,1144.223301,842.536233,0,1559.2799999999997,8,273.9591,0,0,0,0,0,0,bc46eb0e8c3d6b14,spam@1
robust_event,spam,1.0,1002,0019_1003,50,5.0,2,2,2,2,2,2,696.894,2,348.447,18,97,1,0,1,0,0,0,0,0,0,0,0,0,1,0,0,0,0,0,0,0,0,10.0,10,3,1887.609,10,1099.745483,798.075089,0,1900.3430000000003,10,284.94899999999996,0,0,0,0,0,0,55c7c1d868085aea,spam@1
robust_event,spam,1.0,1003,0019_1003,50,5.0,2,2,2,2,2,2,704.806,2,352.403,18,97,0,0,0,0,0,0,0,0,0,0,0,0,0,0,0,0,0,0,0,0,0,10.0,10,3,1848.607,10,1083.678897,782.0061099999999,0,1862.2380000000007,10,267.6062000000002,0,0,0,0,0,0,e7baee1578a2a881,spam@1
robust_event,spam,1.0,1004,0019_1003,50,5.0,2,2,2,2,2,2,743.728,2,371.864,18,97,3,1,3,1,0,0,0,0,0,0,0,0,1,1,0,0,0,0,0,0,0,10.0,10,3,1856.781,10,1087.0256809999998,785.3737189999999,0,1702.0020000000004,9,273.8878,0,0,0,0,0,0,afb4e001db434a90,spam@1
robust_event,spam,1.0,1005,0019_1003,50,5.0,2,2,2,2,2,2,697.79,2,348.895,18,97,8,1,8,1,0,0,0,0,0,0,0,0,4,1,0,0,0,0,0,0,0,10.0,10,3,1840.275,10,1080.2471759999999,778.5731719999999,0,1709.8219999999997,9,268.0412,0,0,0,0,0,0,0d56b6ed4ee2c045,spam@1
robust_event,spam,8.0,1001,0006_0000,182,18.2,11,11,10,11,11,10,4636.834000000001,11,965.6009999999999,66,334,42,16,42,16,0,0,0,0,0,0,0,0,20,13,0,0,0,0,0,0,0,36.0,36,17,7429.461,26,4236.714888,3138.677801,0,3933.2670000000007,20,311.9039500000002,0,0,0,0,0,0,0d2e7678c7217efd,spam@8
robust_event,spam,8.0,1002,0006_0000,182,18.2,11,11,10,11,11,10,4704.102000000001,11,967.0825,65,334,46,13,46,13,0,0,0,0,0,0,0,0,24,12,0,0,0,0,0,0,0,38.0,38,18,7964.512,32,4450.910889000001,3352.8191049999996,0,5630.733000000001,25,400.8160000000011,0,0,0,0,0,0,d2e4eb02f70fc336,spam@8
robust_event,spam,8.0,1003,0006_0000,182,18.2,11,11,10,11,11,10,4666.295,11,958.815,65,334,52,13,52,13,0,0,0,0,0,0,0,0,25,11,0,0,0,0,0,0,0,38.0,37,18,7947.159,30,4447.190498,3349.089367,0,5309.906999999997,24,339.3891000000003,0,0,0,0,0,0,074234182ebac697,spam@8
robust_event,spam,8.0,1004,0006_0000,182,18.2,11,11,10,11,11,10,5651.613,11,1287.69,64,334,45,12,45,12,0,0,0,0,0,0,0,0,24,11,0,0,0,0,0,0,0,38.0,38,19,7864.054,29,4412.646316,3314.5803100000003,0,5806.1219999999985,26,403.0640000000002,0,0,0,0,0,0,93bbe55f087f34f8,spam@8
robust_event,spam,8.0,1005,0006_0000,182,18.2,11,11,9,11,11,9,7394.357,11,1659.226,61,334,53,15,53,15,0,0,0,0,0,0,0,0,23,13,0,0,0,0,0,0,0,37.0,37,16,7372.825,31,4208.102378,3110.033699,0,4331.659000000003,22,322.6756999999999,0,0,0,0,0,0,c09dd534e6e97098,spam@8
robust_event,spam,8.0,1001,0012_0000,78,7.8,2,1,1,2,1,1,432.688,1,432.688,3,97,25,2,25,2,0,0,0,0,0,0,0,0,11,2,0,0,0,0,0,0,0,5.0,5,4,1235.609,3,1033.6921570000002,563.2810619999999,0,939.1930000000001,3,448.76409999999987,0,0,0,0,0,0,9f518a65c0f09bc7,spam@8
robust_event,spam,8.0,1002,0012_0000,78,7.8,2,1,1,2,1,1,765.597,1,765.597,7,97,26,4,26,4,0,0,0,0,0,0,0,0,14,4,0,0,0,0,0,0,0,9.0,9,9,2429.708,6,1519.3440329999999,1048.859495,0,1649.2159999999992,5,436.9435999999998,0,0,0,0,0,0,8b5886198ef57404,spam@8
robust_event,spam,8.0,1003,0012_0000,78,7.8,2,2,0,2,2,0,4824.483,2,3188.4901499999996,4,97,15,3,15,3,0,0,0,0,0,0,0,0,8,3,0,0,0,0,0,0,0,6.0,6,5,1415.493,4,1106.482002,636.042919,0,971.816,3,451.4069999999998,0,0,0,0,0,0,e503e9adc623beaa,spam@8
robust_event,spam,8.0,1004,0012_0000,78,7.8,2,1,0,2,1,0,3160.992,1,3160.992,2,97,35,5,35,5,0,0,0,0,0,0,0,0,19,5,0,0,0,0,0,0,0,6.0,6,6,1581.709,4,1174.972604,704.5241470000001,0,422.4670000000001,1,422.4670000000001,0,0,0,0,0,0,9fd1b830748b7bca,spam@8
robust_event,spam,8.0,1005,0012_0000,78,7.8,2,1,0,2,1,0,1562.755,1,1562.755,2,97,27,4,27,4,0,0,0,0,0,0,0,0,13,4,0,0,0,0,0,0,0,9.0,8,8,2117.802,5,1392.898856,922.424388,0,1545.4689999999996,5,416.6359999999997,0,0,0,0,0,0,79358abffd526ee5,spam@8
robust_event,spam,8.0,1001,0015_0090,286,28.6,10,10,7,8,8,5,7251.848999999997,10,1744.1437999999991,77,618,80,15,80,15,0,0,0,0,0,0,0,0,43,13,0,0,0,0,0,0,0,37.0,37,0,5710.735,32,4228.317815,2503.142651,0,3602.198,22,203.88855000000166,0,0,0,0,0,0,2fb1bb8f024bfa53,spam@8
robust_event,spam,8.0,1002,0015_0090,286,28.6,10,10,8,8,8,7,6907.053999999996,10,1801.132549999999,91,618,72,13,72,13,0,0,0,0,0,0,0,0,37,13,0,0,0,0,0,0,0,43.0,42,0,6659.937,38,4608.161941,2882.8738519999997,0,5022.329999999992,30,211.2145499999993,0,0,0,0,0,0,0c76d9967a7e96ed,spam@8
robust_event,spam,8.0,1003,0015_0090,286,28.6,10,10,7,8,8,6,8014.553999999998,10,1921.10855,98,618,79,17,79,17,0,0,0,0,0,0,0,0,40,17,0,0,0,0,0,0,0,44.0,44,0,6762.632,38,4647.063077,2921.7643810000004,0,4571.799999999997,27,235.3873000000005,0,0,0,0,0,0,0004759bb5942546,spam@8
robust_event,spam,8.0,1004,0015_0090,286,28.6,10,10,9,8,8,7,5427.015000000003,10,1353.072799999998,95,618,69,20,69,20,0,0,0,0,0,0,0,0,37,19,0,0,0,0,0,0,0,45.0,45,0,7011.105,37,4748.481973,3023.145282,0,4132.233000000006,25,221.28460000000047,0,0,0,0,0,0,fc2dcaafd993e5a5,spam@8
robust_event,spam,8.0,1005,0015_0090,286,28.6,10,10,8,8,8,6,6691.375999999999,10,1886.9902999999995,61,618,79,13,79,13,0,0,0,0,0,0,0,0,38,13,0,0,0,0,0,0,0,26.0,26,0,3996.745,24,3542.6960879999997,1817.6789999999999,0,2087.9359999999956,13,181.0201999999996,0,0,0,0,0,0,8788cc448c87e97a,spam@8
robust_event,spam,8.0,1001,0016_0000,209,20.9,16,16,7,14,14,5,28652.273,16,4810.893,233,1652,53,11,53,11,0,0,0,0,0,0,0,0,27,11,0,0,0,0,0,0,0,41.0,41,13,8048.307,41,4613.066673,3352.152522,0,5767.435999999992,30,282.2124499999991,0,0,0,0,0,0,d1eaa5badd0a9c26,spam@8
robust_event,spam,8.0,1002,0016_0000,209,20.9,16,16,7,14,14,5,28667.827000000005,16,4805.03475,232,1652,54,9,54,9,0,0,0,0,0,0,0,0,32,9,0,0,0,0,0,0,0,41.0,41,13,8033.886,41,4606.442107,3345.4908860000005,0,6007.506000000005,32,280.13525000000004,0,0,0,0,0,0,6d9a9d397ce3b819,spam@8
robust_event,spam,8.0,1003,0016_0000,209,20.9,16,16,10,14,14,8,30190.069000000003,16,6145.09425,228,1652,66,14,66,14,0,0,0,0,0,0,0,0,33,14,0,0,0,0,0,0,0,42.0,42,12,8220.395,42,4682.846587,3421.882656,0,5372.941999999998,28,284.4814000000002,0,0,0,0,0,0,c7f3329a015d51b6,spam@8
robust_event,spam,8.0,1004,0016_0000,209,20.9,16,16,6,14,14,4,29256.947,16,4783.83225,227,1652,65,13,65,13,0,0,0,0,0,0,0,0,33,13,0,0,0,0,0,0,0,41.0,41,13,8118.184,41,4642.285602,3381.301963,0,5901.649999999999,28,289.8979499999999,0,0,0,0,0,0,6e23a99b4a446264,spam@8
robust_event,spam,8.0,1005,0016_0000,209,20.9,16,16,7,14,14,5,28710.326999999997,16,4813.05,230,1652,59,8,59,8,0,0,0,0,0,0,0,0,29,8,0,0,0,0,0,0,0,41.0,41,14,8195.971,41,4673.2038489999995,3412.27015,0,6538.995999999999,33,282.36540000000025,0,0,0,0,0,0,c79d45ae4c0c32a9,spam@8
robust_event,spam,8.0,1001,0017_0000,145,14.5,9,9,8,9,9,8,9363.177,9,3001.437399999999,118,718,32,8,32,8,0,0,0,0,0,0,0,0,15,8,0,0,0,0,0,0,0,29.0,29,8,5411.493,29,3148.4429590000004,2273.6253060000004,0,3728.695999999999,21,272.33600000000024,0,0,0,0,0,0,37995602f6bdca66,spam@8
robust_event,spam,8.0,1002,0017_0000,145,14.5,9,9,8,9,9,8,8878.931,9,2999.704999999999,117,718,52,11,52,11,0,0,0,0,0,0,0,0,26,11,0,0,0,0,0,0,0,29.0,29,7,5390.108,29,3139.64696,2264.814498,0,3249.3210000000026,18,275.83364999999986,0,0,0,0,0,0,6058c640e95a5694,spam@8
robust_event,spam,8.0,1003,0017_0000,145,14.5,9,9,8,9,9,8,8884.855000000001,9,3016.524399999999,118,718,39,8,39,8,0,0,0,0,0,0,0,0,22,8,0,0,0,0,0,0,0,29.0,29,8,5472.376,29,3173.542982,2298.708801,0,3908.467999999998,21,268.898,0,0,0,0,0,0,c58535ea7ad91eb9,spam@8
robust_event,spam,8.0,1004,0017_0000,145,14.5,9,9,8,9,9,8,8932.4,9,2995.0559999999987,118,718,45,10,45,10,0,0,0,0,0,0,0,0,22,10,0,0,0,0,0,0,0,29.0,29,7,5356.018,29,3126.302501,2251.48962,0,3483.6539999999986,19,274.98359999999997,0,0,0,0,0,0,ddee983b9f6482f5,spam@8
robust_event,spam,8.0,1005,0017_0000,145,14.5,9,9,8,9,9,8,9374.351,9,2994.867399999999,117,718,36,10,36,10,0,0,0,0,0,0,0,0,20,10,0,0,0,0,0,0,0,29.0,29,8,5511.841,29,3189.259305,2314.428328,0,3608.213000000001,19,276.8339999999992,0,0,0,0,0,0,6ebf7ce00fe5c1fb,spam@8
robust_event,spam,8.0,1001,0019_0618,89,8.9,11,11,10,9,9,8,6959.7379999999985,11,1764.3274999999999,102,592,24,3,24,3,0,0,0,0,0,0,0,0,14,3,0,0,0,0,0,0,0,18.0,18,0,2874.201,18,1738.3345699999998,1201.37086,0,2398.523,15,172.0324000000002,0,0,0,0,0,0,32b68b8854fa0fa3,spam@8
robust_event,spam,8.0,1002,0019_0618,89,8.9,11,11,10,9,9,8,6823.860000000002,11,1754.3490000000002,102,592,31,4,31,4,0,0,0,0,0,0,0,0,16,4,0,0,0,0,0,0,0,18.0,18,0,2904.035,18,1750.6426259999996,1213.6623359999999,0,2250.8370000000004,14,181.07724999999974,0,0,0,0,0,0,5a2c89ab57357d76,spam@8
robust_event,spam,8.0,1003,0019_0618,89,8.9,11,11,10,9,9,8,6911.517000000001,11,1760.964,99,592,25,7,25,7,0,0,0,0,0,0,0,0,13,7,0,0,0,0,0,0,0,18.0,18,0,2947.257,18,1768.9858859999997,1232.00984,0,1853.5010000000007,11,180.9860000000001,0,0,0,0,0,0,3fa23cd86f575631,spam@8
robust_event,spam,8.0,1004,0019_0618,89,8.9,11,11,10,9,9,8,7053.157,11,1767.402,100,592,27,6,27,6,0,0,0,0,0,0,0,0,14,6,0,0,0,0,0,0,0,18.0,18,0,2971.193,18,1778.465479,1241.511483,0,1998.1870000000004,12,188.74309999999988,0,0,0,0,0,0,03b0123d86196313,spam@8
robust_event,spam,8.0,1005,0019_0618,89,8.9,11,10,9,9,9,8,7309.467,10,2022.652849999998,97,592,39,7,39,7,0,0,0,0,0,0,0,0,19,7,0,0,0,0,0,0,0,18.0,17,1,2898.881,18,1751.030767,1214.058823,0,1629.7479999999994,10,182.6613500000001,0,0,0,0,0,0,48087f3a5594f81b,spam@8
robust_event,spam,8.0,1001,0019_1003,50,5.0,2,2,2,2,2,2,721.424,2,360.712,19,97,14,5,14,5,0,0,0,0,0,0,0,0,7,5,0,0,0,0,0,0,0,11.0,11,5,2231.794,10,1240.478392,938.7991650000001,0,1254.1970000000001,6,274.95849999999996,0,0,0,0,0,0,932fe81589b2945d,spam@8
robust_event,spam,8.0,1002,0019_1003,50,5.0,2,2,2,2,2,2,696.894,2,348.447,18,97,18,4,18,4,0,0,0,0,0,0,0,0,9,4,0,0,0,0,0,0,0,11.0,10,3,2041.909,10,1163.31946,861.6464179999999,0,1328.2590000000002,7,267.9101999999999,0,0,0,0,0,0,94f45008370053b2,spam@8
robust_event,spam,8.0,1003,0019_1003,50,5.0,2,2,2,2,2,2,704.806,2,352.403,23,97,12,4,12,4,0,0,0,0,0,0,0,0,7,4,0,0,0,0,0,0,0,13.0,12,3,2353.784,12,1288.0743380000001,986.359148,0,1655.1210000000005,9,267.35040000000004,0,0,0,0,0,0,8c8eccaf7668f89e,spam@8
robust_event,spam,8.0,1004,0019_1003,50,5.0,2,2,2,2,2,2,743.728,2,371.864,18,97,9,3,9,3,0,0,0,0,0,0,0,0,3,3,0,0,0,0,0,0,0,10.0,10,3,1856.781,10,1087.0256809999998,785.3737189999999,0,1214.3920000000003,7,251.78749999999994,0,0,0,0,0,0,cab4b690a9c43a28,spam@8
robust_event,spam,8.0,1005,0019_1003,50,5.0,2,2,2,2,2,2,941.286,2,470.643,18,97,10,4,10,4,0,0,0,0,0,0,0,0,6,4,0,0,0,0,0,0,0,10.0,10,4,1962.023,10,1130.0473210000002,828.373317,0,1030.9119999999996,6,227.1959999999999,0,0,0,0,0,0,b4022aa3d1a7e362,spam@8
robust_event,replay_exact,1.0,1001,0006_0000,182,18.2,11,11,10,11,11,10,4636.834000000001,11,965.6009999999999,63,334,0,0,0,0,0,0,0,0,0,0,0,0,0,0,0,0,0,0,0,0,0,31.0,31,12,6139.698,29,3707.848693,2609.905552,0,6418.514999999995,31,308.6745000000001,0,0,0,0,0,0,76326ae1602ebe13,replay_exact@1
robust_event,replay_exact,1.0,1002,0006_0000,182,18.2,11,11,10,11,11,10,4704.102000000001,11,967.0825,63,334,0,0,0,0,0,0,0,0,0,0,0,0,0,0,0,0,0,0,0,0,0,31.0,31,12,6212.352,29,3737.8158240000002,2639.838988,0,6494.167999999998,31,307.41399999999965,0,0,0,0,0,0,bd44b68e9220e648,replay_exact@1
robust_event,replay_exact,1.0,1003,0006_0000,182,18.2,11,11,10,11,11,10,5226.620999999999,11,1187.4685,59,312,8,2,0,0,8,2,8,2,0,0,0,0,1,1,2,0,0,0,0,0,0,31.0,31,13,6308.307,28,3778.5077659999997,2680.5426580000003,0,6108.489999999998,29,311.9849999999996,0,0,0,0,0,0,79dcb553602a7240,replay_exact@1
robust_event,replay_exact,1.0,1004,0006_0000,182,18.2,11,11,9,11,11,9,5942.013000000001,11,1468.3090000000002,49,261,27,7,0,0,27,7,27,7,0,0,0,0,3,3,7,0,0,0,0,0,0,34.0,34,12,6505.042,32,3853.844321,2755.837268,0,5536.546999999999,27,286.88239999999996,0,0,0,0,0,0,705f7388f85f0de5,replay_exact@1
robust_event,replay_exact,1.0,1005,0006_0000,182,18.2,11,11,10,11,11,10,5032.772000000004,11,1011.3305000000005,60,321,5,1,0,0,5,1,5,1,0,0,0,0,1,1,1,0,0,0,0,0,0,31.0,31,12,6108.804,29,3695.703316,2597.7174400000004,0,6110.626000000007,30,302.41939999999977,0,0,0,0,0,0,6c9daf99b06bab04,replay_exact@1
robust_event,replay_exact,1.0,1001,0012_0000,78,7.8,2,0,0,2,0,0,0.0,0,,0,94,4,0,0,0,4,0,4,0,0,0,0,0,1,0,0,0,0,0,0,0,0,0.0,0,0,0.0,0,532.74,62.4,0,0.0,0,,0,0,0,0,0,0,c6bc0808b1224805,replay_exact@1
robust_event,replay_exact,1.0,1002,0012_0000,78,7.8,2,0,0,2,0,0,0.0,0,,0,90,7,0,0,0,7,0,7,0,0,0,0,0,1,0,0,0,0,0,0,0,0,0.0,0,0,0.0,0,532.74,62.4,0,0.0,0,,0,0,0,0,0,0,324fdcbebbc7157f,replay_exact@1
robust_event,replay_exact,1.0,1003,0012_0000,78,7.8,2,0,0,2,0,0,0.0,0,,0,97,0,0,0,0,0,0,0,0,0,0,0,0,0,0,0,0,0,0,0,0,0,0.0,0,0,0.0,0,532.74,62.4,0,0.0,0,,0,0,0,0,0,0,f9afbbeb1e6bcb73,replay_exact@1
robust_event,replay_exact,1.0,1004,0012_0000,78,7.8,2,0,0,2,0,0,0.0,0,,0,97,0,0,0,0,0,0,0,0,0,0,0,0,0,0,0,0,0,0,0,0,0,0.0,0,0,0.0,0,532.74,62.4,0,0.0,0,,0,0,0,0,0,0,90e06166746c7f7e,replay_exact@1
robust_event,replay_exact,1.0,1005,0012_0000,78,7.8,2,0,0,2,0,0,0.0,0,,0,97,0,0,0,0,0,0,0,0,0,0,0,0,0,0,0,0,0,0,0,0,0,0.0,0,0,0.0,0,532.74,62.4,0,0.0,0,,0,0,0,0,0,0,f5103e62f1f25aed,replay_exact@1
robust_event,replay_exact,1.0,1001,0015_0090,286,28.6,10,9,7,8,8,7,6766.780999999999,9,1778.7567999999992,59,562,30,4,0,0,30,4,30,4,0,0,0,0,3,2,4,0,0,0,0,0,0,26.0,26,0,4059.318,26,3565.775085,1840.758901,0,3475.0509999999995,22,170.34990000000136,0,0,0,0,0,0,a6b5ec08a70ea050,replay_exact@1
robust_event,replay_exact,1.0,1002,0015_0090,286,28.6,10,9,7,8,8,7,6460.863,9,1803.8608000000002,74,570,29,3,0,0,29,3,29,3,0,0,0,0,3,1,3,0,0,0,0,0,0,32.0,32,0,5027.889,30,3951.2419800000002,2226.1302170000004,0,4738.838000000002,29,196.05939999999933,0,0,0,0,0,0,57811bb8715d9d40,replay_exact@1
robust_event,replay_exact,1.0,1003,0015_0090,286,28.6,10,10,7,8,8,7,11964.774999999998,10,3666.4281499999965,80,589,24,3,0,0,24,3,24,3,0,0,0,0,3,2,3,0,0,0,0,0,0,34.0,34,0,5370.754,31,4088.6746090000006,2363.520812,0,5212.649999999996,31,228.27050000000054,0,0,0,0,0,0,9dbb65079edb0841,replay_exact@1
robust_event,replay_exact,1.0,1004,0015_0090,286,28.6,10,9,7,8,8,7,6506.149999999999,9,1784.3053999999993,64,511,40,10,0,0,40,10,40,10,0,0,0,0,4,4,10,0,0,0,0,0,0,34.0,34,0,5349.556,34,4074.964633,2349.837246,0,3811.7099999999973,24,180.57425000000003,0,0,0,0,0,0,418a5d3bb613fa57,replay_exact@1
robust_event,replay_exact,1.0,1005,0015_0090,286,28.6,10,9,7,8,8,7,6918.608000000003,9,1982.905,72,603,21,0,0,0,21,0,21,0,0,0,0,0,3,0,0,0,0,0,0,0,0,27.0,27,0,4248.298,25,3642.098504,1917.0886130000001,0,4453.086000000001,27,209.63219999999882,0,0,0,0,0,0,e3fd69f3821215fd,replay_exact@1
robust_event,replay_exact,1.0,1001,0016_0000,209,20.9,16,16,7,14,14,5,28655.273,16,4812.018,213,1503,25,5,0,0,25,5,25,5,0,0,0,0,2,2,5,0,0,0,0,0,0,41.0,41,12,7978.608,41,4581.110583,3320.1964319999997,0,6933.412999999995,36,281.2275000000004,0,0,0,0,0,0,b08f6fa4c8957920,replay_exact@1
robust_event,replay_exact,1.0,1002,0016_0000,209,20.9,16,16,7,14,14,5,28667.827000000005,16,4806.15975,212,1492,15,3,0,0,15,3,15,3,0,0,0,0,1,1,3,0,0,0,0,0,0,41.0,41,13,8024.886,41,4603.814106999999,3342.862886,0,7591.577000000004,38,287.26239999999996,0,0,0,0,0,0,f10b80bbe868ab6e,replay_exact@1
robust_event,replay_exact,1.0,1003,0016_0000,209,20.9,16,16,7,14,14,5,28720.225000000006,16,4834.1810000000005,217,1498,19,3,0,0,19,3,19,3,0,0,0,0,2,2,3,0,0,0,0,0,0,41.0,41,12,8101.371,41,4634.058730000001,3373.11476,0,7668.694000000005,38,297.5013000000004,0,0,0,0,0,0,4142d34536d8f122,replay_exact@1
robust_event,replay_exact,1.0,1004,0016_0000,209,20.9,16,16,7,14,14,5,28772.779000000002,16,4783.83225,233,1652,0,0,0,0,0,0,0,0,0,0,0,0,0,0,0,0,0,0,0,0,0,41.0,41,13,8130.184,41,4645.789602,3384.8059630000007,0,8185.778999999999,41,289.1810000000005,0,0,0,0,0,0,19f01e72714ec798,replay_exact@1
robust_event,replay_exact,1.0,1005,0016_0000,209,20.9,16,16,7,14,14,5,31102.838999999996,16,6060.302,207,1477,24,5,0,0,24,5,24,5,0,0,0,0,2,2,5,0,0,0,0,0,0,41.0,41,11,7881.866,41,4544.872452999999,3283.938754,0,7005.1879999999965,36,280.86775000000034,0,0,0,0,0,0,9a11319ccd2246e8,replay_exact@1
robust_event,replay_exact,1.0,1001,0017_0000,145,14.5,9,9,8,9,9,8,8857.379,9,3001.437399999999,118,718,0,0,0,0,0,0,0,0,0,0,0,0,0,0,0,0,0,0,0,0,0,29.0,29,8,5414.815,29,3149.4516349999994,2274.633982,0,5454.154999999997,29,279.51799999999986,0,0,0,0,0,0,0ef274b25e932f5c,replay_exact@1
robust_event,replay_exact,1.0,1002,0017_0000,145,14.5,9,9,8,9,9,8,8880.431,9,2999.704999999999,105,664,11,3,0,0,11,3,11,3,0,0,0,0,1,1,3,0,0,0,0,0,0,29.0,29,11,5834.399,29,3322.694683,2447.8622210000003,0,5067.308000000003,26,279.4282499999996,0,0,0,0,0,0,883cfb588dc2d1f8,replay_exact@1
robust_event,replay_exact,1.0,1003,0017_0000,145,14.5,9,9,8,9,9,8,8884.855000000001,9,3016.524399999999,118,718,0,0,0,0,0,0,0,0,0,0,0,0,0,0,0,0,0,0,0,0,0,29.0,29,8,5475.376,29,3174.4189819999997,2299.584801,0,5514.287999999999,29,270.9655999999995,0,0,0,0,0,0,11ddcac2257cb98f,replay_exact@1
robust_event,replay_exact,1.0,1004,0017_0000,145,14.5,9,9,8,9,9,8,8935.4,9,2996.855999999999,118,718,0,0,0,0,0,0,0,0,0,0,0,0,0,0,0,0,0,0,0,0,0,29.0,29,8,5465.962,29,3170.5190749999997,2295.706194,0,5503.558999999999,29,283.6381999999996,0,0,0,0,0,0,9f1efa846d687332,replay_exact@1
robust_event,replay_exact,1.0,1005,0017_0000,145,14.5,9,9,8,9,9,8,8883.649,9,2994.867399999999,118,718,0,0,0,0,0,0,0,0,0,0,0,0,0,0,0,0,0,0,0,0,0,29.0,29,8,5510.341,29,3188.821305,2313.990328,0,5549.544,29,286.0396,0,0,0,0,0,0,3657562e070f7d1a,replay_exact@1
robust_event,replay_exact,1.0,1001,0019_0618,89,8.9,11,11,10,9,9,8,6961.2379999999985,11,1764.3274999999999,102,592,0,0,0,0,0,0,0,0,0,0,0,0,0,0,0,0,0,0,0,0,0,18.0,18,0,2877.201,18,1739.21057,1202.24686,0,2901.5470000000005,18,175.43770000000055,0,0,0,0,0,0,143ea7ecfb9deb75,replay_exact@1
robust_event,replay_exact,1.0,1002,0019_0618,89,8.9,11,11,10,9,9,8,6832.860000000002,11,1754.3490000000002,102,592,0,0,0,0,0,0,0,0,0,0,0,0,0,0,0,0,0,0,0,0,0,18.0,18,0,2907.035,18,1751.5186259999998,1214.5383359999998,0,2930.311000000001,18,188.11079999999995,0,0,0,0,0,0,137e5a3b62493438,replay_exact@1
robust_event,replay_exact,1.0,1003,0019_0618,89,8.9,11,11,10,9,9,8,6913.017000000001,11,1760.964,102,592,0,0,0,0,0,0,0,0,0,0,0,0,0,0,0,0,0,0,0,0,0,18.0,18,0,2954.757,18,1771.1758859999998,1234.19984,0,2979.013000000001,18,181.70795000000004,0,0,0,0,0,0,1315844b09afdea1,replay_exact@1
robust_event,replay_exact,1.0,1004,0019_0618,89,8.9,11,11,10,9,9,8,7053.157,11,1767.402,102,592,0,0,0,0,0,0,0,0,0,0,0,0,0,0,0,0,0,0,0,0,0,18.0,18,0,2975.693,18,1779.779479,1242.825483,0,2999.433,18,186.73369999999997,0,0,0,0,0,0,b11efb0ca6bcd6ef,replay_exact@1
robust_event,replay_exact,1.0,1005,0019_0618,89,8.9,11,11,10,9,9,8,6868.880000000001,11,1759.9695,102,592,0,0,0,0,0,0,0,0,0,0,0,0,0,0,0,0,0,0,0,0,0,18.0,18,0,2930.131,18,1761.030986,1224.053996,0,2954.3410000000017,18,177.76469999999995,0,0,0,0,0,0,e90ed470a34ad834,replay_exact@1
robust_event,replay_exact,1.0,1001,0019_1003,50,5.0,2,2,2,2,2,2,721.424,2,360.712,18,97,0,0,0,0,0,0,0,0,0,0,0,0,0,0,0,0,0,0,0,0,0,10.0,10,3,1851.208,10,1084.742759,783.0778349999999,0,1864.7489999999998,10,272.9597,0,0,0,0,0,0,4636cd0958c1e7a6,replay_exact@1
robust_event,replay_exact,1.0,1002,0019_1003,50,5.0,2,2,2,2,2,2,696.894,2,348.447,18,97,0,0,0,0,0,0,0,0,0,0,0,0,0,0,0,0,0,0,0,0,0,10.0,10,3,1887.609,10,1099.745483,798.075089,0,1900.3430000000003,10,284.94899999999996,0,0,0,0,0,0,63717f329ca4dece,replay_exact@1
robust_event,replay_exact,1.0,1003,0019_1003,50,5.0,2,2,2,2,2,2,704.806,2,352.403,18,97,0,0,0,0,0,0,0,0,0,0,0,0,0,0,0,0,0,0,0,0,0,10.0,10,3,1848.607,10,1083.678897,782.0061099999999,0,1862.2380000000007,10,267.6062000000002,0,0,0,0,0,0,fd3e64497bf5c48f,replay_exact@1
robust_event,replay_exact,1.0,1004,0019_1003,50,5.0,2,2,2,2,2,2,743.728,2,371.864,18,97,0,0,0,0,0,0,0,0,0,0,0,0,0,0,0,0,0,0,0,0,0,10.0,10,3,1856.781,10,1087.0256809999998,785.3737189999999,0,1869.7530000000006,10,272.31514999999996,0,0,0,0,0,0,fb4bc94f3f09682e,replay_exact@1
robust_event,replay_exact,1.0,1005,0019_1003,50,5.0,2,2,2,2,2,2,697.79,2,348.895,17,90,5,1,0,0,5,1,5,1,0,0,0,0,1,1,1,0,0,0,0,0,0,10.0,10,3,1841.775,10,1080.685176,779.011172,0,1606.1859999999997,9,268.0412,0,0,0,0,0,0,2860ee5b6301db55,replay_exact@1
robust_event,replay_perturbed,1.0,1001,0006_0000,182,18.2,11,11,9,11,11,9,5765.897000000001,11,1439.5915,50,252,36,9,0,0,36,9,0,0,36,9,13,3,3,3,9,0,0,0,0,0,0,35.0,34,14,7045.361,30,4076.4646770000004,2978.448736,0,5156.470999999997,25,302.2269999999996,0,0,0,0,0,0,b105ec78e57f093c,replay_perturbed@1
robust_event,replay_perturbed,1.0,1002,0006_0000,182,18.2,11,11,9,11,11,9,7833.153000000001,11,1800.6110000000003,42,234,35,9,0,0,35,9,0,0,35,9,12,3,3,3,8,0,0,0,0,0,0,31.0,31,17,6674.743,25,3936.24224,2838.264057,0,4924.093000000001,22,338.09835,0,0,0,0,0,0,f0ea382ea284ce89,replay_perturbed@1
robust_event,replay_perturbed,1.0,1003,0006_0000,182,18.2,11,11,10,11,11,10,4667.795,11,959.0365000000002,63,334,0,0,0,0,0,0,0,0,0,0,0,0,0,0,0,0,0,0,0,0,0,31.0,31,12,6183.813,29,3726.0545309999998,2628.081005,0,6443.758,31,308.1654999999996,0,0,0,0,0,0,3b1e122c0a2d2f2a,replay_perturbed@1
robust_event,replay_perturbed,1.0,1004,0006_0000,182,18.2,11,11,10,11,11,10,4659.500999999998,11,973.4364999999998,63,334,0,0,0,0,0,0,0,0,0,0,0,0,0,0,0,0,0,0,0,0,0,31.0,31,12,6072.571,29,3680.1991359999997,2582.2493440000003,0,6306.059999999996,31,293.93200000000013,0,0,0,0,0,0,860a962b565c3cd7,replay_perturbed@1
robust_event,replay_perturbed,1.0,1005,0006_0000,182,18.2,11,11,10,11,11,10,4643.276000000003,11,964.9285000000004,60,312,14,3,0,0,14,3,0,0,14,3,14,3,1,1,3,0,0,0,0,0,0,32.0,32,10,6103.843,31,3691.8695930000004,2593.873357,0,5725.818000000006,29,285.1824000000015,0,0,0,0,0,0,08cad7026f458354,replay_perturbed@1
robust_event,replay_perturbed,1.0,1001,0012_0000,78,7.8,2,0,0,2,0,0,0.0,0,,0,97,0,0,0,0,0,0,0,0,0,0,0,0,0,0,0,0,0,0,0,0,0,0.0,0,0,0.0,0,532.74,62.4,0,0.0,0,,0,0,0,0,0,0,fabce50365d7a5c7,replay_perturbed@1
robust_event,replay_perturbed,1.0,1002,0012_0000,78,7.8,2,0,0,2,0,0,0.0,0,,0,97,0,0,0,0,0,0,0,0,0,0,0,0,0,0,0,0,0,0,0,0,0,0.0,0,0,0.0,0,532.74,62.4,0,0.0,0,,0,0,0,0,0,0,5f48481a4d885a43,replay_perturbed@1
robust_event,replay_perturbed,1.0,1003,0012_0000,78,7.8,2,0,0,2,0,0,0.0,0,,0,76,21,1,0,0,21,1,0,0,21,1,6,1,2,1,1,0,0,0,0,0,0,3.0,3,3,819.754,2,865.487229,395.09851900000007,0,751.8429999999998,2,449.01365000000015,0,0,0,0,0,0,f72a408bdb95bdc0,replay_perturbed@1
robust_event,replay_perturbed,1.0,1004,0012_0000,78,7.8,2,0,0,2,0,0,0.0,0,,0,97,0,0,0,0,0,0,0,0,0,0,0,0,0,0,0,0,0,0,0,0,0,0.0,0,0,0.0,0,532.74,62.4,0,0.0,0,,0,0,0,0,0,0,a7f8212e2678e74b,replay_perturbed@1
robust_event,replay_perturbed,1.0,1005,0012_0000,78,7.8,2,0,0,2,0,0,0.0,0,,0,97,0,0,0,0,0,0,0,0,0,0,0,0,0,0,0,0,0,0,0,0,0,0.0,0,0,0.0,0,532.74,62.4,0,0.0,0,,0,0,0,0,0,0,dc830653ded9e042,replay_perturbed@1
robust_event,replay_perturbed,1.0,1001,0015_0090,286,28.6,10,9,8,8,8,7,5974.4259999999995,9,1579.9259999999995,75,612,8,2,0,0,8,2,0,0,8,2,8,2,1,1,2,0,0,0,0,0,0,32.0,32,0,5021.575,30,3949.710636,2224.6087629999997,0,4921.3449999999975,30,199.93539999999933,0,0,0,0,0,0,d0919b0a5066b6de,replay_perturbed@1
robust_event,replay_perturbed,1.0,1002,0015_0090,286,28.6,10,10,7,8,8,7,8006.234999999998,10,2023.1539999999998,80,561,40,9,0,0,40,9,0,0,40,9,12,3,4,3,9,0,0,0,0,0,0,43.0,43,0,6781.712,39,4651.7747850000005,2926.4755400000004,0,5528.583999999995,34,193.82674999999978,0,0,0,0,0,0,549b37aaaa323d47,replay_perturbed@1
robust_event,replay_perturbed,1.0,1003,0015_0090,286,28.6,10,10,7,8,8,7,8189.570999999999,10,1832.3428999999992,67,568,21,3,0,0,21,3,0,0,21,3,0,0,2,2,3,0,0,0,0,0,0,29.0,29,0,4592.774,27,3780.097157,2055.052764,0,4210.590999999997,26,180.66874999999982,0,0,0,0,0,0,af168c248e19b7e9,replay_perturbed@1
robust_event,replay_perturbed,1.0,1004,0015_0090,286,28.6,10,10,7,8,8,7,10945.021999999997,10,3376.367549999997,87,593,13,3,0,0,13,3,0,0,13,3,0,0,1,1,3,0,0,0,0,0,0,37.0,37,0,5769.012,34,4246.5967550000005,2521.3928499999997,0,5541.982000000004,34,206.3823500000003,0,0,0,0,0,0,cf1b972403422636,replay_perturbed@1
robust_event,replay_perturbed,1.0,1005,0015_0090,286,28.6,10,9,7,8,8,7,6417.801000000002,9,1782.5821999999996,74,618,0,0,0,0,0,0,0,0,0,0,0,0,0,0,0,0,0,0,0,0,0,29.0,29,0,4555.434,27,3764.7138210000003,2039.668983,0,4762.764000000001,29,204.4705999999989,0,0,0,0,0,0,8227824699cd0eb2,replay_perturbed@1
robust_event,replay_perturbed,1.0,1001,0016_0000,209,20.9,16,16,6,14,14,4,37060.001000000004,16,6569.89175,169,1225,44,9,0,0,44,9,0,0,44,9,3,1,5,5,9,0,0,0,0,0,0,41.0,41,10,7716.334,41,4478.813947,3217.899796,0,6196.121999999995,32,287.9436499999994,0,0,0,0,0,0,3ff3e3262fceebe9,replay_perturbed@1
robust_event,replay_perturbed,1.0,1002,0016_0000,209,20.9,16,15,6,14,14,5,31378.706,15,5590.201699999996,213,1563,15,4,0,0,15,4,0,0,15,4,8,2,2,2,4,0,0,0,0,0,0,42.0,42,11,8004.014,41,4592.360250999999,3331.3839199999998,0,7261.022000000004,38,278.10130000000004,0,0,0,0,0,0,f9c9f52b1d72953d,replay_perturbed@1
robust_event,replay_perturbed,1.0,1003,0016_0000,209,20.9,16,15,6,14,14,5,28038.73599999999,15,4898.947399999999,231,1635,7,1,0,0,7,1,0,0,7,1,7,1,1,1,1,0,0,0,0,0,0,41.0,41,12,8090.181,41,4628.908632,3367.964662,0,7973.489000000004,40,296.6571000000005,0,0,0,0,0,0,65b3472a62035ffb,replay_perturbed@1
robust_event,replay_perturbed,1.0,1004,0016_0000,209,20.9,16,16,7,14,14,5,28772.779000000002,16,4783.83225,233,1652,0,0,0,0,0,0,0,0,0,0,0,0,0,0,0,0,0,0,0,0,0,41.0,41,13,8130.184,41,4645.789602,3384.8059630000007,0,8185.778999999999,41,289.1810000000005,0,0,0,0,0,0,d16c961e977dca0c,replay_perturbed@1
robust_event,replay_perturbed,1.0,1005,0016_0000,209,20.9,16,16,7,14,14,5,33238.76699999999,16,6310.302,221,1587,8,2,0,0,8,2,0,0,8,2,0,0,1,1,2,0,0,0,0,0,0,41.0,41,15,8312.445,41,4720.471186999999,3459.5374879999995,0,7835.7159999999985,39,283.8180999999996,0,0,0,0,0,0,20855957b11c090f,replay_perturbed@1
robust_event,replay_perturbed,1.0,1001,0017_0000,145,14.5,9,9,8,9,9,8,8857.379,9,3001.437399999999,113,697,8,2,0,0,8,2,0,0,8,2,0,0,1,1,2,0,0,0,0,0,0,29.0,29,8,5429.815,29,3153.8316349999996,2279.013982,0,5139.2289999999975,27,280.11149999999986,0,0,0,0,0,0,86c5372560f608bb,replay_perturbed@1
robust_event,replay_perturbed,1.0,1002,0017_0000,145,14.5,9,9,8,9,9,8,8880.431,9,2999.704999999999,101,637,22,5,0,0,22,5,0,0,22,5,22,5,2,2,5,0,0,0,0,0,0,29.0,29,6,5304.917,29,3103.1082909999996,2228.275829,0,4432.144000000002,24,274.82159999999993,0,0,0,0,0,0,d3d6fe717694f8ab,replay_perturbed@1
robust_event,replay_perturbed,1.0,1003,0017_0000,145,14.5,9,9,8,9,9,8,8884.855000000001,9,3016.524399999999,107,662,14,3,0,0,14,3,0,0,14,3,14,3,1,1,3,0,0,0,0,0,0,29.0,29,7,5367.411,29,3130.4773549999995,2255.643174,0,4820.9,26,268.6940000000001,0,0,0,0,0,0,355b18ec14916789,replay_perturbed@1
robust_event,replay_perturbed,1.0,1004,0017_0000,145,14.5,9,9,8,9,9,8,8935.4,9,2996.855999999999,106,658,15,3,0,0,15,3,0,0,15,3,0,0,1,1,3,0,0,0,0,0,0,29.0,29,8,5461.462,29,3169.205075,2294.392194,0,4698.66,26,283.0024999999998,0,0,0,0,0,0,41a869a158af331b,replay_perturbed@1
robust_event,replay_perturbed,1.0,1005,0017_0000,145,14.5,9,9,8,9,9,8,8883.649,9,2994.867399999999,107,673,12,3,0,0,12,3,0,0,12,3,0,0,1,1,3,0,0,0,0,0,0,29.0,29,9,5599.458,29,3226.977772,2352.146795,0,4962.182999999999,26,289.06600000000026,0,0,0,0,0,0,4113234fd9132de9,replay_perturbed@1
robust_event,replay_perturbed,1.0,1001,0019_0618,89,8.9,11,11,10,9,9,8,6961.2379999999985,11,1764.3274999999999,102,592,0,0,0,0,0,0,0,0,0,0,0,0,0,0,0,0,0,0,0,0,0,18.0,18,0,2877.201,18,1739.21057,1202.24686,0,2901.5470000000005,18,175.43770000000055,0,0,0,0,0,0,5671a74ae23c4c9d,replay_perturbed@1
robust_event,replay_perturbed,1.0,1002,0019_0618,89,8.9,11,11,10,9,9,8,6832.860000000002,11,1754.3490000000002,98,565,6,1,0,0,6,1,0,0,6,1,6,1,1,1,1,0,0,0,0,0,0,18.0,18,0,2913.035,18,1753.270626,1216.290336,0,2777.378000000001,17,188.21839999999992,0,0,0,0,0,0,d5649d47be1a8155,replay_perturbed@1
robust_event,replay_perturbed,1.0,1003,0019_0618,89,8.9,11,11,9,9,9,8,7397.920000000001,11,1962.2325000000003,90,532,9,2,0,0,9,2,0,0,9,2,9,2,1,1,2,0,0,0,0,0,0,18.0,18,1,3092.027,18,1826.830997,1289.854951,0,2616.634000000001,16,179.42825000000005,0,0,0,0,0,0,46cabde38f131667,replay_perturbed@1
robust_event,replay_perturbed,1.0,1004,0019_0618,89,8.9,11,11,9,9,9,8,8031.347000000001,11,2197.351,93,536,11,2,0,0,11,2,0,0,11,2,11,2,1,1,2,0,0,0,0,0,0,18.0,18,0,2989.193,18,1783.721479,1246.767483,0,2670.5020000000004,16,187.40349999999995,0,0,0,0,0,0,5f52bf00ebe80c5b,replay_perturbed@1
robust_event,replay_perturbed,1.0,1005,0019_0618,89,8.9,11,10,8,9,9,8,7114.408,10,2052.172999999998,90,477,22,4,0,0,22,4,0,0,22,4,12,2,3,3,4,0,0,0,0,0,0,18.0,18,0,2958.631,18,1769.3529859999999,1232.375996,0,2303.4280000000003,14,177.82029999999997,0,0,0,0,0,0,ecf83c1e9fb2b3dc,replay_perturbed@1
robust_event,replay_perturbed,1.0,1001,0019_1003,50,5.0,2,2,2,2,2,2,721.424,2,360.712,18,97,0,0,0,0,0,0,0,0,0,0,0,0,0,0,0,0,0,0,0,0,0,10.0,10,3,1851.208,10,1084.742759,783.0778349999999,0,1864.7489999999998,10,272.9597,0,0,0,0,0,0,21fc1b47568ca048,replay_perturbed@1
robust_event,replay_perturbed,1.0,1002,0019_1003,50,5.0,2,2,2,2,2,2,696.894,2,348.447,18,97,0,0,0,0,0,0,0,0,0,0,0,0,0,0,0,0,0,0,0,0,0,10.0,10,3,1887.609,10,1099.745483,798.075089,0,1900.3430000000003,10,284.94899999999996,0,0,0,0,0,0,1d9d1aa640a6ee8a,replay_perturbed@1
robust_event,replay_perturbed,1.0,1003,0019_1003,50,5.0,2,2,2,2,2,2,704.806,2,352.403,18,97,0,0,0,0,0,0,0,0,0,0,0,0,0,0,0,0,0,0,0,0,0,10.0,10,3,1848.607,10,1083.678897,782.0061099999999,0,1862.2380000000007,10,267.6062000000002,0,0,0,0,0,0,cd8ff3818531751d,replay_perturbed@1
robust_event,replay_perturbed,1.0,1004,0019_1003,50,5.0,2,2,2,2,2,2,743.728,2,371.864,18,97,0,0,0,0,0,0,0,0,0,0,0,0,0,0,0,0,0,0,0,0,0,10.0,10,3,1856.781,10,1087.0256809999998,785.3737189999999,0,1869.7530000000006,10,272.31514999999996,0,0,0,0,0,0,6c30ccd25bbe9bc7,replay_perturbed@1
robust_event,replay_perturbed,1.0,1005,0019_1003,50,5.0,2,2,2,2,2,2,697.79,2,348.895,16,83,7,2,0,0,7,2,0,0,7,2,0,0,1,1,2,0,0,0,0,0,0,10.0,10,3,1882.645,10,1097.525043,795.849906,0,1467.1369999999997,8,268.18255000000005,0,0,0,0,0,0,5541ed37ea70fd38,replay_perturbed@1
robust_event,mixed,1.0,1001,0006_0000,182,18.2,11,11,10,11,11,10,5727.923999999999,11,1194.4644999999996,57,307,16,4,0,0,16,4,7,2,9,2,0,0,2,2,4,0,0,0,0,0,0,30.0,30,12,5959.703,27,3636.5554500000007,2538.627738,0,5328.884999999996,26,298.66324999999995,0,0,0,0,0,0,4d284b3f5bd7e437,mixed@1
robust_event,mixed,1.0,1002,0006_0000,182,18.2,11,11,10,11,11,10,4704.102000000001,11,967.0825,63,334,4,1,3,1,1,0,0,0,1,0,1,0,2,1,0,0,0,0,0,0,0,31.0,31,12,6213.852,29,3738.253824,2640.2769879999996,0,6053.513999999997,30,284.3387999999993,0,0,0,0,0,0,00c12e90a80455d6,mixed@1
robust_event,mixed,1.0,1003,0006_0000,182,18.2,11,11,10,11,11,10,4667.795,11,959.0365000000002,63,331,9,3,3,1,6,2,6,2,0,0,0,0,2,2,2,0,0,0,0,0,0,35.0,34,14,7075.405,31,4087.872622000001,2989.8370350000005,0,6633.522000000001,31,334.2150000000006,0,0,0,0,0,0,aea075ca361a97e3,mixed@1
robust_event,mixed,1.0,1004,0006_0000,182,18.2,11,11,8,11,11,8,6492.372999999999,11,1628.1819999999998,51,276,33,7,3,0,30,7,21,5,9,2,9,2,4,3,7,0,0,0,0,0,0,32.0,32,13,6398.553,29,3816.727794,2718.713701,0,4899.850999999998,25,265.64979999999997,0,0,0,0,0,0,a98c43dbdf16392e,mixed@1
robust_event,mixed,1.0,1005,0006_0000,182,18.2,11,11,10,11,11,10,4643.276000000003,11,964.9285000000004,65,334,3,2,3,2,0,0,0,0,0,0,0,0,2,2,0,0,0,0,0,0,0,35.0,35,16,7216.359,30,4147.30613,3049.2598949999997,0,7441.029000000004,33,442.2468000000004,0,0,0,0,0,0,e8d27acedec7db2a,mixed@1
robust_event,mixed,1.0,1001,0012_0000,78,7.8,2,0,0,2,0,0,0.0,0,,0,97,0,0,0,0,0,0,0,0,0,0,0,0,0,0,0,0,0,0,0,0,0,0.0,0,0,0.0,0,532.74,62.4,0,0.0,0,,0,0,0,0,0,0,31ab28c7b9039ba8,mixed@1
robust_event,mixed,1.0,1002,0012_0000,78,7.8,2,0,0,2,0,0,0.0,0,,0,97,1,0,1,0,0,0,0,0,0,0,0,0,1,0,0,0,0,0,0,0,0,0.0,0,0,0.0,0,532.74,62.4,0,0.0,0,,0,0,0,0,0,0,4d70bae4ebdc10f3,mixed@1
robust_event,mixed,1.0,1003,0012_0000,78,7.8,2,0,0,2,0,0,0.0,0,,0,97,1,0,1,0,0,0,0,0,0,0,0,0,1,0,0,0,0,0,0,0,0,0.0,0,0,0.0,0,532.74,62.4,0,0.0,0,,0,0,0,0,0,0,cc78071a6984faed,mixed@1
robust_event,mixed,1.0,1004,0012_0000,78,7.8,2,0,0,2,0,0,0.0,0,,0,97,0,0,0,0,0,0,0,0,0,0,0,0,0,0,0,0,0,0,0,0,0,0.0,0,0,0.0,0,532.74,62.4,0,0.0,0,,0,0,0,0,0,0,c2541a36f5bc284a,mixed@1
robust_event,mixed,1.0,1005,0012_0000,78,7.8,2,1,0,2,1,0,2043.591,1,2043.591,1,97,1,0,1,0,0,0,0,0,0,0,0,0,1,0,0,0,0,0,0,0,0,1.0,1,1,241.082,1,630.013995,159.655626,0,242.5909999999999,1,242.5909999999999,0,0,0,0,0,0,6f052f052442f714,mixed@1
robust_event,mixed,1.0,1001,0015_0090,286,28.6,10,9,7,8,8,7,6622.2249999999985,9,1778.7567999999992,73,618,6,1,6,1,0,0,0,0,0,0,0,0,3,1,0,0,0,0,0,0,0,29.0,29,0,4540.85,26,3759.7155030000004,2034.65039,0,4644.507999999998,28,210.29039999999875,0,0,0,0,0,0,d101729ec98acd26,mixed@1
robust_event,mixed,1.0,1002,0015_0090,286,28.6,10,9,7,8,8,6,6367.534999999999,9,1799.3207999999993,63,588,22,4,4,0,18,4,18,4,0,0,0,0,5,2,4,0,0,0,0,0,0,30.0,30,0,4697.842,28,3822.255079,2097.1707389999997,0,4144.860000000001,26,185.6519999999997,0,0,0,0,0,0,b402c1692f761439,mixed@1
robust_event,mixed,1.0,1003,0015_0090,286,28.6,10,9,7,8,8,7,6420.293999999997,9,1813.292799999999,71,618,10,3,3,1,7,2,7,2,0,0,0,0,2,2,2,0,0,0,0,0,0,30.0,30,0,4673.542,28,3810.265288,2085.179174,0,4350.232999999993,27,191.33819999999977,0,0,0,0,0,0,c603f494efc8f703,mixed@1
robust_event,mixed,1.0,1004,0015_0090,286,28.6,10,9,7,8,8,7,6506.149999999999,9,1784.3053999999993,71,618,5,0,5,0,0,0,0,0,0,0,0,0,2,0,0,0,0,0,0,0,0,28.0,28,0,4388.556,28,3696.568502,1971.545065,0,4425.401999999996,28,179.70125000000002,0,0,0,0,0,0,974aaa209e257e29,mixed@1
robust_event,mixed,1.0,1005,0015_0090,286,28.6,10,9,7,8,8,7,6417.801000000002,9,1782.5821999999996,73,598,30,4,14,2,16,2,0,0,16,2,0,0,8,3,2,0,0,0,0,0,0,31.0,31,0,4861.056,29,3885.4399780000003,2160.364875,0,4459.366,27,209.63219999999882,0,0,0,0,0,0,5c1382b2b071098a,mixed@1
robust_event,mixed,1.0,1001,0016_0000,209,20.9,16,15,10,14,14,9,30229.170000000002,15,6447.207499999998,228,1652,15,2,15,2,0,0,0,0,0,0,0,0,7,2,0,0,0,0,0,0,0,42.0,41,16,8546.46,42,4815.9212259999995,3554.961433,0,8066.312999999993,39,284.37639999999936,0,0,0,0,0,0,d1840e91f98c466e,mixed@1
robust_event,mixed,1.0,1002,0016_0000,209,20.9,16,16,7,14,14,5,28667.827000000005,16,4806.15975,233,1652,5,1,5,1,0,0,0,0,0,0,0,0,2,1,0,0,0,0,0,0,0,41.0,41,13,8036.886,41,4607.318107,3346.3668860000002,0,7948.008000000005,40,286.9268,0,0,0,0,0,0,23e7663ec06f1f2e,mixed@1
robust_event,mixed,1.0,1003,0016_0000,209,20.9,16,16,7,14,14,5,28720.225000000006,16,4834.1810000000005,233,1652,5,0,5,0,0,0,0,0,0,0,0,0,2,0,0,0,0,0,0,0,0,41.0,41,13,8199.626,41,4674.359799,3413.4158290000005,0,8253.978000000006,41,296.2350000000006,0,0,0,0,0,0,aa819f88b9807ece,mixed@1
robust_event,mixed,1.0,1004,0016_0000,209,20.9,16,16,7,14,14,5,28772.779000000002,16,4783.83225,233,1652,6,2,6,2,0,0,0,0,0,0,0,0,4,2,0,0,0,0,0,0,0,41.0,41,13,8128.684,41,4645.351602000001,3384.367963,0,7756.606999999996,39,287.08629999999977,0,0,0,0,0,0,7057f10c9ca66e18,mixed@1
robust_event,mixed,1.0,1005,0016_0000,209,20.9,16,16,7,14,14,5,28710.326999999997,16,4813.05,233,1652,0,0,0,0,0,0,0,0,0,0,0,0,0,0,0,0,0,0,0,0,0,41.0,41,13,8088.6,41,4628.606992,3367.6732930000003,0,8142.503999999998,41,283.60499999999956,0,0,0,0,0,0,a2a2ab5f00af168c,mixed@1
robust_event,mixed,1.0,1001,0017_0000,145,14.5,9,9,8,9,9,8,8857.379,9,3001.437399999999,118,718,0,0,0,0,0,0,0,0,0,0,0,0,0,0,0,0,0,0,0,0,0,29.0,29,8,5414.815,29,3149.4516349999994,2274.633982,0,5454.154999999997,29,279.51799999999986,0,0,0,0,0,0,e48ceb87d0ea629e,mixed@1
robust_event,mixed,1.0,1002,0017_0000,145,14.5,9,9,8,9,9,8,8880.431,9,2999.704999999999,118,718,3,1,3,1,0,0,0,0,0,0,0,0,2,1,0,0,0,0,0,0,0,29.0,29,8,5503.55,29,3186.02492,2311.1924579999995,0,5395.188000000002,28,278.82914999999963,0,0,0,0,0,0,1eef14b419231d29,mixed@1
robust_event,mixed,1.0,1003,0017_0000,145,14.5,9,9,8,9,9,8,8884.855000000001,9,3016.524399999999,118,718,6,0,6,0,0,0,0,0,0,0,0,0,2,0,0,0,0,0,0,0,0,29.0,29,8,5475.376,29,3174.4189819999997,2299.584801,0,5514.287999999999,29,270.9655999999995,0,0,0,0,0,0,0fb40e4077dab69f,mixed@1
robust_event,mixed,1.0,1004,0017_0000,145,14.5,9,9,8,9,9,8,8935.4,9,2996.855999999999,109,682,14,4,2,1,12,3,12,3,0,0,0,0,2,2,3,0,0,0,0,0,0,29.0,29,10,5692.298,29,3263.0494869999998,2388.236606,0,4920.030999999999,25,283.9675999999996,0,0,0,0,0,0,b06b0a649cb6e096,mixed@1
robust_event,mixed,1.0,1005,0017_0000,145,14.5,9,9,8,9,9,8,8883.649,9,2994.867399999999,118,718,1,0,1,0,0,0,0,0,0,0,0,0,1,0,0,0,0,0,0,0,0,29.0,29,8,5510.341,29,3188.821305,2313.990328,0,5549.544,29,286.0396,0,0,0,0,0,0,c014ede841f2b371,mixed@1
robust_event,mixed,1.0,1001,0019_0618,89,8.9,11,11,10,9,9,8,6961.2379999999985,11,1764.3274999999999,102,592,3,0,3,0,0,0,0,0,0,0,0,0,1,0,0,0,0,0,0,0,0,18.0,18,0,2877.201,18,1739.21057,1202.24686,0,2901.5470000000005,18,175.43770000000055,0,0,0,0,0,0,ee5e664c8da43fc2,mixed@1
robust_event,mixed,1.0,1002,0019_0618,89,8.9,11,10,9,9,9,8,6567.6950000000015,10,1865.7953999999977,101,592,2,1,2,1,0,0,0,0,0,0,0,0,1,1,0,0,0,0,0,0,0,18.0,18,0,2904.035,18,1750.6426259999996,1213.6623359999999,0,2766.146,17,188.21839999999992,0,0,0,0,0,0,1dd3e7955bcb6cf8,mixed@1
robust_event,mixed,1.0,1003,0019_0618,89,8.9,11,11,10,9,9,8,6913.017000000001,11,1760.964,102,592,0,0,0,0,0,0,0,0,0,0,0,0,0,0,0,0,0,0,0,0,0,18.0,18,0,2954.757,18,1771.1758859999998,1234.19984,0,2979.013000000001,18,181.70795000000004,0,0,0,0,0,0,46e672377c90d018,mixed@1
robust_event,mixed,1.0,1004,0019_0618,89,8.9,11,11,10,9,9,8,7053.157,11,1767.402,102,592,0,0,0,0,0,0,0,0,0,0,0,0,0,0,0,0,0,0,0,0,0,18.0,18,0,2975.693,18,1779.779479,1242.825483,0,2999.433,18,186.73369999999997,0,0,0,0,0,0,a5505f6c371e01f9,mixed@1
robust_event,mixed,1.0,1005,0019_0618,89,8.9,11,11,10,9,9,8,6868.880000000001,11,1759.9695,102,592,0,0,0,0,0,0,0,0,0,0,0,0,0,0,0,0,0,0,0,0,0,18.0,18,0,2930.131,18,1761.030986,1224.053996,0,2954.3410000000017,18,177.76469999999995,0,0,0,0,0,0,442946c53e618460,mixed@1
robust_event,mixed,1.0,1001,0019_1003,50,5.0,2,2,2,2,2,2,721.424,2,360.712,18,97,0,0,0,0,0,0,0,0,0,0,0,0,0,0,0,0,0,0,0,0,0,10.0,10,3,1851.208,10,1084.742759,783.0778349999999,0,1864.7489999999998,10,272.9597,0,0,0,0,0,0,bbf1d6a33ae766a3,mixed@1
robust_event,mixed,1.0,1002,0019_1003,50,5.0,2,2,2,2,2,2,696.894,2,348.447,18,97,1,0,1,0,0,0,0,0,0,0,0,0,1,0,0,0,0,0,0,0,0,10.0,10,3,1887.609,10,1099.745483,798.075089,0,1900.3430000000003,10,284.94899999999996,0,0,0,0,0,0,0346a514141b0082,mixed@1
robust_event,mixed,1.0,1003,0019_1003,50,5.0,2,2,2,2,2,2,704.806,2,352.403,18,97,0,0,0,0,0,0,0,0,0,0,0,0,0,0,0,0,0,0,0,0,0,10.0,10,3,1848.607,10,1083.678897,782.0061099999999,0,1862.2380000000007,10,267.6062000000002,0,0,0,0,0,0,fe33a415e5a790cb,mixed@1
robust_event,mixed,1.0,1004,0019_1003,50,5.0,2,2,2,2,2,2,743.728,2,371.864,18,97,1,1,1,1,0,0,0,0,0,0,0,0,1,1,0,0,0,0,0,0,0,10.0,10,3,1856.781,10,1087.0256809999998,785.3737189999999,0,1702.0020000000004,9,273.8878,0,0,0,0,0,0,388bfe222860e262,mixed@1
robust_event,mixed,1.0,1005,0019_1003,50,5.0,2,2,2,2,2,2,697.79,2,348.895,18,97,1,0,1,0,0,0,0,0,0,0,0,0,1,0,0,0,0,0,0,0,0,10.0,10,3,1840.275,10,1080.2471759999999,778.5731719999999,0,1853.3729999999996,10,267.89985,0,0,0,0,0,0,28fbd634394be2f4,mixed@1
