scenario,mode,quantile,latency_ms,n
normal,always_on,0.0,126.0109999999404,3108
normal,always_on,0.005,141.30074500001152,3108
normal,always_on,0.01,147.23412999988767,3108
normal,always_on,0.015,150.52007499997526,3108
normal,always_on,0.02,154.36339999998918,3108
normal,always_on,0.025,157.61634999999077,3108
normal,always_on,0.03,160.3060700002755,3108
normal,always_on,0.035,162.27284000013083,3108
normal,always_on,0.04,164.87255999997782,3108
normal,always_on,0.045,167.41688499980606,3108
normal,always_on,0.05,169.61915000012377,3108
normal,always_on,0.055,172.1896199997305,3108
normal,always_on,0.06,174.61314000000885,3108
normal,always_on,0.065,177.1364150000975,3108
normal,always_on,0.07,179.2713799998688,3108
normal,always_on,0.075,181.2521249999918,3108
normal,always_on,0.08,182.94839999996125,3108
normal,always_on,0.085,185.36074500023852,3108
normal,always_on,0.09,186.83729000012625,3108
normal,always_on,0.095,188.72011500007707,3108
normal,always_on,0.1,190.77450000005774,3108
normal,always_on,0.105,192.75425999993692,3108
normal,always_on,0.11,194.52181999997353,3108
normal,always_on,0.115,195.81565999994984,3108
normal,always_on,0.12,198.03231999999798,3108
normal,always_on,0.125,199.61625000009371,3108
normal,always_on,0.13,201.56421000002186,3108
normal,always_on,0.135,202.98312000005157,3108
normal,always_on,0.14,204.96862000004387,3108
normal,always_on,0.145,206.32854500002438,3108
normal,always_on,0.15,207.6492499999469,3108
normal,always_on,0.155,209.03183500021814,3108
normal,always_on,0.16,210.44224000023678,3108
normal,always_on,0.165,211.74946999989916,3108
normal,always_on,0.17,213.64370999994225,3108
normal,always_on,0.17500000000000002,215.2201999999508,3108
normal,always_on,0.18,217.02444000015967,3108
normal,always_on,0.185,218.11251499996956,3108
normal,always_on,0.19,220.19617999988262,3108
normal,always_on,0.195,222.13532500035828,3108
normal,always_on,0.2,224.4561999998987,3108
normal,always_on,0.20500000000000002,226.3561849999172,3108
normal,always_on,0.21,227.60420999999857,3108
normal,always_on,0.215,228.91959500022583,3108
normal,always_on,0.22,230.29799999997485,3108
normal,always_on,0.225,232.60707500014033,3108
normal,always_on,0.23,234.59813000001247,3108
normal,always_on,0.23500000000000001,236.10520500007203,3108
normal,always_on,0.24,237.68688000001944,3108
normal,always_on,0.245,239.63122500005412,3108
normal,always_on,0.25,241.4199999998673,3108
normal,always_on,0.255,243.00645000007935,3108
normal,always_on,0.26,244.71064000016955,3108
normal,always_on,0.265,246.73316499980865,3108
normal,always_on,0.27,248.40013999990654,3108
normal,always_on,0.275,250.09415000000155,3108
normal,always_on,0.28,251.63791999996778,3108
normal,always_on,0.28500000000000003,253.11753000001656,3108
normal,always_on,0.29,254.95664000011283,3108
normal,always_on,0.295,256.64916499986845,3108
normal,always_on,0.3,257.8915999997756,3108
normal,always_on,0.305,258.8464550000499,3108
normal,always_on,0.31,260.16154999998747,3108
normal,always_on,0.315,261.4560350002209,3108
normal,always_on,0.32,261.99643999990076,3108
normal,always_on,0.325,262.8339000001783,3108
normal,always_on,0.33,264.8474300000281,3108
normal,always_on,0.335,266.0773650000035,3108
normal,always_on,0.34,267.6986999998428,3108
normal,always_on,0.34500000000000003,268.8551150001871,3108
normal,always_on,0.35000000000000003,270.0765500000096,3108
normal,always_on,0.355,270.8448649999744,3108
normal,always_on,0.36,272.06592000009493,3108
normal,always_on,0.365,272.91457500029543,3108
normal,always_on,0.37,273.8605999998469,3108
normal,always_on,0.375,275.18812499998603,3108
normal,always_on,0.38,276.03293999989984,3108
normal,always_on,0.385,277.733165000166,3108
normal,always_on,0.39,278.85200999996977,3108
normal,always_on,0.395,279.63112000013643,3108
normal,always_on,0.4,280.622999999905,3108
normal,always_on,0.405,282.39575499999205,3108
normal,always_on,0.41000000000000003,283.3135800000006,3108
normal,always_on,0.41500000000000004,284.5796700000088,3108
normal,always_on,0.42,285.4506599997613,3108
normal,always_on,0.425,286.1515500000285,3108
normal,always_on,0.43,287.01459999980403,3108
normal,always_on,0.435,288.81399499999185,3108
normal,always_on,0.44,290.2680400000233,3108
normal,always_on,0.445,291.242355000001,3108
normal,always_on,0.45,292.4575500000501,3108
normal,always_on,0.455,293.9660000000149,3108
normal,always_on,0.46,294.7716200000513,3108
normal,always_on,0.465,296.7159849999793,3108
normal,always_on,0.47000000000000003,298.1364800000657,3108
normal,always_on,0.47500000000000003,299.4158250001725,3108
normal,always_on,0.48,300.7574000001233,3108
normal,always_on,0.485,301.8562049999996,3108
normal,always_on,0.49,303.3918599999696,3108
normal,always_on,0.495,304.9287249999802,3108
normal,always_on,0.5,306.27799999993294,3108
normal,always_on,0.505,307.17934499969357,3108
normal,always_on,0.51,308.7664100000483,3108
normal,always_on,0.515,309.65908500002377,3108
normal,always_on,0.52,311.61599999985197,3108
normal,always_on,0.525,313.5899250000279,3108
normal,always_on,0.53,314.81584000005154,3108
normal,always_on,0.535,315.6791650001635,3108
normal,always_on,0.54,317.57101999994137,3108
normal,always_on,0.545,318.9420400000503,3108
normal,always_on,0.55,320.15199999999606,3108
normal,always_on,0.555,321.3026699999918,3108
normal,always_on,0.56,322.93479999999226,3108
normal,always_on,0.5650000000000001,324.1880100001453,3108
normal,always_on,0.5700000000000001,326.0746799998847,3108
normal,always_on,0.5750000000000001,327.6301000000036,3108
normal,always_on,0.58,328.3965999999037,3108
normal,always_on,0.585,330.30529500005224,3108
normal,always_on,0.59,331.8122599999304,3108
normal,always_on,0.595,333.1938799999794,3108
normal,always_on,0.6,334.482199999853,3108
normal,always_on,0.605,335.92347499997527,3108
normal,always_on,0.61,337.9487800002261,3108
normal,always_on,0.615,338.9258150000195,3108
normal,always_on,0.62,340.2181400001142,3108
normal,always_on,0.625,341.8356250000029,3108
normal,always_on,0.63,343.46670000001325,3108
normal,always_on,0.635,344.4723499999964,3108
normal,always_on,0.64,346.0714799999632,3108
normal,always_on,0.645,347.4785350000241,3108
normal,always_on,0.65,348.42340000006374,3108
normal,always_on,0.655,349.65199999979234,3108
normal,always_on,0.66,350.7659199999805,3108
normal,always_on,0.665,352.9241449998418,3108
normal,always_on,0.67,354.23854999977164,3108
normal,always_on,0.675,356.1138999999996,3108
normal,always_on,0.68,357.75647999996323,3108
normal,always_on,0.685,359.3663100000282,3108
normal,always_on,0.6900000000000001,360.3549600000016,3108
normal,always_on,0.6950000000000001,361.92236499999535,3108
normal,always_on,0.7000000000000001,363.38199999995413,3108
normal,always_on,0.705,365.00717500007244,3108
normal,always_on,0.71,366.69058000001644,3108
normal,always_on,0.715,368.2112999998941,3108
normal,always_on,0.72,369.8436800000304,3108
normal,always_on,0.725,371.6168249999726,3108
normal,always_on,0.73,373.45682999989253,3108
normal,always_on,0.735,374.5792200000002,3108
normal,always_on,0.74,376.46614000002387,3108
normal,always_on,0.745,378.95727499992705,3108
normal,always_on,0.75,381.0097499998519,3108
normal,always_on,0.755,383.2310800000024,3108
normal,always_on,0.76,384.65844000004233,3108
normal,always_on,0.765,386.24938999987324,3108
normal,always_on,0.77,387.59519000005906,3108
normal,always_on,0.775,388.4876250001427,3108
normal,always_on,0.78,390.5185400001565,3108
normal,always_on,0.785,392.4313750000298,3108
normal,always_on,0.79,393.864240000151,3108
normal,always_on,0.795,395.5506550000532,3108
normal,always_on,0.8,397.8044000000229,3108
normal,always_on,0.805,399.80899999995484,3108
normal,always_on,0.81,401.8422099999455,3108
normal,always_on,0.8150000000000001,403.53507999983157,3108
normal,always_on,0.8200000000000001,404.8603999999538,3108
normal,always_on,0.8250000000000001,407.3172999999326,3108
normal,always_on,0.8300000000000001,410.28577000006044,3108
normal,always_on,0.835,412.8502499999664,3108
normal,always_on,0.84,415.06591999990866,3108
normal,always_on,0.845,417.56212499999293,3108
normal,always_on,0.85,420.4476499998709,3108
normal,always_on,0.855,425.02475999990946,3108
normal,always_on,0.86,428.2214999998966,3108
normal,always_on,0.865,430.303169999721,3108
normal,always_on,0.87,437.94476999995067,3108
normal,always_on,0.875,441.03724999996507,3108
normal,always_on,0.88,444.96463999997354,3108
normal,always_on,0.885,448.63391500008765,3108
normal,always_on,0.89,451.7290200001188,3108
normal,always_on,0.895,455.18894499980604,3108
normal,always_on,0.9,458.547600000049,3108
normal,always_on,0.905,461.4624650000659,3108
normal,always_on,0.91,465.19412999989464,3108
normal,always_on,0.915,469.6526850001002,3108
normal,always_on,0.92,474.3673599999082,3108
normal,always_on,0.925,478.8616000000053,3108
normal,always_on,0.93,481.25170000009376,3108
normal,always_on,0.935,485.33892500004384,3108
normal,always_on,0.9400000000000001,489.7005599999267,3108
normal,always_on,0.9450000000000001,495.02299,3108
normal,always_on,0.9500000000000001,500.53184999984234,3108
normal,always_on,0.9550000000000001,506.7737700000429,3108
normal,always_on,0.96,513.4934400000889,3108
normal,always_on,0.965,522.1778699998083,3108
normal,always_on,0.97,529.7149899999325,3108
normal,always_on,0.975,558.2685249998552,3108
normal,always_on,0.98,597.7634399999404,3108
normal,always_on,0.985,636.2353149999869,3108
normal,always_on,0.99,693.1618099999283,3108
normal,always_on,0.995,779.8333799999667,3108
normal,always_on,1.0,1188.9569999999367,3108
normal,motion_only,0.0,218.12899999995716,1149
normal,motion_only,0.005,229.7171399998758,1149
normal,motion_only,0.01,231.20931999994443,1149
normal,motion_only,0.015,233.60509999999545,1149
normal,motion_only,0.02,235.2906399998814,1149
normal,motion_only,0.025,235.97650000007124,1149
normal,motion_only,0.03,237.11815999992191,1149
normal,motion_only,0.035,238.16312000003992,1149
normal,motion_only,0.04,239.01696000002323,1149
normal,motion_only,0.045,240.12659999996424,1149
normal,motion_only,0.05,240.2946000000462,1149
normal,motion_only,0.055,240.9314600000251,1149
normal,motion_only,0.06,241.1599200002849,1149
normal,motion_only,0.065,241.84097999991383,1149
normal,motion_only,0.07,242.36463999992702,1149
normal,motion_only,0.075,242.63999999987428,1149
normal,motion_only,0.08,243.24787999998313,1149
normal,motion_only,0.085,243.75339999997988,1149
normal,motion_only,0.09,243.96639999992215,1149
normal,motion_only,0.095,244.76560000000055,1149
normal,motion_only,0.1,245.27040000003763,1149
normal,motion_only,0.105,245.92547999997157,1149
normal,motion_only,0.11,246.3744800001284,1149
normal,motion_only,0.115,246.65195999988356,1149
normal,motion_only,0.12,247.19948000010103,1149
normal,motion_only,0.125,247.59299999996256,1149
normal,motion_only,0.13,248.27024000001256,1149
normal,motion_only,0.135,248.5424000000616,1149
normal,motion_only,0.14,248.74008000029252,1149
normal,motion_only,0.145,248.87721999993548,1149
normal,motion_only,0.15,249.13220000017319,1149
normal,motion_only,0.155,249.1733999998821,1149
normal,motion_only,0.16,249.5010000000801,1149
normal,motion_only,0.165,249.84543999998832,1149
normal,motion_only,0.17,250.04032000001519,1149
normal,motion_only,0.17500000000000002,250.27679999989923,1149
normal,motion_only,0.18,250.47531999998725,1149
normal,motion_only,0.185,250.92882000029087,1149
normal,motion_only,0.19,251.2428400000138,1149
normal,motion_only,0.195,251.54502000005917,1149
normal,motion_only,0.2,251.94679999998772,1149
normal,motion_only,0.20500000000000002,252.16770000016317,1149
normal,motion_only,0.21,252.37775999997277,1149
normal,motion_only,0.215,252.51946000001394,1149
normal,motion_only,0.22,252.62451999991666,1149
normal,motion_only,0.225,252.75070000006818,1149
normal,motion_only,0.23,252.94555999984965,1149
normal,motion_only,0.23500000000000001,253.1761400000425,1149
normal,motion_only,0.24,253.3013199998997,1149
normal,motion_only,0.245,253.43156000012067,1149
normal,motion_only,0.25,253.63800000026822,1149
normal,motion_only,0.255,253.81347999998835,1149
normal,motion_only,0.26,254.03491999996825,1149
normal,motion_only,0.265,254.1386600000411,1149
normal,motion_only,0.27,254.32475999988617,1149
normal,motion_only,0.275,254.5159999999596,1149
normal,motion_only,0.28,254.71967999997912,1149
normal,motion_only,0.28500000000000003,254.88927999983542,1149
normal,motion_only,0.29,255.01504000006244,1149
normal,motion_only,0.295,255.23050000014715,1149
normal,motion_only,0.3,255.38139999983832,1149
normal,motion_only,0.305,255.5964000001736,1149
normal,motion_only,0.31,255.68052000010385,1149
normal,motion_only,0.315,255.85986000002362,1149
normal,motion_only,0.32,256.1109200000763,1149
normal,motion_only,0.325,256.2751000001328,1149
normal,motion_only,0.33,256.4207600000547,1149
normal,motion_only,0.335,256.5630799999926,1149
normal,motion_only,0.34,256.71632000006736,1149
normal,motion_only,0.34500000000000003,256.82545999986695,1149
normal,motion_only,0.35000000000000003,257.055199999921,1149
normal,motion_only,0.355,257.2433800000139,1149
normal,motion_only,0.36,257.48559999998656,1149
normal,motion_only,0.365,257.53506000003193,1149
normal,motion_only,0.37,257.717360000005,1149
normal,motion_only,0.375,257.88749999995343,1149
normal,motion_only,0.38,257.95207999985666,1149
normal,motion_only,0.385,258.10551999968476,1149
normal,motion_only,0.39,258.3135199999623,1149
normal,motion_only,0.395,258.4154800001252,1149
normal,motion_only,0.4,258.5468000000343,1149
normal,motion_only,0.405,258.6624000001606,1149
normal,motion_only,0.41000000000000003,258.79680000000633,1149
normal,motion_only,0.41500000000000004,259.06391999980434,1149
normal,motion_only,0.42,259.2375200001523,1149
normal,motion_only,0.425,259.51289999993753,1149
normal,motion_only,0.43,259.75759999998377,1149
normal,motion_only,0.435,259.9288199999882,1149
normal,motion_only,0.44,260.1301999997208,1149
normal,motion_only,0.445,260.29651999996975,1149
normal,motion_only,0.45,260.535599999968,1149
normal,motion_only,0.455,260.6294000000134,1149
normal,motion_only,0.46,260.775200000098,1149
normal,motion_only,0.465,260.916039999905,1149
normal,motion_only,0.47000000000000003,261.05024000005795,1149
normal,motion_only,0.47500000000000003,261.2415000000503,1149
normal,motion_only,0.48,261.37743999986907,1149
normal,motion_only,0.485,261.66988000012236,1149
normal,motion_only,0.49,261.9751199998707,1149
normal,motion_only,0.495,262.10182000008876,1149
normal,motion_only,0.5,262.17599999997765,1149
normal,motion_only,0.505,262.40375999999145,1149
normal,motion_only,0.51,262.5767199999385,1149
normal,motion_only,0.515,262.76217999993355,1149
normal,motion_only,0.52,263.0246800000686,1149
normal,motion_only,0.525,263.2948000001255,1149
normal,motion_only,0.53,263.4678799999924,1149
normal,motion_only,0.535,263.7242599999951,1149
normal,motion_only,0.54,263.98039999986065,1149
normal,motion_only,0.545,264.0505799999228,1149
normal,motion_only,0.55,264.2424000001047,1149
normal,motion_only,0.555,264.438819999923,1149
normal,motion_only,0.56,264.6500399999134,1149
normal,motion_only,0.5650000000000001,264.82994000001867,1149
normal,motion_only,0.5700000000000001,265.01832000007505,1149
normal,motion_only,0.5750000000000001,265.2481000000727,1149
normal,motion_only,0.58,265.4525599997118,1149
normal,motion_only,0.585,265.70413999988233,1149
normal,motion_only,0.59,265.90607999986037,1149
normal,motion_only,0.595,266.2033799999114,1149
normal,motion_only,0.6,266.39680000003426,1149
normal,motion_only,0.605,266.6032200001017,1149
normal,motion_only,0.61,267.0152400002442,1149
normal,motion_only,0.615,267.1876800001459,1149
normal,motion_only,0.62,267.42891999999995,1149
normal,motion_only,0.625,267.65749999973923,1149
normal,motion_only,0.63,268.01168000010773,1149
normal,motion_only,0.635,268.28826000003147,1149
normal,motion_only,0.64,268.4469199998025,1149
normal,motion_only,0.645,268.6173799998741,1149
normal,motion_only,0.65,268.87620000010355,1149
normal,motion_only,0.655,269.0803199999407,1149
normal,motion_only,0.66,269.32140000000595,1149
normal,motion_only,0.665,269.5718199999654,1149
normal,motion_only,0.67,269.6879199999664,1149
normal,motion_only,0.675,269.85249999997905,1149
normal,motion_only,0.68,270.09904000006617,1149
normal,motion_only,0.685,270.4122199998284,1149
normal,motion_only,0.6900000000000001,270.5468400000734,1149
normal,motion_only,0.6950000000000001,270.79168000001135,1149
normal,motion_only,0.7000000000000001,270.97019999995825,1149
normal,motion_only,0.705,271.14332000023217,1149
normal,motion_only,0.71,271.3821199996196,1149
normal,motion_only,0.715,271.45219999992986,1149
normal,motion_only,0.72,271.6337199999718,1149
normal,motion_only,0.725,271.89530000000957,1149
normal,motion_only,0.73,272.0570800000429,1149
normal,motion_only,0.735,272.1589599999984,1149
normal,motion_only,0.74,272.3891999999434,1149
normal,motion_only,0.745,272.8943599998392,1149
normal,motion_only,0.75,273.31099999975413,1149
normal,motion_only,0.755,273.46288000001806,1149
normal,motion_only,0.76,273.6617600000091,1149
normal,motion_only,0.765,273.81925999999976,1149
normal,motion_only,0.77,274.36652000003494,1149
normal,motion_only,0.775,274.4791000000667,1149
normal,motion_only,0.78,274.69788000009953,1149
normal,motion_only,0.785,274.8523800000618,1149
normal,motion_only,0.79,275.02875999988055,1149
normal,motion_only,0.795,275.23795999998924,1149
normal,motion_only,0.8,275.51220000004395,1149
normal,motion_only,0.805,275.6526199996192,1149
normal,motion_only,0.81,275.863560000062,1149
normal,motion_only,0.8150000000000001,276.31363999995403,1149
normal,motion_only,0.8200000000000001,276.54515999997966,1149
normal,motion_only,0.8250000000000001,276.93949999998733,1149
normal,motion_only,0.8300000000000001,277.18215999992566,1149
normal,motion_only,0.835,277.5741400001291,1149
normal,motion_only,0.84,277.8239599999599,1149
normal,motion_only,0.845,278.2839800000109,1149
normal,motion_only,0.85,278.4978000000119,1149
normal,motion_only,0.855,278.88215999999085,1149
normal,motion_only,0.86,279.2317599998415,1149
normal,motion_only,0.865,279.4784799996624,1149
normal,motion_only,0.87,279.77064000016077,1149
normal,motion_only,0.875,280.2835000001942,1149
normal,motion_only,0.88,280.6995200000331,1149
normal,motion_only,0.885,281.02687999976797,1149
normal,motion_only,0.89,281.65023999998346,1149
normal,motion_only,0.895,281.9265000000055,1149
normal,motion_only,0.9,282.42059999988413,1149
normal,motion_only,0.905,282.81109999999404,1149
normal,motion_only,0.91,283.0124799997918,1149
normal,motion_only,0.915,283.3920799998101,1149
normal,motion_only,0.92,284.0113599999994,1149
normal,motion_only,0.925,284.8887999998871,1149
normal,motion_only,0.93,285.52951999996554,1149
normal,motion_only,0.935,285.8934200000772,1149
normal,motion_only,0.9400000000000001,286.450879999958,1149
normal,motion_only,0.9450000000000001,287.3172599999991,1149
normal,motion_only,0.9500000000000001,288.32739999995107,1149
normal,motion_only,0.9550000000000001,289.2372199999538,1149
normal,motion_only,0.96,290.398320000302,1149
normal,motion_only,0.965,291.42474000013897,1149
normal,motion_only,0.97,292.85792000010605,1149
normal,motion_only,0.975,295.064500000095,1149
normal,motion_only,0.98,296.87975999992335,1149
normal,motion_only,0.985,301.0801599999284,1149
normal,motion_only,0.99,304.2301599999319,1149
normal,motion_only,0.995,306.2453999999445,1149
normal,motion_only,1.0,329.43399999989197,1149
normal,fixed_threshold,0.0,218.12899999995716,1251
normal,fixed_threshold,0.005,229.10424999968382,1251
normal,fixed_threshold,0.01,231.21199999994133,1251
normal,fixed_threshold,0.015,233.84324999991804,1251
normal,fixed_threshold,0.02,235.92699999990873,1251
normal,fixed_threshold,0.025,236.92425000004005,1251
normal,fixed_threshold,0.03,237.7664999999979,1251
normal,fixed_threshold,0.035,238.95475000006263,1251
normal,fixed_threshold,0.04,239.64500000001863,1251
normal,fixed_threshold,0.045,240.2427500000922,1251
normal,fixed_threshold,0.05,240.97850000020117,1251
normal,fixed_threshold,0.055,241.16075000027195,1251
normal,fixed_threshold,0.06,241.74699999997392,1251
normal,fixed_threshold,0.065,241.99275000032503,1251
normal,fixed_threshold,0.07,242.295999999973,1251
normal,fixed_threshold,0.075,242.5577499998617,1251
normal,fixed_threshold,0.08,243.29300000006333,1251
normal,fixed_threshold,0.085,243.6185000000114,1251
normal,fixed_threshold,0.09,243.91850000002887,1251
normal,fixed_threshold,0.095,244.71924999996554,1251
normal,fixed_threshold,0.1,245.2379999998957,1251
normal,fixed_threshold,0.105,245.86275000014575,1251
normal,fixed_threshold,0.11,246.09299999999348,1251
normal,fixed_threshold,0.115,246.45949999997174,1251
normal,fixed_threshold,0.12,246.89199999999255,1251
normal,fixed_threshold,0.125,247.1679999998305,1251
normal,fixed_threshold,0.13,247.87449999991804,1251
normal,fixed_threshold,0.135,248.27074999999968,1251
normal,fixed_threshold,0.14,248.63899999999558,1251
normal,fixed_threshold,0.145,248.76774999999907,1251
normal,fixed_threshold,0.15,249.0240000000922,1251
normal,fixed_threshold,0.155,249.16874999989523,1251
normal,fixed_threshold,0.16,249.53700000001118,1251
normal,fixed_threshold,0.165,249.83399999997346,1251
normal,fixed_threshold,0.17,249.99800000002142,1251
normal,fixed_threshold,0.17500000000000002,250.28149999992456,1251
normal,fixed_threshold,0.18,250.4189999999944,1251
normal,fixed_threshold,0.185,250.99275000020862,1251
normal,fixed_threshold,0.19,251.4605000000447,1251
normal,fixed_threshold,0.195,251.7642500003567,1251
normal,fixed_threshold,0.2,252.00499999988824,1251
normal,fixed_threshold,0.20500000000000002,252.26874999998836,1251
normal,fixed_threshold,0.21,252.51249999995343,1251
normal,fixed_threshold,0.215,252.63899999990826,1251
normal,fixed_threshold,0.22,252.785000000149,1251
normal,fixed_threshold,0.225,252.9484999999404,1251
normal,fixed_threshold,0.23,253.12349999998696,1251
normal,fixed_threshold,0.23500000000000001,253.22600000003877,1251
normal,fixed_threshold,0.24,253.43000000016764,1251
normal,fixed_threshold,0.245,253.72074999997858,1251
normal,fixed_threshold,0.25,253.8525000000809,1251
normal,fixed_threshold,0.255,254.06374999979744,1251
normal,fixed_threshold,0.26,254.1380000000354,1251
normal,fixed_threshold,0.265,254.37549999976181,1251
normal,fixed_threshold,0.27,254.56650000007357,1251
normal,fixed_threshold,0.275,254.7445000000298,1251
normal,fixed_threshold,0.28,254.95599999997648,1251
normal,fixed_threshold,0.28500000000000003,255.16799999997602,1251
normal,fixed_threshold,0.29,255.30300000007264,1251
normal,fixed_threshold,0.295,255.49125000007916,1251
normal,fixed_threshold,0.3,255.6380000000063,1251
normal,fixed_threshold,0.305,255.85875000001397,1251
normal,fixed_threshold,0.31,256.03799999994226,1251
normal,fixed_threshold,0.315,256.275750000088,1251
normal,fixed_threshold,0.32,256.4629999999888,1251
normal,fixed_threshold,0.325,256.6404999999795,1251
normal,fixed_threshold,0.33,256.8155000000261,1251
normal,fixed_threshold,0.335,257.0542499999283,1251
normal,fixed_threshold,0.34,257.2650000001304,1251
normal,fixed_threshold,0.34500000000000003,257.49399999988964,1251
normal,fixed_threshold,0.35000000000000003,257.579000000027,1251
normal,fixed_threshold,0.355,257.75900000007823,1251
normal,fixed_threshold,0.36,257.9120000000112,1251
normal,fixed_threshold,0.365,258.0887499999517,1251
normal,fixed_threshold,0.37,258.27999999996973,1251
normal,fixed_threshold,0.375,258.426750000217,1251
normal,fixed_threshold,0.38,258.5580000001937,1251
normal,fixed_threshold,0.385,258.6827499999781,1251
normal,fixed_threshold,0.39,258.8445000000065,1251
normal,fixed_threshold,0.395,259.12450000003446,1251
normal,fixed_threshold,0.4,259.2850000000326,1251
normal,fixed_threshold,0.405,259.5895000000164,1251
normal,fixed_threshold,0.41000000000000003,259.8890000000247,1251
normal,fixed_threshold,0.41500000000000004,260.0999999999767,1251
normal,fixed_threshold,0.42,260.2260000000242,1251
normal,fixed_threshold,0.425,260.4282499999681,1251
normal,fixed_threshold,0.43,260.5989999999292,1251
normal,fixed_threshold,0.435,260.7110000000139,1251
normal,fixed_threshold,0.44,260.81199999991804,1251
normal,fixed_threshold,0.445,260.9294999999438,1251
normal,fixed_threshold,0.45,261.05000000004657,1251
normal,fixed_threshold,0.455,261.1802500000704,1251
normal,fixed_threshold,0.46,261.36800000001676,1251
normal,fixed_threshold,0.465,261.47049999998853,1251
normal,fixed_threshold,0.47000000000000003,261.6570000000647,1251
normal,fixed_threshold,0.47500000000000003,261.89824999996927,1251
normal,fixed_threshold,0.48,261.9650000000838,1251
normal,fixed_threshold,0.485,262.014499999932,1251
normal,fixed_threshold,0.49,262.1669999998994,1251
normal,fixed_threshold,0.495,262.3577500001411,1251
normal,fixed_threshold,0.5,262.52799999993294,1251
normal,fixed_threshold,0.505,262.65950000003795,1251
normal,fixed_threshold,0.51,262.7699999999022,1251
normal,fixed_threshold,0.515,263.0260000000417,1251
normal,fixed_threshold,0.52,263.2990000001155,1251
normal,fixed_threshold,0.525,263.4579999999987,1251
normal,fixed_threshold,0.53,263.60899999993853,1251
normal,fixed_threshold,0.535,263.8029999998398,1251
normal,fixed_threshold,0.54,263.99199999985285,1251
normal,fixed_threshold,0.545,264.2370000000228,1251
normal,fixed_threshold,0.55,264.3949999999895,1251
normal,fixed_threshold,0.555,264.58474999998,1251
normal,fixed_threshold,0.56,264.7719999999972,1251
normal,fixed_threshold,0.5650000000000001,264.92049999994924,1251
normal,fixed_threshold,0.5700000000000001,265.2525000000023,1251
normal,fixed_threshold,0.5750000000000001,265.4607500000275,1251
normal,fixed_threshold,0.58,265.75700000021607,1251
normal,fixed_threshold,0.585,265.90474999987055,1251
normal,fixed_threshold,0.59,266.0800000000745,1251
normal,fixed_threshold,0.595,266.3955000000424,1251
normal,fixed_threshold,0.6,266.52599999995437,1251
normal,fixed_threshold,0.605,267.0257500001462,1251
normal,fixed_threshold,0.61,267.17500000004657,1251
normal,fixed_threshold,0.615,267.26625000016065,1251
normal,fixed_threshold,0.62,267.53300000028685,1251
normal,fixed_threshold,0.625,267.825249999878,1251
normal,fixed_threshold,0.63,268.04899999999907,1251
normal,fixed_threshold,0.635,268.2839999999851,1251
normal,fixed_threshold,0.64,268.4499999997206,1251
normal,fixed_threshold,0.645,268.60624999993524,1251
normal,fixed_threshold,0.65,268.88750000018626,1251
normal,fixed_threshold,0.655,269.07499999995343,1251
normal,fixed_threshold,0.66,269.3310000000056,1251
normal,fixed_threshold,0.665,269.6215000001248,1251
normal,fixed_threshold,0.67,269.72850000002654,1251
normal,fixed_threshold,0.675,269.91050000005635,1251
normal,fixed_threshold,0.68,270.22100000001956,1251
normal,fixed_threshold,0.685,270.49700000020675,1251
normal,fixed_threshold,0.6900000000000001,270.61200000019744,1251
normal,fixed_threshold,0.6950000000000001,270.86625000002095,1251
normal,fixed_threshold,0.7000000000000001,271.0470000000005,1251
normal,fixed_threshold,0.705,271.1272500002524,1251
normal,fixed_threshold,0.71,271.3634999997448,1251
normal,fixed_threshold,0.715,271.5130000000936,1251
normal,fixed_threshold,0.72,271.719000000041,1251
normal,fixed_threshold,0.725,271.92975000009756,1251
normal,fixed_threshold,0.73,272.0610000002198,1251
normal,fixed_threshold,0.735,272.20275000002584,1251
normal,fixed_threshold,0.74,272.5869999999413,1251
normal,fixed_threshold,0.745,273.0387499999533,1251
normal,fixed_threshold,0.75,273.336999999985,1251
normal,fixed_threshold,0.755,273.47000000000116,1251
normal,fixed_threshold,0.76,273.7259999999078,1251
normal,fixed_threshold,0.765,274.15675000008196,1251
normal,fixed_threshold,0.77,274.36450000000696,1251
normal,fixed_threshold,0.775,274.48125000006985,1251
normal,fixed_threshold,0.78,274.6610000000801,1251
normal,fixed_threshold,0.785,274.8082500002347,1251
normal,fixed_threshold,0.79,275.0274999999674,1251
normal,fixed_threshold,0.795,275.2307499999879,1251
normal,fixed_threshold,0.8,275.4580000001006,1251
normal,fixed_threshold,0.805,275.65624999965075,1251
normal,fixed_threshold,0.81,276.0164999999106,1251
normal,fixed_threshold,0.8150000000000001,276.2672499999171,1251
normal,fixed_threshold,0.8200000000000001,276.62899999995716,1251
normal,fixed_threshold,0.8250000000000001,277.0985000000219,1251
normal,fixed_threshold,0.8300000000000001,277.41400000010617,1251
normal,fixed_threshold,0.835,277.69825000013225,1251
normal,fixed_threshold,0.84,278.05799999999,1251
normal,fixed_threshold,0.845,278.4174999999814,1251
normal,fixed_threshold,0.85,278.61800000001676,1251
normal,fixed_threshold,0.855,279.0297500001034,1251
normal,fixed_threshold,0.86,279.2819999998901,1251
normal,fixed_threshold,0.865,279.540500000061,1251
normal,fixed_threshold,0.87,279.79650000005495,1251
normal,fixed_threshold,0.875,280.3307500000228,1251
normal,fixed_threshold,0.88,280.67299999995157,1251
normal,fixed_threshold,0.885,281.0224999997299,1251
normal,fixed_threshold,0.89,281.6489999999758,1251
normal,fixed_threshold,0.895,282.0800000000163,1251
normal,fixed_threshold,0.9,282.5320000000065,1251
normal,fixed_threshold,0.905,282.8997500000405,1251
normal,fixed_threshold,0.91,283.2764999999199,1251
normal,fixed_threshold,0.915,283.91500000003725,1251
normal,fixed_threshold,0.92,284.56299999996554,1251
normal,fixed_threshold,0.925,285.0460000000894,1251
normal,fixed_threshold,0.93,285.67250000019703,1251
normal,fixed_threshold,0.935,286.1374999997206,1251
normal,fixed_threshold,0.9400000000000001,286.75,1251
normal,fixed_threshold,0.9450000000000001,287.3515000000043,1251
normal,fixed_threshold,0.9500000000000001,288.4454999999725,1251
normal,fixed_threshold,0.9550000000000001,289.1315000000177,1251
normal,fixed_threshold,0.96,289.6480000000447,1251
normal,fixed_threshold,0.965,290.985250000027,1251
normal,fixed_threshold,0.97,292.1339999999618,1251
normal,fixed_threshold,0.975,293.1855000000214,1251
normal,fixed_threshold,0.98,295.62200000009034,1251
normal,fixed_threshold,0.985,299.3437500000582,1251
normal,fixed_threshold,0.99,303.52700000000186,1251
normal,fixed_threshold,0.995,305.56875000009313,1251
normal,fixed_threshold,1.0,329.43399999989197,1251
normal,event,0.0,120.11299999989569,1247
normal,event,0.005,127.49900000014809,1247
normal,event,0.01,130.8770799999591,1247
normal,event,0.015,132.40764999986393,1247
normal,event,0.02,133.55640000018292,1247
normal,event,0.025,134.35500000013855,1247
normal,event,0.03,135.2418200000003,1247
normal,event,0.035,136.04800999988336,1247
normal,event,0.04,136.76303999973462,1247
normal,event,0.045,137.5635100000212,1247
normal,event,0.05,138.25449999996925,1247
normal,event,0.055,138.91399000012782,1247
normal,event,0.06,139.69924000009894,1247
normal,event,0.065,140.4303800000297,1247
normal,event,0.07,140.65808000002056,1247
normal,event,0.075,141.22395000014802,1247
normal,event,0.08,141.64992000011728,1247
normal,event,0.085,142.08687000016565,1247
normal,event,0.09,142.51650000006893,1247
normal,event,0.095,142.9547899998259,1247
normal,event,0.1,143.15280000008642,1247
normal,event,0.105,143.44432000018656,1247
normal,event,0.11,143.54526000021025,1247
normal,event,0.115,143.7434400000982,1247
normal,event,0.12,144.23431999992113,1247
normal,event,0.125,144.36974999997983,1247
normal,event,0.13,144.64779999997583,1247
normal,event,0.135,145.21815000001922,1247
normal,event,0.14,145.37551999995486,1247
normal,event,0.145,145.67222000000095,1247
normal,event,0.15,145.87430000002496,1247
normal,event,0.155,146.0933399999923,1247
normal,event,0.16,146.34363999995404,1247
normal,event,0.165,146.69503999993205,1247
normal,event,0.17,147.00986000009812,1247
normal,event,0.17500000000000002,147.25854999971344,1247
normal,event,0.18,147.54728000005707,1247
normal,event,0.185,147.70823999998393,1247
normal,event,0.19,148.17116000011097,1247
normal,event,0.195,148.46715999987907,1247
normal,event,0.2,148.61500000013038,1247
normal,event,0.20500000000000002,148.92090999977663,1247
normal,event,0.21,149.30805999999575,1247
normal,event,0.215,149.45222999998134,1247
normal,event,0.22,149.64088000003946,1247
normal,event,0.225,149.81489999974147,1247
normal,event,0.23,150.09006000011695,1247
normal,event,0.23500000000000001,150.37638999991586,1247
normal,event,0.24,150.54312000006436,1247
normal,event,0.245,150.67674000009546,1247
normal,event,0.25,150.92800000001444,1247
normal,event,0.255,151.08546999993735,1247
normal,event,0.26,151.3607600002177,1247
normal,event,0.265,151.614419999933,1247
normal,event,0.27,152.01594000002834,1247
normal,event,0.275,152.1660000001604,1247
normal,event,0.28,152.57992000000553,1247
normal,event,0.28500000000000003,152.95967000002972,1247
normal,event,0.29,153.29012000003829,1247
normal,event,0.295,153.6701600000722,1247
normal,event,0.3,153.8848000000231,1247
normal,event,0.305,154.0310599999549,1247
normal,event,0.31,154.27312000007367,1247
normal,event,0.315,154.45192000004462,1247
normal,event,0.32,154.68831999988296,1247
normal,event,0.325,154.98365000018384,1247
normal,event,0.33,155.11849999998347,1247
normal,event,0.335,155.36955999992088,1247
normal,event,0.34,155.77999999994412,1247
normal,event,0.34500000000000003,156.26682000004803,1247
normal,event,0.35000000000000003,156.77010000001172,1247
normal,event,0.355,157.21467000000644,1247
normal,event,0.36,157.3904800001788,1247
normal,event,0.365,157.6697899999989,1247
normal,event,0.37,157.9025199999544,1247
normal,event,0.375,158.40324999999393,1247
normal,event,0.38,158.85668000019155,1247
normal,event,0.385,159.01833999998402,1247
normal,event,0.39,159.52460000000139,1247
normal,event,0.395,159.8235300001339,1247
normal,event,0.4,159.98499999996275,1247
normal,event,0.405,160.1232599998871,1247
normal,event,0.41000000000000003,160.3891599999997,1247
normal,event,0.41500000000000004,160.57517000002554,1247
normal,event,0.42,160.75023999989034,1247
normal,event,0.425,161.4480999999505,1247
normal,event,0.43,161.74354000001213,1247
normal,event,0.435,161.95104999988573,1247
normal,event,0.44,162.18368000008167,1247
normal,event,0.445,162.30357999999077,1247
normal,event,0.45,162.43699999989477,1247
normal,event,0.455,163.08472999970428,1247
normal,event,0.46,163.42132000006734,1247
normal,event,0.465,163.61194999998784,1247
normal,event,0.47000000000000003,163.85141999976477,1247
normal,event,0.47500000000000003,164.30769999998574,1247
normal,event,0.48,164.61760000014678,1247
normal,event,0.485,165.1316199997242,1247
normal,event,0.49,165.9222600000631,1247
normal,event,0.495,166.2176000000298,1247
normal,event,0.5,166.65100000007078,1247
normal,event,0.505,167.48221999999777,1247
normal,event,0.51,167.91834000016448,1247
normal,event,0.515,168.32903999978444,1247
normal,event,0.52,169.0553200000152,1247
normal,event,0.525,169.87734999994862,1247
normal,event,0.53,171.26155999979005,1247
normal,event,0.535,171.74996999993687,1247
normal,event,0.54,172.90107999989763,1247
normal,event,0.545,174.5157400000081,1247
normal,event,0.55,175.60570000004958,1247
normal,event,0.555,176.83769999987393,1247
normal,event,0.56,179.1203599997424,1247
normal,event,0.5650000000000001,181.73778999981246,1247
normal,event,0.5700000000000001,185.87351999982263,1247
normal,event,0.5750000000000001,220.7898500000362,1247
normal,event,0.58,232.78451999980945,1247
normal,event,0.585,236.4642100000195,1247
normal,event,0.59,238.7878000000026,1247
normal,event,0.595,240.8880500000622,1247
normal,event,0.6,242.1107999999076,1247
normal,event,0.605,242.57742999978132,1247
normal,event,0.61,244.06535999994725,1247
normal,event,0.615,245.33560000001452,1247
normal,event,0.62,247.8390000000171,1247
normal,event,0.625,248.74250000005122,1247
normal,event,0.63,249.15259999993432,1247
normal,event,0.635,249.69549999994925,1247
normal,event,0.64,250.24024000003004,1247
normal,event,0.645,251.34515000003012,1247
normal,event,0.65,251.94469999982977,1247
normal,event,0.655,252.1749000000779,1247
normal,event,0.66,252.5899600001052,1247
normal,event,0.665,252.83442999990191,1247
normal,event,0.67,253.1185599999898,1247
normal,event,0.675,253.4303000001586,1247
normal,event,0.68,254.06327999982983,1247
normal,event,0.685,254.1634400000586,1247
normal,event,0.6900000000000001,254.87847999976017,1247
normal,event,0.6950000000000001,255.17375999999814,1247
normal,event,0.7000000000000001,255.4457999999635,1247
normal,event,0.705,255.89547000012126,1247
normal,event,0.71,256.2491600000998,1247
normal,event,0.715,256.5679500000295,1247
normal,event,0.72,256.83631999986244,1247
normal,event,0.725,257.32465000014054,1247
normal,event,0.73,257.56119999998833,1247
normal,event,0.735,257.94998999986797,1247
normal,event,0.74,258.45423999989407,1247
normal,event,0.745,258.68845000001255,1247
normal,event,0.75,259.1240000000689,1247
normal,event,0.755,259.4878100000112,1247
normal,event,0.76,259.9804399999417,1247
normal,event,0.765,260.2828899999941,1247
normal,event,0.77,260.575539999865,1247
normal,event,0.775,260.89379999985687,1247
normal,event,0.78,261.14608000003733,1247
normal,event,0.785,261.41940999993005,1247
normal,event,0.79,261.95246000002606,1247
normal,event,0.795,262.1575199999672,1247
normal,event,0.8,262.64680000003426,1247
normal,event,0.805,263.1476800001552,1247
normal,event,0.81,263.76375999991785,1247
normal,event,0.8150000000000001,264.1243999998854,1247
normal,event,0.8200000000000001,264.52487999995475,1247
normal,event,0.8250000000000001,264.89724999978205,1247
normal,event,0.8300000000000001,265.82715999995764,1247
normal,event,0.835,266.4188100000843,1247
normal,event,0.84,267.0765599999227,1247
normal,event,0.845,267.80027999988175,1247
normal,event,0.85,268.13640000014567,1247
normal,event,0.855,268.66956000006684,1247
normal,event,0.86,269.1613600002136,1247
normal,event,0.865,269.8263699998136,1247
normal,event,0.87,270.3501600000914,1247
normal,event,0.875,270.5477500000561,1247
normal,event,0.88,270.8863600001391,1247
normal,event,0.885,271.1549900000077,1247
normal,event,0.89,271.5464600000484,1247
normal,event,0.895,271.92204000004335,1247
normal,event,0.9,272.69059999992606,1247
normal,event,0.905,273.4381399999536,1247
normal,event,0.91,274.25563999991397,1247
normal,event,0.915,274.54596000033314,1247
normal,event,0.92,274.8843600000601,1247
normal,event,0.925,275.4738999999827,1247
normal,event,0.93,276.2565000000736,1247
normal,event,0.935,277.11921999994667,1247
normal,event,0.9400000000000001,278.26460000002754,1247
normal,event,0.9450000000000001,278.77848999992943,1247
normal,event,0.9500000000000001,279.37949999996346,1247
normal,event,0.9550000000000001,280.6594300000005,1247
normal,event,0.96,281.1649200000614,1247
normal,event,0.965,282.5831000000587,1247
normal,event,0.97,283.8472600001469,1247
normal,event,0.975,285.0071000001626,1247
normal,event,0.98,286.20759999964383,1247
normal,event,0.985,288.8180900000131,1247
normal,event,0.99,290.79847999989516,1247
normal,event,0.995,296.715449999971,1247
normal,event,1.0,304.6269999999786,1247
normal,event_no_early_exit,0.0,218.12899999995716,1247
normal,event_no_early_exit,0.005,229.09342999967512,1247
normal,event_no_early_exit,0.01,231.2066399999475,1247
normal,event_no_early_exit,0.015,233.8152299999073,1247
normal,event_no_early_exit,0.02,235.34660000005738,1247
normal,event_no_early_exit,0.025,236.67434999972465,1247
normal,event_no_early_exit,0.03,237.64882000003126,1247
normal,event_no_early_exit,0.035,238.82503000001307,1247
normal,event_no_early_exit,0.04,239.53932000009343,1247
normal,event_no_early_exit,0.045,240.14500999999697,1247
normal,event_no_early_exit,0.05,240.93770000007936,1247
normal,event_no_early_exit,0.055,241.141129999985,1247
normal,event_no_early_exit,0.06,241.71951999995858,1247
normal,event_no_early_exit,0.065,241.93257000019076,1247
normal,event_no_early_exit,0.07,242.27641999996268,1247
normal,event_no_early_exit,0.075,242.54880000000122,1247
normal,event_no_early_exit,0.08,243.23075999995228,1247
normal,event_no_early_exit,0.085,243.58420000001905,1247
normal,event_no_early_exit,0.09,243.8740799998585,1247
normal,event_no_early_exit,0.095,244.45626999989386,1247
normal,event_no_early_exit,0.1,245.15500000000466,1247
normal,event_no_early_exit,0.105,245.78290999988792,1247
normal,event_no_early_exit,0.11,245.98458000001176,1247
normal,event_no_early_exit,0.115,246.4068799999573,1247
normal,event_no_early_exit,0.12,246.61923999992663,1247
normal,event_no_early_exit,0.125,247.08050000000367,1247
normal,event_no_early_exit,0.13,247.74894000007538,1247
normal,event_no_early_exit,0.135,248.26130999999674,1247
normal,event_no_early_exit,0.14,248.50348000014435,1247
normal,event_no_early_exit,0.145,248.7393800002709,1247
normal,event_no_early_exit,0.15,248.99470000015572,1247
normal,event_no_early_exit,0.155,249.18634999990928,1247
normal,event_no_early_exit,0.16,249.5560800000059,1247
normal,event_no_early_exit,0.165,249.8367200000235,1247
normal,event_no_early_exit,0.17,250.02232000002172,1247
normal,event_no_early_exit,0.17500000000000002,250.28299999989105,1247
normal,event_no_early_exit,0.18,250.46827999998814,1247
normal,event_no_early_exit,0.185,251.0616300000879,1247
normal,event_no_early_exit,0.19,251.50259999996516,1247
normal,event_no_early_exit,0.195,251.93878999982496,1247
normal,event_no_early_exit,0.2,252.07080000005664,1247
normal,event_no_early_exit,0.20500000000000002,252.3370800000243,1247
normal,event_no_early_exit,0.21,252.51898000000975,1247
normal,event_no_early_exit,0.215,252.6527900000778,1247
normal,event_no_early_exit,0.22,252.7965599998832,1247
normal,event_no_early_exit,0.225,252.96285000016215,1247
normal,event_no_early_exit,0.23,253.15019999993265,1247
normal,event_no_early_exit,0.23500000000000001,253.27144999984245,1247
normal,event_no_early_exit,0.24,253.43735999999566,1247
normal,event_no_early_exit,0.245,253.72543000000354,1247
normal,event_no_early_exit,0.25,253.90600000000268,1247
normal,event_no_early_exit,0.255,254.07057000017724,1247
normal,event_no_early_exit,0.26,254.14088000006043,1247
normal,event_no_early_exit,0.265,254.3854699999711,1247
normal,event_no_early_exit,0.27,254.5969799999567,1247
normal,event_no_early_exit,0.275,254.83464999992867,1247
normal,event_no_early_exit,0.28,255.00880000005128,1247
normal,event_no_early_exit,0.28500000000000003,255.17477000003564,1247
normal,event_no_early_exit,0.29,255.30236000004226,1247
normal,event_no_early_exit,0.295,255.48206999999937,1247
normal,event_no_early_exit,0.3,255.6374000000069,1247
normal,event_no_early_exit,0.305,255.85809000000825,1247
normal,event_no_early_exit,0.31,256.0067999998573,1247
normal,event_no_early_exit,0.315,256.27549000010595,1247
normal,event_no_early_exit,0.32,256.4478799999878,1247
normal,event_no_early_exit,0.325,256.63289999994447,1247
normal,event_no_early_exit,0.33,256.81070000013335,1247
normal,event_no_early_exit,0.335,257.0477899999777,1247
normal,event_no_early_exit,0.34,257.2477200001478,1247
normal,event_no_early_exit,0.34500000000000003,257.4904399998696,1247
normal,event_no_early_exit,0.35000000000000003,257.578199999989,1247
normal,event_no_early_exit,0.355,257.7539600000344,1247
normal,event_no_early_exit,0.36,257.9071600000374,1247
normal,event_no_early_exit,0.365,258.08279000002017,1247
normal,event_no_early_exit,0.37,258.2771200000006,1247
normal,event_no_early_exit,0.375,258.4082500002114,1247
normal,event_no_early_exit,0.38,258.55072000009005,1247
normal,event_no_early_exit,0.385,258.67783999999926,1247
normal,event_no_early_exit,0.39,258.81685999997893,1247
normal,event_no_early_exit,0.395,259.1233400001144,1247
normal,event_no_early_exit,0.4,259.26760000004435,1247
normal,event_no_early_exit,0.405,259.5599899999873,1247
normal,event_no_early_exit,0.41000000000000003,259.8732000000379,1247
normal,event_no_early_exit,0.41500000000000004,260.09472000003325,1247
normal,event_no_early_exit,0.42,260.22531999999194,1247
normal,event_no_early_exit,0.425,260.3989000000016,1247
normal,event_no_early_exit,0.43,260.5969999999646,1247
normal,event_no_early_exit,0.435,260.69916000002223,1247
normal,event_no_early_exit,0.44,260.8104800000228,1247
normal,event_no_early_exit,0.445,260.9083399998653,1247
normal,event_no_early_exit,0.45,261.04469999996945,1247
normal,event_no_early_exit,0.455,261.1758999999895,1247
normal,event_no_early_exit,0.46,261.36463999985716,1247
normal,event_no_early_exit,0.465,261.45555999995065,1247
normal,event_no_early_exit,0.47000000000000003,261.60473999998766,1247
normal,event_no_early_exit,0.47500000000000003,261.86809999971484,1247
normal,event_no_early_exit,0.48,261.9475200000033,1247
normal,event_no_early_exit,0.485,262.00154999996533,1247
normal,event_no_early_exit,0.49,262.1600799999107,1247
normal,event_no_early_exit,0.495,262.2981700000842,1247
normal,event_no_early_exit,0.5,262.4799999999814,1247
normal,event_no_early_exit,0.505,262.65922000004093,1247
normal,event_no_early_exit,0.51,262.76943999989425,1247
normal,event_no_early_exit,0.515,263.0260000000347,1247
normal,event_no_early_exit,0.52,263.29788000011814,1247
normal,event_no_early_exit,0.525,263.452800000002,1247
normal,event_no_early_exit,0.53,263.6034799999278,1247
normal,event_no_early_exit,0.535,263.793479999844,1247
normal,event_no_early_exit,0.54,263.99119999987073,1247
normal,event_no_early_exit,0.545,264.23628000003055,1247
normal,event_no_early_exit,0.55,264.3810000000114,1247
normal,event_no_early_exit,0.555,264.58101000003285,1247
normal,event_no_early_exit,0.56,264.7592800000077,1247
normal,event_no_early_exit,0.5650000000000001,264.9129799999413,1247
normal,event_no_early_exit,0.5700000000000001,265.24076000006636,1247
normal,event_no_early_exit,0.5750000000000001,265.4003500000166,1247
normal,event_no_early_exit,0.58,265.7165999998059,1247
normal,event_no_early_exit,0.585,265.81354999979027,1247
normal,event_no_early_exit,0.59,266.04691999995384,1247
normal,event_no_early_exit,0.595,266.3703300001146,1247
normal,event_no_early_exit,0.6,266.47020000000487,1247
normal,event_no_early_exit,0.605,266.96124999997846,1247
normal,event_no_early_exit,0.61,267.14419999993873,1247
normal,event_no_early_exit,0.615,267.2321900001005,1247
normal,event_no_early_exit,0.62,267.4894800000638,1247
normal,event_no_early_exit,0.625,267.7949999998964,1247
normal,event_no_early_exit,0.63,268.01478000013157,1247
normal,event_no_early_exit,0.635,268.22729000010526,1247
normal,event_no_early_exit,0.64,268.41940000000295,1247
normal,event_no_early_exit,0.645,268.58468000006394,1247
normal,event_no_early_exit,0.65,268.82950000008566,1247
normal,event_no_early_exit,0.655,269.0348600001074,1247
normal,event_no_early_exit,0.66,269.21332000021937,1247
normal,event_no_early_exit,0.665,269.6141799999517,1247
normal,event_no_early_exit,0.67,269.71063999972773,1247
normal,event_no_early_exit,0.675,269.8826000000001,1247
normal,event_no_early_exit,0.68,270.19424000000583,1247
normal,event_no_early_exit,0.685,270.4417500000022,1247
normal,event_no_early_exit,0.6900000000000001,270.55117999999084,1247
normal,event_no_early_exit,0.6950000000000001,270.7968299999554,1247
normal,event_no_early_exit,0.7000000000000001,271.03679999974554,1247
normal,event_no_early_exit,0.705,271.11502999989085,1247
normal,event_no_early_exit,0.71,271.27521999996156,1247
normal,event_no_early_exit,0.715,271.4413599996967,1247
normal,event_no_early_exit,0.72,271.6002799999714,1247
normal,event_no_early_exit,0.725,271.8432499998715,1247
normal,event_no_early_exit,0.73,272.0527999999281,1247
normal,event_no_early_exit,0.735,272.1716699999603,1247
normal,event_no_early_exit,0.74,272.33927999980745,1247
normal,event_no_early_exit,0.745,272.8962199998368,1247
normal,event_no_early_exit,0.75,273.2609999999404,1247
normal,event_no_early_exit,0.755,273.44521000000185,1247
normal,event_no_early_exit,0.76,273.65363999996333,1247
normal,event_no_early_exit,0.765,273.92067000007256,1247
normal,event_no_early_exit,0.77,274.3226199998769,1247
normal,event_no_early_exit,0.775,274.4423500000732,1247
normal,event_no_early_exit,0.78,274.6449599999422,1247
normal,event_no_early_exit,0.785,274.7795300002396,1247
normal,event_no_early_exit,0.79,275.0167600000929,1247
normal,event_no_early_exit,0.795,275.14899000000906,1247
normal,event_no_early_exit,0.8,275.4177999998443,1247
normal,event_no_early_exit,0.805,275.5674900000461,1247
normal,event_no_early_exit,0.81,275.97401999994645,1247
normal,event_no_early_exit,0.8150000000000001,276.2502700000815,1247
normal,event_no_early_exit,0.8200000000000001,276.4877600001078,1247
normal,event_no_early_exit,0.8250000000000001,277.04459999991815,1247
normal,event_no_early_exit,0.8300000000000001,277.2445600000117,1247
normal,event_no_early_exit,0.835,277.64702000021936,1247
normal,event_no_early_exit,0.84,277.967240000125,1247
normal,event_no_early_exit,0.845,278.2722300000151,1247
normal,event_no_early_exit,0.85,278.50830000001,1247
normal,event_no_early_exit,0.855,278.9312199999206,1247
normal,event_no_early_exit,0.86,279.18699999986217,1247
normal,event_no_early_exit,0.865,279.480370000042,1247
normal,event_no_early_exit,0.87,279.74088000006043,1247
normal,event_no_early_exit,0.875,280.34425000008196,1247
normal,event_no_early_exit,0.88,280.6744399999641,1247
normal,event_no_early_exit,0.885,281.0252599997539,1247
normal,event_no_early_exit,0.89,281.6903599999938,1247
normal,event_no_early_exit,0.895,282.1010600000643,1247
normal,event_no_early_exit,0.9,282.5775999999838,1247
normal,event_no_early_exit,0.905,282.90241000003414,1247
normal,event_no_early_exit,0.91,283.32725999985826,1247
normal,event_no_early_exit,0.915,284.00098999999466,1247
normal,event_no_early_exit,0.92,284.6068399999803,1247
normal,event_no_early_exit,0.925,285.0519999999553,1247
normal,event_no_early_exit,0.93,285.68342000008414,1247
normal,event_no_early_exit,0.935,286.18895999962,1247
normal,event_no_early_exit,0.9400000000000001,286.755039999932,1247
normal,event_no_early_exit,0.9450000000000001,287.3642600000085,1247
normal,event_no_early_exit,0.9500000000000001,288.4576999999932,1247
normal,event_no_early_exit,0.9550000000000001,289.1340200000117,1247
normal,event_no_early_exit,0.96,289.6931200000271,1247
normal,event_no_early_exit,0.965,291.02795000005045,1247
normal,event_no_early_exit,0.97,292.15367999997454,1247
normal,event_no_early_exit,0.975,293.19650000000837,1247
normal,event_no_early_exit,0.98,295.6253600000823,1247
normal,event_no_early_exit,0.985,299.45097000004483,1247
normal,event_no_early_exit,0.99,303.5489199999999,1247
normal,event_no_early_exit,0.995,305.57261000009254,1247
normal,event_no_early_exit,1.0,329.43399999989197,1247
normal,secure,0.0,120.51300000003539,1171
normal,secure,0.005,128.02299999988173,1171
normal,secure,0.01,131.35270000007003,1171
normal,secure,0.015,133.25064999992028,1171
normal,secure,0.02,134.05400000005028,1171
normal,secure,0.025,134.77700000006007,1171
normal,secure,0.03,135.60290000002132,1171
normal,secure,0.035,136.45849999970523,1171
normal,secure,0.04,137.16180000004823,1171
normal,secure,0.045,137.92619999996094,1171
normal,secure,0.05,138.44100000010803,1171
normal,secure,0.055,139.17540000006156,1171
normal,secure,0.06,139.99719999996015,1171
normal,secure,0.065,140.51800000000512,1171
normal,secure,0.07,140.94690000029513,1171
normal,secure,0.075,141.46075000008568,1171
normal,secure,0.08,141.95379999987782,1171
normal,secure,0.085,142.26745000002265,1171
normal,secure,0.09,142.66859999995359,1171
normal,secure,0.095,143.09120000022477,1171
normal,secure,0.1,143.46900000004098,1171
normal,secure,0.105,143.70799999989103,1171
normal,secure,0.11,143.89240000001593,1171
normal,secure,0.115,143.97434999995167,1171
normal,secure,0.12,144.17860000012442,1171
normal,secure,0.125,144.64599999999427,1171
normal,secure,0.13,144.77829999999375,1171
normal,secure,0.135,145.06324999979114,1171
normal,secure,0.14,145.627000000095,1171
normal,secure,0.145,145.86369999980087,1171
normal,secure,0.15,146.1315000001341,1171
normal,secure,0.155,146.30345000005326,1171
normal,secure,0.16,146.55799999986775,1171
normal,secure,0.165,146.84094999985535,1171
normal,secure,0.17,147.17300000010292,1171
normal,secure,0.17500000000000002,147.50150000024587,1171
normal,secure,0.18,147.8091999998316,1171
normal,secure,0.185,147.97725000007776,1171
normal,secure,0.19,148.1872000000905,1171
normal,secure,0.195,148.6037000000477,1171
normal,secure,0.2,148.86799999978393,1171
normal,secure,0.20500000000000002,149.13915000001435,1171
normal,secure,0.21,149.49109999984503,1171
normal,secure,0.215,149.73394999991288,1171
normal,secure,0.22,149.93360000005924,1171
normal,secure,0.225,150.11075000010896,1171
normal,secure,0.23,150.31299999989568,1171
normal,secure,0.23500000000000001,150.4939499999513,1171
normal,secure,0.24,150.8454000000842,1171
normal,secure,0.245,150.95350000031758,1171
normal,secure,0.25,151.19350000011036,1171
normal,secure,0.255,151.39835000004388,1171
normal,secure,0.26,151.5839999999851,1171
normal,secure,0.265,151.8346499998006,1171
normal,secure,0.27,152.19780000029132,1171
normal,secure,0.275,152.527249999981,1171
normal,secure,0.28,152.597599999886,1171
normal,secure,0.28500000000000003,153.1764499999932,1171
normal,secure,0.29,153.53560000001454,1171
normal,secure,0.295,153.75344999996014,1171
normal,secure,0.3,154.15500000002794,1171
normal,secure,0.305,154.31455000003334,1171
normal,secure,0.31,154.4323999999324,1171
normal,secure,0.315,154.72299999992828,1171
normal,secure,0.32,154.87320000007747,1171
normal,secure,0.325,155.13200000021607,1171
normal,secure,0.33,155.38570000006584,1171
normal,secure,0.335,155.50469999988564,1171
normal,secure,0.34,155.75759999984876,1171
normal,secure,0.34500000000000003,156.18000000012688,1171
normal,secure,0.35000000000000003,156.63500000012573,1171
normal,secure,0.355,157.11345000008004,1171
normal,secure,0.36,157.4972000002861,1171
normal,secure,0.365,157.76035000007542,1171
normal,secure,0.37,158.03060000004862,1171
normal,secure,0.375,158.2160000000149,1171
normal,secure,0.38,158.59399999990129,1171
normal,secure,0.385,159.12945000002506,1171
normal,secure,0.39,159.31279999997932,1171
normal,secure,0.395,159.57270000003047,1171
normal,secure,0.4,160.12100000004284,1171
normal,secure,0.405,160.28809999998194,1171
normal,secure,0.41000000000000003,160.4791000000201,1171
normal,secure,0.41500000000000004,160.63655000005673,1171
normal,secure,0.42,160.87319999998437,1171
normal,secure,0.425,161.04974999994738,1171
normal,secure,0.43,161.54779999998863,1171
normal,secure,0.435,162.0284999998752,1171
normal,secure,0.44,162.24739999985323,1171
normal,secure,0.445,162.3631500000658,1171
normal,secure,0.45,162.66500000003725,1171
normal,secure,0.455,162.7227499999455,1171
normal,secure,0.46,163.07059999993072,1171
normal,secure,0.465,163.57939999982483,1171
normal,secure,0.47000000000000003,163.822799999977,1171
normal,secure,0.47500000000000003,164.0137500000128,1171
normal,secure,0.48,164.25060000000522,1171
normal,secure,0.485,164.74009999997315,1171
normal,secure,0.49,165.18520000008866,1171
normal,secure,0.495,165.87564999996684,1171
normal,secure,0.5,166.35399999981746,1171
normal,secure,0.505,166.7464999998454,1171
normal,secure,0.51,167.65679999999702,1171
normal,secure,0.515,168.1831999997841,1171
normal,secure,0.52,168.56639999993203,1171
normal,secure,0.525,169.1397500001185,1171
normal,secure,0.53,169.84119999997785,1171
normal,secure,0.535,171.57584999997638,1171
normal,secure,0.54,172.1835999999661,1171
normal,secure,0.545,173.26554999988295,1171
normal,secure,0.55,175.03699999992386,1171
normal,secure,0.555,176.02514999995475,1171
normal,secure,0.56,176.97700000010667,1171
normal,secure,0.5650000000000001,179.21080000001243,1171
normal,secure,0.5700000000000001,182.4851000000491,1171
normal,secure,0.5750000000000001,192.2877499999018,1171
normal,secure,0.58,231.33820000002152,1171
normal,secure,0.585,236.52885000010136,1171
normal,secure,0.59,239.23099999991246,1171
normal,secure,0.595,241.40024999998278,1171
normal,secure,0.6,242.55799999972805,1171
normal,secure,0.605,242.97784999972208,1171
normal,secure,0.61,244.428699999908,1171
normal,secure,0.615,245.5110500003444,1171
normal,secure,0.62,248.1309999999648,1171
normal,secure,0.625,249.11549999995623,1171
normal,secure,0.63,249.53499999998022,1171
normal,secure,0.635,250.05910000020233,1171
normal,secure,0.64,250.5704000002239,1171
normal,secure,0.645,251.40140000001992,1171
normal,secure,0.65,252.14700000011362,1171
normal,secure,0.655,252.49040000002714,1171
normal,secure,0.66,252.92359999986365,1171
normal,secure,0.665,253.19284999980593,1171
normal,secure,0.67,253.50520000000253,1171
normal,secure,0.675,253.73624999984168,1171
normal,secure,0.68,254.4134000000078,1171
normal,secure,0.685,254.539349999986,1171
normal,secure,0.6900000000000001,255.16009999983945,1171
normal,secure,0.6950000000000001,255.52265000010956,1171
normal,secure,0.7000000000000001,255.76100000017325,1171
normal,secure,0.705,256.30764999997336,1171
normal,secure,0.71,256.6756999999983,1171
normal,secure,0.715,257.0800000000978,1171
normal,secure,0.72,257.3840000000317,1171
normal,secure,0.725,257.781500000041,1171
normal,secure,0.73,257.9943000001367,1171
normal,secure,0.735,258.4562000001082,1171
normal,secure,0.74,258.91580000007525,1171
normal,secure,0.745,259.10174999993177,1171
normal,secure,0.75,259.5239999999758,1171
normal,secure,0.755,259.8509499999811,1171
normal,secure,0.76,260.3127999999095,1171
normal,secure,0.765,260.62760000000054,1171
normal,secure,0.77,260.8834999999905,1171
normal,secure,0.775,261.1587500000023,1171
normal,secure,0.78,261.5056000000739,1171
normal,secure,0.785,261.795650000067,1171
normal,secure,0.79,262.3186999999918,1171
normal,secure,0.795,262.5424000000232,1171
normal,secure,0.8,263.0559999999823,1171
normal,secure,0.805,263.52545000005045,1171
normal,secure,0.81,264.13770000023067,1171
normal,secure,0.8150000000000001,264.4689000000246,1171
normal,secure,0.8200000000000001,264.71680000000055,1171
normal,secure,0.8250000000000001,265.19799999994575,1171
normal,secure,0.8300000000000001,265.98469999996655,1171
normal,secure,0.835,266.4695999999065,1171
normal,secure,0.84,267.34020000002346,1171
normal,secure,0.845,267.9218000001507,1171
normal,secure,0.85,268.4750000000349,1171
normal,secure,0.855,268.9858499998991,1171
normal,secure,0.86,269.497199999867,1171
normal,secure,0.865,270.10034999977654,1171
normal,secure,0.87,270.5472999999562,1171
normal,secure,0.875,270.9512499999837,1171
normal,secure,0.88,271.287200000044,1171
normal,secure,0.885,271.53705000000775,1171
normal,secure,0.89,271.87670000005744,1171
normal,secure,0.895,272.22989999996497,1171
normal,secure,0.9,272.60899999993853,1171
normal,secure,0.905,273.78704999990293,1171
normal,secure,0.91,274.6107000001706,1171
normal,secure,0.915,274.8264999999607,1171
normal,secure,0.92,275.18620000015943,1171
normal,secure,0.925,275.5817500000994,1171
normal,secure,0.93,276.393999999878,1171
normal,secure,0.935,277.0223999998707,1171
normal,secure,0.9400000000000001,278.61539999996313,1171
normal,secure,0.9450000000000001,279.0284999998985,1171
normal,secure,0.9500000000000001,279.6975000000384,1171
normal,secure,0.9550000000000001,280.50565000000455,1171
normal,secure,0.96,281.41260000001637,1171
normal,secure,0.965,282.32715000005265,1171
normal,secure,0.97,283.78129999998487,1171
normal,secure,0.975,285.06574999997974,1171
normal,secure,0.98,286.3740000001154,1171
normal,secure,0.985,289.2795500000295,1171
normal,secure,0.99,290.84760000000233,1171
normal,secure,0.995,295.6367500000243,1171
normal,secure,1.0,304.2229999997653,1171
mixed,always_on,0.0,117.62799999990966,9679
mixed,always_on,0.005,143.902610000032,9679
mixed,always_on,0.01,150.57825999990368,9679
mixed,always_on,0.015,155.2379099997133,9679
mixed,always_on,0.02,158.36927999992855,9679
mixed,always_on,0.025,162.04994999999036,9679
mixed,always_on,0.03,165.3927399999462,9679
mixed,always_on,0.035,168.67656999985223,9679
mixed,always_on,0.04,171.46783999999985,9679
mixed,always_on,0.045,174.34603999994172,9679
mixed,always_on,0.05,176.604099999991,9679
mixed,always_on,0.055,179.36524999998045,9679
mixed,always_on,0.06,181.93443999988958,9679
mixed,always_on,0.065,184.18403000003659,9679
mixed,always_on,0.07,186.76467999985442,9679
mixed,always_on,0.075,189.2246499998495,9679
mixed,always_on,0.08,190.9298800000176,9679
mixed,always_on,0.085,193.52452000000048,9679
mixed,always_on,0.09,195.897039999885,9679
mixed,always_on,0.095,198.48620000012684,9679
mixed,always_on,0.1,200.87800000002608,9679
mixed,always_on,0.105,203.02029999998456,9679
mixed,always_on,0.11,205.96721999995088,9679
mixed,always_on,0.115,208.5555500000078,9679
mixed,always_on,0.12,210.9408800000022,9679
mixed,always_on,0.125,213.43325000000186,9679
mixed,always_on,0.13,215.70661999984645,9679
mixed,always_on,0.135,217.71125000002795,9679
mixed,always_on,0.14,220.49188000021502,9679
mixed,always_on,0.145,222.90109999996727,9679
mixed,always_on,0.15,226.33920000004582,9679
mixed,always_on,0.155,228.845259999932,9679
mixed,always_on,0.16,231.26187999999152,9679
mixed,always_on,0.165,233.413370000124,9679
mixed,always_on,0.17,235.46977999998722,9679
mixed,always_on,0.17500000000000002,237.59630000006874,9679
mixed,always_on,0.18,239.69615999967792,9679
mixed,always_on,0.185,241.70416000001714,9679
mixed,always_on,0.19,243.8859999999404,9679
mixed,always_on,0.195,245.65787000009792,9679
mixed,always_on,0.2,247.52859999999637,9679
mixed,always_on,0.20500000000000002,248.99763999990887,9679
mixed,always_on,0.21,250.98142000014894,9679
mixed,always_on,0.215,252.53986000017787,9679
mixed,always_on,0.22,253.74167999990283,9679
mixed,always_on,0.225,255.3848500000546,9679
mixed,always_on,0.23,256.713100000032,9679
mixed,always_on,0.23500000000000001,258.43095999978715,9679
mixed,always_on,0.24,259.7393999997387,9679
mixed,always_on,0.245,261.24814999991565,9679
mixed,always_on,0.25,262.4879999998957,9679
mixed,always_on,0.255,263.41751000002375,9679
mixed,always_on,0.26,264.9628799999133,9679
mixed,always_on,0.265,266.1180600000161,9679
mixed,always_on,0.27,267.5647200000123,9679
mixed,always_on,0.275,268.8667999999947,9679
mixed,always_on,0.28,270.1143999999575,9679
mixed,always_on,0.28500000000000003,271.2298400000995,9679
mixed,always_on,0.29,272.4270600001048,9679
mixed,always_on,0.295,273.65007999991064,9679
mixed,always_on,0.3,274.74619999995923,9679
mixed,always_on,0.305,275.7118600000441,9679
mixed,always_on,0.31,276.8742600000393,9679
mixed,always_on,0.315,278.14619000016245,9679
mixed,always_on,0.32,279.23500000001167,9679
mixed,always_on,0.325,280.42904999991293,9679
mixed,always_on,0.33,281.5204800000286,9679
mixed,always_on,0.335,282.9630800001044,9679
mixed,always_on,0.34,283.81008000005966,9679
mixed,always_on,0.34500000000000003,285.19312999973073,9679
mixed,always_on,0.35000000000000003,286.41619999997494,9679
mixed,always_on,0.355,287.7755600000778,9679
mixed,always_on,0.36,289.153960000053,9679
mixed,always_on,0.365,289.98681000005917,9679
mixed,always_on,0.37,291.3545199997537,9679
mixed,always_on,0.375,292.2547500000801,9679
mixed,always_on,0.38,293.23956000000703,9679
mixed,always_on,0.385,294.0839600000973,9679
mixed,always_on,0.39,295.08844000004814,9679
mixed,always_on,0.395,296.22935000004946,9679
mixed,always_on,0.4,297.4031999998726,9679
mixed,always_on,0.405,298.54862999995703,9679
mixed,always_on,0.41000000000000003,299.9995999999298,9679
mixed,always_on,0.41500000000000004,301.2872499998985,9679
mixed,always_on,0.42,302.3577999997884,9679
mixed,always_on,0.425,303.74104999995905,9679
mixed,always_on,0.43,305.00820000010077,9679
mixed,always_on,0.435,306.1070800000429,9679
mixed,always_on,0.44,307.1289600000344,9679
mixed,always_on,0.445,308.34042000002114,9679
mixed,always_on,0.45,309.7015999998897,9679
mixed,always_on,0.455,310.67810999998005,9679
mixed,always_on,0.46,311.92128000007943,9679
mixed,always_on,0.465,313.09915000003764,9679
mixed,always_on,0.47000000000000003,314.78616000010777,9679
mixed,always_on,0.47500000000000003,315.8492500000575,9679
mixed,always_on,0.48,317.0140800000029,9679
mixed,always_on,0.485,318.5499799999688,9679
mixed,always_on,0.49,319.5430600000825,9679
mixed,always_on,0.495,320.9100200000184,9679
mixed,always_on,0.5,322.2730000000447,9679
mixed,always_on,0.505,323.2793600000092,9679
mixed,always_on,0.51,324.42272000023394,9679
mixed,always_on,0.515,325.7660099999956,9679
mixed,always_on,0.52,327.6454000000021,9679
mixed,always_on,0.525,328.89069999982604,9679
mixed,always_on,0.53,330.2690599999098,9679
mixed,always_on,0.535,331.72022000027823,9679
mixed,always_on,0.54,332.9307200000808,9679
mixed,always_on,0.545,334.01315999994927,9679
mixed,always_on,0.55,335.1854000000749,9679
mixed,always_on,0.555,336.72886999979613,9679
mixed,always_on,0.56,338.0827600002289,9679
mixed,always_on,0.5650000000000001,339.3448400000381,9679
mixed,always_on,0.5700000000000001,340.4935600001307,9679
mixed,always_on,0.5750000000000001,341.7669000001275,9679
mixed,always_on,0.58,343.0104000002146,9679
mixed,always_on,0.585,344.27857999979983,9679
mixed,always_on,0.59,345.3601400001673,9679
mixed,always_on,0.595,346.6973900000244,9679
mixed,always_on,0.6,348.2660000000149,9679
mixed,always_on,0.605,349.50124999995575,9679
mixed,always_on,0.61,350.5944400000153,9679
mixed,always_on,0.615,351.62579000015745,9679
mixed,always_on,0.62,352.3833600002504,9679
mixed,always_on,0.625,353.5497500002384,9679
mixed,always_on,0.63,354.7546799996402,9679
mixed,always_on,0.635,356.1410699999752,9679
mixed,always_on,0.64,357.38451999964195,9679
mixed,always_on,0.645,358.9369600000489,9679
mixed,always_on,0.65,360.1367000002414,9679
mixed,always_on,0.655,361.1955399998371,9679
mixed,always_on,0.66,362.554640000104,9679
mixed,always_on,0.665,363.7374499999953,9679
mixed,always_on,0.67,364.81340000014285,9679
mixed,always_on,0.675,365.8719999999739,9679
mixed,always_on,0.68,367.1824400000286,9679
mixed,always_on,0.685,368.49517999996897,9679
mixed,always_on,0.6900000000000001,369.7354600000288,9679
mixed,always_on,0.6950000000000001,371.0412100001378,9679
mixed,always_on,0.7000000000000001,372.2151999996044,9679
mixed,always_on,0.705,373.4848500000336,9679
mixed,always_on,0.71,374.59228000001514,9679
mixed,always_on,0.715,375.7829400000145,9679
mixed,always_on,0.72,377.28972000001,9679
mixed,always_on,0.725,378.4999500001548,9679
mixed,always_on,0.73,379.7116400000686,9679
mixed,always_on,0.735,380.8627499998966,9679
mixed,always_on,0.74,382.0409599997103,9679
mixed,always_on,0.745,383.39574000040534,9679
mixed,always_on,0.75,385.2924999999814,9679
mixed,always_on,0.755,386.905289999987,9679
mixed,always_on,0.76,388.1468399999477,9679
mixed,always_on,0.765,389.6985499999905,9679
mixed,always_on,0.77,390.94817999986003,9679
mixed,always_on,0.775,392.33870000009773,9679
mixed,always_on,0.78,393.7553599999659,9679
mixed,always_on,0.785,395.3571899999888,9679
mixed,always_on,0.79,397.01383999998563,9679
mixed,always_on,0.795,398.50716000021407,9679
mixed,always_on,0.8,400.2071999998763,9679
mixed,always_on,0.805,402.2666400000546,9679
mixed,always_on,0.81,404.02049999985934,9679
mixed,always_on,0.8150000000000001,406.1805599999952,9679
mixed,always_on,0.8200000000000001,407.96940000005077,9679
mixed,always_on,0.8250000000000001,410.01130000003616,9679
mixed,always_on,0.8300000000000001,412.56674000008036,9679
mixed,always_on,0.835,414.16999000006706,9679
mixed,always_on,0.84,417.4524799999408,9679
mixed,always_on,0.845,419.773669999789,9679
mixed,always_on,0.85,422.3951000000263,9679
mixed,always_on,0.855,424.5555600000173,9679
mixed,always_on,0.86,427.6381599999033,9679
mixed,always_on,0.865,429.69651000019275,9679
mixed,always_on,0.87,432.38686000009153,9679
mixed,always_on,0.875,435.5257499999134,9679
mixed,always_on,0.88,439.1692799998075,9679
mixed,always_on,0.885,441.88125999986727,9679
mixed,always_on,0.89,445.5820599999465,9679
mixed,always_on,0.895,448.70430000000164,9679
mixed,always_on,0.9,452.4436000000221,9679
mixed,always_on,0.905,455.83590000007126,9679
mixed,always_on,0.91,458.6187000000116,9679
mixed,always_on,0.915,461.3136999999732,9679
mixed,always_on,0.92,464.33904000021516,9679
mixed,always_on,0.925,467.8358000001404,9679
mixed,always_on,0.93,471.3583800002374,9679
mixed,always_on,0.935,475.54362000009047,9679
mixed,always_on,0.9400000000000001,479.10560000017284,9679
mixed,always_on,0.9450000000000001,482.3599499998397,9679
mixed,always_on,0.9500000000000001,486.6491999997817,9679
mixed,always_on,0.9550000000000001,491.18600000010105,9679
mixed,always_on,0.96,496.76815999997314,9679
mixed,always_on,0.965,500.7344600000839,9679
mixed,always_on,0.97,507.583739999946,9679
mixed,always_on,0.975,516.1251499998383,9679
mixed,always_on,0.98,525.341320000014,9679
mixed,always_on,0.985,540.4281699999177,9679
mixed,always_on,0.99,589.1598799999796,9679
mixed,always_on,0.995,655.5629300000425,9679
mixed,always_on,1.0,1092.8240000000224,9679
mixed,motion_only,0.0,219.63100000005215,2925
mixed,motion_only,0.005,229.55207999982755,2925
mixed,motion_only,0.01,232.77175999997183,2925
mixed,motion_only,0.015,234.28198000016621,2925
mixed,motion_only,0.02,235.64540000012144,2925
mixed,motion_only,0.025,236.38969999989496,2925
mixed,motion_only,0.03,237.2940000001341,2925
mixed,motion_only,0.035,238.2277400001441,2925
mixed,motion_only,0.04,239.1156799998181,2925
mixed,motion_only,0.045,239.7594799998775,2925
mixed,motion_only,0.05,240.21820000002626,2925
mixed,motion_only,0.055,240.49309999996797,2925
mixed,motion_only,0.06,241.30063999997452,2925
mixed,motion_only,0.065,241.87156000000658,2925
mixed,motion_only,0.07,242.53388000003062,2925
mixed,motion_only,0.075,242.8853999999119,2925
mixed,motion_only,0.08,243.31063999991864,2925
mixed,motion_only,0.085,243.87414000000106,2925
mixed,motion_only,0.09,244.19839999999851,2925
mixed,motion_only,0.095,244.75411999987904,2925
mixed,motion_only,0.1,245.27060000002385,2925
mixed,motion_only,0.105,245.5520600001421,2925
mixed,motion_only,0.11,245.96459999999033,2925
mixed,motion_only,0.115,246.3585999998916,2925
mixed,motion_only,0.12,246.61004000002984,2925
mixed,motion_only,0.125,247.03350000001956,2925
mixed,motion_only,0.13,247.33396000009031,2925
mixed,motion_only,0.135,247.66853999972344,2925
mixed,motion_only,0.14,247.89823999986052,2925
mixed,motion_only,0.145,248.2847200001459,2925
mixed,motion_only,0.15,248.43500000005588,2925
mixed,motion_only,0.155,248.61122000001836,2925
mixed,motion_only,0.16,248.88571999995503,2925
mixed,motion_only,0.165,249.20679999987595,2925
mixed,motion_only,0.17,249.49931999983266,2925
mixed,motion_only,0.17500000000000002,249.74970000011382,2925
mixed,motion_only,0.18,250.0379200000572,2925
mixed,motion_only,0.185,250.26240000003483,2925
mixed,motion_only,0.19,250.4693600000441,2925
mixed,motion_only,0.195,250.770719999969,2925
mixed,motion_only,0.2,250.96579999998212,2925
mixed,motion_only,0.20500000000000002,251.14784000005574,2925
mixed,motion_only,0.21,251.42375999995508,2925
mixed,motion_only,0.215,251.76649999993853,2925
mixed,motion_only,0.22,252.09400000004098,2925
mixed,motion_only,0.225,252.31060000008438,2925
mixed,motion_only,0.23,252.53507999985945,2925
mixed,motion_only,0.23500000000000001,252.75454000001773,2925
mixed,motion_only,0.24,252.98240000000223,2925
mixed,motion_only,0.245,253.169140000029,2925
mixed,motion_only,0.25,253.32099999999627,2925
mixed,motion_only,0.255,253.4869199999864,2925
mixed,motion_only,0.26,253.7407200001739,2925
mixed,motion_only,0.265,253.88350000010104,2925
mixed,motion_only,0.27,254.0919600000081,2925
mixed,motion_only,0.275,254.38520000006537,2925
mixed,motion_only,0.28,254.54200000000188,2925
mixed,motion_only,0.28500000000000003,254.6943400000315,2925
mixed,motion_only,0.29,254.85395999994128,2925
mixed,motion_only,0.295,255.0338999998942,2925
mixed,motion_only,0.3,255.30319999996573,2925
mixed,motion_only,0.305,255.60858000013977,2925
mixed,motion_only,0.31,255.75168000003322,2925
mixed,motion_only,0.315,256.00348000002094,2925
mixed,motion_only,0.32,256.2328000000305,2925
mixed,motion_only,0.325,256.45879999999306,2925
mixed,motion_only,0.33,256.70099999996836,2925
mixed,motion_only,0.335,256.87264000000255,2925
mixed,motion_only,0.34,257.08831999996676,2925
mixed,motion_only,0.34500000000000003,257.2937800000096,2925
mixed,motion_only,0.35000000000000003,257.4356000000611,2925
mixed,motion_only,0.355,257.5661000001058,2925
mixed,motion_only,0.36,257.6987599999644,2925
mixed,motion_only,0.365,257.9003000001493,2925
mixed,motion_only,0.37,258.1070000000484,2925
mixed,motion_only,0.375,258.31600000000617,2925
mixed,motion_only,0.38,258.42931999988855,2925
mixed,motion_only,0.385,258.5827399999718,2925
mixed,motion_only,0.39,258.7103599998541,2925
mixed,motion_only,0.395,258.8179999999702,2925
mixed,motion_only,0.4,259.12420000000856,2925
mixed,motion_only,0.405,259.3163200003188,2925
mixed,motion_only,0.41000000000000003,259.5292399999686,2925
mixed,motion_only,0.41500000000000004,259.6998399999458,2925
mixed,motion_only,0.42,259.90256000021475,2925
mixed,motion_only,0.425,260.0253999999724,2925
mixed,motion_only,0.43,260.2056000000238,2925
mixed,motion_only,0.435,260.3542199999827,2925
mixed,motion_only,0.44,260.5697599999141,2925
mixed,motion_only,0.445,260.8132399999525,2925
mixed,motion_only,0.45,260.9488000000827,2925
mixed,motion_only,0.455,261.13078000001144,2925
mixed,motion_only,0.46,261.2962000000849,2925
mixed,motion_only,0.465,261.4564600000391,2925
mixed,motion_only,0.47000000000000003,261.7986800000351,2925
mixed,motion_only,0.47500000000000003,261.946900000039,2925
mixed,motion_only,0.48,262.10520000012593,2925
mixed,motion_only,0.485,262.2481399996951,2925
mixed,motion_only,0.49,262.38776000020096,2925
mixed,motion_only,0.495,262.55079999987964,2925
mixed,motion_only,0.5,262.79999999998836,2925
mixed,motion_only,0.505,263.0652399997832,2925
mixed,motion_only,0.51,263.19035999989137,2925
mixed,motion_only,0.515,263.4074399998598,2925
mixed,motion_only,0.52,263.5412399999634,2925
mixed,motion_only,0.525,263.7502000000095,2925
mixed,motion_only,0.53,263.9766400000267,2925
mixed,motion_only,0.535,264.15709999981334,2925
mixed,motion_only,0.54,264.3502799997991,2925
mixed,motion_only,0.545,264.5507399996649,2925
mixed,motion_only,0.55,264.67199999978766,2925
mixed,motion_only,0.555,264.9235600001039,2925
mixed,motion_only,0.56,265.11331999994815,2925
mixed,motion_only,0.5650000000000001,265.26441999996894,2925
mixed,motion_only,0.5700000000000001,265.51756000004707,2925
mixed,motion_only,0.5750000000000001,265.71389999999667,2925
mixed,motion_only,0.58,265.92060000007973,2925
mixed,motion_only,0.585,266.0273999998858,2925
mixed,motion_only,0.59,266.1484800001699,2925
mixed,motion_only,0.595,266.36678000015206,2925
mixed,motion_only,0.6,266.49519999998154,2925
mixed,motion_only,0.605,266.6541199999815,2925
mixed,motion_only,0.61,266.8034000001103,2925
mixed,motion_only,0.615,267.0524199999496,2925
mixed,motion_only,0.62,267.2417600000743,2925
mixed,motion_only,0.625,267.4915000000037,2925
mixed,motion_only,0.63,267.657679999955,2925
mixed,motion_only,0.635,267.8959800003376,2925
mixed,motion_only,0.64,268.0886799998954,2925
mixed,motion_only,0.645,268.26391999997196,2925
mixed,motion_only,0.65,268.50040000006555,2925
mixed,motion_only,0.655,268.6700600000017,2925
mixed,motion_only,0.66,268.84388000007255,2925
mixed,motion_only,0.665,269.0879599999171,2925
mixed,motion_only,0.67,269.22487999996173,2925
mixed,motion_only,0.675,269.4295999998925,2925
mixed,motion_only,0.68,269.5902400000161,2925
mixed,motion_only,0.685,269.8039799999353,2925
mixed,motion_only,0.6900000000000001,270.178840000052,2925
mixed,motion_only,0.6950000000000001,270.3920599999651,2925
mixed,motion_only,0.7000000000000001,270.52660000000617,2925
mixed,motion_only,0.705,270.66652000012806,2925
mixed,motion_only,0.71,270.8367199996859,2925
mixed,motion_only,0.715,270.97664000005693,2925
mixed,motion_only,0.72,271.0890799999423,2925
mixed,motion_only,0.725,271.2889000000956,2925
mixed,motion_only,0.73,271.43675999984146,2925
mixed,motion_only,0.735,271.7106799998134,2925
mixed,motion_only,0.74,271.9712800000468,2925
mixed,motion_only,0.745,272.2528999998327,2925
mixed,motion_only,0.75,272.57600000011735,2925
mixed,motion_only,0.755,272.89809999998545,2925
mixed,motion_only,0.76,273.108640000131,2925
mixed,motion_only,0.765,273.3967200000002,2925
mixed,motion_only,0.77,273.59976000009107,2925
mixed,motion_only,0.775,273.7738000001642,2925
mixed,motion_only,0.78,274.0821999999927,2925
mixed,motion_only,0.785,274.2846800001711,2925
mixed,motion_only,0.79,274.67116000011566,2925
mixed,motion_only,0.795,274.91611999998565,2925
mixed,motion_only,0.8,275.1978000001283,2925
mixed,motion_only,0.805,275.5389999999013,2925
mixed,motion_only,0.81,275.80663999992424,2925
mixed,motion_only,0.8150000000000001,276.263419999812,2925
mixed,motion_only,0.8200000000000001,276.59320000018926,2925
mixed,motion_only,0.8250000000000001,276.93360000000393,2925
mixed,motion_only,0.8300000000000001,277.14951999980957,2925
mixed,motion_only,0.835,277.4356800001208,2925
mixed,motion_only,0.84,277.8284799997881,2925
mixed,motion_only,0.845,278.0834799998626,2925
mixed,motion_only,0.85,278.50280000008644,2925
mixed,motion_only,0.855,278.8799999998906,2925
mixed,motion_only,0.86,279.10748000010847,2925
mixed,motion_only,0.865,279.5498400000465,2925
mixed,motion_only,0.87,279.8757599997148,2925
mixed,motion_only,0.875,280.34600000001956,2925
mixed,motion_only,0.88,280.75728000010366,2925
mixed,motion_only,0.885,281.0264800000377,2925
mixed,motion_only,0.89,281.31532000013163,2925
mixed,motion_only,0.895,281.6707800000859,2925
mixed,motion_only,0.9,282.0433999999426,2925
mixed,motion_only,0.905,282.3399799999455,2925
mixed,motion_only,0.91,282.90867999993264,2925
mixed,motion_only,0.915,283.6848799999175,2925
mixed,motion_only,0.92,284.36080000014977,2925
mixed,motion_only,0.925,285.27659999997707,2925
mixed,motion_only,0.93,285.79652000004427,2925
mixed,motion_only,0.935,286.37785999974176,2925
mixed,motion_only,0.9400000000000001,286.88148000007493,2925
mixed,motion_only,0.9450000000000001,287.64084000002595,2925
mixed,motion_only,0.9500000000000001,288.5233999999939,2925
mixed,motion_only,0.9550000000000001,289.5645400000183,2925
mixed,motion_only,0.96,290.6569600000931,2925
mixed,motion_only,0.965,291.61911999979986,2925
mixed,motion_only,0.97,292.62627999996766,2925
mixed,motion_only,0.975,293.6532999999821,2925
mixed,motion_only,0.98,295.7174800001277,2925
mixed,motion_only,0.985,298.3707599999197,2925
mixed,motion_only,0.99,300.7323199999798,2925
mixed,motion_only,0.995,304.5316000000207,2925
mixed,motion_only,1.0,329.4340000001248,2925
mixed,fixed_threshold,0.0,216.8310000000056,2990
mixed,fixed_threshold,0.005,227.41046000001487,2990
mixed,fixed_threshold,0.01,230.42491000012552,2990
mixed,fixed_threshold,0.015,233.28497500012162,2990
mixed,fixed_threshold,0.02,234.59835999974982,2990
mixed,fixed_threshold,0.025,235.68337500018532,2990
mixed,fixed_threshold,0.03,236.6670299999765,2990
mixed,fixed_threshold,0.035,237.77013499982888,2990
mixed,fixed_threshold,0.04,238.88812000007368,2990
mixed,fixed_threshold,0.045,239.60414000016522,2990
mixed,fixed_threshold,0.05,240.21340000001,2990
mixed,fixed_threshold,0.055,240.72498499965994,2990
mixed,fixed_threshold,0.06,241.36334000025875,2990
mixed,fixed_threshold,0.065,241.8882400000986,2990
mixed,fixed_threshold,0.07,242.54214999979013,2990
mixed,fixed_threshold,0.075,242.8355750000046,2990
mixed,fixed_threshold,0.08,243.0923199999705,2990
mixed,fixed_threshold,0.085,243.72726500008255,2990
mixed,fixed_threshold,0.09,244.14114000029397,2990
mixed,fixed_threshold,0.095,244.49623499997426,2990
mixed,fixed_threshold,0.1,245.00690000019966,2990
mixed,fixed_threshold,0.105,245.3200699999882,2990
mixed,fixed_threshold,0.11,245.5826499999175,2990
mixed,fixed_threshold,0.115,245.93043500017143,2990
mixed,fixed_threshold,0.12,246.22480000006036,2990
mixed,fixed_threshold,0.125,246.51187500009837,2990
mixed,fixed_threshold,0.13,246.87498000002904,2990
mixed,fixed_threshold,0.135,247.2589300001529,2990
mixed,fixed_threshold,0.14,247.65483999996678,2990
mixed,fixed_threshold,0.145,247.84962000011933,2990
mixed,fixed_threshold,0.15,248.03574999998673,2990
mixed,fixed_threshold,0.155,248.38019499988994,2990
mixed,fixed_threshold,0.16,248.57131999984384,2990
mixed,fixed_threshold,0.165,248.8681799999997,2990
mixed,fixed_threshold,0.17,249.24603999999934,2990
mixed,fixed_threshold,0.17500000000000002,249.50389999981854,2990
mixed,fixed_threshold,0.18,249.76903999986126,2990
mixed,fixed_threshold,0.185,250.02389499997489,2990
mixed,fixed_threshold,0.19,250.16972999992313,2990
mixed,fixed_threshold,0.195,250.41400000027147,2990
mixed,fixed_threshold,0.2,250.64879999998956,2990
mixed,fixed_threshold,0.20500000000000002,250.86648999997473,2990
mixed,fixed_threshold,0.21,251.10797000007005,2990
mixed,fixed_threshold,0.215,251.2839749999577,2990
mixed,fixed_threshold,0.22,251.56869999981254,2990
mixed,fixed_threshold,0.225,251.83167499997072,2990
mixed,fixed_threshold,0.23,252.105580000194,2990
mixed,fixed_threshold,0.23500000000000001,252.33580999979924,2990
mixed,fixed_threshold,0.24,252.62919999998064,2990
mixed,fixed_threshold,0.245,252.8489150000771,2990
mixed,fixed_threshold,0.25,253.14500000013504,2990
mixed,fixed_threshold,0.255,253.30739000002563,2990
mixed,fixed_threshold,0.26,253.47923999998486,2990
mixed,fixed_threshold,0.265,253.67982499997132,2990
mixed,fixed_threshold,0.27,253.86302000008408,2990
mixed,fixed_threshold,0.275,254.1375499999689,2990
mixed,fixed_threshold,0.28,254.38392000006976,2990
mixed,fixed_threshold,0.28500000000000003,254.5633250000124,2990
mixed,fixed_threshold,0.29,254.7390100002149,2990
mixed,fixed_threshold,0.295,254.93832499997632,2990
mixed,fixed_threshold,0.3,255.26640000001353,2990
mixed,fixed_threshold,0.305,255.46816000000865,2990
mixed,fixed_threshold,0.31,255.70094999984022,2990
mixed,fixed_threshold,0.315,255.94344500000471,2990
mixed,fixed_threshold,0.32,256.1608399999654,2990
mixed,fixed_threshold,0.325,256.377800000069,2990
mixed,fixed_threshold,0.33,256.6584400000493,2990
mixed,fixed_threshold,0.335,256.82987500013087,2990
mixed,fixed_threshold,0.34,256.9522999999416,2990
mixed,fixed_threshold,0.34500000000000003,257.1314599998412,2990
mixed,fixed_threshold,0.35000000000000003,257.295250000013,2990
mixed,fixed_threshold,0.355,257.4812349999626,2990
mixed,fixed_threshold,0.36,257.5710400000028,2990
mixed,fixed_threshold,0.365,257.710910000125,2990
mixed,fixed_threshold,0.37,257.9077200002654,2990
mixed,fixed_threshold,0.375,258.1122499999183,2990
mixed,fixed_threshold,0.38,258.3454599998984,2990
mixed,fixed_threshold,0.385,258.53911999975566,2990
mixed,fixed_threshold,0.39,258.69303999996043,2990
mixed,fixed_threshold,0.395,258.8337199999543,2990
mixed,fixed_threshold,0.4,259.08920000018554,2990
mixed,fixed_threshold,0.405,259.2850850000052,2990
mixed,fixed_threshold,0.41000000000000003,259.4318200000282,2990
mixed,fixed_threshold,0.41500000000000004,259.66247999994783,2990
mixed,fixed_threshold,0.42,259.86198000003117,2990
mixed,fixed_threshold,0.425,260.0246499998495,2990
mixed,fixed_threshold,0.43,260.21997000009986,2990
mixed,fixed_threshold,0.435,260.3447949999993,2990
mixed,fixed_threshold,0.44,260.5914399998635,2990
mixed,fixed_threshold,0.445,260.8291549997771,2990
mixed,fixed_threshold,0.45,260.94945000002116,2990
mixed,fixed_threshold,0.455,261.1089899999996,2990
mixed,fixed_threshold,0.46,261.2615800001193,2990
mixed,fixed_threshold,0.465,261.38230999990833,2990
mixed,fixed_threshold,0.47000000000000003,261.6036200001114,2990
mixed,fixed_threshold,0.47500000000000003,261.79610000003015,2990
mixed,fixed_threshold,0.48,261.9619600000093,2990
mixed,fixed_threshold,0.485,262.1546199999738,2990
mixed,fixed_threshold,0.49,262.3439300000062,2990
mixed,fixed_threshold,0.495,262.4688750000228,2990
mixed,fixed_threshold,0.5,262.6404999999795,2990
mixed,fixed_threshold,0.505,262.87389499992133,2990
mixed,fixed_threshold,0.51,262.98599999965865,2990
mixed,fixed_threshold,0.515,263.1756699998748,2990
mixed,fixed_threshold,0.52,263.2779599997308,2990
mixed,fixed_threshold,0.525,263.4419000000722,2990
mixed,fixed_threshold,0.53,263.6077199999522,2990
mixed,fixed_threshold,0.535,263.82595499997,2990
mixed,fixed_threshold,0.54,264.08647999965586,2990
mixed,fixed_threshold,0.545,264.26902500008697,2990
mixed,fixed_threshold,0.55,264.46684999999417,2990
mixed,fixed_threshold,0.555,264.5905299997167,2990
mixed,fixed_threshold,0.56,264.81735999997704,2990
mixed,fixed_threshold,0.5650000000000001,265.095419999818,2990
mixed,fixed_threshold,0.5700000000000001,265.22702999998177,2990
mixed,fixed_threshold,0.5750000000000001,265.4102499999164,2990
mixed,fixed_threshold,0.58,265.67757999992466,2990
mixed,fixed_threshold,0.585,265.91317000002135,2990
mixed,fixed_threshold,0.59,266.034039999987,2990
mixed,fixed_threshold,0.595,266.2797349999938,2990
mixed,fixed_threshold,0.6,266.4534000000218,2990
mixed,fixed_threshold,0.605,266.5554849999878,2990
mixed,fixed_threshold,0.61,266.70699999993667,2990
mixed,fixed_threshold,0.615,266.8492299999541,2990
mixed,fixed_threshold,0.62,267.07043999973683,2990
mixed,fixed_threshold,0.625,267.3256249999977,2990
mixed,fixed_threshold,0.63,267.5181199999968,2990
mixed,fixed_threshold,0.635,267.6310750000505,2990
mixed,fixed_threshold,0.64,267.85728000001984,2990
mixed,fixed_threshold,0.645,268.09485999989323,2990
mixed,fixed_threshold,0.65,268.3143000000331,2990
mixed,fixed_threshold,0.655,268.51695000027075,2990
mixed,fixed_threshold,0.66,268.6991000000061,2990
mixed,fixed_threshold,0.665,268.9151799999221,2990
mixed,fixed_threshold,0.67,269.1376299998886,2990
mixed,fixed_threshold,0.675,269.23557500016176,2990
mixed,fixed_threshold,0.68,269.5188800000027,2990
mixed,fixed_threshold,0.685,269.67564999992317,2990
mixed,fixed_threshold,0.6900000000000001,269.98537999999246,2990
mixed,fixed_threshold,0.6950000000000001,270.162065000048,2990
mixed,fixed_threshold,0.7000000000000001,270.35319999994243,2990
mixed,fixed_threshold,0.705,270.51298000003675,2990
mixed,fixed_threshold,0.71,270.6670400001178,2990
mixed,fixed_threshold,0.715,270.8436199999915,2990
mixed,fixed_threshold,0.72,270.98108000012115,2990
mixed,fixed_threshold,0.725,271.13212500020745,2990
mixed,fixed_threshold,0.73,271.34697000006213,2990
mixed,fixed_threshold,0.735,271.55283000006455,2990
mixed,fixed_threshold,0.74,271.9242600001395,2990
mixed,fixed_threshold,0.745,272.2275149999512,2990
mixed,fixed_threshold,0.75,272.50999999993655,2990
mixed,fixed_threshold,0.755,272.8864600000036,2990
mixed,fixed_threshold,0.76,273.0461999999918,2990
mixed,fixed_threshold,0.765,273.2649249999906,2990
mixed,fixed_threshold,0.77,273.50015000004674,2990
mixed,fixed_threshold,0.775,273.7707500000048,2990
mixed,fixed_threshold,0.78,274.08009999990463,2990
mixed,fixed_threshold,0.785,274.2770149998751,2990
mixed,fixed_threshold,0.79,274.4943099999626,2990
mixed,fixed_threshold,0.795,274.7596499999287,2990
mixed,fixed_threshold,0.8,275.0272000000812,2990
mixed,fixed_threshold,0.805,275.18332000005785,2990
mixed,fixed_threshold,0.81,275.52872000007306,2990
mixed,fixed_threshold,0.8150000000000001,275.78113999995753,2990
mixed,fixed_threshold,0.8200000000000001,276.10800000000745,2990
mixed,fixed_threshold,0.8250000000000001,276.5220250000595,2990
mixed,fixed_threshold,0.8300000000000001,276.83031999996746,2990
mixed,fixed_threshold,0.835,277.0595949999115,2990
mixed,fixed_threshold,0.84,277.3210399999376,2990
mixed,fixed_threshold,0.845,277.678114999996,2990
mixed,fixed_threshold,0.85,277.98775000005264,2990
mixed,fixed_threshold,0.855,278.31997500020543,2990
mixed,fixed_threshold,0.86,278.5627599999489,2990
mixed,fixed_threshold,0.865,279.0417699999514,2990
mixed,fixed_threshold,0.87,279.4763400001032,2990
mixed,fixed_threshold,0.875,279.71149999999034,2990
mixed,fixed_threshold,0.88,280.05088000003246,2990
mixed,fixed_threshold,0.885,280.55201000002853,2990
mixed,fixed_threshold,0.89,280.7563500000513,2990
mixed,fixed_threshold,0.895,281.21573499996447,2990
mixed,fixed_threshold,0.9,281.63090000003575,2990
mixed,fixed_threshold,0.905,282.2367650000332,2990
mixed,fixed_threshold,0.91,282.79450000008836,2990
mixed,fixed_threshold,0.915,283.1801800000039,2990
mixed,fixed_threshold,0.92,283.9956799999578,2990
mixed,fixed_threshold,0.925,284.6087999998592,2990
mixed,fixed_threshold,0.93,285.2820599999797,2990
mixed,fixed_threshold,0.935,285.90829500000524,2990
mixed,fixed_threshold,0.9400000000000001,286.53900000029245,2990
mixed,fixed_threshold,0.9450000000000001,287.5909450000465,2990
mixed,fixed_threshold,0.9500000000000001,288.35380000011065,2990
mixed,fixed_threshold,0.9550000000000001,289.00782500022797,2990
mixed,fixed_threshold,0.96,290.204919999931,2990
mixed,fixed_threshold,0.965,291.02370499987154,2990
mixed,fixed_threshold,0.97,292.1009999997914,2990
mixed,fixed_threshold,0.975,292.87375000002214,2990
mixed,fixed_threshold,0.98,294.99527999998537,2990
mixed,fixed_threshold,0.985,297.2113250001118,2990
mixed,fixed_threshold,0.99,300.6952699998091,2990
mixed,fixed_threshold,0.995,304.66256999998745,2990
mixed,fixed_threshold,1.0,317.6219999999739,2990
mixed,event,0.0,120.25899999996182,2987
mixed,event,0.005,128.72009999985283,2987
mixed,event,0.01,131.50312000025298,2987
mixed,event,0.015,133.10785000002448,2987
mixed,event,0.02,134.90880000011063,2987
mixed,event,0.025,136.100800000038,2987
mixed,event,0.03,137.6587000001082,2987
mixed,event,0.035,138.5490800000576,2987
mixed,event,0.04,139.39916000016035,2987
mixed,event,0.045,139.83095999988,2987
mixed,event,0.05,140.45130000000353,2987
mixed,event,0.055,141.1510699998145,2987
mixed,event,0.06,141.50711999975144,2987
mixed,event,0.065,142.04180999974255,2987
mixed,event,0.07,142.49415999994847,2987
mixed,event,0.075,142.94714999973075,2987
mixed,event,0.08,143.35587999998125,2987
mixed,event,0.085,143.73676999975928,2987
mixed,event,0.09,144.08435999996726,2987
mixed,event,0.095,144.37773000004935,2987
mixed,event,0.1,145.04820000017062,2987
mixed,event,0.105,145.50241999987512,2987
mixed,event,0.11,145.84698000003118,2987
mixed,event,0.115,146.3638399999845,2987
mixed,event,0.12,146.64747999982907,2987
mixed,event,0.125,146.9124999998894,2987
mixed,event,0.13,147.26501999986357,2987
mixed,event,0.135,147.74141999994288,2987
mixed,event,0.14,148.20640000022948,2987
mixed,event,0.145,148.63085999998367,2987
mixed,event,0.15,149.00259999990232,2987
mixed,event,0.155,149.32449000015708,2987
mixed,event,0.16,149.85831999989227,2987
mixed,event,0.165,150.3805000000156,2987
mixed,event,0.17,150.90367999999785,2987
mixed,event,0.17500000000000002,151.0848500002525,2987
mixed,event,0.18,151.3345199999586,2987
mixed,event,0.185,151.6507300000127,2987
mixed,event,0.19,152.107119999961,2987
mixed,event,0.195,152.36005000018048,2987
mixed,event,0.2,152.5886000000406,2987
mixed,event,0.20500000000000002,152.86804000007453,2987
mixed,event,0.21,153.17618000000144,2987
mixed,event,0.215,153.48580999991972,2987
mixed,event,0.22,153.91068000001366,2987
mixed,event,0.225,154.24474999995437,2987
mixed,event,0.23,154.56147999986075,2987
mixed,event,0.23500000000000001,155.0154200000508,2987
mixed,event,0.24,155.27015999992378,2987
mixed,event,0.245,155.6368200000393,2987
mixed,event,0.25,156.0610000002198,2987
mixed,event,0.255,156.47215999995709,2987
mixed,event,0.26,156.80619999998248,2987
mixed,event,0.265,157.1467000001919,2987
mixed,event,0.27,157.54035999977924,2987
mixed,event,0.275,158.11875000020956,2987
mixed,event,0.28,158.4387199997809,2987
mixed,event,0.28500000000000003,158.8792599999867,2987
mixed,event,0.29,159.12309999984222,2987
mixed,event,0.295,159.57200999996275,2987
mixed,event,0.3,159.8688000000082,2987
mixed,event,0.305,160.26565000002273,2987
mixed,event,0.31,160.64361999980173,2987
mixed,event,0.315,161.0749099998828,2987
mixed,event,0.32,161.593479999993,2987
mixed,event,0.325,162.03105000007199,2987
mixed,event,0.33,162.5599000000092,2987
mixed,event,0.335,163.00378000013995,2987
mixed,event,0.34,163.80399999996646,2987
mixed,event,0.34500000000000003,164.32657000000722,2987
mixed,event,0.35000000000000003,164.71919999984095,2987
mixed,event,0.355,165.55641999995453,2987
mixed,event,0.36,166.1550800000131,2987
mixed,event,0.365,166.9247799998289,2987
mixed,event,0.37,167.70537999988997,2987
mixed,event,0.375,168.55374999996275,2987
mixed,event,0.38,169.26875999974087,2987
mixed,event,0.385,170.60405999993907,2987
mixed,event,0.39,171.61992000001482,2987
mixed,event,0.395,173.28973999999465,2987
mixed,event,0.4,175.32239999992308,2987
mixed,event,0.405,177.2155700002704,2987
mixed,event,0.41000000000000003,179.77182000002125,2987
mixed,event,0.41500000000000004,183.74622999997348,2987
mixed,event,0.42,224.959319999963,2987
mixed,event,0.425,230.36034999992256,2987
mixed,event,0.43,234.54495999981648,2987
mixed,event,0.435,236.56782000005245,2987
mixed,event,0.44,237.93263999994844,2987
mixed,event,0.445,239.6415900001675,2987
mixed,event,0.45,240.55630000005476,2987
mixed,event,0.455,241.7556299999915,2987
mixed,event,0.46,242.7059200001694,2987
mixed,event,0.465,243.0847299998114,2987
mixed,event,0.47000000000000003,244.0531399998255,2987
mixed,event,0.47500000000000003,244.78944999976085,2987
mixed,event,0.48,245.40332000000402,2987
mixed,event,0.485,245.8988700002036,2987
mixed,event,0.49,246.33717999993823,2987
mixed,event,0.495,246.7960800000548,2987
mixed,event,0.5,247.5720000001602,2987
mixed,event,0.505,247.90615999989706,2987
mixed,event,0.51,248.3358799998532,2987
mixed,event,0.515,248.72748000003813,2987
mixed,event,0.52,249.34584000013302,2987
mixed,event,0.525,249.71149999996413,2987
mixed,event,0.53,250.16116000006906,2987
mixed,event,0.535,250.43430000000865,2987
mixed,event,0.54,250.84259999983945,2987
mixed,event,0.545,251.12565999996266,2987
mixed,event,0.55,251.43919999997598,2987
mixed,event,0.555,251.87637000040618,2987
mixed,event,0.56,252.28516000017524,2987
mixed,event,0.5650000000000001,252.67553000000888,2987
mixed,event,0.5700000000000001,252.9393600000115,2987
mixed,event,0.5750000000000001,253.28450000013692,2987
mixed,event,0.58,253.5070000001602,2987
mixed,event,0.585,253.9362399999483,2987
mixed,event,0.59,254.2323999999126,2987
mixed,event,0.595,254.66002999976044,2987
mixed,event,0.6,255.11140000000594,2987
mixed,event,0.605,255.54737000005088,2987
mixed,event,0.61,255.85829999996815,2987
mixed,event,0.615,256.23146000003385,2987
mixed,event,0.62,256.5388399999589,2987
mixed,event,0.625,256.9412499998871,2987
mixed,event,0.63,257.2115400001314,2987
mixed,event,0.635,257.50898000019487,2987
mixed,event,0.64,257.6533199999295,2987
mixed,event,0.645,258.01273000004005,2987
mixed,event,0.65,258.3655000000028,2987
mixed,event,0.655,258.64896000000476,2987
mixed,event,0.66,258.9415200000908,2987
mixed,event,0.665,259.3446899998328,2987
mixed,event,0.67,259.56367999976965,2987
mixed,event,0.675,259.814049999835,2987
mixed,event,0.68,260.0513599998318,2987
mixed,event,0.685,260.48956000003267,2987
mixed,event,0.6900000000000001,260.8423400000762,2987
mixed,event,0.6950000000000001,261.0706200001482,2987
mixed,event,0.7000000000000001,261.27019999974874,2987
mixed,event,0.705,261.5693799999857,2987
mixed,event,0.71,261.9069199998025,2987
mixed,event,0.715,262.1637199998763,2987
mixed,event,0.72,262.3879200002458,2987
mixed,event,0.725,262.6231999999891,2987
mixed,event,0.73,262.9315600000217,2987
mixed,event,0.735,263.1798399999036,2987
mixed,event,0.74,263.4345200000517,2987
mixed,event,0.745,263.73261000002736,2987
mixed,event,0.75,264.09500000003027,2987
mixed,event,0.755,264.37547999987027,2987
mixed,event,0.76,264.6706400000234,2987
mixed,event,0.765,265.1449600001937,2987
mixed,event,0.77,265.35688000008463,2987
mixed,event,0.775,265.72110000001265,2987
mixed,event,0.78,266.0122400001064,2987
mixed,event,0.785,266.3442200000398,2987
mixed,event,0.79,266.52540000005627,2987
mixed,event,0.795,266.7486100000353,2987
mixed,event,0.8,267.08660000013185,2987
mixed,event,0.805,267.5454099998786,2987
mixed,event,0.81,267.9885000000056,2987
mixed,event,0.8150000000000001,268.38570000003324,2987
mixed,event,0.8200000000000001,268.76308000006713,2987
mixed,event,0.8250000000000001,269.176149999944,2987
mixed,event,0.8300000000000001,269.5169800000591,2987
mixed,event,0.835,269.91105000006735,2987
mixed,event,0.84,270.33016000005415,2987
mixed,event,0.845,270.5573800001619,2987
mixed,event,0.85,270.9748000001302,2987
mixed,event,0.855,271.3274200000474,2987
mixed,event,0.86,271.81480000003705,2987
mixed,event,0.865,272.3212300001492,2987
mixed,event,0.87,272.8389200000488,2987
mixed,event,0.875,273.19725000002654,2987
mixed,event,0.88,273.7918399999849,2987
mixed,event,0.885,274.27104999980423,2987
mixed,event,0.89,274.6760799998464,2987
mixed,event,0.895,275.16128999992276,2987
mixed,event,0.9,275.74099999978205,2987
mixed,event,0.905,276.51429000017697,2987
mixed,event,0.91,276.9270599999838,2987
mixed,event,0.915,277.2968999999715,2987
mixed,event,0.92,277.97980000010693,2987
mixed,event,0.925,278.53114999996035,2987
mixed,event,0.93,279.1247399999993,2987
mixed,event,0.935,279.74494000012874,2987
mixed,event,0.9400000000000001,280.4000000000466,2987
mixed,event,0.9450000000000001,281.02040000008185,2987
mixed,event,0.9500000000000001,281.9422999998439,2987
mixed,event,0.9550000000000001,283.12662999980154,2987
mixed,event,0.96,284.15511999994516,2987
mixed,event,0.965,285.1720199998922,2987
mixed,event,0.97,286.5150000002701,2987
mixed,event,0.975,288.35060000014494,2987
mixed,event,0.98,289.25983999999846,2987
mixed,event,0.985,291.04399999981047,2987
mixed,event,0.99,292.8355600000266,2987
mixed,event,0.995,299.14147999989825,2987
mixed,event,1.0,311.4890000000596,2987
mixed,event_no_early_exit,0.0,216.8310000000056,2987
mixed,event_no_early_exit,0.005,227.41004000001587,2987
mixed,event_no_early_exit,0.01,230.42434000012116,2987
mixed,event_no_early_exit,0.015,233.28115000012332,2987
mixed,event_no_early_exit,0.02,234.59463999975472,2987
mixed,event_no_early_exit,0.025,235.6717500001658,2987
mixed,event_no_early_exit,0.03,236.66621999999043,2987
mixed,event_no_early_exit,0.035,237.76498999981675,2987
mixed,event_no_early_exit,0.04,238.86988000007346,2987
mixed,event_no_early_exit,0.045,239.60036000020568,2987
mixed,event_no_early_exit,0.05,240.20260000000562,2987
mixed,event_no_early_exit,0.055,240.7178899996495,2987
mixed,event_no_early_exit,0.06,241.3631600003131,2987
mixed,event_no_early_exit,0.065,241.87576000002795,2987
mixed,event_no_early_exit,0.07,242.54109999974025,2987
mixed,event_no_early_exit,0.075,242.83315000003057,2987
mixed,event_no_early_exit,0.08,243.0830799999647,2987
mixed,event_no_early_exit,0.085,243.71174000006636,2987
mixed,event_no_early_exit,0.09,244.15136000026948,2987
mixed,event_no_early_exit,0.095,244.5298300000513,2987
mixed,event_no_early_exit,0.1,245.008800000092,2987
mixed,event_no_early_exit,0.105,245.32205999992323,2987
mixed,event_no_early_exit,0.11,245.60149999991526,2987
mixed,event_no_early_exit,0.115,245.93717000013916,2987
mixed,event_no_early_exit,0.12,246.23631999993697,2987
mixed,event_no_early_exit,0.125,246.53375000003143,2987
mixed,event_no_early_exit,0.13,246.88946000005583,2987
mixed,event_no_early_exit,0.135,247.29076000032015,2987
mixed,event_no_early_exit,0.14,247.6575200000126,2987
mixed,event_no_early_exit,0.145,247.85187999996356,2987
mixed,event_no_early_exit,0.15,248.03849999998928,2987
mixed,event_no_early_exit,0.155,248.3914299999876,2987
mixed,event_no_early_exit,0.16,248.5806799999252,2987
mixed,event_no_early_exit,0.165,248.88231999996583,2987
mixed,event_no_early_exit,0.17,249.2641600000148,2987
mixed,event_no_early_exit,0.17500000000000002,249.52710000006482,2987
mixed,event_no_early_exit,0.18,249.77148000014947,2987
mixed,event_no_early_exit,0.185,250.03846000006715,2987
mixed,event_no_early_exit,0.19,250.22537999983876,2987
mixed,event_no_early_exit,0.195,250.42710000000196,2987
mixed,event_no_early_exit,0.2,250.69219999997875,2987
mixed,event_no_early_exit,0.20500000000000002,250.89226000003518,2987
mixed,event_no_early_exit,0.21,251.12007999995024,2987
mixed,event_no_early_exit,0.215,251.33380999980028,2987
mixed,event_no_early_exit,0.22,251.58788000001107,2987
mixed,event_no_early_exit,0.225,251.8571000000229,2987
mixed,event_no_early_exit,0.23,252.13172000007006,2987
mixed,event_no_early_exit,0.23500000000000001,252.36316999974196,2987
mixed,event_no_early_exit,0.24,252.66247999999672,2987
mixed,event_no_early_exit,0.245,252.85271000000648,2987
mixed,event_no_early_exit,0.25,253.1590000000433,2987
mixed,event_no_early_exit,0.255,253.31416000000317,2987
mixed,event_no_early_exit,0.26,253.49335999999428,2987
mixed,event_no_early_exit,0.265,253.7241899999365,2987
mixed,event_no_early_exit,0.27,253.89754000012763,2987
mixed,event_no_early_exit,0.275,254.13844999997235,2987
mixed,event_no_early_exit,0.28,254.38496000006796,2987
mixed,event_no_early_exit,0.28500000000000003,254.56401000001236,2987
mixed,event_no_early_exit,0.29,254.74174000023865,2987
mixed,event_no_early_exit,0.295,254.94004999995116,2987
mixed,event_no_early_exit,0.3,255.26760000001522,2987
mixed,event_no_early_exit,0.305,255.46884000001126,2987
mixed,event_no_early_exit,0.31,255.70129999982427,2987
mixed,event_no_early_exit,0.315,255.94493000000483,2987
mixed,event_no_early_exit,0.32,256.16115999996197,2987
mixed,event_no_early_exit,0.325,256.3782000000705,2987
mixed,event_no_early_exit,0.33,256.658560000048,2987
mixed,event_no_early_exit,0.335,256.8297500001313,2987
mixed,event_no_early_exit,0.34,256.9521999999462,2987
mixed,event_no_early_exit,0.34500000000000003,257.1310399998212,2987
mixed,event_no_early_exit,0.35000000000000003,257.26690000018573,2987
mixed,event_no_early_exit,0.355,257.4761199997971,2987
mixed,event_no_early_exit,0.36,257.5640000002272,2987
mixed,event_no_early_exit,0.365,257.701810000012,2987
mixed,event_no_early_exit,0.37,257.9009400000027,2987
mixed,event_no_early_exit,0.375,258.10700000001816,2987
mixed,event_no_early_exit,0.38,258.34299999987707,2987
mixed,event_no_early_exit,0.385,258.5298799998546,2987
mixed,event_no_early_exit,0.39,258.67553999998256,2987
mixed,event_no_early_exit,0.395,258.8179999999702,2987
mixed,event_no_early_exit,0.4,259.0861999999732,2987
mixed,event_no_early_exit,0.405,259.26929000002565,2987
mixed,event_no_early_exit,0.41000000000000003,259.4185600000853,2987
mixed,event_no_early_exit,0.41500000000000004,259.65495000007564,2987
mixed,event_no_early_exit,0.42,259.84608000018636,2987
mixed,event_no_early_exit,0.425,259.9926499999128,2987
mixed,event_no_early_exit,0.43,260.2031399999186,2987
mixed,event_no_early_exit,0.435,260.3394599999522,2987
mixed,event_no_early_exit,0.44,260.5557600001618,2987
mixed,event_no_early_exit,0.445,260.8083899999614,2987
mixed,event_no_early_exit,0.45,260.9480000001844,2987
mixed,event_no_early_exit,0.455,261.10551999994556,2987
mixed,event_no_early_exit,0.46,261.25016000022646,2987
mixed,event_no_early_exit,0.465,261.3708799999277,2987
mixed,event_no_early_exit,0.47000000000000003,261.59084000002593,2987
mixed,event_no_early_exit,0.47500000000000003,261.7696000001626,2987
mixed,event_no_early_exit,0.48,261.948280000072,2987
mixed,event_no_early_exit,0.485,262.12889000029537,2987
mixed,event_no_early_exit,0.49,262.3231000000145,2987
mixed,event_no_early_exit,0.495,262.449420000026,2987
mixed,event_no_early_exit,0.5,262.6359999999404,2987
mixed,event_no_early_exit,0.505,262.8653599999705,2987
mixed,event_no_early_exit,0.51,262.9855799996294,2987
mixed,event_no_early_exit,0.515,263.17352999986616,2987
mixed,event_no_early_exit,0.52,263.2751599997282,2987
mixed,event_no_early_exit,0.525,263.4347000000533,2987
mixed,event_no_early_exit,0.53,263.59659999997353,2987
mixed,event_no_early_exit,0.535,263.8225299999799,2987
mixed,event_no_early_exit,0.54,264.0764799996652,2987
mixed,event_no_early_exit,0.545,264.2639599999948,2987
mixed,event_no_early_exit,0.55,264.4519000000029,2987
mixed,event_no_early_exit,0.555,264.58121999973895,2987
mixed,event_no_early_exit,0.56,264.8146400000062,2987
mixed,event_no_early_exit,0.5650000000000001,265.0870799999882,2987
mixed,event_no_early_exit,0.5700000000000001,265.2192199999827,2987
mixed,event_no_early_exit,0.5750000000000001,265.389549999882,2987
mixed,event_no_early_exit,0.58,265.6716399999894,2987
mixed,event_no_early_exit,0.585,265.90166999998036,2987
mixed,event_no_early_exit,0.59,266.0278399998741,2987
mixed,event_no_early_exit,0.595,266.2710099999886,2987
mixed,event_no_early_exit,0.6,266.44300000004006,2987
mixed,event_no_early_exit,0.605,266.54348000008906,2987
mixed,event_no_early_exit,0.61,266.70537999992257,2987
mixed,event_no_early_exit,0.615,266.8443900000141,2987
mixed,event_no_early_exit,0.62,267.051319999937,2987
mixed,event_no_early_exit,0.625,267.33024999999907,2987
mixed,event_no_early_exit,0.63,267.51988000000364,2987
mixed,event_no_early_exit,0.635,267.63155000003985,2987
mixed,event_no_early_exit,0.64,267.8604000000097,2987
mixed,event_no_early_exit,0.645,268.0956399999,2987
mixed,event_no_early_exit,0.65,268.31520000003513,2987
mixed,event_no_early_exit,0.655,268.5173000002792,2987
mixed,event_no_early_exit,0.66,268.6994000000041,2987
mixed,event_no_early_exit,0.665,268.9153199999215,2987
mixed,event_no_early_exit,0.67,269.13761999988463,2987
mixed,event_no_early_exit,0.675,269.2355500001693,2987
mixed,event_no_early_exit,0.68,269.5181200000085,2987
mixed,event_no_early_exit,0.685,269.6750999999291,2987
mixed,event_no_early_exit,0.6900000000000001,269.98412000001406,2987
mixed,event_no_early_exit,0.6950000000000001,270.1618100000557,2987
mixed,event_no_early_exit,0.7000000000000001,270.34979999992066,2987
mixed,event_no_early_exit,0.705,270.5125200000685,2987
mixed,event_no_early_exit,0.71,270.6649600001099,2987
mixed,event_no_early_exit,0.715,270.8419399999431,2987
mixed,event_no_early_exit,0.72,270.98044000014664,2987
mixed,event_no_early_exit,0.725,271.1318500001915,2987
mixed,event_no_early_exit,0.73,271.346780000031,2987
mixed,event_no_early_exit,0.735,271.5524200000451,2987
mixed,event_no_early_exit,0.74,271.9152400000952,2987
mixed,event_no_early_exit,0.745,272.22210999994076,2987
mixed,event_no_early_exit,0.75,272.5089999998745,2987
mixed,event_no_early_exit,0.755,272.8790399999905,2987
mixed,event_no_early_exit,0.76,273.0448000000231,2987
mixed,event_no_early_exit,0.765,273.26344999998923,2987
mixed,event_no_early_exit,0.77,273.48310000003084,2987
mixed,event_no_early_exit,0.775,273.7674999999639,2987
mixed,event_no_early_exit,0.78,274.06140000000596,2987
mixed,event_no_early_exit,0.785,274.2731099998136,2987
mixed,event_no_early_exit,0.79,274.49111999995074,2987
mixed,event_no_early_exit,0.795,274.7460199999111,2987
mixed,event_no_early_exit,0.8,275.0150000000373,2987
mixed,event_no_early_exit,0.805,275.17668000003965,2987
mixed,event_no_early_exit,0.81,275.493320000025,2987
mixed,event_no_early_exit,0.8150000000000001,275.77443999998155,2987
mixed,event_no_early_exit,0.8200000000000001,276.10800000000745,2987
mixed,event_no_early_exit,0.8250000000000001,276.5158500001533,2987
mixed,event_no_early_exit,0.8300000000000001,276.8126799999853,2987
mixed,event_no_early_exit,0.835,277.0530299998936,2987
mixed,event_no_early_exit,0.84,277.31895999995993,2987
mixed,event_no_early_exit,0.845,277.6765099999821,2987
mixed,event_no_early_exit,0.85,277.97950000010894,2987
mixed,event_no_early_exit,0.855,278.3171500002686,2987
mixed,event_no_early_exit,0.86,278.5387999998778,2987
mixed,event_no_early_exit,0.865,278.9992500000796,2987
mixed,event_no_early_exit,0.87,279.4506400003506,2987
mixed,event_no_early_exit,0.875,279.70424999995157,2987
mixed,event_no_early_exit,0.88,280.0345600000396,2987
mixed,event_no_early_exit,0.885,280.5402700000699,2987
mixed,event_no_early_exit,0.89,280.7439399999892,2987
mixed,event_no_early_exit,0.895,281.2089400000358,2987
mixed,event_no_early_exit,0.9,281.61780000003057,2987
mixed,event_no_early_exit,0.905,282.23466000012587,2987
mixed,event_no_early_exit,0.91,282.6850000000076,2987
mixed,event_no_early_exit,0.915,283.15931999970695,2987
mixed,event_no_early_exit,0.92,283.91131999993235,2987
mixed,event_no_early_exit,0.925,284.5901999996975,2987
mixed,event_no_early_exit,0.93,285.22003999994837,2987
mixed,event_no_early_exit,0.935,285.8904499999916,2987
mixed,event_no_early_exit,0.9400000000000001,286.46148000013085,2987
mixed,event_no_early_exit,0.9450000000000001,287.50361000000515,2987
mixed,event_no_early_exit,0.9500000000000001,288.33180000013675,2987
mixed,event_no_early_exit,0.9550000000000001,288.93434000005016,2987
mixed,event_no_early_exit,0.96,290.0504800000228,2987
mixed,event_no_early_exit,0.965,291.00998000001067,2987
mixed,event_no_early_exit,0.97,292.1009999997914,2987
mixed,event_no_early_exit,0.975,292.8835000000312,2987
mixed,event_no_early_exit,0.98,294.9967199999839,2987
mixed,event_no_early_exit,0.985,297.2160500001058,2987
mixed,event_no_early_exit,0.99,300.69697999981696,2987
mixed,event_no_early_exit,0.995,304.67417999998565,2987
mixed,event_no_early_exit,1.0,317.6219999999739,2987
mixed,secure,0.0,120.6589999999851,1441
mixed,secure,0.005,128.4846000000369,1441
mixed,secure,0.01,131.38880000002683,1441
mixed,secure,0.015,132.70120000015012,1441
mixed,secure,0.02,134.5085999999661,1441
mixed,secure,0.025,135.96900000004098,1441
mixed,secure,0.03,136.80119999996387,1441
mixed,secure,0.035,138.11900000013412,1441
mixed,secure,0.04,138.87920000012963,1441
mixed,secure,0.045,139.5277999999933,1441
mixed,secure,0.05,140.04199999989942,1441
mixed,secure,0.055,140.47900000018998,1441
mixed,secure,0.06,141.08560000008438,1441
mixed,secure,0.065,141.7355999999214,1441
mixed,secure,0.07,142.029400000209,1441
mixed,secure,0.075,142.43499999993946,1441
mixed,secure,0.08,142.69220000001079,1441
mixed,secure,0.085,142.98920000005236,1441
mixed,secure,0.09,143.49999999990686,1441
mixed,secure,0.095,143.84859999995678,1441
mixed,secure,0.1,144.11999999999534,1441
mixed,secure,0.105,144.46499999999068,1441
mixed,secure,0.11,144.63879999999773,1441
mixed,secure,0.115,144.85599999998232,1441
mixed,secure,0.12,145.30699999998325,1441
mixed,secure,0.125,145.55099999997765,1441
mixed,secure,0.13,145.95440000006928,1441
mixed,secure,0.135,146.25839999991004,1441
mixed,secure,0.14,146.5865999999456,1441
mixed,secure,0.145,146.9107999996748,1441
mixed,secure,0.15,147.079000000027,1441
mixed,secure,0.155,147.56800000015647,1441
mixed,secure,0.16,148.07120000016874,1441
mixed,secure,0.165,148.5800000000745,1441
mixed,secure,0.17,148.9863999999594,1441
mixed,secure,0.17500000000000002,149.4539999999106,1441
mixed,secure,0.18,149.65919999997132,1441
mixed,secure,0.185,149.88679999999295,1441
mixed,secure,0.19,150.26280000007245,1441
mixed,secure,0.195,150.63640000005688,1441
mixed,secure,0.2,150.93800000008196,1441
mixed,secure,0.20500000000000002,151.37140000001529,1441
mixed,secure,0.21,151.4726000000257,1441
mixed,secure,0.215,151.62319999975153,1441
mixed,secure,0.22,151.7928000001237,1441
mixed,secure,0.225,152.02799999993294,1441
mixed,secure,0.23,152.5439999999944,1441
mixed,secure,0.23500000000000001,152.77220000019298,1441
mixed,secure,0.24,152.93999999999068,1441
mixed,secure,0.245,153.13040000004693,1441
mixed,secure,0.25,153.33799999998882,1441
mixed,secure,0.255,153.57659999998288,1441
mixed,secure,0.26,153.96699999999254,1441
mixed,secure,0.265,154.33559999987483,1441
mixed,secure,0.27,154.5841999999975,1441
mixed,secure,0.275,154.7960000000894,1441
mixed,secure,0.28,155.04739999986487,1441
mixed,secure,0.28500000000000003,155.4684000001289,1441
mixed,secure,0.29,155.63320000004023,1441
mixed,secure,0.295,155.92139999987558,1441
mixed,secure,0.3,156.23099999997066,1441
mixed,secure,0.305,156.49040000028907,1441
mixed,secure,0.31,156.86340000005438,1441
mixed,secure,0.315,157.09360000006853,1441
mixed,secure,0.32,157.38339999996825,1441
mixed,secure,0.325,157.62000000011176,1441
mixed,secure,0.33,157.87740000006744,1441
mixed,secure,0.335,158.38240000009537,1441
mixed,secure,0.34,158.64460000003456,1441
mixed,secure,0.34500000000000003,158.8836000000825,1441
mixed,secure,0.35000000000000003,159.10699999984354,1441
mixed,secure,0.355,159.40180000001564,1441
mixed,secure,0.36,159.7163999998942,1441
mixed,secure,0.365,160.02499999993015,1441
mixed,secure,0.37,160.22199999987498,1441
mixed,secure,0.375,160.52399999974295,1441
mixed,secure,0.38,160.9080000001937,1441
mixed,secure,0.385,161.2466000000364,1441
mixed,secure,0.39,161.66280000004917,1441
mixed,secure,0.395,162.04580000010318,1441
mixed,secure,0.4,162.24699999997392,1441
mixed,secure,0.405,162.60940000005067,1441
mixed,secure,0.41000000000000003,162.95799999991434,1441
mixed,secure,0.41500000000000004,163.3472000000067,1441
mixed,secure,0.42,164.02280000005848,1441
mixed,secure,0.425,164.33200000002398,1441
mixed,secure,0.43,164.72719999998952,1441
mixed,secure,0.435,165.07719999989496,1441
mixed,secure,0.44,165.8482000000542,1441
mixed,secure,0.445,166.3410000000149,1441
mixed,secure,0.45,166.75199999986216,1441
mixed,secure,0.455,167.2805999999633,1441
mixed,secure,0.46,167.8687999999791,1441
mixed,secure,0.465,168.50320000000357,1441
mixed,secure,0.47000000000000003,169.1580000001006,1441
mixed,secure,0.47500000000000003,169.67900000000373,1441
mixed,secure,0.48,170.9852000000188,1441
mixed,secure,0.485,171.77000000001863,1441
mixed,secure,0.49,172.60339999999852,1441
mixed,secure,0.495,173.9105999997584,1441
mixed,secure,0.5,174.89600000000792,1441
mixed,secure,0.505,176.09759999981617,1441
mixed,secure,0.51,177.57840000009165,1441
mixed,secure,0.515,178.55540000004694,1441
mixed,secure,0.52,180.6518000001088,1441
mixed,secure,0.525,182.7200000002049,1441
mixed,secure,0.53,195.31760000018423,1441
mixed,secure,0.535,228.07500000009318,1441
mixed,secure,0.54,234.67680000020192,1441
mixed,secure,0.545,237.06780000003056,1441
mixed,secure,0.55,239.7479999996722,1441
mixed,secure,0.555,241.1957999996841,1441
mixed,secure,0.56,242.5249999999069,1441
mixed,secure,0.5650000000000001,243.67059999993072,1441
mixed,secure,0.5700000000000001,244.39060000004247,1441
mixed,secure,0.5750000000000001,245.66699999989942,1441
mixed,secure,0.58,246.255200000247,1441
mixed,secure,0.585,246.99719999996015,1441
mixed,secure,0.59,247.73779999995605,1441
mixed,secure,0.595,248.1742000001017,1441
mixed,secure,0.6,248.84999999997672,1441
mixed,secure,0.605,249.68860000001732,1441
mixed,secure,0.61,250.2378000001423,1441
mixed,secure,0.615,250.83020000010728,1441
mixed,secure,0.62,251.14080000007525,1441
mixed,secure,0.625,251.5470000000205,1441
mixed,secure,0.63,252.21440000003204,1441
mixed,secure,0.635,253.05479999997186,1441
mixed,secure,0.64,253.39800000023098,1441
mixed,secure,0.645,253.71379999993368,1441
mixed,secure,0.65,254.04299999959767,1441
mixed,secure,0.655,254.3111999998684,1441
mixed,secure,0.66,254.6845999998972,1441
mixed,secure,0.665,255.13460000008345,1441
mixed,secure,0.67,255.57400000001945,1441
mixed,secure,0.675,256.0460000000894,1441
mixed,secure,0.68,256.6014000000199,1441
mixed,secure,0.685,256.9794000000693,1441
mixed,secure,0.6900000000000001,257.57840000004506,1441
mixed,secure,0.6950000000000001,257.8852000000887,1441
mixed,secure,0.7000000000000001,258.1280000000261,1441
mixed,secure,0.705,258.533400000073,1441
mixed,secure,0.71,258.9789999998873,1441
mixed,secure,0.715,259.2179999999469,1441
mixed,secure,0.72,259.74719999982045,1441
mixed,secure,0.725,259.9549999998417,1441
mixed,secure,0.73,260.11280000032855,1441
mixed,secure,0.735,260.40220000003467,1441
mixed,secure,0.74,260.73559999991556,1441
mixed,secure,0.745,261.0952000000514,1441
mixed,secure,0.75,261.3489999999292,1441
mixed,secure,0.755,261.57800000002607,1441
mixed,secure,0.76,262.2055999999808,1441
mixed,secure,0.765,262.45300000002607,1441
mixed,secure,0.77,262.74640000006184,1441
mixed,secure,0.775,263.16599999996834,1441
mixed,secure,0.78,263.50859999987296,1441
mixed,secure,0.785,263.6787999999709,1441
mixed,secure,0.79,264.15119999995227,1441
mixed,secure,0.795,264.49500000008845,1441
mixed,secure,0.8,264.95199999958277,1441
mixed,secure,0.805,265.2064000000246,1441
mixed,secure,0.81,265.687199999881,1441
mixed,secure,0.8150000000000001,266.1043999999762,1441
mixed,secure,0.8200000000000001,266.67079999996355,1441
mixed,secure,0.8250000000000001,267.10699999995995,1441
mixed,secure,0.8300000000000001,267.421800000011,1441
mixed,secure,0.835,267.9841999999247,1441
mixed,secure,0.84,268.5864000000991,1441
mixed,secure,0.845,268.9683999998495,1441
mixed,secure,0.85,269.5879999999888,1441
mixed,secure,0.855,269.85479999985546,1441
mixed,secure,0.86,270.360599999968,1441
mixed,secure,0.865,270.80720000007915,1441
mixed,secure,0.87,271.3437999999267,1441
mixed,secure,0.875,271.82199999992736,1441
mixed,secure,0.88,272.42540000006557,1441
mixed,secure,0.885,273.1283999999753,1441
mixed,secure,0.89,274.0660000001255,1441
mixed,secure,0.895,274.63960000006483,1441
mixed,secure,0.9,275.35000000009313,1441
mixed,secure,0.905,275.55320000005884,1441
mixed,secure,0.91,276.2590000001714,1441
mixed,secure,0.915,277.24320000000296,1441
mixed,secure,0.92,277.6319999999367,1441
mixed,secure,0.925,278.3780000000261,1441
mixed,secure,0.93,279.18340000016616,1441
mixed,secure,0.935,280.01039999998176,1441
mixed,secure,0.9400000000000001,280.4594000000041,1441
mixed,secure,0.9450000000000001,281.0881999998819,1441
mixed,secure,0.9500000000000001,281.74099999992177,1441
mixed,secure,0.9550000000000001,282.79160000025297,1441
mixed,secure,0.96,284.02619999991003,1441
mixed,secure,0.965,284.764400000032,1441
mixed,secure,0.97,286.82600000011735,1441
mixed,secure,0.975,288.3609999999171,1441
mixed,secure,0.98,289.1338000000025,1441
mixed,secure,0.985,290.8699999998324,1441
mixed,secure,0.99,292.50280000017955,1441
mixed,secure,0.995,298.25539999995374,1441
mixed,secure,1.0,311.8889999999665,1441
busy,always_on,0.0,117.0910000000149,14575
busy,always_on,0.005,143.72545999983325,14575
busy,always_on,0.01,148.55273999976924,14575
busy,always_on,0.015,151.69675999995553,14575
busy,always_on,0.02,154.79299999986776,14575
busy,always_on,0.025,157.53424999993294,14575
busy,always_on,0.03,160.05651999987896,14575
busy,always_on,0.035,162.71088999981527,14575
busy,always_on,0.04,165.11487999992445,14575
busy,always_on,0.045,167.36913000005296,14575
busy,always_on,0.05,169.33170000007377,14575
busy,always_on,0.055,171.61896000005422,14575
busy,always_on,0.06,173.96540000006556,14575
busy,always_on,0.065,176.06602999996917,14575
busy,always_on,0.07,178.023720000037,14575
busy,always_on,0.075,180.3597499999567,14575
busy,always_on,0.08,182.7772800000114,14575
busy,always_on,0.085,184.90500000016297,14575
busy,always_on,0.09,186.77361999999965,14575
busy,always_on,0.095,188.97550999984145,14575
busy,always_on,0.1,190.63560000001453,14575
busy,always_on,0.105,192.60704000008525,14575
busy,always_on,0.11,194.60489999990446,14575
busy,always_on,0.115,196.59220999994548,14575
busy,always_on,0.12,198.7779600000521,14575
busy,always_on,0.125,201.08874999999534,14575
busy,always_on,0.13,203.07764000000265,14575
busy,always_on,0.135,204.90349000007262,14575
busy,always_on,0.14,206.828440000033,14575
busy,always_on,0.145,208.95414999999397,14575
busy,always_on,0.15,211.2638000000501,14575
busy,always_on,0.155,213.48369999993824,14575
busy,always_on,0.16,215.51876000000397,14575
busy,always_on,0.165,217.57726000025986,14575
busy,always_on,0.17,219.46289999989793,14575
busy,always_on,0.17500000000000002,221.52119999999414,14575
busy,always_on,0.18,223.39731999991926,14575
busy,always_on,0.185,225.57408999994368,14575
busy,always_on,0.19,227.82871999997877,14575
busy,always_on,0.195,229.56146000007402,14575
busy,always_on,0.2,231.56799999995275,14575
busy,always_on,0.20500000000000002,233.49835000001767,14575
busy,always_on,0.21,235.26895999991333,14575
busy,always_on,0.215,237.10928000004148,14575
busy,always_on,0.22,238.96212000004948,14575
busy,always_on,0.225,241.09944999998552,14575
busy,always_on,0.23,242.90392000000224,14575
busy,always_on,0.23500000000000001,244.72157999993914,14575
busy,always_on,0.24,246.0995199999865,14575
busy,always_on,0.245,247.86699999962002,14575
busy,always_on,0.25,249.4879999999539,14575
busy,always_on,0.255,251.17959000013536,14575
busy,always_on,0.26,252.62327999996953,14575
busy,always_on,0.265,254.31711000003153,14575
busy,always_on,0.27,256.0102999999416,14575
busy,always_on,0.275,257.38765000017594,14575
busy,always_on,0.28,258.8586000000685,14575
busy,always_on,0.28500000000000003,260.0381599999615,14575
busy,always_on,0.29,261.2603400000164,14575
busy,always_on,0.295,262.4456500000192,14575
busy,always_on,0.3,263.5662000000477,14575
busy,always_on,0.305,264.80877000018035,14575
busy,always_on,0.31,266.00693999998737,14575
busy,always_on,0.315,266.96182000003756,14575
busy,always_on,0.32,268.15747999994085,14575
busy,always_on,0.325,269.21079999997164,14575
busy,always_on,0.33,270.2338800001051,14575
busy,always_on,0.335,271.3522899999353,14575
busy,always_on,0.34,272.7751199999917,14575
busy,always_on,0.34500000000000003,273.9664200000139,14575
busy,always_on,0.35000000000000003,275.15459999982266,14575
busy,always_on,0.355,276.26601999991806,14575
busy,always_on,0.36,277.3521599999815,14575
busy,always_on,0.365,278.5980399999977,14575
busy,always_on,0.37,279.62207999994513,14575
busy,always_on,0.375,280.71724999999424,14575
busy,always_on,0.38,282.24923999987544,14575
busy,always_on,0.385,283.4429999999702,14575
busy,always_on,0.39,284.5799399999855,14575
busy,always_on,0.395,285.91145999992267,14575
busy,always_on,0.4,287.0074000000954,14575
busy,always_on,0.405,288.177460000068,14575
busy,always_on,0.41000000000000003,289.52041999984067,14575
busy,always_on,0.41500000000000004,290.66435999981127,14575
busy,always_on,0.42,291.6312000000058,14575
busy,always_on,0.425,292.74735000013607,14575
busy,always_on,0.43,293.9509999998845,14575
busy,always_on,0.435,295.2615800000127,14575
busy,always_on,0.44,296.34816000008027,14575
busy,always_on,0.445,297.83843000006567,14575
busy,always_on,0.45,299.04509999998845,14575
busy,always_on,0.455,299.998230000092,14575
busy,always_on,0.46,301.31183999976145,14575
busy,always_on,0.465,302.6316399999871,14575
busy,always_on,0.47000000000000003,304.10101999998557,14575
busy,always_on,0.47500000000000003,305.5654500000645,14575
busy,always_on,0.48,306.71971999987954,14575
busy,always_on,0.485,308.29289999994796,14575
busy,always_on,0.49,310.1454600000917,14575
busy,always_on,0.495,311.40680999997306,14575
busy,always_on,0.5,312.6779999998398,14575
busy,always_on,0.505,313.82587000030617,14575
busy,always_on,0.51,315.2113600000669,14575
busy,always_on,0.515,316.5378099999472,14575
busy,always_on,0.52,317.82555999988693,14575
busy,always_on,0.525,319.2856999999523,14575
busy,always_on,0.53,320.49660000017843,14575
busy,always_on,0.535,321.83171999997694,14575
busy,always_on,0.54,323.58071999976414,14575
busy,always_on,0.545,325.24727999994997,14575
busy,always_on,0.55,326.65799999997836,14575
busy,always_on,0.555,327.92066999995967,14575
busy,always_on,0.56,329.2539200000605,14575
busy,always_on,0.5650000000000001,330.58658000005414,14575
busy,always_on,0.5700000000000001,331.9321800000174,14575
busy,always_on,0.5750000000000001,333.60529999998397,14575
busy,always_on,0.58,335.15391999986025,14575
busy,always_on,0.585,336.4756400002213,14575
busy,always_on,0.59,337.7717800000356,14575
busy,always_on,0.595,339.1867100000137,14575
busy,always_on,0.6,340.5077999999717,14575
busy,always_on,0.605,341.8844300000256,14575
busy,always_on,0.61,343.45308000016144,14575
busy,always_on,0.615,344.78509000002987,14575
busy,always_on,0.62,346.0329199999757,14575
busy,always_on,0.625,347.62549999993644,14575
busy,always_on,0.63,349.13699999994367,14575
busy,always_on,0.635,350.8360900002066,14575
busy,always_on,0.64,352.3865200000722,14575
busy,always_on,0.645,353.5152200000966,14575
busy,always_on,0.65,354.6346000000834,14575
busy,always_on,0.655,356.0176700000171,14575
busy,always_on,0.66,357.48980000005105,14575
busy,always_on,0.665,358.79055000009714,14575
busy,always_on,0.67,360.15722000004723,14575
busy,always_on,0.675,361.3526500000269,14575
busy,always_on,0.68,362.7887600000296,14575
busy,always_on,0.685,364.20441000013614,14575
busy,always_on,0.6900000000000001,365.72654000001495,14575
busy,always_on,0.6950000000000001,367.3120900000795,14575
busy,always_on,0.7000000000000001,368.54800000004474,14575
busy,always_on,0.705,370.02078000012784,14575
busy,always_on,0.71,371.46079999999023,14575
busy,always_on,0.715,372.89425000004,14575
busy,always_on,0.72,374.3343999999098,14575
busy,always_on,0.725,375.72015000013636,14575
busy,always_on,0.73,377.4370000000368,14575
busy,always_on,0.735,378.7313399999606,14575
busy,always_on,0.74,380.2679200000595,14575
busy,always_on,0.745,381.7635600000317,14575
busy,always_on,0.75,383.10699999993085,14575
busy,always_on,0.755,385.0053300000378,14575
busy,always_on,0.76,386.8211599998455,14575
busy,always_on,0.765,388.61998999995643,14575
busy,always_on,0.77,390.0626600000821,14575
busy,always_on,0.775,391.4494499998429,14575
busy,always_on,0.78,392.9853999999166,14575
busy,always_on,0.785,394.74780999999376,14575
busy,always_on,0.79,396.60084000000234,14575
busy,always_on,0.795,398.7349699999252,14575
busy,always_on,0.8,400.842799999984,14575
busy,always_on,0.805,403.0514499999851,14575
busy,always_on,0.81,404.5838999999989,14575
busy,always_on,0.8150000000000001,406.7192400001688,14575
busy,always_on,0.8200000000000001,408.93927999993787,14575
busy,always_on,0.8250000000000001,411.6767499999929,14575
busy,always_on,0.8300000000000001,414.07165999993686,14575
busy,always_on,0.835,416.8784499999799,14575
busy,always_on,0.84,419.15320000000764,14575
busy,always_on,0.845,421.6585999999946,14575
busy,always_on,0.85,424.8356000001309,14575
busy,always_on,0.855,428.02915999997873,14575
busy,always_on,0.86,431.37996000002136,14575
busy,always_on,0.865,435.24066999995614,14575
busy,always_on,0.87,439.3246199999097,14575
busy,always_on,0.875,443.7720000000263,14575
busy,always_on,0.88,447.3784799999744,14575
busy,always_on,0.885,450.61843000000516,14575
busy,always_on,0.89,454.208740000017,14575
busy,always_on,0.895,458.21856999994486,14575
busy,always_on,0.9,461.3302000001495,14575
busy,always_on,0.905,465.3837800000562,14575
busy,always_on,0.91,469.79411999995585,14575
busy,always_on,0.915,472.921140000152,14575
busy,always_on,0.92,476.53884000000545,14575
busy,always_on,0.925,480.31944999999837,14575
busy,always_on,0.93,483.77873999984007,14575
busy,always_on,0.935,487.82839000000155,14575
busy,always_on,0.9400000000000001,492.03292000004905,14575
busy,always_on,0.9450000000000001,496.4652599998075,14575
busy,always_on,0.9500000000000001,501.16409999979675,14575
busy,always_on,0.9550000000000001,507.6613499999909,14575
busy,always_on,0.96,512.0731999999284,14575
busy,always_on,0.965,519.7921000000415,14575
busy,always_on,0.97,527.6880999999678,14575
busy,always_on,0.975,541.8260000001172,14575
busy,always_on,0.98,562.1432800001279,14575
busy,always_on,0.985,594.2775100000971,14575
busy,always_on,0.99,628.6445200001309,14575
busy,always_on,0.995,701.4012799999999,14575
busy,always_on,1.0,1128.5609999999997,14575
busy,motion_only,0.0,217.73899999982677,4792
busy,motion_only,0.005,230.03156999998623,4792
busy,motion_only,0.01,232.49602000010665,4792
busy,motion_only,0.015,234.8046900001145,4792
busy,motion_only,0.02,236.23432000004686,4792
busy,motion_only,0.025,237.36264999980048,4792
busy,motion_only,0.03,238.32460000000663,4792
busy,motion_only,0.035,239.1920450000267,4792
busy,motion_only,0.04,239.84160000010394,4792
busy,motion_only,0.045,240.46073500000057,4792
busy,motion_only,0.05,240.88840000006894,4792
busy,motion_only,0.055,241.52340999992913,4792
busy,motion_only,0.06,242.07002000005915,4792
busy,motion_only,0.065,242.63284499978414,4792
busy,motion_only,0.07,243.2496599999885,4792
busy,motion_only,0.075,243.7199499999775,4792
busy,motion_only,0.08,244.2251199999824,4792
busy,motion_only,0.085,244.7498750003369,4792
busy,motion_only,0.09,245.08228000000292,4792
busy,motion_only,0.095,245.57188500007032,4792
busy,motion_only,0.1,245.97109999994282,4792
busy,motion_only,0.105,246.37843999999387,4792
busy,motion_only,0.11,246.83403000003133,4792
busy,motion_only,0.115,247.16892999976642,4792
busy,motion_only,0.12,247.53067999996244,4792
busy,motion_only,0.125,247.84800000020186,4792
busy,motion_only,0.13,248.22958000013955,4792
busy,motion_only,0.135,248.59178500014357,4792
busy,motion_only,0.14,248.83239999996033,4792
busy,motion_only,0.145,249.20715499998536,4792
busy,motion_only,0.15,249.4241999999387,4792
busy,motion_only,0.155,249.66377999990016,4792
busy,motion_only,0.16,249.91172000000836,4792
busy,motion_only,0.165,250.25409000007784,4792
busy,motion_only,0.17,250.5164099999098,4792
busy,motion_only,0.17500000000000002,250.77569999995757,4792
busy,motion_only,0.18,251.0159200000204,4792
busy,motion_only,0.185,251.34768500002102,4792
busy,motion_only,0.19,251.5721799999854,4792
busy,motion_only,0.195,251.81849000008137,4792
busy,motion_only,0.2,252.07080000001005,4792
busy,motion_only,0.20500000000000002,252.29935499970102,4792
busy,motion_only,0.21,252.68142000001623,4792
busy,motion_only,0.215,252.95410499997902,4792
busy,motion_only,0.22,253.2411400000402,4792
busy,motion_only,0.225,253.43597499998288,4792
busy,motion_only,0.23,253.63750999978743,4792
busy,motion_only,0.23500000000000001,253.93830999998028,4792
busy,motion_only,0.24,254.13336000008508,4792
busy,motion_only,0.245,254.3423600000347,4792
busy,motion_only,0.25,254.5597499999567,4792
busy,motion_only,0.255,254.74470500020078,4792
busy,motion_only,0.26,254.93129999991973,4792
busy,motion_only,0.265,255.2002299999376,4792
busy,motion_only,0.27,255.42526000012643,4792
busy,motion_only,0.275,255.60709999983663,4792
busy,motion_only,0.28,255.8302399999462,4792
busy,motion_only,0.28500000000000003,256.01986999979476,4792
busy,motion_only,0.29,256.25572999991095,4792
busy,motion_only,0.295,256.41976000002234,4792
busy,motion_only,0.3,256.63660000003875,4792
busy,motion_only,0.305,256.8030399999558,4792
busy,motion_only,0.31,257.0276299997745,4792
busy,motion_only,0.315,257.1953199999256,4792
busy,motion_only,0.32,257.3520800000336,4792
busy,motion_only,0.325,257.63882500004837,4792
busy,motion_only,0.33,257.7812099999655,4792
busy,motion_only,0.335,257.9298199997074,4792
busy,motion_only,0.34,258.07187999993215,4792
busy,motion_only,0.34500000000000003,258.2281599998387,4792
busy,motion_only,0.35000000000000003,258.4332499999,4792
busy,motion_only,0.355,258.65522000034224,4792
busy,motion_only,0.36,258.80187999974936,4792
busy,motion_only,0.365,259.04300499999664,4792
busy,motion_only,0.37,259.2036899998551,4792
busy,motion_only,0.375,259.41512499999953,4792
busy,motion_only,0.38,259.5837399999518,4792
busy,motion_only,0.385,259.78835000016727,4792
busy,motion_only,0.39,259.9559799999773,4792
busy,motion_only,0.395,260.1242249999242,4792
busy,motion_only,0.4,260.25580000012417,4792
busy,motion_only,0.405,260.37435499996934,4792
busy,motion_only,0.41000000000000003,260.54141000003614,4792
busy,motion_only,0.41500000000000004,260.6715900001104,4792
busy,motion_only,0.42,260.83965999997105,4792
busy,motion_only,0.425,260.99479999995964,4792
busy,motion_only,0.43,261.20439000032667,4792
busy,motion_only,0.435,261.40908499999904,4792
busy,motion_only,0.44,261.5560399998678,4792
busy,motion_only,0.445,261.66400000033667,4792
busy,motion_only,0.45,261.8374999999913,4792
busy,motion_only,0.455,262.04281000002374,4792
busy,motion_only,0.46,262.24771999969147,4792
busy,motion_only,0.465,262.37844499980565,4792
busy,motion_only,0.47000000000000003,262.5603100002138,4792
busy,motion_only,0.47500000000000003,262.7083249999909,4792
busy,motion_only,0.48,262.86975999994434,4792
busy,motion_only,0.485,263.0878900001332,4792
busy,motion_only,0.49,263.2741799999366,4792
busy,motion_only,0.495,263.5040900000144,4792
busy,motion_only,0.5,263.71650000009686,4792
busy,motion_only,0.505,263.8769100001012,4792
busy,motion_only,0.51,263.9834100000746,4792
busy,motion_only,0.515,264.16501500005836,4792
busy,motion_only,0.52,264.3199599999096,4792
busy,motion_only,0.525,264.4594999999157,4792
busy,motion_only,0.53,264.6489999997965,4792
busy,motion_only,0.535,264.9119250001025,4792
busy,motion_only,0.54,265.0923800000403,4792
busy,motion_only,0.545,265.2621900001133,4792
busy,motion_only,0.55,265.4761000002385,4792
busy,motion_only,0.555,265.5580450001929,4792
busy,motion_only,0.56,265.69675999993456,4792
busy,motion_only,0.5650000000000001,265.88691500009037,4792
busy,motion_only,0.5700000000000001,266.03026999982774,4792
busy,motion_only,0.5750000000000001,266.27077500002054,4792
busy,motion_only,0.58,266.53156000010205,4792
busy,motion_only,0.585,266.6982049999299,4792
busy,motion_only,0.59,266.854379999988,4792
busy,motion_only,0.595,267.0356450000257,4792
busy,motion_only,0.6,267.21720000002534,4792
busy,motion_only,0.605,267.3994400002295,4792
busy,motion_only,0.61,267.60602000002984,4792
busy,motion_only,0.615,267.8788599999505,4792
busy,motion_only,0.62,268.035940000047,4792
busy,motion_only,0.625,268.22137500003737,4792
busy,motion_only,0.63,268.4376599999494,4792
busy,motion_only,0.635,268.6061399999692,4792
busy,motion_only,0.64,268.8103999999631,4792
busy,motion_only,0.645,269.03214500020374,4792
busy,motion_only,0.65,269.1789000003133,4792
busy,motion_only,0.655,269.37631500011776,4792
busy,motion_only,0.66,269.571540000001,4792
busy,motion_only,0.665,269.7560900000512,4792
busy,motion_only,0.67,269.9786099999928,4792
busy,motion_only,0.675,270.16877500000993,4792
busy,motion_only,0.68,270.33547999999485,4792
busy,motion_only,0.685,270.59551500005415,4792
busy,motion_only,0.6900000000000001,270.80857999992094,4792
busy,motion_only,0.6950000000000001,270.9729200003162,4792
busy,motion_only,0.7000000000000001,271.12969999997875,4792
busy,motion_only,0.705,271.379620000071,4792
busy,motion_only,0.71,271.55221999998236,4792
busy,motion_only,0.715,271.72356500010983,4792
busy,motion_only,0.72,271.9817199999094,4792
busy,motion_only,0.725,272.20479999996024,4792
busy,motion_only,0.73,272.3607200000555,4792
busy,motion_only,0.735,272.526770000197,4792
busy,motion_only,0.74,272.74704000005033,4792
busy,motion_only,0.745,273.0118349999934,4792
busy,motion_only,0.75,273.2220000002999,4792
busy,motion_only,0.755,273.44948499999475,4792
busy,motion_only,0.76,273.6882799999416,4792
busy,motion_only,0.765,273.91800000006333,4792
busy,motion_only,0.77,274.21727999972643,4792
busy,motion_only,0.775,274.452300000051,4792
busy,motion_only,0.78,274.7469599999767,4792
busy,motion_only,0.785,274.92108999996066,4792
busy,motion_only,0.79,275.1938099999295,4792
busy,motion_only,0.795,275.48084500002153,4792
busy,motion_only,0.8,275.67759999996053,4792
busy,motion_only,0.805,275.96809999993656,4792
busy,motion_only,0.81,276.19264999995704,4792
busy,motion_only,0.8150000000000001,276.4879449999734,4792
busy,motion_only,0.8200000000000001,276.7180599999847,4792
busy,motion_only,0.8250000000000001,277.0615750000463,4792
busy,motion_only,0.8300000000000001,277.3996100000036,4792
busy,motion_only,0.835,277.713940000037,4792
busy,motion_only,0.84,278.003119999934,4792
busy,motion_only,0.845,278.3273950001132,4792
busy,motion_only,0.85,278.60510000013744,4792
busy,motion_only,0.855,278.91683000002655,4792
busy,motion_only,0.86,279.1933000000112,4792
busy,motion_only,0.865,279.61214999992166,4792
busy,motion_only,0.87,279.89000000003375,4792
busy,motion_only,0.875,280.21775000000025,4792
busy,motion_only,0.88,280.58324000008406,4792
busy,motion_only,0.885,281.0122099999938,4792
busy,motion_only,0.89,281.33393000003184,4792
busy,motion_only,0.895,281.78231499999544,4792
busy,motion_only,0.9,282.2306999997236,4792
busy,motion_only,0.905,282.6953300000355,4792
busy,motion_only,0.91,283.21339000014007,4792
busy,motion_only,0.915,283.80335999995236,4792
busy,motion_only,0.92,284.20071999991313,4792
busy,motion_only,0.925,284.75815000006554,4792
busy,motion_only,0.93,285.2835999999009,4792
busy,motion_only,0.935,285.89752999994596,4792
busy,motion_only,0.9400000000000001,286.48181999984195,4792
busy,motion_only,0.9450000000000001,287.4594050001144,4792
busy,motion_only,0.9500000000000001,288.02900000005036,4792
busy,motion_only,0.9550000000000001,288.8820749998218,4792
busy,motion_only,0.96,289.5538800000399,4792
busy,motion_only,0.965,290.4577649999452,4792
busy,motion_only,0.97,291.76785999997225,4792
busy,motion_only,0.975,292.73199999989595,4792
busy,motion_only,0.98,294.65870000019675,4792
busy,motion_only,0.985,297.30615499969105,4792
busy,motion_only,0.99,300.2558399998676,4792
busy,motion_only,0.995,304.6220249999972,4792
busy,motion_only,1.0,329.4339999999502,4792
busy,fixed_threshold,0.0,217.73899999982677,5371
busy,fixed_threshold,0.005,229.92839999999995,5371
busy,fixed_threshold,0.01,233.3888000001316,5371
busy,fixed_threshold,0.015,235.21875000002328,5371
busy,fixed_threshold,0.02,236.7199999999255,5371
busy,fixed_threshold,0.025,237.89024999988033,5371
busy,fixed_threshold,0.03,238.51269999989307,5371
busy,fixed_threshold,0.035,239.42429999981542,5371
busy,fixed_threshold,0.04,240.08979999991135,5371
busy,fixed_threshold,0.045,240.75060000026133,5371
busy,fixed_threshold,0.05,241.35999999998603,5371
busy,fixed_threshold,0.055,241.92489999991375,5371
busy,fixed_threshold,0.06,242.41799999992364,5371
busy,fixed_threshold,0.065,242.982000000024,5371
busy,fixed_threshold,0.07,243.58050000000512,5371
busy,fixed_threshold,0.075,244.04850000003353,5371
busy,fixed_threshold,0.08,244.49879999998956,5371
busy,fixed_threshold,0.085,244.9472000000038,5371
busy,fixed_threshold,0.09,245.2841000000015,5371
busy,fixed_threshold,0.095,245.74969999997992,5371
busy,fixed_threshold,0.1,246.15700000000652,5371
busy,fixed_threshold,0.105,246.56469999995608,5371
busy,fixed_threshold,0.11,247.00800000004529,5371
busy,fixed_threshold,0.115,247.39024999997054,5371
busy,fixed_threshold,0.12,247.79919999986888,5371
busy,fixed_threshold,0.125,248.11525000014808,5371
busy,fixed_threshold,0.13,248.49999999983703,5371
busy,fixed_threshold,0.135,248.6839499999991,5371
busy,fixed_threshold,0.14,249.03360000005924,5371
busy,fixed_threshold,0.145,249.29860000002373,5371
busy,fixed_threshold,0.15,249.5680000000284,5371
busy,fixed_threshold,0.155,249.85904999986815,5371
busy,fixed_threshold,0.16,250.25219999998808,5371
busy,fixed_threshold,0.165,250.50315000002738,5371
busy,fixed_threshold,0.17,250.69540000016568,5371
busy,fixed_threshold,0.17500000000000002,250.8897500000894,5371
busy,fixed_threshold,0.18,251.18079999999608,5371
busy,fixed_threshold,0.185,251.43755000004313,5371
busy,fixed_threshold,0.19,251.65089999991469,5371
busy,fixed_threshold,0.195,251.969049999892,5371
busy,fixed_threshold,0.2,252.2510000001639,5371
busy,fixed_threshold,0.20500000000000002,252.6079500001477,5371
busy,fixed_threshold,0.21,252.83579999999492,5371
busy,fixed_threshold,0.215,253.13399999997347,5371
busy,fixed_threshold,0.22,253.32599999997765,5371
busy,fixed_threshold,0.225,253.57474999999977,5371
busy,fixed_threshold,0.23,253.741199999908,5371
busy,fixed_threshold,0.23500000000000001,254.00144999997573,5371
busy,fixed_threshold,0.24,254.22540000010048,5371
busy,fixed_threshold,0.245,254.43624999995808,5371
busy,fixed_threshold,0.25,254.61699999999837,5371
busy,fixed_threshold,0.255,254.80034999987112,5371
busy,fixed_threshold,0.26,255.0038000000408,5371
busy,fixed_threshold,0.265,255.22660000002944,5371
busy,fixed_threshold,0.27,255.43400000011243,5371
busy,fixed_threshold,0.275,255.60799999978917,5371
busy,fixed_threshold,0.28,255.78180000009016,5371
busy,fixed_threshold,0.28500000000000003,255.9538500001072,5371
busy,fixed_threshold,0.29,256.1788000000994,5371
busy,fixed_threshold,0.295,256.34120000007096,5371
busy,fixed_threshold,0.3,256.53399999999965,5371
busy,fixed_threshold,0.305,256.7468499999668,5371
busy,fixed_threshold,0.31,256.88690000004135,5371
busy,fixed_threshold,0.315,257.1514499998768,5371
busy,fixed_threshold,0.32,257.29140000008044,5371
busy,fixed_threshold,0.325,257.5130000000936,5371
busy,fixed_threshold,0.33,257.663200000301,5371
busy,fixed_threshold,0.335,257.8755000001518,5371
busy,fixed_threshold,0.34,258.04839999993567,5371
busy,fixed_threshold,0.34500000000000003,258.1908999999825,5371
busy,fixed_threshold,0.35000000000000003,258.36049999995157,5371
busy,fixed_threshold,0.355,258.51180000004825,5371
busy,fixed_threshold,0.36,258.72900000009685,5371
busy,fixed_threshold,0.365,258.90450000009224,5371
busy,fixed_threshold,0.37,259.161800000025,5371
busy,fixed_threshold,0.375,259.37075000006007,5371
busy,fixed_threshold,0.38,259.55379999992437,5371
busy,fixed_threshold,0.385,259.86745000005465,5371
busy,fixed_threshold,0.39,260.0109999999404,5371
busy,fixed_threshold,0.395,260.1971999999834,5371
busy,fixed_threshold,0.4,260.3570000000036,5371
busy,fixed_threshold,0.405,260.5618999998202,5371
busy,fixed_threshold,0.41000000000000003,260.70089999998453,5371
busy,fixed_threshold,0.41500000000000004,260.8406499999604,5371
busy,fixed_threshold,0.42,261.01039999984204,5371
busy,fixed_threshold,0.425,261.18174999998155,5371
busy,fixed_threshold,0.43,261.31629999992435,5371
busy,fixed_threshold,0.435,261.5068499997491,5371
busy,fixed_threshold,0.44,261.6335999998264,5371
busy,fixed_threshold,0.445,261.7708499998669,5371
busy,fixed_threshold,0.45,261.9704999998212,5371
busy,fixed_threshold,0.455,262.155350000014,5371
busy,fixed_threshold,0.46,262.2933999999426,5371
busy,fixed_threshold,0.465,262.443300000031,5371
busy,fixed_threshold,0.47000000000000003,262.6557999999495,5371
busy,fixed_threshold,0.47500000000000003,262.7629999999772,5371
busy,fixed_threshold,0.48,262.96159999985247,5371
busy,fixed_threshold,0.485,263.118499999959,5371
busy,fixed_threshold,0.49,263.304999999993,5371
busy,fixed_threshold,0.495,263.51530000001077,5371
busy,fixed_threshold,0.5,263.65700000012293,5371
busy,fixed_threshold,0.505,263.87770000004673,5371
busy,fixed_threshold,0.51,264.01040000016803,5371
busy,fixed_threshold,0.515,264.1725499999826,5371
busy,fixed_threshold,0.52,264.2929999999702,5371
busy,fixed_threshold,0.525,264.44275000001653,5371
busy,fixed_threshold,0.53,264.6663999997545,5371
busy,fixed_threshold,0.535,264.85559999991676,5371
busy,fixed_threshold,0.54,265.04320000018924,5371
busy,fixed_threshold,0.545,265.2176999999559,5371
busy,fixed_threshold,0.55,265.4629999999888,5371
busy,fixed_threshold,0.555,265.5611500001396,5371
busy,fixed_threshold,0.56,265.69359999997545,5371
busy,fixed_threshold,0.5650000000000001,265.8812500000466,5371
busy,fixed_threshold,0.5700000000000001,266.0263000002131,5371
busy,fixed_threshold,0.5750000000000001,266.2290000001085,5371
busy,fixed_threshold,0.58,266.47140000000365,5371
busy,fixed_threshold,0.585,266.68625000000645,5371
busy,fixed_threshold,0.59,266.8519999999553,5371
busy,fixed_threshold,0.595,267.03515000003097,5371
busy,fixed_threshold,0.6,267.2250000000058,5371
busy,fixed_threshold,0.605,267.4474000000002,5371
busy,fixed_threshold,0.61,267.6196000000229,5371
busy,fixed_threshold,0.615,267.870250000013,5371
busy,fixed_threshold,0.62,268.06999999992547,5371
busy,fixed_threshold,0.625,268.247999999905,5371
busy,fixed_threshold,0.63,268.43900000001304,5371
busy,fixed_threshold,0.635,268.6048999999883,5371
busy,fixed_threshold,0.64,268.792200000002,5371
busy,fixed_threshold,0.645,269.0508499999763,5371
busy,fixed_threshold,0.65,269.2389999999432,5371
busy,fixed_threshold,0.655,269.42834999997285,5371
busy,fixed_threshold,0.66,269.5875999998301,5371
busy,fixed_threshold,0.665,269.77334999998857,5371
busy,fixed_threshold,0.67,269.99490000024673,5371
busy,fixed_threshold,0.675,270.16125000000466,5371
busy,fixed_threshold,0.68,270.3919999999809,5371
busy,fixed_threshold,0.685,270.5849000002025,5371
busy,fixed_threshold,0.6900000000000001,270.78639999999433,5371
busy,fixed_threshold,0.6950000000000001,270.9953999998048,5371
busy,fixed_threshold,0.7000000000000001,271.17500000004657,5371
busy,fixed_threshold,0.705,271.4435499999963,5371
busy,fixed_threshold,0.71,271.6401000000536,5371
busy,fixed_threshold,0.715,271.87510000009496,5371
busy,fixed_threshold,0.72,272.1340000000317,5371
busy,fixed_threshold,0.725,272.3207500000717,5371
busy,fixed_threshold,0.73,272.56140000000596,5371
busy,fixed_threshold,0.735,272.7895500001905,5371
busy,fixed_threshold,0.74,273.0476000000723,5371
busy,fixed_threshold,0.745,273.283900000024,5371
busy,fixed_threshold,0.75,273.51500000001397,5371
busy,fixed_threshold,0.755,273.69535000004106,5371
busy,fixed_threshold,0.76,273.99859999986364,5371
busy,fixed_threshold,0.765,274.25019999999785,5371
busy,fixed_threshold,0.77,274.4810000001453,5371
busy,fixed_threshold,0.775,274.74849999987055,5371
busy,fixed_threshold,0.78,274.93159999998494,5371
busy,fixed_threshold,0.785,275.1519999998738,5371
busy,fixed_threshold,0.79,275.4476000001188,5371
busy,fixed_threshold,0.795,275.6437499999418,5371
busy,fixed_threshold,0.8,275.8209999999963,5371
busy,fixed_threshold,0.805,276.1335500000743,5371
busy,fixed_threshold,0.81,276.41860000000037,5371
busy,fixed_threshold,0.8150000000000001,276.64464999997233,5371
busy,fixed_threshold,0.8200000000000001,276.8929999998771,5371
busy,fixed_threshold,0.8250000000000001,277.08425000018906,5371
busy,fixed_threshold,0.8300000000000001,277.48169999998066,5371
busy,fixed_threshold,0.835,277.7373000000196,5371
busy,fixed_threshold,0.84,278.1330000001937,5371
busy,fixed_threshold,0.845,278.42464999983787,5371
busy,fixed_threshold,0.85,278.8060000000987,5371
busy,fixed_threshold,0.855,279.10600000003177,5371
busy,fixed_threshold,0.86,279.56520000010494,5371
busy,fixed_threshold,0.865,279.8346499999199,5371
busy,fixed_threshold,0.87,280.2056000002194,5371
busy,fixed_threshold,0.875,280.60700000001816,5371
busy,fixed_threshold,0.88,280.88460000003687,5371
busy,fixed_threshold,0.885,281.3120999998646,5371
busy,fixed_threshold,0.89,281.6244999997783,5371
busy,fixed_threshold,0.895,282.0142000000342,5371
busy,fixed_threshold,0.9,282.41399999998976,5371
busy,fixed_threshold,0.905,282.87660000000614,5371
busy,fixed_threshold,0.91,283.3821999998996,5371
busy,fixed_threshold,0.915,283.8435500000196,5371
busy,fixed_threshold,0.92,284.3065999999177,5371
busy,fixed_threshold,0.925,284.9165000000503,5371
busy,fixed_threshold,0.93,285.61759999993956,5371
busy,fixed_threshold,0.935,286.2444000000193,5371
busy,fixed_threshold,0.9400000000000001,286.94520000033083,5371
busy,fixed_threshold,0.9450000000000001,287.5753499999875,5371
busy,fixed_threshold,0.9500000000000001,288.2864999999292,5371
busy,fixed_threshold,0.9550000000000001,289.119099999941,5371
busy,fixed_threshold,0.96,289.93080000001936,5371
busy,fixed_threshold,0.965,291.0091000000713,5371
busy,fixed_threshold,0.97,292.24580000014976,5371
busy,fixed_threshold,0.975,293.80724999989616,5371
busy,fixed_threshold,0.98,295.775,5371
busy,fixed_threshold,0.985,297.6231499998903,5371
busy,fixed_threshold,0.99,300.13139999979177,5371
busy,fixed_threshold,0.995,304.6731000000323,5371
busy,fixed_threshold,1.0,329.4339999999502,5371
busy,event,0.0,118.38700000000244,5321
busy,event,0.005,128.45639999993145,5321
busy,event,0.01,131.42420000002022,5321
busy,event,0.015,133.15399999984075,5321
busy,event,0.02,134.3358000000473,5321
busy,event,0.025,135.3540000000503,5321
busy,event,0.03,136.52760000010022,5321
busy,event,0.035,137.2604000000283,5321
busy,event,0.04,138.04420000007377,5321
busy,event,0.045,138.61300000008197,5321
busy,event,0.05,139.26000000024214,5321
busy,event,0.055,139.7127999998629,5321
busy,event,0.06,140.24679999989456,5321
busy,event,0.065,140.69979999989738,5321
busy,event,0.07,141.15259999977425,5321
busy,event,0.075,141.627000000095,5321
busy,event,0.08,142.04340000008233,5321
busy,event,0.085,142.46300000022165,5321
busy,event,0.09,142.81219999976457,5321
busy,event,0.095,143.22399999988266,5321
busy,event,0.1,143.58699999999953,5321
busy,event,0.105,143.83100000014528,5321
busy,event,0.11,144.23500000003258,5321
busy,event,0.115,144.6108000000473,5321
busy,event,0.12,144.9830000001006,5321
busy,event,0.125,145.32099999999627,5321
busy,event,0.13,145.52179999975488,5321
busy,event,0.135,145.8410000000149,5321
busy,event,0.14,146.12379999998956,5321
busy,event,0.145,146.34040000003296,5321
busy,event,0.15,146.62800000002608,5321
busy,event,0.155,146.85940000005067,5321
busy,event,0.16,147.14339999991935,5321
busy,event,0.165,147.41100000024306,5321
busy,event,0.17,147.62799999988638,5321
busy,event,0.17500000000000002,147.82400000002235,5321
busy,event,0.18,148.1121999999974,5321
busy,event,0.185,148.42019999992044,5321
busy,event,0.19,148.72439999999477,5321
busy,event,0.195,149.006600000069,5321
busy,event,0.2,149.31700000003912,5321
busy,event,0.20500000000000002,149.6743999999948,5321
busy,event,0.21,150.00979999992995,5321
busy,event,0.215,150.2857999997679,5321
busy,event,0.22,150.46999999983237,5321
busy,event,0.225,150.7780000000057,5321
busy,event,0.23,151.02319999998434,5321
busy,event,0.23500000000000001,151.29360000004527,5321
busy,event,0.24,151.57420000000857,5321
busy,event,0.245,151.82839999985882,5321
busy,event,0.25,152.1149999999907,5321
busy,event,0.255,152.3150000001304,5321
busy,event,0.26,152.62600000007077,5321
busy,event,0.265,152.86359999999405,5321
busy,event,0.27,153.0942000000272,5321
busy,event,0.275,153.36700000008568,5321
busy,event,0.28,153.56259999992326,5321
busy,event,0.28500000000000003,153.8151999999769,5321
busy,event,0.29,154.00419999990845,5321
busy,event,0.295,154.25099999993108,5321
busy,event,0.3,154.51500000013039,5321
busy,event,0.305,154.7046000000555,5321
busy,event,0.31,154.9486000000499,5321
busy,event,0.315,155.2100000000093,5321
busy,event,0.32,155.395199999935,5321
busy,event,0.325,155.69100000010803,5321
busy,event,0.33,155.8901999999536,5321
busy,event,0.335,156.12560000000522,5321
busy,event,0.34,156.38379999995232,5321
busy,event,0.34500000000000003,156.68180000004358,5321
busy,event,0.35000000000000003,156.94100000000617,5321
busy,event,0.355,157.2277999999933,5321
busy,event,0.36,157.41440000013682,5321
busy,event,0.365,157.69800000004471,5321
busy,event,0.37,157.9231999998912,5321
busy,event,0.375,158.25900000007823,5321
busy,event,0.38,158.57059999993072,5321
busy,event,0.385,158.89739999990562,5321
busy,event,0.39,159.16400000005962,5321
busy,event,0.395,159.5683999998495,5321
busy,event,0.4,159.87999999988824,5321
busy,event,0.405,160.2116000000853,5321
busy,event,0.41000000000000003,160.4816000000574,5321
busy,event,0.41500000000000004,160.7997999999672,5321
busy,event,0.42,161.08240000028164,5321
busy,event,0.425,161.46299999998882,5321
busy,event,0.43,161.83020000001414,5321
busy,event,0.435,162.13340000011956,5321
busy,event,0.44,162.46500000003726,5321
busy,event,0.445,162.76359999994747,5321
busy,event,0.45,163.12300000002142,5321
busy,event,0.455,163.50480000013485,5321
busy,event,0.46,163.85760000000593,5321
busy,event,0.465,164.3365999999739,5321
busy,event,0.47000000000000003,164.73860000013374,5321
busy,event,0.47500000000000003,165.0690000001341,5321
busy,event,0.48,165.64679999991785,5321
busy,event,0.485,166.2257999999914,5321
busy,event,0.49,166.64380000005474,5321
busy,event,0.495,167.22299999993993,5321
busy,event,0.5,167.89900000020862,5321
busy,event,0.505,168.41080000003566,5321
busy,event,0.51,169.02259999997915,5321
busy,event,0.515,169.63459999996704,5321
busy,event,0.52,170.3653999998234,5321
busy,event,0.525,171.26900000000023,5321
busy,event,0.53,172.11920000007376,5321
busy,event,0.535,172.94459999995306,5321
busy,event,0.54,173.94820000001928,5321
busy,event,0.545,175.06619999997784,5321
busy,event,0.55,176.9240000001156,5321
busy,event,0.555,179.37580000000673,5321
busy,event,0.56,182.23020000006073,5321
busy,event,0.5650000000000001,198.40319999991925,5321
busy,event,0.5700000000000001,233.30819999999372,5321
busy,event,0.5750000000000001,236.7350000001025,5321
busy,event,0.58,238.8115999999456,5321
busy,event,0.585,240.26600000010802,5321
busy,event,0.59,241.61840000012887,5321
busy,event,0.595,242.7868000000715,5321
busy,event,0.6,243.90599999995902,5321
busy,event,0.605,244.84419999999227,5321
busy,event,0.61,245.55960000003688,5321
busy,event,0.615,246.5877999998629,5321
busy,event,0.62,247.52040000000108,5321
busy,event,0.625,248.535000000149,5321
busy,event,0.63,249.03780000000262,5321
busy,event,0.635,249.55740000028163,5321
busy,event,0.64,250.30759999990696,5321
busy,event,0.645,250.8431999999797,5321
busy,event,0.65,251.5160000002943,5321
busy,event,0.655,252.10459999998568,5321
busy,event,0.66,252.73619999988006,5321
busy,event,0.665,253.36759999999776,5321
busy,event,0.67,253.82480000000214,5321
busy,event,0.675,254.21500000002564,5321
busy,event,0.68,254.69499999997205,5321
busy,event,0.685,255.0137999999337,5321
busy,event,0.6900000000000001,255.6189999998547,5321
busy,event,0.6950000000000001,256.01160000003875,5321
busy,event,0.7000000000000001,256.56300000008196,5321
busy,event,0.705,257.16239999989045,5321
busy,event,0.71,257.5886000000872,5321
busy,event,0.715,257.9489999999758,5321
busy,event,0.72,258.229399999883,5321
busy,event,0.725,258.64400000000023,5321
busy,event,0.73,259.1469999999157,5321
busy,event,0.735,259.5935999999754,5321
busy,event,0.74,260.20480000032114,5321
busy,event,0.745,260.54599999990313,5321
busy,event,0.75,260.841999999946,5321
busy,event,0.755,261.2288000000641,5321
busy,event,0.76,261.5368000000017,5321
busy,event,0.765,261.8942000000272,5321
busy,event,0.77,262.2871999999508,5321
busy,event,0.775,262.6699999999255,5321
busy,event,0.78,263.0885999999242,5321
busy,event,0.785,263.4454000000318,5321
busy,event,0.79,263.91040000002835,5321
busy,event,0.795,264.27820000002976,5321
busy,event,0.8,264.6820000000298,5321
busy,event,0.805,265.0125999998301,5321
busy,event,0.81,265.4825999998488,5321
busy,event,0.8150000000000001,265.8214000000153,5321
busy,event,0.8200000000000001,266.22940000002274,5321
busy,event,0.8250000000000001,266.658000000054,5321
busy,event,0.8300000000000001,266.949599999981,5321
busy,event,0.835,267.3560000001453,5321
busy,event,0.84,267.9144000000786,5321
busy,event,0.845,268.383799999929,5321
busy,event,0.85,268.7579999999143,5321
busy,event,0.855,269.3331999999471,5321
busy,event,0.86,269.8610000000335,5321
busy,event,0.865,270.2253999998793,5321
busy,event,0.87,270.72320000012405,5321
busy,event,0.875,271.2489999998361,5321
busy,event,0.88,271.8223999999929,5321
busy,event,0.885,272.3165999999859,5321
busy,event,0.89,273.1030000002123,5321
busy,event,0.895,273.58519999994894,5321
busy,event,0.9,274.23300000000745,5321
busy,event,0.905,274.9887999998173,5321
busy,event,0.91,275.49779999996537,5321
busy,event,0.915,276.08980000000446,5321
busy,event,0.92,276.655599999975,5321
busy,event,0.925,277.13000000000466,5321
busy,event,0.93,277.75120000001044,5321
busy,event,0.935,278.4631999999984,5321
busy,event,0.9400000000000001,279.4765999999829,5321
busy,event,0.9450000000000001,280.126199999993,5321
busy,event,0.9500000000000001,281.06199999991804,5321
busy,event,0.9550000000000001,281.7106000001542,5321
busy,event,0.96,282.56199999991804,5321
busy,event,0.965,283.72039999999106,5321
busy,event,0.97,284.88219999999274,5321
busy,event,0.975,286.4470000000438,5321
busy,event,0.98,288.3590000000782,5321
busy,event,0.985,290.4109999999869,5321
busy,event,0.99,293.77400000006895,5321
busy,event,0.995,297.75139999995,5321
busy,event,1.0,319.0800000000745,5321
busy,event_no_early_exit,0.0,217.73899999982677,5321
busy,event_no_early_exit,0.005,229.5712000001222,5321
busy,event_no_early_exit,0.01,233.38180000009015,5321
busy,event_no_early_exit,0.015,235.19420000007375,5321
busy,event_no_early_exit,0.02,236.7199999999255,5321
busy,event_no_early_exit,0.025,237.8560000001453,5321
busy,event_no_early_exit,0.03,238.49200000008568,5321
busy,event_no_early_exit,0.035,239.37179999994115,5321
busy,event_no_early_exit,0.04,240.02699999972248,5321
busy,event_no_early_exit,0.045,240.74960000021383,5321
busy,event_no_early_exit,0.05,241.37199999997392,5321
busy,event_no_early_exit,0.055,241.9382000000216,5321
busy,event_no_early_exit,0.06,242.4231999999203,5321
busy,event_no_early_exit,0.065,243.02979999998934,5321
busy,event_no_early_exit,0.07,243.63940000003203,5321
busy,event_no_early_exit,0.075,244.08199999993667,5321
busy,event_no_early_exit,0.08,244.53140000002458,5321
busy,event_no_early_exit,0.085,244.95820000000384,5321
busy,event_no_early_exit,0.09,245.35099999988452,5321
busy,event_no_early_exit,0.095,245.83200000012295,5321
busy,event_no_early_exit,0.1,246.20099999988452,5321
busy,event_no_early_exit,0.105,246.59419999993406,5321
busy,event_no_early_exit,0.11,247.01760000004433,5321
busy,event_no_early_exit,0.115,247.39899999996413,5321
busy,event_no_early_exit,0.12,247.79919999986888,5321
busy,event_no_early_exit,0.125,248.11200000019744,5321
busy,event_no_early_exit,0.13,248.48779999990947,5321
busy,event_no_early_exit,0.135,248.68319999996893,5321
busy,event_no_early_exit,0.14,249.0439999999944,5321
busy,event_no_early_exit,0.145,249.29300000015647,5321
busy,event_no_early_exit,0.15,249.5510000004433,5321
busy,event_no_early_exit,0.155,249.84939999990166,5321
busy,event_no_early_exit,0.16,250.23820000006816,5321
busy,event_no_early_exit,0.165,250.48999999994413,5321
busy,event_no_early_exit,0.17,250.6534000000218,5321
busy,event_no_early_exit,0.17500000000000002,250.875,5321
busy,event_no_early_exit,0.18,251.15820000004024,5321
busy,event_no_early_exit,0.185,251.41619999986142,5321
busy,event_no_early_exit,0.19,251.63360000001268,5321
busy,event_no_early_exit,0.195,251.92659999988973,5321
busy,event_no_early_exit,0.2,252.21799999999348,5321
busy,event_no_early_exit,0.20500000000000002,252.55359999998473,5321
busy,event_no_early_exit,0.21,252.76720000016502,5321
busy,event_no_early_exit,0.215,253.07239999985322,5321
busy,event_no_early_exit,0.22,253.2862000000896,5321
busy,event_no_early_exit,0.225,253.50300000002608,5321
busy,event_no_early_exit,0.23,253.721799999848,5321
busy,event_no_early_exit,0.23500000000000001,253.93419999978505,5321
busy,event_no_early_exit,0.24,254.13780000004917,5321
busy,event_no_early_exit,0.245,254.38459999994956,5321
busy,event_no_early_exit,0.25,254.57500000018626,5321
busy,event_no_early_exit,0.255,254.7548000000417,5321
busy,event_no_early_exit,0.26,254.93979999998118,5321
busy,event_no_early_exit,0.265,255.16679999995978,5321
busy,event_no_early_exit,0.27,255.3944000000134,5321
busy,event_no_early_exit,0.275,255.5910000000149,5321
busy,event_no_early_exit,0.28,255.75039999992586,5321
busy,event_no_early_exit,0.28500000000000003,255.92220000019296,5321
busy,event_no_early_exit,0.29,256.10800000003076,5321
busy,event_no_early_exit,0.295,256.29320000000297,5321
busy,event_no_early_exit,0.3,256.4740000003949,5321
busy,event_no_early_exit,0.305,256.6927999999374,5321
busy,event_no_early_exit,0.31,256.84260000024807,5321
busy,event_no_early_exit,0.315,257.05180000001565,5321
busy,event_no_early_exit,0.32,257.2725999997929,5321
busy,event_no_early_exit,0.325,257.45300000021234,5321
busy,event_no_early_exit,0.33,257.6184000000823,5321
busy,event_no_early_exit,0.335,257.8349999998929,5321
busy,event_no_early_exit,0.34,257.9929999999702,5321
busy,event_no_early_exit,0.34500000000000003,258.14599999999626,5321
busy,event_no_early_exit,0.35000000000000003,258.3209999999963,5321
busy,event_no_early_exit,0.355,258.47159999990834,5321
busy,event_no_early_exit,0.36,258.6790000000037,5321
busy,event_no_early_exit,0.365,258.8308000000194,5321
busy,event_no_early_exit,0.37,259.1029999998398,5321
busy,event_no_early_exit,0.375,259.2740000002086,5321
busy,event_no_early_exit,0.38,259.49299999999346,5321
busy,event_no_early_exit,0.385,259.7379999998957,5321
busy,event_no_early_exit,0.39,259.9545999999624,5321
busy,event_no_early_exit,0.395,260.1376000000164,5321
busy,event_no_early_exit,0.4,260.3310000000056,5321
busy,event_no_early_exit,0.405,260.51259999996984,5321
busy,event_no_early_exit,0.41000000000000003,260.65839999988674,5321
busy,event_no_early_exit,0.41500000000000004,260.7984000000171,5321
busy,event_no_early_exit,0.42,260.98699999991805,5321
busy,event_no_early_exit,0.425,261.1689999997616,5321
busy,event_no_early_exit,0.43,261.2924000000465,5321
busy,event_no_early_exit,0.435,261.4962000001222,5321
busy,event_no_early_exit,0.44,261.624199999962,5321
busy,event_no_early_exit,0.445,261.74439999999817,5321
busy,event_no_early_exit,0.45,261.92700000002515,5321
busy,event_no_early_exit,0.455,262.1001999998698,5321
busy,event_no_early_exit,0.46,262.2811999999685,5321
busy,event_no_early_exit,0.465,262.43079999996843,5321
busy,event_no_early_exit,0.47000000000000003,262.6395999999484,5321
busy,event_no_early_exit,0.47500000000000003,262.76299999980256,5321
busy,event_no_early_exit,0.48,262.96159999985247,5321
busy,event_no_early_exit,0.485,263.1249999999069,5321
busy,event_no_early_exit,0.49,263.30999999993946,5321
busy,event_no_early_exit,0.495,263.5158000000054,5321
busy,event_no_early_exit,0.5,263.6630000001751,5321
busy,event_no_early_exit,0.505,263.8801999997813,5321
busy,event_no_early_exit,0.51,264.0193999999901,5321
busy,event_no_early_exit,0.515,264.17780000008645,5321
busy,event_no_early_exit,0.52,264.3000000000931,5321
busy,event_no_early_exit,0.525,264.4450000000652,5321
busy,event_no_early_exit,0.53,264.6759999999311,5321
busy,event_no_early_exit,0.535,264.8843999997713,5321
busy,event_no_early_exit,0.54,265.05879999991737,5321
busy,event_no_early_exit,0.545,265.2374000000767,5321
busy,event_no_early_exit,0.55,265.47200000006706,5321
busy,event_no_early_exit,0.555,265.58519999999555,5321
busy,event_no_early_exit,0.56,265.73960000001824,5321
busy,event_no_early_exit,0.5650000000000001,265.8902000002563,5321
busy,event_no_early_exit,0.5700000000000001,266.05419999994336,5321
busy,event_no_early_exit,0.5750000000000001,266.25800000003073,5321
busy,event_no_early_exit,0.58,266.50959999980404,5321
busy,event_no_early_exit,0.585,266.70919999992475,5321
busy,event_no_early_exit,0.59,266.86559999966994,5321
busy,event_no_early_exit,0.595,267.0554000000469,5321
busy,event_no_early_exit,0.6,267.27700000000186,5321
busy,event_no_early_exit,0.605,267.48239999988584,5321
busy,event_no_early_exit,0.61,267.6421999999322,5321
busy,event_no_early_exit,0.615,267.8875999998301,5321
busy,event_no_early_exit,0.62,268.09279999999274,5321
busy,event_no_early_exit,0.625,268.26699999999255,5321
busy,event_no_early_exit,0.63,268.43900000001304,5321
busy,event_no_early_exit,0.635,268.6147999999113,5321
busy,event_no_early_exit,0.64,268.80659999996425,5321
busy,event_no_early_exit,0.645,269.06360000001735,5321
busy,event_no_early_exit,0.65,269.24300000001676,5321
busy,event_no_early_exit,0.655,269.4296000001021,5321
busy,event_no_early_exit,0.66,269.58999999989754,5321
busy,event_no_early_exit,0.665,269.78319999999366,5321
busy,event_no_early_exit,0.67,270.0084000000264,5321
busy,event_no_early_exit,0.675,270.1739999996498,5321
busy,event_no_early_exit,0.68,270.40400000009686,5321
busy,event_no_early_exit,0.685,270.58820000011474,5321
busy,event_no_early_exit,0.6900000000000001,270.8012000000337,5321
busy,event_no_early_exit,0.6950000000000001,271.0264000000432,5321
busy,event_no_early_exit,0.7000000000000001,271.1970000001602,5321
busy,event_no_early_exit,0.705,271.4621999999974,5321
busy,event_no_early_exit,0.71,271.64380000019446,5321
busy,event_no_early_exit,0.715,271.8905999999959,5321
busy,event_no_early_exit,0.72,272.1466000000015,5321
busy,event_no_early_exit,0.725,272.33400000003166,5321
busy,event_no_early_exit,0.73,272.5656000001356,5321
busy,event_no_early_exit,0.735,272.79680000008085,5321
busy,event_no_early_exit,0.74,273.05560000003317,5321
busy,event_no_early_exit,0.745,273.31040000012143,5321
busy,event_no_early_exit,0.75,273.53400000021793,5321
busy,event_no_early_exit,0.755,273.70939999996335,5321
busy,event_no_early_exit,0.76,274.00900000007823,5321
busy,event_no_early_exit,0.765,274.27560000009834,5321
busy,event_no_early_exit,0.77,274.4974000000628,5321
busy,event_no_early_exit,0.775,274.7579999999143,5321
busy,event_no_early_exit,0.78,274.99439999999015,5321
busy,event_no_early_exit,0.785,275.173799999943,5321
busy,event_no_early_exit,0.79,275.49799999985845,5321
busy,event_no_early_exit,0.795,275.67799999997953,5321
busy,event_no_early_exit,0.8,275.9529999997467,5321
busy,event_no_early_exit,0.805,276.2135999998078,5321
busy,event_no_early_exit,0.81,276.48439999998084,5321
busy,event_no_early_exit,0.8150000000000001,276.68839999996123,5321
busy,event_no_early_exit,0.8200000000000001,276.947599999886,5321
busy,event_no_early_exit,0.8250000000000001,277.14100000006147,5321
busy,event_no_early_exit,0.8300000000000001,277.5617999999784,5321
busy,event_no_early_exit,0.835,277.8117999999784,5321
busy,event_no_early_exit,0.84,278.23700000000827,5321
busy,event_no_early_exit,0.845,278.4684000001289,5321
busy,event_no_early_exit,0.85,278.90700000012293,5321
busy,event_no_early_exit,0.855,279.17119999993594,5321
busy,event_no_early_exit,0.86,279.6242000002414,5321
busy,event_no_early_exit,0.865,279.8900000001071,5321
busy,event_no_early_exit,0.87,280.23400000007825,5321
busy,event_no_early_exit,0.875,280.67600000000675,5321
busy,event_no_early_exit,0.88,281.00340000009163,5321
busy,event_no_early_exit,0.885,281.3535999999382,5321
busy,event_no_early_exit,0.89,281.66640000008044,5321
busy,event_no_early_exit,0.895,282.0709999999963,5321
busy,event_no_early_exit,0.9,282.4700000002049,5321
busy,event_no_early_exit,0.905,282.9469999999739,5321
busy,event_no_early_exit,0.91,283.4401999999303,5321
busy,event_no_early_exit,0.915,283.8771999996155,5321
busy,event_no_early_exit,0.92,284.3356000000611,5321
busy,event_no_early_exit,0.925,284.9590000002645,5321
busy,event_no_early_exit,0.93,285.6846000000369,5321
busy,event_no_early_exit,0.935,286.2867999999784,5321
busy,event_no_early_exit,0.9400000000000001,287.03100000005213,5321
busy,event_no_early_exit,0.9450000000000001,287.66380000009667,5321
busy,event_no_early_exit,0.9500000000000001,288.38400000007823,5321
busy,event_no_early_exit,0.9550000000000001,289.2126000000164,5321
busy,event_no_early_exit,0.96,290.00979999992995,5321
busy,event_no_early_exit,0.965,291.01059999996795,5321
busy,event_no_early_exit,0.97,292.29220000011844,5321
busy,event_no_early_exit,0.975,293.79000000003725,5321
busy,event_no_early_exit,0.98,295.7255999999586,5321
busy,event_no_early_exit,0.985,297.6013999998395,5321
busy,event_no_early_exit,0.99,300.0733999998309,5321
busy,event_no_early_exit,0.995,304.659599999999,5321
busy,event_no_early_exit,1.0,329.4339999999502,5321
busy,secure,0.0,118.78699999999662,4850
busy,secure,0.005,128.85320499998633,4850
busy,secure,0.01,131.60853999987245,4850
busy,secure,0.015,133.36769000015337,4850
busy,secure,0.02,134.68821999978275,4850
busy,secure,0.025,135.74092499995604,4850
busy,secure,0.03,136.7996999999949,4850
busy,secure,0.035,137.5968649999774,4850
busy,secure,0.04,138.241600000076,4850
busy,secure,0.045,138.78248499991022,4850
busy,secure,0.05,139.5183999999077,4850
busy,secure,0.055,139.97123999998644,4850
busy,secure,0.06,140.46463999988336,4850
busy,secure,0.065,141.01174000003485,4850
busy,secure,0.07,141.43548000006004,4850
busy,secure,0.075,141.9661750000145,4850
busy,secure,0.08,142.36503999993204,4850
busy,secure,0.085,142.7954849999929,4850
busy,secure,0.09,143.16703999999737,4850
busy,secure,0.095,143.598515000107,4850
busy,secure,0.1,143.94759999987437,4850
busy,secure,0.105,144.1782900000189,4850
busy,secure,0.11,144.60912000008918,4850
busy,secure,0.115,144.94676500001398,4850
busy,secure,0.12,145.30312000025063,4850
busy,secure,0.125,145.66225000001214,4850
busy,secure,0.13,145.8836599999934,4850
busy,secure,0.135,146.1815349997618,4850
busy,secure,0.14,146.44161999991164,4850
busy,secure,0.145,146.6661049999611,4850
busy,secure,0.15,146.97869999999529,4850
busy,secure,0.155,147.2037349999827,4850
busy,secure,0.16,147.49752000013368,4850
busy,secure,0.165,147.7580199999723,4850
busy,secure,0.17,147.98530000006022,4850
busy,secure,0.17500000000000002,148.1921499999793,4850
busy,secure,0.18,148.46812000031582,4850
busy,secure,0.185,148.74313000024063,4850
busy,secure,0.19,149.07251000009245,4850
busy,secure,0.195,149.35375499997505,4850
busy,secure,0.2,149.68600000019651,4850
busy,secure,0.20500000000000002,150.04553999993018,4850
busy,secure,0.21,150.44476999972017,4850
busy,secure,0.215,150.69913999985846,4850
busy,secure,0.22,150.8937799999834,4850
busy,secure,0.225,151.18810000007943,4850
busy,secure,0.23,151.43754000000655,4850
busy,secure,0.23500000000000001,151.71838999997956,4850
busy,secure,0.24,151.98252000004052,4850
busy,secure,0.245,152.3310250000056,4850
busy,secure,0.25,152.59075000003213,4850
busy,secure,0.255,152.76696000010824,4850
busy,secure,0.26,153.09428000012412,4850
busy,secure,0.265,153.33779000004665,4850
busy,secure,0.27,153.51881999993697,4850
busy,secure,0.275,153.83917499976232,4850
busy,secure,0.28,154.05327999999747,4850
busy,secure,0.28500000000000003,154.27672000000487,4850
busy,secure,0.29,154.46988999998547,4850
busy,secure,0.295,154.77873000004155,4850
busy,secure,0.3,154.97480000003708,4850
busy,secure,0.305,155.14950499991218,4850
busy,secure,0.31,155.40499999983382,4850
busy,secure,0.315,155.63030499999877,4850
busy,secure,0.32,155.84208000022917,4850
busy,secure,0.325,156.09070000001375,4850
busy,secure,0.33,156.2662500000885,4850
busy,secure,0.335,156.45505499990367,4850
busy,secure,0.34,156.71859999998705,4850
busy,secure,0.34500000000000003,156.99823999984423,4850
busy,secure,0.35000000000000003,157.23084999970598,4850
busy,secure,0.355,157.5300000001199,4850
busy,secure,0.36,157.78863999998197,4850
busy,secure,0.365,158.03238999998896,4850
busy,secure,0.37,158.26591000009793,4850
busy,secure,0.375,158.6167499999965,4850
busy,secure,0.38,158.88948000013363,4850
busy,secure,0.385,159.24203000012784,4850
busy,secure,0.39,159.51899999988032,4850
busy,secure,0.395,159.88013000002394,4850
busy,secure,0.4,160.1648000000976,4850
busy,secure,0.405,160.4446750000416,4850
busy,secure,0.41000000000000003,160.81334999992978,4850
busy,secure,0.41500000000000004,161.09969000011566,4850
busy,secure,0.42,161.40822000017388,4850
busy,secure,0.425,161.77000000001863,4850
busy,secure,0.43,162.09807000022613,4850
busy,secure,0.435,162.4024750000023,4850
busy,secure,0.44,162.71967999999413,4850
busy,secure,0.445,163.11602500010747,4850
busy,secure,0.45,163.33955000014976,4850
busy,secure,0.455,163.7670650000911,4850
busy,secure,0.46,164.0967799998494,4850
busy,secure,0.465,164.5956249999942,4850
busy,secure,0.47000000000000003,165.0300600000308,4850
busy,secure,0.47500000000000003,165.35992500004068,4850
busy,secure,0.48,165.86276000000305,4850
busy,secure,0.485,166.44053000014043,4850
busy,secure,0.49,166.90408000000957,4850
busy,secure,0.495,167.47325499998055,4850
busy,secure,0.5,168.08600000006845,4850
busy,secure,0.505,168.57294000026096,4850
busy,secure,0.51,169.3142899999447,4850
busy,secure,0.515,169.94664000006802,4850
busy,secure,0.52,170.69252000020816,4850
busy,secure,0.525,171.53359999995737,4850
busy,secure,0.53,172.43660999992397,4850
busy,secure,0.535,173.25364999996478,4850
busy,secure,0.54,174.15714000007137,4850
busy,secure,0.545,175.43460999995705,4850
busy,secure,0.55,176.91799999964425,4850
busy,secure,0.555,179.60246000005398,4850
busy,secure,0.56,182.6496400001319,4850
busy,secure,0.5650000000000001,218.40614999999613,4850
busy,secure,0.5700000000000001,233.99035999974706,4850
busy,secure,0.5750000000000001,237.8075749998796,4850
busy,secure,0.58,239.41815999990322,4850
busy,secure,0.585,240.81829499992804,4850
busy,secure,0.59,242.0882100000186,4850
busy,secure,0.595,243.384100000037,4850
busy,secure,0.6,244.49480000017212,4850
busy,secure,0.605,245.33076999982586,4850
busy,secure,0.61,246.0424800001271,4850
busy,secure,0.615,247.1040249999729,4850
busy,secure,0.62,248.12970000004657,4850
busy,secure,0.625,248.95412499998565,4850
busy,secure,0.63,249.55086999998662,4850
busy,secure,0.635,250.042000000056,4850
busy,secure,0.64,250.7538799999934,4850
busy,secure,0.645,251.26807500015713,4850
busy,secure,0.65,251.95954999998358,4850
busy,secure,0.655,252.5727100000022,4850
busy,secure,0.66,253.16136000013444,4850
busy,secure,0.665,253.86079500006977,4850
busy,secure,0.67,254.32293999995454,4850
busy,secure,0.675,254.66877499995172,4850
busy,secure,0.68,255.14416000006722,4850
busy,secure,0.685,255.43939000001643,4850
busy,secure,0.6900000000000001,256.07795999999394,4850
busy,secure,0.6950000000000001,256.59227500016624,4850
busy,secure,0.7000000000000001,257.0178999999771,4850
busy,secure,0.705,257.578635000015,4850
busy,secure,0.71,257.9962700000615,4850
busy,secure,0.715,258.33921000015454,4850
busy,secure,0.72,258.6080799999647,4850
busy,secure,0.725,259.0363999999652,4850
busy,secure,0.73,259.5068199999095,4850
busy,secure,0.735,259.9691650000401,4850
busy,secure,0.74,260.58480000007313,4850
busy,secure,0.745,260.93162500006497,4850
busy,secure,0.75,261.202249999973,4850
busy,secure,0.755,261.6009999997914,4850
busy,secure,0.76,261.9369600000046,4850
busy,secure,0.765,262.2420050000354,4850
busy,secure,0.77,262.67067999999813,4850
busy,secure,0.775,263.0559499998693,4850
busy,secure,0.78,263.3711599999887,4850
busy,secure,0.785,263.7465099998668,4850
busy,secure,0.79,264.21635999995283,4850
busy,secure,0.795,264.5724600003089,4850
busy,secure,0.8,264.9668000000529,4850
busy,secure,0.805,265.3787999998429,4850
busy,secure,0.81,265.87414000011165,4850
busy,secure,0.8150000000000001,266.1905949999967,4850
busy,secure,0.8200000000000001,266.62588000001153,4850
busy,secure,0.8250000000000001,267.10239999999175,4850
busy,secure,0.8300000000000001,267.41202000006973,4850
busy,secure,0.835,267.90049000001306,4850
busy,secure,0.84,268.38587999996264,4850
busy,secure,0.845,268.8360249999989,4850
busy,secure,0.85,269.16319999991686,4850
busy,secure,0.855,269.7782750000496,4850
busy,secure,0.86,270.3352399996761,4850
busy,secure,0.865,270.68223999996013,4850
busy,secure,0.87,271.16874999987425,4850
busy,secure,0.875,271.6913749999949,4850
busy,secure,0.88,272.3264000000246,4850
busy,secure,0.885,272.94567999993683,4850
busy,secure,0.89,273.6280499999318,4850
busy,secure,0.895,274.01650499995566,4850
busy,secure,0.9,274.6742000001017,4850
busy,secure,0.905,275.3842099999997,4850
busy,secure,0.91,275.88866999993564,4850
busy,secure,0.915,276.3867000001273,4850
busy,secure,0.92,277.0432399999882,4850
busy,secure,0.925,277.54652499989027,4850
busy,secure,0.93,278.26111999996357,4850
busy,secure,0.935,279.20241499996865,4850
busy,secure,0.9400000000000001,280.0116799997899,4850
busy,secure,0.9450000000000001,280.68719999998694,4850
busy,secure,0.9500000000000001,281.6383500000229,4850
busy,secure,0.9550000000000001,282.23060499989896,4850
busy,secure,0.96,282.96199999984356,4850
busy,secure,0.965,284.0956800000308,4850
busy,secure,0.97,285.2465699999721,4850
busy,secure,0.975,286.8275999999634,4850
busy,secure,0.98,288.7673399999924,4850
busy,secure,0.985,290.48219500016893,4850
busy,secure,0.99,293.695059999947,4850
busy,secure,0.995,297.914174999845,4850
busy,secure,1.0,319.3379999999888,4850
