mode,scenario,seed,seconds,workload_hash,research_valid,detector_backend,power_model_calibrated,ablations,observations,legit_observations,object_observations,attack_observations,m7_active_ms,duty_cycle,wakeups,wakeups_per_min,results,throughput_results_per_min,useful_detections,correct_detections,triggers,object_episodes,object_episodes_detected,episode_recall,missed_episode_rate,observation_recall,episode_latency_ms_n,episode_latency_ms_mean,episode_latency_ms_median,episode_latency_ms_std,episode_latency_ms_p90,episode_latency_ms_p95,episode_latency_ms_p99,episode_latency_ms_min,episode_latency_ms_max,trigger_latency_ms_n,trigger_latency_ms_mean,trigger_latency_ms_median,trigger_latency_ms_std,trigger_latency_ms_p90,trigger_latency_ms_p95,trigger_latency_ms_p99,trigger_latency_ms_min,trigger_latency_ms_max,onset_latency_ms_n,onset_latency_ms_mean,onset_latency_ms_median,onset_latency_ms_std,onset_latency_ms_p90,onset_latency_ms_p95,onset_latency_ms_p99,onset_latency_ms_min,onset_latency_ms_max,negative_latency_count,watcher_tp,watcher_fp,watcher_fn,watcher_tn,watcher_precision,watcher_recall,watcher_f1,false_trigger_rate,missed_event_rate,trigger_precision,detector_tp,detector_fp,detector_fn,detector_precision,detector_recall,detector_f1,classification_accuracy,conf_object_mean,conf_object_std,conf_nonobject_mean,early_exit_rate,second_pass_rate,map50,map50_95,map_status,false_alarms,false_alarms_attack,false_alarms_per_hour,background_cycles,background_false_alarms,attack_attempts,attack_triggers,attacks_evaluated,attacks_blocked,attacks_accepted,legit_evaluated,legit_blocked,legit_accepted,legit_object_blocked,attack_detection_rate,attack_success_rate,attacks_reached_m7,false_rejection_rate,false_rejection_rate_object,security_block_rate,security_precision,security_recall,security_f1,security_latency_overhead_ms,block_rate_limit,block_replay,block_duplicate,block_burst,block_consistency_failure,block_debug_random,legit_object_suppressed_cooldown,rpc_latency_ms_n,rpc_latency_ms_mean,rpc_latency_ms_median,rpc_latency_ms_std,rpc_latency_ms_p90,rpc_latency_ms_p95,rpc_latency_ms_p99,rpc_latency_ms_min,rpc_latency_ms_max,queue_delay_ms_n,queue_delay_ms_mean,queue_delay_ms_median,queue_delay_ms_std,queue_delay_ms_p90,queue_delay_ms_p95,queue_delay_ms_p99,queue_delay_ms_min,queue_delay_ms_max,rpc_sent,rpc_drops_loss,rpc_drops_queue_full,rpc_drops,negative_queue_delay_count,time_M4_IDLE_ms,energy_M4_IDLE_mJ,time_M4_MONITOR_ms,energy_M4_MONITOR_mJ,time_M4_PROCESS_ms,energy_M4_PROCESS_mJ,time_SECURITY_PROCESSING_ms,energy_SECURITY_PROCESSING_mJ,time_RPC_COMMUNICATION_ms,energy_RPC_COMMUNICATION_mJ,time_M7_SLEEP_ms,energy_M7_SLEEP_mJ,time_M7_WAKEUP_ms,energy_M7_WAKEUP_mJ,time_M7_INFERENCE_ms,energy_M7_INFERENCE_mJ,time_M7_SECOND_PASS_ms,energy_M7_SECOND_PASS_mJ,time_M7_POSTPROCESS_ms,energy_M7_POSTPROCESS_mJ,time_M7_IDLE_AWAKE_ms,energy_M7_IDLE_AWAKE_mJ,energy_m4_mJ,energy_m7_mJ,energy_total_mJ,energy_per_min_mJ,energy_per_observation_mJ,energy_per_accepted_trigger_mJ,energy_per_useful_detection_mJ,energy_per_correct_detection_mJ,security_energy_mJ,energy_summary_check_mJ,state_time_m4_ms,state_time_m7_ms,run_id,label,group,sweep_param,sweep_value,validation_pass,validation_failures,watcher_fp_attack
always_on,burst,1,3600.0,aec472598d745756,True,synthetic_distribution,False,,942,942,805,0,3600000.0,1.0,1,0.016666666666666666,855,14.25,705,641,0,264,256,0.9696969696969697,0.030303030303030276,0.7962732919254658,256,676.1538398437551,448.56949999998324,634.9655926695291,1427.9575000000186,1878.622250000044,3018.233500000019,138.60800000000745,5311.333000000101,0,,,,,,,,,855,454.530345029239,383.6119999999646,243.49436566003743,789.7426000000212,976.5970000000317,1204.7697600000351,129.7390000000596,1463.7280000001192,0,,,,,,,,,,,641,66,88,0.9066478076379066,0.879286694101509,0.892757660167131,0.9092198581560283,0.8328329218106997,0.1209912534861925,0.15664206349206347,0.543859649122807,0.45614035087719296,,,not_computed_no_bbox_data,2,0,2.0,17276,197,0,,0,0,0,0,0,0,0,,,0,,,,,,,0.0,0,0,0,0,0,0,,0,,,,,,,,,0,,,,,,,,,0,0,0,0,0,3600000.0,18000.0,0.0,0.0,0.0,0.0,0.0,0.0,0.0,0.0,0.0,0.0,0.0,0.0,2546817.868,1069663.504618,942525.023,395860.509801,110657.109,33197.132558,0.0,0.0,18000.0,1498721.1469770002,1516721.1469770002,25278.685782950004,1610.1073747101912,,2151.377513442553,2366.1796364695792,0.0,1516721.146977,3600000.0,3600000.0,burst__s01__always_on,always_on,main,,,True,,
event,burst,1,3600.0,aec472598d745756,True,synthetic_distribution,False,,942,942,805,0,41946.09999999999,0.011651694444444442,208,3.466666666666667,208,3.466666666666667,186,173,208,264,127,0.4810606060606061,0.5189393939393939,0.21490683229813665,127,1062.3080866141825,269.5289999996312,1325.2380199368963,2840.1300000000515,3441.021099999966,5815.865579999999,137.73499999998603,6611.1699999999255,208,202.98651442308298,169.19050000002608,56.002519856436486,271.839499999932,277.8052499999525,293.7533699998784,126.74199999999837,313.5360000000801,208,203.98651442308298,170.19050000002608,56.002519856436486,272.839499999932,278.8052499999525,294.7533699998784,127.74199999999837,314.5360000000801,0,734.0,41.0,71.0,96.0,0.9470967741935484,0.9118012422360249,0.9291139240506331,0.29927007299270075,0.08819875776397515,0.9230769230769231,173,14,19,0.9251336898395722,0.9010416666666666,0.9129287598944591,0.9301075268817204,0.8305739583333334,0.1227079828556434,0.17526875,0.5480769230769231,0.4519230769230769,,,not_computed_no_bbox_data,1,0,1.0,0,0,0,0.0,0,0,0,0,0,0,0,,,0,,,,,,,0.0,0,0,0,0,0,0,542.0,208,0.6603889423076924,0.6412,0.12129975137608501,0.8254900000000002,0.8825449999999996,0.9794500000000002,0.5017,1.045,208,0.0,0.0,0.0,0.0,0.0,0.0,0.0,0.0,208,0,0,0,0,0.0,0.0,3598920.639,215935.238348,942.0,84.78,0.0,0.0,137.361,11.675674,3558053.901,28464.43121,624.0,93.6,29344.339,12324.622292,10339.76,4342.699162,1638.0,491.4,0.0,0.0,216031.694022,45716.752664,261748.446686,4362.474111433334,277.8645930849257,1258.4059936826923,1407.2497133655916,1512.9968016531793,0.0,261748.446686,3600000.0,3600000.0,burst__s01__event,event,main,,,True,,0.0
event_no_early_exit,burst,1,3600.0,aec472598d745756,True,synthetic_distribution,False,,942,942,805,0,54661.743,0.0151838175,208,3.466666666666667,208,3.466666666666667,186,179,208,264,129,0.48863636363636365,0.5113636363636364,0.22236024844720498,129,1115.5876744186119,275.00900000007823,1325.0534918206308,2990.6039999999575,3872.8693999999173,5784.769240000004,229.3159999998752,6611.1699999999255,208,264.1194326923226,263.02799999993294,14.300419097777361,279.2025999998441,287.55570000003786,306.14580999983474,228.3159999998752,313.5360000000801,208,265.1194326923226,264.02799999993294,14.300419097777361,280.2025999998441,288.55570000003786,307.14580999983474,229.3159999998752,314.5360000000801,0,734.0,41.0,71.0,96.0,0.9470967741935484,0.9118012422360249,0.9291139240506331,0.29927007299270075,0.08819875776397515,0.9230769230769231,179,8,13,0.9572192513368984,0.9322916666666666,0.9445910290237467,0.9623655913978495,0.8484942708333333,0.13362654068478222,0.17225000000000001,0.0,1.0,,,not_computed_no_bbox_data,1,0,1.0,0,0,0,0.0,0,0,0,0,0,0,0,,,0,,,,,,,0.0,0,0,0,0,0,0,542.0,208,0.6603889423076924,0.6412,0.12129975137608501,0.8254900000000002,0.8825449999999996,0.9794500000000002,0.5017,1.045,208,0.0,0.0,0.0,0.0,0.0,0.0,0.0,0.0,208,0,0,0,0,0.0,0.0,3598920.639,215935.238348,942.0,84.78,0.0,0.0,137.361,11.675674,3545338.26,28362.706082,624.0,93.6,29344.339,12324.622292,23037.401,9675.708377,1656.0,496.8,0.0,0.0,216031.694022,50953.436751,266985.130773,4449.752179550001,283.42370570382167,1283.582359485577,1435.4039288870968,1491.537043424581,0.0,266985.130773,3600000.0,3600000.0,burst__s01__event_no_early_exit,event_no_early_exit,main,,,True,,0.0
fixed_threshold,burst,1,3600.0,aec472598d745756,True,synthetic_distribution,False,,942,942,805,0,54661.743,0.0151838175,208,3.466666666666667,208,3.466666666666667,186,179,208,264,129,0.48863636363636365,0.5113636363636364,0.22236024844720498,129,1115.5876744186119,275.00900000007823,1325.0534918206308,2990.6039999999575,3872.8693999999173,5784.769240000004,229.3159999998752,6611.1699999999255,208,264.1194326923226,263.02799999993294,14.300419097777361,279.2025999998441,287.55570000003786,306.14580999983474,228.3159999998752,313.5360000000801,208,265.1194326923226,264.02799999993294,14.300419097777361,280.2025999998441,288.55570000003786,307.14580999983474,229.3159999998752,314.5360000000801,0,734.0,41.0,71.0,96.0,0.9470967741935484,0.9118012422360249,0.9291139240506331,0.29927007299270075,0.08819875776397515,0.9230769230769231,179,8,13,0.9572192513368984,0.9322916666666666,0.9445910290237467,0.9623655913978495,0.8484942708333333,0.13362654068478222,0.17225000000000001,0.0,1.0,,,not_computed_no_bbox_data,1,0,1.0,0,0,0,0.0,0,0,0,0,0,0,0,,,0,,,,,,,0.0,0,0,0,0,0,0,542.0,208,0.6603889423076924,0.6412,0.12129975137608501,0.8254900000000002,0.8825449999999996,0.9794500000000002,0.5017,1.045,208,0.0,0.0,0.0,0.0,0.0,0.0,0.0,0.0,208,0,0,0,0,0.0,0.0,3598920.639,215935.238348,942.0,84.78,0.0,0.0,137.361,11.675674,3545338.26,28362.706082,624.0,93.6,29344.339,12324.622292,23037.401,9675.708377,1656.0,496.8,0.0,0.0,216031.694022,50953.436751,266985.130773,4449.752179550001,283.42370570382167,1283.582359485577,1435.4039288870968,1491.537043424581,0.0,266985.130773,3600000.0,3600000.0,burst__s01__fixed_threshold,fixed_threshold,main,,,True,,0.0
motion_only,burst,1,3600.0,aec472598d745756,True,synthetic_distribution,False,,942,942,805,0,50834.758,0.014120766111111112,194,3.2333333333333334,194,3.2333333333333334,161,156,194,264,122,0.4621212121212121,0.5378787878787878,0.1937888198757764,122,1248.3018032787047,556.4995000001509,1365.6354450006954,2912.1709000001665,4183.150449999966,6211.49036000001,237.38200000021607,6611.1699999999255,194,263.3512680412425,260.6970000000001,14.243645746278487,281.8996000000625,288.97395000002143,305.1336899999971,230.00900000007823,313.5360000000801,194,264.3512680412425,261.6970000000001,14.243645746278487,282.8996000000625,289.97395000002143,306.1336899999971,231.00900000007823,314.5360000000801,0,565.0,61.0,240.0,76.0,0.902555910543131,0.7018633540372671,0.7896575821104124,0.44525547445255476,0.2981366459627329,0.8556701030927835,156,6,10,0.9629629629629629,0.9397590361445783,0.9512195121951219,0.968944099378882,0.8426638554216866,0.1312917395248836,0.17308928571428575,0.0,1.0,,,not_computed_no_bbox_data,1,0,1.0,0,0,0,0.0,0,0,0,0,0,0,0,,,0,,,,,,,0.0,0,0,0,0,0,0,399.0,194,0.6522438144329897,0.6256999999999999,0.11739269507901065,0.8114100000000001,0.869995,0.9822779999999999,0.5013,1.045,194,0.0,0.0,0.0,0.0,0.0,0.0,0.0,0.0,194,0,0,0,0,0.0,0.0,3598931.465,215935.887897,942.0,84.78,0.0,0.0,126.535,10.755479,3549165.244,28393.321951,582.0,87.3,27267.076,11452.171931,21463.18,9014.535644,1522.5,456.75,0.0,0.0,216031.42337600002,49404.079526,265435.502902,4423.9250483666665,281.77866550106154,1368.2242417628865,1648.6677198881987,1701.5096339871793,0.0,265435.502902,3600000.0,3600000.0,burst__s01__motion_only,motion_only,main,,,True,,0.0
secure,burst,1,3600.0,aec472598d745756,True,synthetic_distribution,False,,942,942,805,0,28164.208,0.00782339111111111,139,2.316666666666667,139,2.316666666666667,121,111,208,264,81,0.3068181818181818,0.6931818181818181,0.13788819875776398,81,562.3487283950731,253.95699999993667,885.7149889353573,1600.1300000000047,2322.6180000002496,3826.579399999912,138.20999999996275,5356.457000000053,139,204.3333597122388,174.25799999991432,55.457275148009956,270.9908000000287,274.5951000004075,287.92556000003594,127.76300000003539,313.9360000001034,139,205.3333597122388,175.25799999991432,55.457275148009956,271.9908000000287,275.5951000004075,288.92556000003594,128.7630000000354,314.9360000001034,0,734.0,41.0,71.0,96.0,0.9470967741935484,0.9118012422360249,0.9291139240506331,0.29927007299270075,0.08819875776397515,0.9230769230769231,111,11,15,0.9098360655737705,0.8809523809523809,0.8951612903225806,0.9173553719008265,0.8328793650793649,0.1218409949515911,0.19045384615384617,0.539568345323741,0.460431654676259,,,not_computed_no_bbox_data,1,0,1.0,0,0,0,0.0,0,0,0,208,69,139,66,,,0,0.3317307692307692,0.34375,0.3317307692307692,0.0,,,0.4,0,0,8,61,0,0,542.0,139,0.652578417266187,0.6229,0.12017045186660748,0.80726,0.85137,0.9981120000000002,0.5017,1.045,139,0.0,0.0,0.0,0.0,0.0,0.0,0.0,0.0,139,0,0,0,0,0.0,0.0,3598884.092,215933.045493,942.0,84.78,83.2,7.904,90.708,7.710218,3571835.791,28574.686332,417.0,62.55,19621.79,8241.151899,7033.418,2954.03569,1092.0,327.6,0.0,0.0,216033.439711,40160.023921,256193.463632,4269.891060533333,271.9675834734607,1843.1184433956835,2117.3013523305785,2308.04922190991,7.904,256193.463632,3600000.0000000005,3599999.9990000003,burst__s01__secure,secure,main,,,True,,0.0
always_on,burst,2,3600.0,e8543dc05fc0c633,True,synthetic_distribution,False,,749,749,654,0,3600000.0,1.0,1,0.016666666666666666,661,11.016666666666667,566,508,0,218,204,0.9357798165137615,0.06422018348623848,0.7767584097859327,204,630.8253088235364,403.1030000001192,562.9960741237409,1302.0414999999805,1827.2122499999823,2556.2452900000935,142.3739999998361,3836.344999999972,0,,,,,,,,,661,469.7983933434185,378.63199999998324,266.55215316211644,858.4219999997877,1010.7250000000931,1335.3995999999338,142.3739999998361,1467.6319999999832,0,,,,,,,,,,,508,61,70,0.8927943760984183,0.8788927335640139,0.8857890148212729,0.8975265017667845,0.8374129757785468,0.11076560378618114,0.15599397590361447,0.5869894099848714,0.4130105900151286,,,not_computed_no_bbox_data,3,0,3.0,17498,222,0,,0,0,0,0,0,0,0,,,0,,,,,,,0.0,0,0,0,0,0,0,,0,,,,,,,,,0,,,,,,,,,0,0,0,0,0,3600000.0,18000.0,0.0,0.0,0.0,0.0,0.0,0.0,0.0,0.0,0.0,0.0,0.0,0.0,2552705.267,1072136.212002,936704.233,393415.777998,110590.5,33177.15,0.0,0.0,18000.0,1498729.14,1516729.14,25278.819,2025.0055273698263,,2679.7334628975264,2985.687283464567,0.0,1516729.14,3600000.0,3600000.0,burst__s02__always_on,always_on,main,,,True,,
event,burst,2,3600.0,e8543dc05fc0c633,True,synthetic_distribution,False,,749,749,654,0,32535.538999999997,0.009037649722222221,167,2.783333333333333,166,2.7666666666666666,153,141,167,218,112,0.5137614678899083,0.4862385321100917,0.21559633027522937,112,973.8395535714392,260.4670000000042,1295.3363991116832,2932.240600000043,3314.260950000139,5380.240779999963,133.2970000000205,6650.216000000015,166,197.15725903614216,163.420999999973,55.20063521495222,273.4770000001299,276.33949999994365,285.97770000003624,122.95900000003166,291.1549999997951,166,198.1572590361422,164.420999999973,55.20063521495222,274.4770000001299,277.33949999994365,286.97770000003624,123.95900000003166,292.1549999997951,0,608.0,23.0,46.0,72.0,0.9635499207606973,0.9296636085626911,0.9463035019455254,0.24210526315789474,0.07033639143730887,0.9341317365269461,141,13,14,0.9155844155844156,0.9096774193548387,0.9126213592233009,0.9215686274509803,0.8415845161290323,0.09358698720590024,0.15833636363636366,0.5963855421686747,0.4036144578313253,,,not_computed_no_bbox_data,1,0,1.0,0,0,0,0.0,0,0,0,0,0,0,0,,,0,,,,,,,0.0,0,0,0,0,0,0,452.0,167,0.6508616766467067,0.6365,0.12170053941358462,0.8114000000000001,0.87556,1.0081700000000005,0.5017,1.1815,167,0.0,0.0,0.0,0.0,0.0,0.0,0.0,0.0,167,0,0,0,0,0.0,0.0,3599142.306,215948.538351,749.0,67.41,0.0,0.0,108.694,9.239003,3567464.464,28539.71571,501.0,75.15,23399.678,9827.86474,7319.358,3074.130506,1315.5,394.65,0.0,0.0,216025.187354,41911.510956000006,257936.69830999998,4298.944971833333,344.3747640987984,1544.5311276047903,1685.8607732679736,1829.3382858865248,0.0,257936.698309,3600000.0,3600000.0,burst__s02__event,event,main,,,True,,0.0
event_no_early_exit,burst,2,3600.0,e8543dc05fc0c633,True,synthetic_distribution,False,,749,749,654,0,43332.351,0.012036764166666667,167,2.783333333333333,166,2.7666666666666666,153,144,167,218,113,0.518348623853211,0.481651376146789,0.22018348623853212,113,1000.9056106194658,274.0230000000447,1269.3720537871764,3004.4722000002394,3221.121200000122,5370.71375999996,234.20799999998417,6650.216000000015,166,262.1983313252892,262.08149999997113,13.49457530758236,279.22549999982584,284.1160000000382,291.25789999986955,226.23399999993853,294.1329999999143,166,263.1983313252892,263.08149999997113,13.49457530758236,280.22549999982584,285.1160000000382,292.25789999986955,227.23399999993853,295.1329999999143,0,608.0,23.0,46.0,72.0,0.9635499207606973,0.9296636085626911,0.9463035019455254,0.24210526315789474,0.07033639143730887,0.9341317365269461,144,10,11,0.935064935064935,0.9290322580645162,0.9320388349514563,0.9411764705882353,0.8708148387096772,0.10646719255278228,0.16211818181818183,0.0,1.0,,,not_computed_no_bbox_data,1,0,1.0,0,0,0,0.0,0,0,0,0,0,0,0,,,0,,,,,,,0.0,0,0,0,0,0,0,452.0,167,0.6508616766467067,0.6365,0.12170053941358462,0.8114000000000001,0.87556,1.0081700000000005,0.5017,1.1815,167,0.0,0.0,0.0,0.0,0.0,0.0,0.0,0.0,167,0,0,0,0,0.0,0.0,3599142.306,215948.538351,749.0,67.41,0.0,0.0,108.694,9.239003,3556667.647,28453.341177,501.0,75.15,23399.678,9827.86474,18111.675,7606.903449,1320.0,396.0,0.0,0.0,216025.187354,46359.259366,262384.44672,4373.074112,350.31301297730306,1571.1643516167665,1714.9310243137256,1822.1142133333333,0.0,262384.44672,3600000.0,3599999.9999999995,burst__s02__event_no_early_exit,event_no_early_exit,main,,,True,,0.0
fixed_threshold,burst,2,3600.0,e8543dc05fc0c633,True,synthetic_distribution,False,,749,749,654,0,43332.351,0.012036764166666667,167,2.783333333333333,166,2.7666666666666666,153,144,167,218,113,0.518348623853211,0.481651376146789,0.22018348623853212,113,1000.9056106194658,274.0230000000447,1269.3720537871764,3004.4722000002394,3221.121200000122,5370.71375999996,234.20799999998417,6650.216000000015,166,262.1983313252892,262.08149999997113,13.49457530758236,279.22549999982584,284.1160000000382,291.25789999986955,226.23399999993853,294.1329999999143,166,263.1983313252892,263.08149999997113,13.49457530758236,280.22549999982584,285.1160000000382,292.25789999986955,227.23399999993853,295.1329999999143,0,608.0,23.0,46.0,72.0,0.9635499207606973,0.9296636085626911,0.9463035019455254,0.24210526315789474,0.07033639143730887,0.9341317365269461,144,10,11,0.935064935064935,0.9290322580645162,0.9320388349514563,0.9411764705882353,0.8708148387096772,0.10646719255278228,0.16211818181818183,0.0,1.0,,,not_computed_no_bbox_data,1,0,1.0,0,0,0,0.0,0,0,0,0,0,0,0,,,0,,,,,,,0.0,0,0,0,0,0,0,452.0,167,0.6508616766467067,0.6365,0.12170053941358462,0.8114000000000001,0.87556,1.0081700000000005,0.5017,1.1815,167,0.0,0.0,0.0,0.0,0.0,0.0,0.0,0.0,167,0,0,0,0,0.0,0.0,3599142.306,215948.538351,749.0,67.41,0.0,0.0,108.694,9.239003,3556667.647,28453.341177,501.0,75.15,23399.678,9827.86474,18111.675,7606.903449,1320.0,396.0,0.0,0.0,216025.187354,46359.259366,262384.44672,4373.074112,350.31301297730306,1571.1643516167665,1714.9310243137256,1822.1142133333333,0.0,262384.44672,3600000.0,3599999.9999999995,burst__s02__fixed_threshold,fixed_threshold,main,,,True,,0.0
motion_only,burst,2,3600.0,e8543dc05fc0c633,True,synthetic_distribution,False,,749,749,654,0,39893.789,0.011081608055555555,153,2.55,153,2.55,133,122,153,218,100,0.45871559633027525,0.5412844036697247,0.18654434250764526,100,1063.965179999995,276.06449999986216,1268.9467000418056,3025.0861000002596,3252.6348500000195,5496.689779999949,234.20799999998417,6650.216000000015,153,262.05216993463006,261.7400000002235,13.880125208842022,278.4187999999849,281.4302000001073,290.5564800000004,226.23399999993853,314.34299999987707,153,263.05216993463006,262.7400000002235,13.880125208842022,279.4187999999849,282.4302000001073,291.5564800000004,227.23399999993853,315.34299999987707,0,454.0,39.0,200.0,56.0,0.920892494929006,0.6941896024464832,0.7916303400174369,0.4105263157894737,0.3058103975535168,0.8954248366013072,122,12,15,0.9104477611940298,0.8905109489051095,0.9003690036900369,0.9172932330827067,0.8619321167883212,0.12501663767763696,0.14201875,0.0,1.0,,,not_computed_no_bbox_data,1,0,1.0,0,0,0,0.0,0,0,0,0,0,0,0,,,0,,,,,,,0.0,0,0,0,0,0,0,317.0,153,0.6499464052287581,0.6303,0.12215509233096809,0.8155800000000001,0.8735200000000001,1.0313399999999984,0.5034,1.1815,153,0.0,0.0,0.0,0.0,0.0,0.0,0.0,0.0,153,0,0,0,0,0.0,0.0,3599151.558,215949.093482,749.0,67.41,0.0,0.0,99.442,8.452567,3560106.208,28480.849668,459.0,68.85,21553.686,9052.547928,16676.606,7004.174505,1204.5,361.35,0.0,0.0,216024.956049,44967.772101,260992.72815,4349.8788025,348.4549107476636,1705.834824509804,1962.3513394736842,2139.2846569672133,0.0,260992.72815,3600000.0,3600000.0000000005,burst__s02__motion_only,motion_only,main,,,True,,0.0
secure,burst,2,3600.0,e8543dc05fc0c633,True,synthetic_distribution,False,,749,749,654,0,22913.432999999997,0.0063648425,118,1.9666666666666666,118,1.9666666666666666,108,97,167,218,76,0.3486238532110092,0.6513761467889908,0.14831804281345565,76,429.5443815789494,176.9939999999915,635.2609850682535,1004.0060000000522,1818.6205000000118,2769.4997500000172,133.69699999992736,3618.1659999999683,118,195.88389830507688,163.48050000000512,55.33622947771746,274.13150000014576,276.8983499998343,287.6362599999932,123.35899999993853,291.554999999702,118,196.88389830507688,164.48050000000512,55.33622947771746,275.13150000014576,277.8983499998343,288.6362599999932,124.35899999993853,292.554999999702,0,608.0,23.0,46.0,72.0,0.9635499207606973,0.9296636085626911,0.9463035019455254,0.24210526315789474,0.07033639143730887,0.9341317365269461,97,12,12,0.8899082568807339,0.8899082568807339,0.8899082568807339,0.8981481481481481,0.846840366972477,0.09139960199206847,0.17126666666666665,0.6186440677966102,0.3813559322033898,,,not_computed_no_bbox_data,1,0,1.0,0,0,0,0.0,0,0,0,167,49,118,47,,,0,0.2934131736526946,0.30128205128205127,0.2934131736526946,0.0,,,0.4,0,1,10,38,0,0,452.0,118,0.6525889830508473,0.6334,0.13115391413842276,0.8277399999999999,0.8866799999999999,1.0892649999999997,0.5017,1.1815,118,0.0,0.0,0.0,0.0,0.0,0.0,0.0,0.0,118,0,0,0,0,0.0,0.0,3599107.194,215946.431657,749.0,67.41,66.8,6.346,77.006,6.545486,3577086.567,28616.692536,354.0,53.1,16680.646,7005.871127,4941.287,2075.340707,937.5,281.25,0.0,0.0,216026.733143,38032.25437,254058.987513,4234.31645855,339.19758012416554,2153.042267059322,2352.3980325277776,2619.1648197216496,6.346,254058.987513,3600000.0,3600000.0,burst__s02__secure,secure,main,,,True,,0.0
always_on,burst,3,3600.0,e56bcf21d8246bd2,True,synthetic_distribution,False,,863,863,706,0,3600000.0,1.0,1,0.016666666666666666,787,13.116666666666667,624,569,0,249,236,0.9477911646586346,0.052208835341365445,0.8059490084985835,236,628.2456144067772,422.9795000000886,585.2167855467109,1368.8335000001825,1876.879750000051,2955.0145500001963,153.60800000000745,4068.561999999918,0,,,,,,,,,787,442.7070724269401,369.48300000000745,241.3988237506815,801.5817999999796,922.6252999999791,1252.3924800000336,139.3870000001043,1456.6129999998957,0,,,,,,,,,,,569,60,74,0.904610492845787,0.8849144634525661,0.8946540880503144,0.9118589743589743,0.8350460342146191,0.11687210170919346,0.16718333333333332,0.5463786531130876,0.4536213468869123,,,not_computed_no_bbox_data,5,0,5.0,17447,231,0,,0,0,0,0,0,0,0,,,0,,,,,,,0.0,0,0,0,0,0,0,,0,,,,,,,,,0,,,,,,,,,0,0,0,0,0,3600000.0,18000.0,0.0,0.0,0.0,0.0,0.0,0.0,0.0,0.0,0.0,0.0,0.0,0.0,2558370.963,1074515.804339,930408.537,390771.585661,111220.5,33366.15,0.0,0.0,18000.0,1498653.54,1516653.54,25277.559,1757.4200926998842,,2430.534519230769,2665.4719507908612,0.0,1516653.54,3600000.0,3600000.0,burst__s03__always_on,always_on,main,,,True,,
event,burst,3,3600.0,e56bcf21d8246bd2,True,synthetic_distribution,False,,863,863,706,0,42448.236000000004,0.011791176666666668,217,3.6166666666666667,217,3.6166666666666667,183,165,217,249,124,0.4979919678714859,0.5020080321285141,0.23371104815864022,124,844.1190967741951,264.2919999998412,1068.2924708598541,2316.732699999772,2834.0769000000782,4658.81481000005,132.9820000003092,4827.537999999709,217,196.94440092164777,164.55500000005122,56.12002414519881,275.81500000008384,278.2611999999266,287.79792000008746,126.51800000004005,297.70899999979883,217,197.9458433179615,165.55500000005122,56.11898335320468,276.81500000008384,279.2611999999266,288.79792000008746,127.51800000004005,298.70899999979883,0,651.0,44.0,55.0,113.0,0.9366906474820144,0.9220963172804533,0.9293361884368309,0.2802547770700637,0.07790368271954674,0.880184331797235,165,20,26,0.8918918918918919,0.8638743455497382,0.8776595744680851,0.9016393442622951,0.8339952879581151,0.1197814115655145,0.18040384615384616,0.6082949308755761,0.391705069124424,,,not_computed_no_bbox_data,2,0,2.0,0,0,0,0.0,0,0,0,0,0,0,0,,,0,,,,,,,0.0,0,0,0,0,0,0,460.0,217,0.6696147465437788,0.6351,0.12952237495840638,0.84236,0.9237,1.02408,0.5005,1.1486,217,0.0,0.0,0.0,0.0,0.0,0.0,0.0,0.0,217,0,0,0,0,0.0,0.0,3598991.694,215939.50163,863.0,77.67,0.0,0.0,145.306,12.351025,3557551.77,28460.414158,651.0,97.65,30597.815,12851.082122,9492.416,3986.814582,1707.0,512.1,0.0,0.0,216029.52265500004,45908.060862,261937.58351700002,4365.626391950001,303.5197955005794,1207.0856383271891,1431.3529153934428,1587.5005061636366,0.0,261937.583516,3600000.0,3600000.001,burst__s03__event,event,main,,,True,,0.0
event_no_early_exit,burst,3,3600.0,e56bcf21d8246bd2,True,synthetic_distribution,False,,863,863,706,0,56980.265,0.01582785138888889,217,3.6166666666666667,217,3.6166666666666667,183,172,217,249,126,0.5060240963855421,0.49397590361445787,0.24362606232294617,126,871.146214285717,274.52799999999115,941.1675569898024,2353.960000000079,2706.6257500000356,3696.2414999999746,234.7799999997951,4178.8259999998845,217,263.91230875575235,262.94699999992736,14.915992159854143,284.1182000000787,289.5335999999428,304.5225999999745,233.7799999997951,307.4879999998957,217,264.9137511520661,263.94699999992736,14.916361270092345,285.1182000000787,290.5335999999428,305.5225999999745,234.7799999997951,308.4879999998957,0,651.0,44.0,55.0,113.0,0.9366906474820144,0.9220963172804533,0.9293361884368309,0.2802547770700637,0.07790368271954674,0.880184331797235,172,13,19,0.9297297297297298,0.900523560209424,0.9148936170212766,0.9398907103825137,0.8610748691099477,0.1308613866769304,0.17183461538461536,0.0,1.0,,,not_computed_no_bbox_data,2,0,2.0,0,0,0,0.0,0,0,0,0,0,0,0,,,0,,,,,,,0.0,0,0,0,0,0,0,460.0,217,0.6696147465437788,0.6351,0.12952237495840638,0.84236,0.9237,1.02408,0.5005,1.1486,217,0.0,0.0,0.0,0.0,0.0,0.0,0.0,0.0,217,0,0,0,0,0.0,0.0,3598991.694,215939.50163,863.0,77.67,0.0,0.0,145.306,12.351025,3543019.738,28344.157905,651.0,97.65,30597.815,12851.082122,24030.447,10092.787862,1701.0,510.3,0.0,0.0,216029.52265500004,51895.977889,267925.500544,4465.4250090666665,310.4582856825029,1234.6797260092167,1464.0737734644808,1557.7063985116279,0.0,267925.500544,3600000.0,3600000.0,burst__s03__event_no_early_exit,event_no_early_exit,main,,,True,,0.0
fixed_threshold,burst,3,3600.0,e56bcf21d8246bd2,True,synthetic_distribution,False,,863,863,706,0,56980.265,0.01582785138888889,217,3.6166666666666667,217,3.6166666666666667,183,172,217,249,126,0.5060240963855421,0.49397590361445787,0.24362606232294617,126,871.146214285717,274.52799999999115,941.1675569898024,2353.960000000079,2706.6257500000356,3696.2414999999746,234.7799999997951,4178.8259999998845,217,263.91230875575235,262.94699999992736,14.915992159854143,284.1182000000787,289.5335999999428,304.5225999999745,233.7799999997951,307.4879999998957,217,264.9137511520661,263.94699999992736,14.916361270092345,285.1182000000787,290.5335999999428,305.5225999999745,234.7799999997951,308.4879999998957,0,651.0,44.0,55.0,113.0,0.9366906474820144,0.9220963172804533,0.9293361884368309,0.2802547770700637,0.07790368271954674,0.880184331797235,172,13,19,0.9297297297297298,0.900523560209424,0.9148936170212766,0.9398907103825137,0.8610748691099477,0.1308613866769304,0.17183461538461536,0.0,1.0,,,not_computed_no_bbox_data,2,0,2.0,0,0,0,0.0,0,0,0,0,0,0,0,,,0,,,,,,,0.0,0,0,0,0,0,0,460.0,217,0.6696147465437788,0.6351,0.12952237495840638,0.84236,0.9237,1.02408,0.5005,1.1486,217,0.0,0.0,0.0,0.0,0.0,0.0,0.0,0.0,217,0,0,0,0,0.0,0.0,3598991.694,215939.50163,863.0,77.67,0.0,0.0,145.306,12.351025,3543019.738,28344.157905,651.0,97.65,30597.815,12851.082122,24030.447,10092.787862,1701.0,510.3,0.0,0.0,216029.52265500004,51895.977889,267925.500544,4465.4250090666665,310.4582856825029,1234.6797260092167,1464.0737734644808,1557.7063985116279,0.0,267925.500544,3600000.0,3600000.0,burst__s03__fixed_threshold,fixed_threshold,main,,,True,,0.0
motion_only,burst,3,3600.0,e56bcf21d8246bd2,True,synthetic_distribution,False,,863,863,706,0,52496.286,0.014582301666666667,201,3.35,201,3.35,155,149,201,249,116,0.46586345381526106,0.5341365461847389,0.21104815864022664,116,926.6020862069126,278.0875000001397,996.4228978455925,2348.1125000000757,2796.1950000000943,3705.844499999965,241.64199999999255,5465.360000000102,201,262.4860696517397,262.05999999982305,13.888455315307116,280.09000000031665,286.2060000002384,294.8220000001602,225.59799999999814,307.4879999998957,201,263.4860696517397,263.05999999982305,13.888455315307116,281.09000000031665,287.2060000002384,295.8220000001602,226.59799999999814,308.4879999998957,0,499.0,66.0,207.0,91.0,0.8831858407079646,0.7067988668555241,0.7852084972462628,0.42038216560509556,0.29320113314447593,0.7910447761194029,149,8,10,0.9490445859872612,0.9371069182389937,0.9430379746835443,0.9612903225806452,0.865764779874214,0.12370147924289998,0.16324761904761903,0.0,1.0,,,not_computed_no_bbox_data,2,0,2.0,0,0,0,0.0,0,0,0,0,0,0,0,,,0,,,,,,,0.0,0,0,0,0,0,0,340.0,201,0.6583676616915423,0.6233,0.13009039472230444,0.8557,0.9285,1.0035,0.5005,1.1082,201,0.0,0.0,0.0,0.0,0.0,0.0,0.0,0.0,201,0,0,0,0,0.0,0.0,3599004.668,215940.28007,863.0,77.67,0.0,0.0,132.332,11.248234,3547503.717,28380.029739,603.0,90.45,28157.178,11826.014713,22204.605,9325.933968,1531.5,459.45,0.0,0.0,216029.19830400002,50081.878419999994,266111.07672400004,4435.184612066668,308.35582470915415,1323.9357050945275,1716.8456562838712,1785.980380697987,0.0,266111.076724,3600000.0,3600000.0,burst__s03__motion_only,motion_only,main,,,True,,0.0
secure,burst,3,3600.0,e56bcf21d8246bd2,True,synthetic_distribution,False,,863,863,706,0,31883.837999999996,0.008856621666666665,163,2.716666666666667,163,2.716666666666667,133,121,217,249,96,0.3855421686746988,0.6144578313253012,0.17138810198300283,96,639.5350937500042,215.65949999983422,1082.4439858694425,1757.5359999998473,2687.673000000068,4859.829100000076,133.38200000021607,5465.760000000009,163,197.33769938650065,165.00399999972433,55.31269373168856,273.7130000002682,277.7885999999009,286.8237400000915,132.38200000021607,290.5260000000708,163,198.33769938650065,166.00399999972433,55.31269373168856,274.7130000002682,278.7885999999009,287.8237400000915,133.38200000021607,291.5260000000708,0,651.0,44.0,55.0,113.0,0.9366906474820144,0.9220963172804533,0.9293361884368309,0.2802547770700637,0.07790368271954674,0.880184331797235,121,14,18,0.8962962962962963,0.8705035971223022,0.8832116788321168,0.9097744360902256,0.8392604316546762,0.12120068614307204,0.18582083333333332,0.6012269938650306,0.3987730061349693,,,not_computed_no_bbox_data,2,0,2.0,0,0,0,0.0,0,0,0,217,54,163,52,,,0,0.2488479262672811,0.27225130890052357,0.2488479262672811,0.0,,,0.4,0,0,14,40,0,0,460.0,163,0.6766601226993866,0.6365,0.12997708940561495,0.8538400000000002,0.9052,1.0584759999999998,0.5005,1.1486,163,0.0,0.0,0.0,0.0,0.0,0.0,0.0,0.0,163,0,0,0,0,0.0,0.0,3598939.905,215936.394284,863.0,77.67,86.8,8.246,110.295,9.375098,3568116.169,28544.929349,489.0,73.35,22931.867,9631.384175,7180.464,3015.795009,1282.5,384.75,0.0,0.0,216031.68538200003,41650.208533,257681.893915,4294.698231916666,298.58852133835455,1580.8705148159509,1937.4578489849623,2129.6024290495866,8.246,257681.893914,3599999.9999999995,3600000.0000000005,burst__s03__secure,secure,main,,,True,,0.0
always_on,burst,4,3600.0,e07ca5a6987a0cd0,True,synthetic_distribution,False,,1275,1275,1103,0,3600000.0,1.0,1,0.016666666666666666,1150,19.166666666666668,983,891,0,373,355,0.9517426273458445,0.04825737265415553,0.8077969174977334,355,650.862960563379,454.61699999985285,560.1242978357993,1475.7851999999964,1848.2957999997307,2724.1224000000034,144.4660000000149,3934.8330000001006,0,,,,,,,,,1150,486.9383817391347,415.03100000019185,247.70084403705306,836.2452999998351,960.590200000011,1292.5796400000363,141.81600000010803,1465.6100000001024,0,,,,,,,,,,,891,95,106,0.9036511156186613,0.8936810431293881,0.8986384266263238,0.9064089521871821,0.8400343029087263,0.10371135399090607,0.15070392156862747,0.5669565217391305,0.4330434782608696,,,not_computed_no_bbox_data,3,0,3.0,17043,237,0,,0,0,0,0,0,0,0,,,0,,,,,,,0.0,0,0,0,0,0,0,,0,,,,,,,,,0,,,,,,,,,0,0,0,0,0,3600000.0,18000.0,0.0,0.0,0.0,0.0,0.0,0.0,0.0,0.0,0.0,0.0,0.0,0.0,2555153.863,1073164.622607,933108.137,391905.417393,111738.0,33521.4,0.0,0.0,18000.0,1498591.44,1516591.44,25276.523999999998,1189.483482352941,,1542.8193692777213,1702.1228282828283,0.0,1516591.44,3600000.0,3600000.0,burst__s04__always_on,always_on,main,,,True,,
event,burst,4,3600.0,e07ca5a6987a0cd0,True,synthetic_distribution,False,,1275,1275,1103,0,49118.239,0.013643955277777777,246,4.1,246,4.1,221,201,246,373,157,0.42091152815013405,0.5790884718498659,0.18223028105167724,157,1008.211031847144,284.57199999992736,1099.4962231978352,2509.882999999729,3470.99039999984,4492.357839999973,127.70400000014342,5290.477999999654,246,200.99660975611002,164.17900000000373,57.9308305933252,274.67900000012014,278.5515000001469,294.6060000000057,126.70400000014342,306.5610000000015,246,201.99660975611002,165.17900000000373,57.9308305933252,275.67900000012014,279.5515000001469,295.6060000000057,127.70400000014342,307.5610000000015,0,1041.0,48.0,62.0,124.0,0.9559228650137741,0.9437896645512239,0.9498175182481752,0.27906976744186046,0.056210335448776065,0.9105691056910569,201,20,23,0.9095022624434389,0.8973214285714286,0.9033707865168539,0.9095022624434389,0.8420625,0.10910793777357261,0.1784454545454545,0.5609756097560976,0.43902439024390244,,,not_computed_no_bbox_data,0,0,0.0,0,0,0,0.0,0,0,0,0,0,0,0,,,0,,,,,,,0.0,0,0,0,0,0,0,817.0,246,0.666570325203252,0.6341,0.12620589224858386,0.8418,0.8986,1.0098100000000005,0.5027,1.0924,246,0.0,0.0,0.0,0.0,0.0,0.0,0.0,0.0,246,0,0,0,0,0.0,0.0,3598561.024,215913.661423,1275.0,114.75,0.0,0.0,163.976,13.937984,3550881.752,28407.054018,738.0,110.7,34451.979,14469.831282,11975.269,5029.612776,1953.0,585.9,0.0,0.0,216042.349407,48603.098076,264645.44748300005,4410.757458050001,207.5650568494118,1075.7945019634149,1197.4907125927605,1316.6440173283586,0.0,264645.447483,3600000.0,3599999.9999999995,burst__s04__event,event,main,,,True,,0.0
event_no_early_exit,burst,4,3600.0,e07ca5a6987a0cd0,True,synthetic_distribution,False,,1275,1275,1103,0,64447.039000000004,0.01790195527777778,246,4.1,246,4.1,221,207,246,373,164,0.43967828418230565,0.5603217158176943,0.18766999093381687,164,1075.6596402439088,290.9089999999851,1102.702519478427,2582.0140999999135,3559.4728999998883,4523.516190000019,234.14199999999255,5290.477999999654,246,263.30878048781085,263.52700000000186,14.764734127140374,281.0100000000675,288.3682499999413,304.41615000001474,232.73399999999674,310.622000000003,246,264.30878048781085,264.52700000000186,14.764734127140374,282.0100000000675,289.3682499999413,305.41615000001474,233.73399999999674,311.622000000003,0,1041.0,48.0,62.0,124.0,0.9559228650137741,0.9437896645512239,0.9498175182481752,0.27906976744186046,0.056210335448776065,0.9105691056910569,207,14,17,0.9366515837104072,0.9241071428571429,0.9303370786516854,0.9366515837104072,0.8622022321428572,0.1201399088895929,0.16730909090909094,0.0,1.0,,,not_computed_no_bbox_data,0,0,0.0,0,0,0,0.0,0,0,0,0,0,0,0,,,0,,,,,,,0.0,0,0,0,0,0,0,817.0,246,0.666570325203252,0.6341,0.12620589224858386,0.8418,0.8986,1.0098100000000005,0.5027,1.0924,246,0.0,0.0,0.0,0.0,0.0,0.0,0.0,0.0,246,0,0,0,0,0.0,0.0,3598561.024,215913.661423,1275.0,114.75,0.0,0.0,163.976,13.937984,3535552.959,28284.42367,738.0,110.7,34451.979,14469.831282,27334.062,11480.306055,1923.0,576.9,0.0,0.0,216042.349407,54922.161007,270964.510414,4516.075173566667,212.52118463843138,1101.4817496504065,1226.0837575294117,1309.0072966859905,0.0,270964.510413,3600000.0,3599999.9999999995,burst__s04__event_no_early_exit,event_no_early_exit,main,,,True,,0.0
fixed_threshold,burst,4,3600.0,e07ca5a6987a0cd0,True,synthetic_distribution,False,,1275,1275,1103,0,64447.039000000004,0.01790195527777778,246,4.1,246,4.1,221,207,246,373,164,0.43967828418230565,0.5603217158176943,0.18766999093381687,164,1075.6596402439088,290.9089999999851,1102.702519478427,2582.0140999999135,3559.4728999998883,4523.516190000019,234.14199999999255,5290.477999999654,246,263.30878048781085,263.52700000000186,14.764734127140374,281.0100000000675,288.3682499999413,304.41615000001474,232.73399999999674,310.622000000003,246,264.30878048781085,264.52700000000186,14.764734127140374,282.0100000000675,289.3682499999413,305.41615000001474,233.73399999999674,311.622000000003,0,1042.0,48.0,61.0,124.0,0.9559633027522936,0.9446962828649139,0.950296397628819,0.27906976744186046,0.05530371713508613,0.9105691056910569,207,14,17,0.9366515837104072,0.9241071428571429,0.9303370786516854,0.9366515837104072,0.8622022321428572,0.1201399088895929,0.16730909090909094,0.0,1.0,,,not_computed_no_bbox_data,0,0,0.0,0,0,0,0.0,0,0,0,0,0,0,0,,,0,,,,,,,0.0,0,0,0,0,0,0,818.0,246,0.666570325203252,0.6341,0.12620589224858386,0.8418,0.8986,1.0098100000000005,0.5027,1.0924,246,0.0,0.0,0.0,0.0,0.0,0.0,0.0,0.0,246,0,0,0,0,0.0,0.0,3598561.024,215913.661423,1275.0,114.75,0.0,0.0,163.976,13.937984,3535552.959,28284.42367,738.0,110.7,34451.979,14469.831282,27334.062,11480.306055,1923.0,576.9,0.0,0.0,216042.349407,54922.161007,270964.510414,4516.075173566667,212.52118463843138,1101.4817496504065,1226.0837575294117,1309.0072966859905,0.0,270964.510413,3600000.0,3599999.9999999995,burst__s04__fixed_threshold,fixed_threshold,main,,,True,,0.0
motion_only,burst,4,3600.0,e07ca5a6987a0cd0,True,synthetic_distribution,False,,1275,1275,1103,0,61395.52099999999,0.017054311388888885,235,3.9166666666666665,235,3.9166666666666665,199,187,235,373,149,0.39946380697050937,0.6005361930294906,0.16953762466001812,149,1003.0763489932957,281.6980000003241,1065.2202955638616,2705.978200000061,3050.097999999998,4494.114119999962,234.14199999999255,5267.286,235,262.5762468085225,262.31700000027195,14.666612056082124,281.21220000009055,286.1834999999963,296.7162199999951,232.23199999999633,305.2880000001751,235,263.5762468085225,263.31700000027195,14.666612056082124,282.21220000009055,287.1834999999963,297.7162199999951,233.23199999999633,306.2880000001751,0,746.0,74.0,357.0,98.0,0.9097560975609756,0.6763372620126926,0.7758710348413936,0.43023255813953487,0.3236627379873073,0.8638297872340426,187,13,16,0.935,0.9211822660098522,0.9280397022332506,0.9396984924623115,0.8608487684729064,0.12439407015235851,0.15652812500000002,0.0,1.0,,,not_computed_no_bbox_data,1,0,1.0,0,0,0,0.0,0,0,0,0,0,0,0,,,0,,,,,,,0.0,0,0,0,0,0,0,543.0,235,0.668251489361702,0.635,0.12969981164571798,0.8538600000000001,0.8939199999999999,1.0726539999999998,0.5027,1.1202,235,0.0,0.0,0.0,0.0,0.0,0.0,0.0,0.0,235,0,0,0,0,0.0,0.0,3598567.961,215914.077658,1275.0,114.75,0.0,0.0,157.039,13.348318,3538604.473,28308.835785,705.0,105.75,32825.024,13786.50995,26038.503,10936.171358,1827.0,548.1,0.0,0.0,216042.175976,53685.36709299999,269727.543069,4495.45905115,211.5510141717647,1147.7767790170212,1355.4147892914573,1442.3932784438502,0.0,269727.543068,3600000.0,3600000.0000000005,burst__s04__motion_only,motion_only,main,,,True,,0.0
secure,burst,4,3600.0,e07ca5a6987a0cd0,True,synthetic_distribution,False,,1275,1275,1103,0,29049.221,0.008069228055555556,145,2.4166666666666665,145,2.4166666666666665,126,115,246,373,86,0.23056300268096513,0.7694369973190349,0.1042611060743427,86,495.6051976744166,207.38400000007823,694.4671416774154,1298.9829999998474,1952.071750000061,2997.3219499999004,128.1040000000503,3675.191000000108,145,202.07402758619943,167.9199999999255,56.38652896512377,271.80939999977124,277.05360000017095,288.09860000004994,127.10400000005029,302.88100000005215,145,203.07402758619943,168.9199999999255,56.38652896512377,272.80939999977124,278.05360000017095,289.09860000004994,128.1040000000503,303.88100000005215,0,1041.0,48.0,62.0,124.0,0.9559228650137741,0.9437896645512239,0.9498175182481752,0.27906976744186046,0.056210335448776065,0.9105691056910569,115,11,13,0.9126984126984127,0.8984375,0.9055118110236221,0.9126984126984127,0.84723828125,0.10770382334149965,0.18127647058823526,0.5517241379310345,0.4482758620689655,,,not_computed_no_bbox_data,0,0,0.0,0,0,0,0.0,0,0,0,246,101,145,96,,,0,0.4105691056910569,0.42857142857142855,0.4105691056910569,0.0,,,0.4,0,0,23,78,0,0,817.0,145,0.6698820689655172,0.6464,0.12479598109902192,0.8273799999999999,0.8829199999999996,1.033912,0.5045,1.0924,145,0.0,0.0,0.0,0.0,0.0,0.0,0.0,0.0,145,0,0,0,0,0.0,0.0,3598529.467,215911.768037,1275.0,114.75,98.4,9.348,97.133,8.256281,3570950.773,28567.60618,435.0,65.25,20317.226,8533.235,7149.501,3002.790526,1147.5,344.25,0.0,0.0,216044.122318,40513.131706,256557.254024,4275.954233733333,201.22137570509804,1769.3603725793103,2036.1686827301587,2230.9326436869565,9.348,256557.254024,3600000.0,3600000.0,burst__s04__secure,secure,main,,,True,,0.0
always_on,burst,5,3600.0,dc8eec812fc1807c,True,synthetic_distribution,False,,928,928,784,0,3600000.0,1.0,1,0.016666666666666666,869,14.483333333333333,723,665,0,268,261,0.9738805970149254,0.026119402985074647,0.8482142857142857,261,566.3430229884979,388.7829999998212,522.7056368397721,1106.103999999992,1643.1659999997355,3002.347599999969,141.29099999996834,3541.9870000001974,0,,,,,,,,,869,427.2617353279529,365.2420000000857,216.25174294626078,743.9314000001177,899.0651999999762,1063.399000000019,132.67900000000373,1406.0209999997169,0,,,,,,,,,,,665,62,71,0.9147180192572214,0.9035326086956522,0.9090909090909092,0.9197786998616874,0.8331525815217391,0.10573868029407915,0.1683578947368421,0.5443037974683544,0.45569620253164556,,,not_computed_no_bbox_data,4,0,4.0,17255,209,0,,0,0,0,0,0,0,0,,,0,,,,,,,0.0,0,0,0,0,0,0,,0,,,,,,,,,0,,,,,,,,,0,0,0,0,0,3600000.0,18000.0,0.0,0.0,0.0,0.0,0.0,0.0,0.0,0.0,0.0,0.0,0.0,0.0,2544577.195,1068722.421895,944719.805,396782.318105,110703.0,33210.9,0.0,0.0,18000.0,1498715.64,1516715.64,25278.593999999997,1634.3918534482757,,2097.808630705394,2280.7753984962405,0.0,1516715.64,3600000.0,3600000.0,burst__s05__always_on,always_on,main,,,True,,
event,burst,5,3600.0,dc8eec812fc1807c,True,synthetic_distribution,False,,928,928,784,0,44509.318,0.012363699444444444,228,3.8,228,3.8,212,192,228,268,138,0.5149253731343284,0.4850746268656716,0.24489795918367346,138,914.0736666666728,256.89100000006147,1251.129591532108,2564.7101999999923,3264.0719000000868,4989.960380000081,125.40199999976903,7786.231000000145,228,196.54628508772714,163.160000000149,54.37725621517023,267.723899999843,279.02859999999055,296.0361699998984,119.11300000001211,302.82300000009127,228,197.54628508772714,164.160000000149,54.37725621517023,268.723899999843,280.02859999999055,297.0361699998984,120.11300000001211,303.82300000009127,0,738.0,33.0,46.0,111.0,0.9571984435797666,0.9413265306122449,0.9491961414790996,0.22916666666666666,0.058673469387755105,0.9473684210526315,192,20,24,0.9056603773584906,0.8888888888888888,0.897196261682243,0.9056603773584906,0.8331666666666666,0.09998066138590397,0.15965,0.5964912280701754,0.40350877192982454,,,not_computed_no_bbox_data,0,0,0.0,0,0,0,0.0,0,0,0,0,0,0,0,,,0,,,,,,,0.0,0,0,0,0,0,0,522.0,228,0.6664657894736842,0.63885,0.12529398615038664,0.8463200000000001,0.90789,0.9881179999999998,0.5004,1.0442,228,0.0,0.0,0.0,0.0,0.0,0.0,0.0,0.0,228,0,0,0,0,0.0,0.0,3598920.046,215935.202756,928.0,83.52,0.0,0.0,151.954,12.916096,3555490.683,28443.925464,684.0,102.6,31886.841,13392.473251,10117.476,4249.339905,1821.0,546.3,0.0,0.0,216031.638852,46734.63862,262766.277472,4379.437957866667,283.1533162413793,1152.483673122807,1239.463572981132,1368.5743618333333,0.0,262766.277472,3600000.0,3600000.0,burst__s05__event,event,main,,,True,,0.0
event_no_early_exit,burst,5,3600.0,dc8eec812fc1807c,True,synthetic_distribution,False,,928,928,784,0,59576.224,0.016548951111111113,228,3.8,228,3.8,212,198,228,268,142,0.5298507462686567,0.4701492537313433,0.25255102040816324,142,929.0766126760494,273.18599999998696,1234.4085243054308,2608.490199999977,3347.761450000165,5010.236780000099,232.16200000001118,7898.910000000149,228,262.6292149122833,262.54999999993015,14.380883230709275,280.5855000000156,288.1972999999554,301.3007400000188,222.21999999997206,309.5380000001751,228,263.6292149122833,263.54999999993015,14.380883230709275,281.5855000000156,289.1972999999554,302.3007400000188,223.21999999997206,310.5380000001751,0,738.0,33.0,46.0,111.0,0.9571984435797666,0.9413265306122449,0.9491961414790996,0.22916666666666666,0.058673469387755105,0.9473684210526315,198,14,18,0.9339622641509434,0.9166666666666666,0.9252336448598131,0.9339622641509434,0.8565851851851852,0.11334181954852408,0.14640833333333333,0.0,1.0,,,not_computed_no_bbox_data,0,0,0.0,0,0,0,0.0,0,0,0,0,0,0,0,,,0,,,,,,,0.0,0,0,0,0,0,0,522.0,228,0.6664657894736842,0.63885,0.12529398615038664,0.8463200000000001,0.90789,0.9881179999999998,0.5004,1.0442,228,0.0,0.0,0.0,0.0,0.0,0.0,0.0,0.0,228,0,0,0,0,0.0,0.0,3598920.046,215935.202756,928.0,83.52,0.0,0.0,151.954,12.916096,3540423.775,28323.3902,684.0,102.6,31886.841,13392.473251,25187.384,10578.701234,1818.0,545.4,0.0,0.0,216031.638852,52942.564685000005,268974.203537,4482.903392283333,289.8428917424569,1179.7114190219297,1268.7462430990565,1358.455573419192,0.0,268974.203537,3600000.0,3600000.0,burst__s05__event_no_early_exit,event_no_early_exit,main,,,True,,0.0
fixed_threshold,burst,5,3600.0,dc8eec812fc1807c,True,synthetic_distribution,False,,928,928,784,0,59915.414000000004,0.016643170555555555,229,3.816666666666667,229,3.816666666666667,213,199,229,268,142,0.5298507462686567,0.4701492537313433,0.2538265306122449,142,920.3457887323874,271.53549999999814,1234.7236267361525,2608.490199999977,3347.761450000165,5010.236780000099,232.16200000001118,7898.910000000149,229,262.9680960698706,262.58600000001024,14.497705584629742,280.96939999996687,288.36099999993456,301.2443600000162,222.21999999997206,309.5380000001751,229,263.9680960698706,263.58600000001024,14.497705584629742,281.96939999996687,289.36099999993456,302.2443600000162,223.21999999997206,310.5380000001751,0,739.0,33.0,45.0,111.0,0.9572538860103627,0.9426020408163265,0.9498714652956297,0.22916666666666666,0.05739795918367347,0.9475982532751092,199,14,18,0.9342723004694836,0.9170506912442397,0.9255813953488372,0.9342723004694836,0.8568520737327188,0.11354162847230388,0.14640833333333333,0.0,1.0,,,not_computed_no_bbox_data,0,0,0.0,0,0,0,0.0,0,0,0,0,0,0,0,,,0,,,,,,,0.0,0,0,0,0,0,0,522.0,229,0.6660157205240176,0.6385,0.12538662075381848,0.84618,0.90776,0.987952,0.5004,1.0442,229,0.0,0.0,0.0,0.0,0.0,0.0,0.0,0.0,229,0,0,0,0,0.0,0.0,3598919.483,215935.168955,928.0,83.52,0.0,0.0,152.517,12.963981,3540084.585,28320.676679,687.0,103.05,32086.622,13476.381269,25317.793,10633.473072,1824.0,547.2,0.0,0.0,216031.652936,53080.781019999995,269112.433956,4485.207232600001,289.9918469353448,1175.1634670567687,1263.4386570704226,1352.3237887236182,0.0,269112.433956,3600000.0,3600000.0,burst__s05__fixed_threshold,fixed_threshold,main,,,True,,0.0
motion_only,burst,5,3600.0,dc8eec812fc1807c,True,synthetic_distribution,False,,928,928,784,0,55624.34700000001,0.015451207500000003,212,3.533333333333333,212,3.533333333333333,179,168,212,268,128,0.47761194029850745,0.5223880597014925,0.21428571428571427,128,1015.4293359375021,274.70649999997113,1232.4026571020654,2614.8769999999786,3258.672850000217,4640.154479999972,233.37899999995716,7898.910000000149,212,263.6879575471699,262.7424999999348,14.73727057441994,280.8363999999827,289.806600000037,308.764079999976,232.37899999995716,312.97200000000885,212,264.6879575471699,263.7424999999348,14.73727057441994,281.8363999999827,290.806600000037,309.764079999976,233.37899999995716,313.97200000000885,0,529.0,64.0,255.0,80.0,0.8920741989881956,0.6747448979591837,0.7683369644153959,0.4444444444444444,0.3252551020408163,0.8632075471698113,168,12,15,0.9333333333333333,0.9180327868852459,0.9256198347107439,0.9385474860335196,0.8514218579234973,0.11768609048325317,0.17594482758620691,0.0,1.0,,,not_computed_no_bbox_data,1,0,1.0,0,0,0,0.0,0,0,0,0,0,0,0,,,0,,,,,,,0.0,0,0,0,0,0,0,346.0,212,0.6575169811320756,0.63745,0.11915917425779934,0.8157500000000001,0.8720949999999998,1.0293569999999994,0.5004,1.0442,212,0.0,0.0,0.0,0.0,0.0,0.0,0.0,0.0,212,0,0,0,0,0.0,0.0,3598932.607,215935.956404,928.0,83.52,0.0,0.0,139.393,11.848428,3544375.649,28355.005195,636.0,95.4,30051.601,12621.672274,23288.25,9781.065013,1648.5,494.55,0.0,0.0,216031.32483199998,51347.692482000006,267379.017314,4456.316955233333,288.12394107112067,1261.2217797830187,1493.7375268938547,1591.5417697261905,0.0,267379.017314,3600000.0,3600000.0,burst__s05__motion_only,motion_only,main,,,True,,0.0
secure,burst,5,3600.0,dc8eec812fc1807c,True,synthetic_distribution,False,,928,928,784,0,32053.329999999998,0.008903702777777777,164,2.7333333333333334,164,2.7333333333333334,150,138,228,268,98,0.3656716417910448,0.6343283582089552,0.1760204081632653,98,540.9528877551132,244.22799999988638,755.1695029783303,1707.0101000000602,2231.2834000001194,3209.772560000082,125.8019999996759,3426.715000000084,164,197.16750609756406,163.56000000005588,53.8295474557837,268.5831000002101,278.8981499999994,291.5015500001155,124.8019999996759,294.9550000000745,164,198.16750609756406,164.56000000005588,53.8295474557837,269.5831000002101,279.8981499999994,292.5015500001155,125.8019999996759,295.9550000000745,0,738.0,33.0,46.0,111.0,0.9571984435797666,0.9413265306122449,0.9491961414790996,0.22916666666666666,0.058673469387755105,0.9473684210526315,138,12,15,0.92,0.9019607843137255,0.9108910891089109,0.92,0.8287549019607843,0.0960857689372368,0.16402727272727272,0.5975609756097561,0.4024390243902439,,,not_computed_no_bbox_data,0,0,0.0,0,0,0,0.0,0,0,0,228,64,164,63,,,0,0.2807017543859649,0.2916666666666667,0.2807017543859649,0.0,,,0.4,0,1,18,45,0,0,522.0,164,0.665120731707317,0.6412,0.1230735599657843,0.8468800000000001,0.905345,0.9819530000000001,0.5004,1.0339,164,0.0,0.0,0.0,0.0,0.0,0.0,0.0,0.0,164,0,0,0,0,0.0,0.0,3598871.72,215932.303209,928.0,83.52,91.2,8.664,109.08,9.271787,3567946.669,28543.573352,492.0,73.8,23036.529,9675.341978,7218.302,3031.687037,1306.5,391.95,0.0,0.0,216033.758996,41716.352367,257750.11136300003,4295.835189383334,277.747964830819,1571.6470205060978,1718.3340757533335,1867.754430166667,8.664,257750.111363,3600000.0000000005,3600000.0000000005,burst__s05__secure,secure,main,,,True,,0.0
always_on,burst,6,3600.0,39ce36778cc4e60b,True,synthetic_distribution,False,,1042,1042,888,0,3600000.0,1.0,1,0.016666666666666666,927,15.45,774,692,0,297,281,0.9461279461279462,0.05387205387205385,0.7792792792792793,281,655.9905409252626,453.9309999999823,571.2913834663096,1315.7260000000242,1870.7979999999516,2806.14020000007,139.42099999985658,3418.127000000095,0,,,,,,,,,927,469.541911542601,399.56299999996554,258.5904744942032,833.826200000016,1017.1263999999965,1312.7669400000107,138.93999999994412,1557.7009999998845,0,,,,,,,,,,,692,89,97,0.8860435339308579,0.8770595690747782,0.8815286624203821,0.8940568475452196,0.839908998732573,0.10632008710238212,0.19027753623188404,0.564185544768069,0.43581445523193096,,,not_computed_no_bbox_data,7,0,7.0,17212,196,0,,0,0,0,0,0,0,0,,,0,,,,,,,0.0,0,0,0,0,0,0,,0,,,,,,,,,0,,,,,,,,,0,0,0,0,0,3600000.0,18000.0,0.0,0.0,0.0,0.0,0.0,0.0,0.0,0.0,0.0,0.0,0.0,0.0,2547732.44,1070047.624835,941339.56,395362.615165,110928.0,33278.4,0.0,0.0,18000.0,1498688.64,1516688.64,25278.143999999997,1455.5553166986563,,1959.5460465116278,2191.7465895953756,0.0,1516688.64,3600000.0,3600000.0,burst__s06__always_on,always_on,main,,,True,,
event,burst,6,3600.0,39ce36778cc4e60b,True,synthetic_distribution,False,,1042,1042,888,0,46196.678,0.012832410555555555,239,3.9833333333333334,239,3.9833333333333334,220,195,239,297,151,0.5084175084175084,0.49158249158249157,0.2195945945945946,151,832.8540132450199,250.3859999999404,1066.1551441582765,2441.4290000000037,3165.9430000000284,4333.946999999927,128.45999999996275,4709.1969999996945,239,194.6169414225855,162.12199999997392,56.438729166870175,272.054400000209,281.70189999998547,287.612560000025,124.07700000004843,303.1019999999553,239,195.6169414225855,163.12199999997392,56.438729166870175,273.054400000209,282.70189999998547,288.612560000025,125.07700000004843,304.1019999999553,0,824.0,40.0,64.0,114.0,0.9537037037037037,0.9279279279279279,0.9406392694063928,0.2597402597402597,0.07207207207207207,0.9372384937238494,195,27,29,0.8783783783783784,0.8705357142857143,0.8744394618834082,0.8863636363636364,0.8457299107142857,0.10227103420646608,0.22654666666666665,0.6234309623430963,0.37656903765690375,,,not_computed_no_bbox_data,2,0,2.0,0,0,0,0.0,0,0,0,0,0,0,0,,,0,,,,,,,0.0,0,0,0,0,0,0,600.0,239,0.6557351464435147,0.6385,0.1266455137558977,0.8094000000000001,0.9229299999999999,1.038224,0.5001,1.1186,239,0.0,0.0,0.0,0.0,0.0,0.0,0.0,0.0,239,0,0,0,0,0.0,0.0,3598801.28,215928.07681,1042.0,93.78,0.0,0.0,156.72,13.321186,3553803.321,28430.426564,717.0,107.55,33526.717,14081.220978,10043.463,4218.254402,1909.5,572.85,0.0,0.0,216035.17799599998,47410.301944,263445.47994,4390.7579989999995,252.82675618042225,1102.2823428451882,1197.4794542727273,1351.002461230769,0.0,263445.47994,3600000.0,3600000.001,burst__s06__event,event,main,,,True,,0.0
event_no_early_exit,burst,6,3600.0,39ce36778cc4e60b,True,synthetic_distribution,False,,1042,1042,888,0,62529.816,0.017369393333333333,239,3.9833333333333334,239,3.9833333333333334,220,203,239,297,157,0.5286195286195287,0.47138047138047134,0.2286036036036036,157,918.4467070063625,272.3969999999972,1089.2466949276875,2692.1299999999815,3327.6879999998937,4365.318360000028,228.8049999999348,4810.887999999803,239,262.9564142259384,263.68599999998696,14.673992642625281,282.12900000005027,285.6977000000246,299.5387399999856,227.8049999999348,314.0240000002086,239,263.9564142259384,264.68599999998696,14.673992642625281,283.12900000005027,286.6977000000246,300.5387399999856,228.8049999999348,315.0240000002086,0,824.0,40.0,64.0,114.0,0.9537037037037037,0.9279279279279279,0.9406392694063928,0.2597402597402597,0.07207207207207207,0.9372384937238494,203,19,21,0.9144144144144144,0.90625,0.9103139013452916,0.9227272727272727,0.8706977678571428,0.11307292438147629,0.21382000000000004,0.0,1.0,,,not_computed_no_bbox_data,2,0,2.0,0,0,0,0.0,0,0,0,0,0,0,0,,,0,,,,,,,0.0,0,0,0,0,0,0,600.0,239,0.6557351464435147,0.6385,0.1266455137558977,0.8094000000000001,0.9229299999999999,1.038224,0.5001,1.1186,239,0.0,0.0,0.0,0.0,0.0,0.0,0.0,0.0,239,0,0,0,0,0.0,0.0,3598801.28,215928.07681,1042.0,93.78,0.0,0.0,156.72,13.321186,3537470.188,28299.7615,717.0,107.55,33526.717,14081.220978,26367.596,11074.390267,1918.5,575.55,0.0,0.0,216035.17799599998,54138.47274500001,270173.65074099996,4502.894179016666,259.28373391650666,1130.4336851087864,1228.062048822727,1330.9046834532019,0.0,270173.65074,3600000.0,3600000.001,burst__s06__event_no_early_exit,event_no_early_exit,main,,,True,,0.0
fixed_threshold,burst,6,3600.0,39ce36778cc4e60b,True,synthetic_distribution,False,,1042,1042,888,0,62529.816,0.017369393333333333,239,3.9833333333333334,239,3.9833333333333334,220,203,239,297,157,0.5286195286195287,0.47138047138047134,0.2286036036036036,157,918.4467070063625,272.3969999999972,1089.2466949276875,2692.1299999999815,3327.6879999998937,4365.318360000028,228.8049999999348,4810.887999999803,239,262.9564142259384,263.68599999998696,14.673992642625281,282.12900000005027,285.6977000000246,299.5387399999856,227.8049999999348,314.0240000002086,239,263.9564142259384,264.68599999998696,14.673992642625281,283.12900000005027,286.6977000000246,300.5387399999856,228.8049999999348,315.0240000002086,0,824.0,40.0,64.0,114.0,0.9537037037037037,0.9279279279279279,0.9406392694063928,0.2597402597402597,0.07207207207207207,0.9372384937238494,203,19,21,0.9144144144144144,0.90625,0.9103139013452916,0.9227272727272727,0.8706977678571428,0.11307292438147629,0.21382000000000004,0.0,1.0,,,not_computed_no_bbox_data,2,0,2.0,0,0,0,0.0,0,0,0,0,0,0,0,,,0,,,,,,,0.0,0,0,0,0,0,0,600.0,239,0.6557351464435147,0.6385,0.1266455137558977,0.8094000000000001,0.9229299999999999,1.038224,0.5001,1.1186,239,0.0,0.0,0.0,0.0,0.0,0.0,0.0,0.0,239,0,0,0,0,0.0,0.0,3598801.28,215928.07681,1042.0,93.78,0.0,0.0,156.72,13.321186,3537470.188,28299.7615,717.0,107.55,33526.717,14081.220978,26367.596,11074.390267,1918.5,575.55,0.0,0.0,216035.17799599998,54138.47274500001,270173.65074099996,4502.894179016666,259.28373391650666,1130.4336851087864,1228.062048822727,1330.9046834532019,0.0,270173.65074,3600000.0,3600000.001,burst__s06__fixed_threshold,fixed_threshold,main,,,True,,0.0
motion_only,burst,6,3600.0,39ce36778cc4e60b,True,synthetic_distribution,False,,1042,1042,888,0,57294.373999999996,0.01591510388888889,220,3.6666666666666665,220,3.6666666666666665,187,170,220,297,145,0.4882154882154882,0.5117845117845118,0.19144144144144143,145,1175.984558620678,282.67299999995157,1251.0494067047337,3124.735800000018,3606.2388000000033,4504.823119999824,228.8049999999348,6272.5449999999255,220,261.7656363636299,262.0280000000057,14.305964481912737,279.7744000000042,284.0957000000373,301.32036999997047,227.8049999999348,314.0240000002086,220,262.7656363636299,263.0280000000057,14.305964481912737,280.7744000000042,285.0957000000373,302.32036999997047,228.8049999999348,315.0240000002086,0,629.0,67.0,259.0,87.0,0.9037356321839081,0.7083333333333334,0.7941919191919192,0.43506493506493504,0.2916666666666667,0.8636363636363636,170,20,20,0.8947368421052632,0.8947368421052632,0.8947368421052632,0.9090909090909091,0.8743215789473685,0.11077392921765994,0.21033333333333332,0.0,1.0,,,not_computed_no_bbox_data,3,0,3.0,0,0,0,0.0,0,0,0,0,0,0,0,,,0,,,,,,,0.0,0,0,0,0,0,0,439.0,220,0.662915909090909,0.6509,0.12268645067624655,0.81176,0.8743999999999996,1.031697,0.5001,1.1013,220,0.0,0.0,0.0,0.0,0.0,0.0,0.0,0.0,220,0,0,0,0,0.0,0.0,3598812.159,215928.729556,1042.0,93.78,0.0,0.0,145.841,12.396462,3542705.628,28341.645025,660.0,99.0,30730.15,12906.663022,24158.222,10146.453186,1746.0,523.8,0.0,0.0,216034.906018,52017.561233,268052.467251,4467.54112085,257.24804918522074,1218.4203056863637,1433.435653748663,1576.7792191235294,0.0,268052.467251,3600000.0,3600000.0,burst__s06__motion_only,motion_only,main,,,True,,0.0
secure,burst,6,3600.0,39ce36778cc4e60b,True,synthetic_distribution,False,,1042,1042,888,0,33044.350999999995,0.009178986388888888,170,2.8333333333333335,170,2.8333333333333335,155,139,239,297,106,0.3569023569023569,0.6430976430976432,0.15653153153153154,106,433.4993490566064,165.73900000014692,705.9866239661071,1364.4855000001844,1809.6782499999827,2438.254349999913,128.85999999986961,5260.25800000038,170,196.09485882353047,163.55400000000373,55.93011078116341,272.1296000002418,282.4214000001055,288.5529300001259,127.85999999986961,303.502000000095,170,197.09485882353047,164.55400000000373,55.93011078116341,273.1296000002418,283.4214000001055,289.5529300001259,128.85999999986961,304.502000000095,0,824.0,40.0,64.0,114.0,0.9537037037037037,0.9279279279279279,0.9406392694063928,0.2597402597402597,0.07207207207207207,0.9372384937238494,139,17,20,0.8910256410256411,0.8742138364779874,0.8825396825396826,0.896774193548387,0.8507566037735849,0.10319936986382901,0.22170000000000004,0.6176470588235294,0.38235294117647056,,,not_computed_no_bbox_data,1,0,1.0,0,0,0,0.0,0,0,0,239,69,170,65,,,0,0.28870292887029286,0.29017857142857145,0.28870292887029286,0.0,,,0.4,0,0,20,49,0,0,600.0,170,0.6530682352941176,0.635,0.1258676699791484,0.8018799999999999,0.8947449999999989,1.05783,0.5001,1.1186,170,0.0,0.0,0.0,0.0,0.0,0.0,0.0,0.0,170,0,0,0,0,0.0,0.0,3598751.379,215925.082736,1042.0,93.78,95.6,9.082,111.021,9.43679,3566955.646,28535.645165,510.0,76.5,23910.26,10042.309347,7269.594,3053.229476,1354.5,406.35,0.0,0.0,216037.381526,42114.033988,258151.41551400002,4302.523591900001,247.74608014779272,1518.5377383176472,1665.4930033161293,1857.2044281582735,9.082,258151.415515,3600000.0000000005,3600000.0,burst__s06__secure,secure,main,,,True,,0.0
always_on,burst,7,3600.0,99ad72f4c863d213,True,synthetic_distribution,False,,1170,1170,981,0,3600000.0,1.0,1,0.016666666666666666,953,15.883333333333333,784,717,0,324,297,0.9166666666666666,0.08333333333333337,0.7308868501529052,297,801.8847138047132,527.5979999999981,711.0453231328902,1840.5591999999713,2192.987599999967,3645.1820800000246,151.80899999989197,4387.563000000082,0,,,,,,,,,953,528.4732602308459,410.8070000000298,313.0087293989493,1052.0662000000048,1175.8254000000654,1379.6434799999186,124.65699999999197,1715.4979999996722,0,,,,,,,,,,,717,72,80,0.908745247148289,0.8996235884567126,0.9041614123581336,0.9145408163265306,0.8377525721455458,0.11140161808336464,0.16857692307692307,0.5624344176285414,0.43756558237145854,,,not_computed_no_bbox_data,5,0,5.0,17173,223,0,,0,0,0,0,0,0,0,,,0,,,,,,,0.0,0,0,0,0,0,0,,0,,,,,,,,,0,,,,,,,,,0,0,0,0,0,3600000.0,18000.0,0.0,0.0,0.0,0.0,0.0,0.0,0.0,0.0,0.0,0.0,0.0,0.0,2548611.993,1070417.037141,940517.007,395017.142859,110871.0,33261.3,0.0,0.0,18000.0,1498695.48,1516695.48,25278.257999999998,1296.320923076923,,1934.5605612244897,2115.33539748954,0.0,1516695.48,3600000.0,3600000.0,burst__s07__always_on,always_on,main,,,True,,
event,burst,7,3600.0,99ad72f4c863d213,True,synthetic_distribution,False,,1170,1170,981,0,43915.509000000005,0.012198752500000002,220,3.6666666666666665,220,3.6666666666666665,198,178,220,324,132,0.4074074074074074,0.5925925925925926,0.18144750254842,132,1118.3322348484983,274.656500000041,1433.2880117733182,3210.1921000000098,4027.610800000069,5978.284360000078,133.31499999994412,8001.883000000031,220,200.93377272727975,163.43350000015926,57.36170672841859,274.61389999999665,282.37529999995604,295.2906599999522,117.38699999998789,315.43800000008196,220,201.93377272727975,164.43350000015926,57.36170672841859,275.61389999999665,283.37529999995604,296.2906599999522,118.38699999998789,316.43800000008196,0,900.0,48.0,81.0,141.0,0.9493670886075949,0.9174311926605505,0.9331259720062208,0.25396825396825395,0.08256880733944955,0.9090909090909091,178,20,22,0.898989898989899,0.89,0.8944723618090452,0.898989898989899,0.843607,0.10224190769663502,0.18680999999999998,0.5681818181818182,0.4318181818181818,,,not_computed_no_bbox_data,0,0,0.0,0,0,0,0.0,0,0,0,0,0,0,0,,,0,,,,,,,0.0,0,0,0,0,0,0,700.0,220,0.6630363636363636,0.6292,0.1323451739367252,0.86277,0.8901399999999997,1.001092,0.5008,1.3377,220,0.0,0.0,0.0,0.0,0.0,0.0,0.0,0.0,220,0,0,0,0,0.0,0.0,3598684.132,215921.047904,1170.0,105.3,0.0,0.0,145.868,12.398802,3556084.489,28448.675909,660.0,99.0,30947.609,12997.99585,10570.902,4439.77893,1737.0,521.1,0.0,0.0,216038.746706,46506.550689,262545.297395,4375.754956583333,224.39769008119657,1193.3877154318182,1325.986350479798,1474.9735808707865,0.0,262545.297396,3600000.0,3600000.0,burst__s07__event,event,main,,,True,,0.0
event_no_early_exit,burst,7,3600.0,99ad72f4c863d213,True,synthetic_distribution,False,,1170,1170,981,0,57690.367,0.016025101944444443,220,3.6666666666666665,220,3.6666666666666665,198,185,220,324,139,0.42901234567901236,0.5709876543209876,0.18858307849133538,139,1193.2427410071944,282.4409999999916,1408.5368629922732,3185.185399999967,4079.27490000003,5994.6346999999805,222.00999999999476,8001.883000000031,220,263.54666363636153,263.3334999999497,14.545840320068201,280.01140000002925,286.9603999999759,295.4445599999628,221.00999999999476,315.43800000008196,220,264.54666363636153,264.3334999999497,14.545840320068201,281.01140000002925,287.9603999999759,296.4445599999628,222.00999999999476,316.43800000008196,0,900.0,48.0,81.0,141.0,0.9493670886075949,0.9174311926605505,0.9331259720062208,0.25396825396825395,0.08256880733944955,0.9090909090909091,185,13,15,0.9343434343434344,0.925,0.9296482412060301,0.9343434343434344,0.8668105,0.11364387706215673,0.17557999999999999,0.0,1.0,,,not_computed_no_bbox_data,0,0,0.0,0,0,0,0.0,0,0,0,0,0,0,0,,,0,,,,,,,0.0,0,0,0,0,0,0,700.0,220,0.6630363636363636,0.6292,0.1323451739367252,0.86277,0.8901399999999997,1.001092,0.5008,1.3377,220,0.0,0.0,0.0,0.0,0.0,0.0,0.0,0.0,220,0,0,0,0,0.0,0.0,3598684.132,215921.047904,1170.0,105.3,0.0,0.0,145.868,12.398802,3542309.64,28338.477123,660.0,99.0,30947.609,12997.99585,24371.25,10235.925169,1711.5,513.45,0.0,0.0,216038.746706,52184.848141999995,268223.59484800004,4470.393247466667,229.2509357675214,1219.1981584000002,1354.6646204444446,1449.8572694486488,0.0,268223.594849,3600000.0,3599999.9990000003,burst__s07__event_no_early_exit,event_no_early_exit,main,,,True,,0.0
fixed_threshold,burst,7,3600.0,99ad72f4c863d213,True,synthetic_distribution,False,,1170,1170,981,0,57690.367,0.016025101944444443,220,3.6666666666666665,220,3.6666666666666665,198,185,220,324,139,0.42901234567901236,0.5709876543209876,0.18858307849133538,139,1193.2427410071944,282.4409999999916,1408.5368629922732,3185.185399999967,4079.27490000003,5994.6346999999805,222.00999999999476,8001.883000000031,220,263.54666363636153,263.3334999999497,14.545840320068201,280.01140000002925,286.9603999999759,295.4445599999628,221.00999999999476,315.43800000008196,220,264.54666363636153,264.3334999999497,14.545840320068201,281.01140000002925,287.9603999999759,296.4445599999628,222.00999999999476,316.43800000008196,0,900.0,48.0,81.0,141.0,0.9493670886075949,0.9174311926605505,0.9331259720062208,0.25396825396825395,0.08256880733944955,0.9090909090909091,185,13,15,0.9343434343434344,0.925,0.9296482412060301,0.9343434343434344,0.8668105,0.11364387706215673,0.17557999999999999,0.0,1.0,,,not_computed_no_bbox_data,0,0,0.0,0,0,0,0.0,0,0,0,0,0,0,0,,,0,,,,,,,0.0,0,0,0,0,0,0,700.0,220,0.6630363636363636,0.6292,0.1323451739367252,0.86277,0.8901399999999997,1.001092,0.5008,1.3377,220,0.0,0.0,0.0,0.0,0.0,0.0,0.0,0.0,220,0,0,0,0,0.0,0.0,3598684.132,215921.047904,1170.0,105.3,0.0,0.0,145.868,12.398802,3542309.64,28338.477123,660.0,99.0,30947.609,12997.99585,24371.25,10235.925169,1711.5,513.45,0.0,0.0,216038.746706,52184.848141999995,268223.59484800004,4470.393247466667,229.2509357675214,1219.1981584000002,1354.6646204444446,1449.8572694486488,0.0,268223.594849,3600000.0,3599999.9990000003,burst__s07__fixed_threshold,fixed_threshold,main,,,True,,0.0
motion_only,burst,7,3600.0,99ad72f4c863d213,True,synthetic_distribution,False,,1170,1170,981,0,54364.578,0.015101271666666667,208,3.466666666666667,208,3.466666666666667,177,163,208,324,128,0.3950617283950617,0.6049382716049383,0.16615698267074414,128,1266.3717734375016,300.8079999999609,1331.9886918759746,3330.468800000107,4107.436300000129,5176.074309999981,222.00999999999476,5457.141999999993,208,262.6868413461438,262.08399999979883,14.909073923132201,281.5258000000584,288.1647000000288,297.7087199997623,221.00999999999476,308.3770000003278,208,263.6868413461438,263.08399999979883,14.909073923132201,282.5258000000584,289.1647000000288,298.7087199997623,222.00999999999476,309.3770000003278,0,680.0,79.0,301.0,110.0,0.8959156785243741,0.6931702344546381,0.7816091954022989,0.41798941798941797,0.3068297655453619,0.8605769230769231,163,15,16,0.9157303370786517,0.9106145251396648,0.9131652661064427,0.9209039548022598,0.8740681564245809,0.11745286332774313,0.1662241379310345,0.0,1.0,,,not_computed_no_bbox_data,1,0,1.0,0,0,0,0.0,0,0,0,0,0,0,0,,,0,,,,,,,0.0,0,0,0,0,0,0,501.0,208,0.6603846153846155,0.62845,0.123585178253338,0.8294600000000001,0.882805,0.9808160000000001,0.5008,1.3377,208,0.0,0.0,0.0,0.0,0.0,0.0,0.0,0.0,208,0,0,0,0,0.0,0.0,3598692.64,215921.558404,1170.0,105.3,0.0,0.0,137.36,11.675595,3545635.425,28365.083397,624.0,93.6,29133.05,12235.881194,22995.025,9657.910443,1612.5,483.75,0.0,0.0,216038.533999,50836.225033999996,266874.759033,4447.91265055,228.09808464358971,1283.0517261201921,1507.7670001864406,1637.2684603251532,0.0,266874.759033,3600000.0,3599999.9999999995,burst__s07__motion_only,motion_only,main,,,True,,0.0
secure,burst,7,3600.0,99ad72f4c863d213,True,synthetic_distribution,False,,1170,1170,981,0,27943.267,0.007762018611111111,140,2.3333333333333335,140,2.3333333333333335,121,108,220,324,77,0.23765432098765432,0.7623456790123457,0.11009174311926606,77,489.44637662338755,171.0679999999993,804.1476640589949,1218.0174000000368,2290.071999999882,4138.987560000065,133.71500000008382,4228.055000000168,140,201.3070214285723,164.40500000002794,58.356200717362036,277.6138000000501,288.6193499999586,303.01210000019154,117.78700000001118,315.8379999999888,140,202.3070214285723,165.40500000002794,58.356200717362036,278.6138000000501,289.6193499999586,304.01210000019154,118.78700000001118,316.8379999999888,0,900.0,48.0,81.0,141.0,0.9493670886075949,0.9174311926605505,0.9331259720062208,0.25396825396825395,0.08256880733944955,0.9090909090909091,108,13,14,0.8925619834710744,0.8852459016393442,0.8888888888888888,0.8925619834710744,0.8426295081967214,0.10452448065383763,0.18472777777777777,0.5714285714285714,0.42857142857142855,,,not_computed_no_bbox_data,0,0,0.0,0,0,0,0.0,0,0,0,220,80,140,78,,,0,0.36363636363636365,0.39,0.36363636363636365,0.0,,,0.4,0,1,13,66,0,0,700.0,140,0.6596521428571429,0.6254500000000001,0.12684499148913497,0.8459400000000001,0.9075149999999995,0.9950869999999996,0.5008,1.1326,140,0.0,0.0,0.0,0.0,0.0,0.0,0.0,0.0,140,0,0,0,0,0.0,0.0,3598649.648,215918.978902,1170.0,105.3,88.0,8.36,92.352,7.849889,3572056.729,28576.453831,420.0,63.0,19680.089,8265.637555,6752.682,2836.126304,1090.5,327.15,0.0,0.0,216040.48879099998,40068.36769,256108.856481,4268.48094135,218.89645853076922,1829.3489748642858,2116.602119677686,2371.37830075,8.36,256108.856482,3600000.0,3600000.0,burst__s07__secure,secure,main,,,True,,0.0
always_on,burst,8,3600.0,737de0486753596a,True,synthetic_distribution,False,,1225,1225,1049,0,3600000.0,1.0,1,0.016666666666666666,1050,17.5,887,807,0,354,332,0.9378531073446328,0.062146892655367214,0.76930409914204,332,727.6599006024164,472.416499999963,767.2307970790134,1639.500000000245,2174.6048999999293,4197.720760000038,132.93900000024587,5859.51500000013,0,,,,,,,,,1050,494.00776666666667,402.23950000014156,276.880198427899,910.4701999999585,1075.9706500000086,1303.0486799998255,131.52700000000186,1544.3539999998175,0,,,,,,,,,,,807,81,95,0.9087837837837838,0.8946784922394678,0.9016759776536314,0.9098083427282976,0.8404812638580932,0.10741492069008922,0.14903648648648649,0.5714285714285714,0.42857142857142855,,,not_computed_no_bbox_data,1,0,1.0,17077,218,0,,0,0,0,0,0,0,0,,,0,,,,,,,0.0,0,0,0,0,0,0,,0,,,,,,,,,0,,,,,,,,,0,0,0,0,0,3600000.0,18000.0,0.0,0.0,0.0,0.0,0.0,0.0,0.0,0.0,0.0,0.0,0.0,0.0,2545347.826,1069046.086972,943617.674,396319.423028,111034.5,33310.35,0.0,0.0,18000.0,1498675.86,1516675.86,25277.931,1238.1027428571429,,1709.8938669673057,1879.4000743494425,0.0,1516675.86,3600000.0,3600000.0,burst__s08__always_on,always_on,main,,,True,,
event,burst,8,3600.0,737de0486753596a,True,synthetic_distribution,False,,1225,1225,1049,0,53096.379,0.014748994166666666,267,4.45,267,4.45,250,220,267,354,164,0.4632768361581921,0.536723163841808,0.20972354623450906,164,948.4122865853839,263.097500000149,1277.3355178853371,2908.02229999992,3942.57624999976,5601.16277999996,122.06600000010803,5906.555000000168,267,200.18976779027875,166.75600000005215,56.27421244928959,272.6378000001423,278.7186000000453,291.3500200000918,121.06600000010803,301.1329999999143,267,201.18976779027875,167.75600000005215,56.27421244928959,273.6378000001423,279.7186000000453,292.3500200000918,122.06600000010803,302.1329999999143,0,976.0,36.0,73.0,140.0,0.9644268774703557,0.9304099142040038,0.9471130519165453,0.20454545454545456,0.06959008579599618,0.9438202247191011,220,30,32,0.88,0.873015873015873,0.8764940239043826,0.88,0.8418440476190476,0.09773098333624927,0.14861333333333335,0.5655430711610487,0.4344569288389513,,,not_computed_no_bbox_data,0,0,0.0,0,0,0,0.0,0,0,0,0,0,0,0,,,0,,,,,,,0.0,0,0,0,0,0,0,724.0,267,0.6601243445692885,0.6374,0.11861144582967378,0.83408,0.8990399999999998,0.9585299999999999,0.5021,1.0435,267,0.0,0.0,0.0,0.0,0.0,0.0,0.0,0.0,267,0,0,0,0,0.0,0.0,3598598.748,215915.924861,1225.0,110.25,0.0,0.0,176.252,14.981447,3546903.618,28375.228946,801.0,120.15,37302.401,15667.00836,12864.481,5403.081982,2128.5,638.55,0.0,0.0,216041.156308,50204.01928800001,266245.175596,4437.419593266666,217.3430004865306,997.172942307116,1064.9807023839999,1210.2053436181818,0.0,266245.175596,3600000.0,3600000.0,burst__s08__event,event,main,,,True,,0.0
event_no_early_exit,burst,8,3600.0,737de0486753596a,True,synthetic_distribution,False,,1225,1225,1049,0,69800.024,0.019388895555555556,267,4.45,267,4.45,250,223,267,354,167,0.4717514124293785,0.5282485875706215,0.21258341277407056,167,1006.2500179640973,277.40800000028685,1275.5163396164583,2963.9225999999912,3912.9181000000335,5694.781179999981,214.3289999999106,6022.592000000179,267,262.7502471910322,263.13999999995576,14.36281283838234,282.5072000000393,286.2518999998923,291.3500200000918,213.3289999999106,301.1329999999143,267,263.7502471910322,264.13999999995576,14.36281283838234,283.5072000000393,287.2518999998923,292.3500200000918,214.3289999999106,302.1329999999143,0,976.0,36.0,73.0,140.0,0.9644268774703557,0.9304099142040038,0.9471130519165453,0.20454545454545456,0.06959008579599618,0.9438202247191011,223,27,29,0.892,0.8849206349206349,0.8884462151394423,0.892,0.862863492063492,0.1105884092996289,0.13518666666666665,0.0,1.0,,,not_computed_no_bbox_data,0,0,0.0,0,0,0,0.0,0,0,0,0,0,0,0,,,0,,,,,,,0.0,0,0,0,0,0,0,724.0,267,0.6601243445692885,0.6374,0.11861144582967378,0.83408,0.8990399999999998,0.9585299999999999,0.5021,1.0435,267,0.0,0.0,0.0,0.0,0.0,0.0,0.0,0.0,267,0,0,0,0,0.0,0.0,3598598.748,215915.924861,1225.0,110.25,0.0,0.0,176.252,14.981447,3530199.973,28241.599784,801.0,120.15,37302.401,15667.00836,29557.626,12414.202957,2139.0,641.7,0.0,0.0,216041.156308,57084.661101000005,273125.817409,4552.0969568166665,222.95985094612246,1022.9431363632959,1092.5032696360001,1224.779450264574,0.0,273125.817409,3600000.0,3600000.0000000005,burst__s08__event_no_early_exit,event_no_early_exit,main,,,True,,0.0
fixed_threshold,burst,8,3600.0,737de0486753596a,True,synthetic_distribution,False,,1225,1225,1049,0,70048.612,0.019457947777777776,268,4.466666666666667,268,4.466666666666667,251,223,268,354,167,0.4717514124293785,0.5282485875706215,0.21258341277407056,167,1006.2500179640973,277.40800000028685,1275.5163396164583,2963.9225999999912,3912.9181000000335,5694.781179999981,214.3289999999106,6022.592000000179,268,262.7032201492759,263.03699999992386,14.35654773505558,282.4299000000232,286.2445499998983,291.34999000009384,213.3289999999106,301.1329999999143,268,263.7032201492759,264.03699999992386,14.35654773505558,283.4299000000232,287.2445499998983,292.34999000009384,214.3289999999106,302.1329999999143,0,977.0,36.0,72.0,140.0,0.9644619940769991,0.9313632030505243,0.947623666343356,0.20454545454545456,0.06863679694947569,0.9440298507462687,223,28,30,0.8884462151394422,0.8814229249011858,0.884920634920635,0.8884462151394422,0.8624462450592886,0.11056813005859327,0.13518666666666665,0.0,1.0,,,not_computed_no_bbox_data,0,0,0.0,0,0,0,0.0,0,0,0,0,0,0,0,,,0,,,,,,,0.0,0,0,0,0,0,0,724.0,268,0.6603138059701493,0.6383,0.1184297405284674,0.8336100000000001,0.8984299999999996,0.9584849999999999,0.5021,1.0435,268,0.0,0.0,0.0,0.0,0.0,0.0,0.0,0.0,268,0,0,0,0,0.0,0.0,3598598.037,215915.882206,1225.0,110.25,0.0,0.0,176.963,15.041875,3529951.385,28239.611077,804.0,120.6,37425.735,15718.808504,29670.881,12461.769941,2148.0,644.4,0.0,0.0,216041.174081,57185.189522,273226.363603,4553.7727267166665,223.04192947183674,1019.501356727612,1088.5512494143427,1225.230330058296,0.0,273226.363603,3600000.0,3600000.0009999997,burst__s08__fixed_threshold,fixed_threshold,main,,,True,,0.0
motion_only,burst,8,3600.0,737de0486753596a,True,synthetic_distribution,False,,1225,1225,1049,0,65013.485,0.01805930138888889,248,4.133333333333334,248,4.133333333333334,218,195,248,354,152,0.4293785310734463,0.5706214689265536,0.18589132507149667,152,967.2589473684507,279.29899999999907,1097.2683719693293,2787.7188000000206,3352.0931499999238,4178.34635000004,214.3289999999106,4304.957999999635,248,263.48054032259773,262.59799999999814,15.57805183098408,284.257900000026,288.6079499999672,300.9121000000369,213.3289999999106,320.9700000002049,248,264.48054032259773,263.59799999999814,15.57805183098408,285.257900000026,289.6079499999672,301.9121000000369,214.3289999999106,321.9700000002049,0,739.0,78.0,310.0,98.0,0.9045287637698899,0.7044804575786463,0.7920685959271168,0.4431818181818182,0.29551954242135364,0.8870967741935484,195,23,25,0.8944954128440367,0.8863636363636364,0.8904109589041095,0.8944954128440367,0.8598395454545456,0.11437049476526631,0.12673214285714285,0.0,1.0,,,not_computed_no_bbox_data,0,0,0.0,0,0,0,0.0,0,0,0,0,0,0,0,,,0,,,,,,,0.0,0,0,0,0,0,0,519.0,248,0.6620697580645161,0.63205,0.12559087654764578,0.8502400000000001,0.9092849999999999,1.0171729999999999,0.5003,1.1319,248,0.0,0.0,0.0,0.0,0.0,0.0,0.0,0.0,248,0,0,0,0,0.0,0.0,3598610.807,215916.648412,1225.0,110.25,0.0,0.0,164.193,13.956417,3534986.514,28279.892113,744.0,111.6,34719.877,14582.348444,27586.109,11586.165637,1963.5,589.05,0.0,0.0,216040.85482900002,55149.056194000004,271189.911023,4519.831850383333,221.379519202449,1093.5077057379033,1243.9904175366974,1390.7174924256412,0.0,271189.911022,3600000.0,3600000.0,burst__s08__motion_only,motion_only,main,,,True,,0.0
secure,burst,8,3600.0,737de0486753596a,True,synthetic_distribution,False,,1225,1225,1049,0,37578.327000000005,0.010438424166666668,190,3.1666666666666665,190,3.1666666666666665,175,155,267,354,116,0.327683615819209,0.672316384180791,0.14775977121067682,116,461.7463189655101,177.66299999994226,620.6003987527985,1473.420499999891,1908.5999999998603,2620.2203000000554,122.4660000000149,3012.967000000004,190,199.50999473684513,166.71400000003632,56.26630179284127,275.2724000002723,280.18679999992014,291.9133699998818,121.4660000000149,301.5329999998212,190,200.50999473684513,167.71400000003632,56.26630179284127,276.2724000002723,281.18679999992014,292.9133699998818,122.4660000000149,302.5329999998212,0,976.0,36.0,73.0,140.0,0.9644268774703557,0.9304099142040038,0.9471130519165453,0.20454545454545456,0.06959008579599618,0.9438202247191011,155,20,21,0.8857142857142857,0.8806818181818182,0.8831908831908831,0.8857142857142857,0.8499937500000001,0.0923574776344612,0.1349642857142857,0.5842105263157895,0.41578947368421054,,,not_computed_no_bbox_data,0,0,0.0,0,0,0,0.0,0,0,0,267,77,190,76,,,0,0.2883895131086142,0.30158730158730157,0.2883895131086142,0.0,,,0.4,0,1,21,55,0,0,724.0,190,0.6599326315789474,0.6368499999999999,0.1188163942530773,0.8386099999999999,0.9059999999999998,0.9574949999999999,0.5021,1.0435,190,0.0,0.0,0.0,0.0,0.0,0.0,0.0,0.0,190,0,0,0,0,0.0,0.0,3598542.813,215912.568795,1225.0,110.25,106.8,10.146,125.387,10.657873,3562421.669,28499.373354,570.0,85.5,26740.331,11230.939036,8750.0,3674.999869,1518.0,455.4,0.0,0.0,216043.622668,43946.212259,259989.834927,4333.16391545,212.23659994040815,1368.3675522473684,1485.656199582857,1677.3537737225806,10.146,259989.834927,3600000.0,3600000.0,burst__s08__secure,secure,main,,,True,,0.0
always_on,burst,9,3600.0,71419c4d298c7be9,True,synthetic_distribution,False,,1529,1529,1304,0,3600000.0,1.0,1,0.016666666666666666,1223,20.383333333333333,1021,913,0,428,389,0.9088785046728972,0.09112149532710279,0.7001533742331288,389,855.0281773778848,584.3479999997653,727.1165092619171,1980.817399999872,2398.256600000008,3207.630519999998,144.68100000009872,3925.7730000000447,0,,,,,,,,,1223,588.0443712183086,491.3870000001043,319.89972724107184,1058.0264000000316,1192.0027000000694,1401.9506399997506,138.8220000001602,1589.8509999997914,0,,,,,,,,,,,913,111,128,0.8916015625,0.8770413064361191,0.8842615012106537,0.8942213516160626,0.836911911623439,0.11039886135620253,0.1684626373626374,0.5494685200327064,0.45053147996729354,,,not_computed_no_bbox_data,3,0,3.0,16922,240,0,,0,0,0,0,0,0,0,,,0,,,,,,,0.0,0,0,0,0,0,0,,0,,,,,,,,,0,,,,,,,,,0,0,0,0,0,3600000.0,18000.0,0.0,0.0,0.0,0.0,0.0,0.0,0.0,0.0,0.0,0.0,0.0,0.0,2548869.472,1070525.17835,939649.028,394652.59165,111481.5,33444.45,0.0,0.0,18000.0,1498622.22,1516622.22,25277.037,991.9046566383257,,1485.4282272282076,1661.1415334063527,0.0,1516622.22,3600000.0,3600000.0,burst__s09__always_on,always_on,main,,,True,,
event,burst,9,3600.0,71419c4d298c7be9,True,synthetic_distribution,False,,1529,1529,1304,0,47307.168000000005,0.01314088,247,4.116666666666666,247,4.116666666666666,223,201,247,428,162,0.37850467289719625,0.6214953271028038,0.15414110429447853,162,1266.2399629629658,271.8374999999942,1493.1457890806512,3303.983700000053,4005.1149500000165,6202.007689999926,131.37400000006892,6884.675999999978,247,192.82873279352046,161.35499999998137,53.53264495289313,270.23400000003164,277.96740000004064,286.4720199998934,122.94399999966845,295.8489999999292,247,193.82873279352046,162.35499999998137,53.53264495289313,271.23400000003164,278.96740000004064,287.4720199998934,123.94399999966845,296.8489999999292,0,1190.0,72.0,114.0,153.0,0.9429477020602218,0.9125766871165644,0.9275136399064691,0.32,0.08742331288343558,0.9149797570850202,201,22,25,0.9013452914798207,0.8893805309734514,0.8953229398663698,0.9013452914798207,0.8410216814159293,0.1051476017322752,0.14907142857142855,0.631578947368421,0.3684210526315789,,,not_computed_no_bbox_data,0,0,0.0,0,0,0,0.0,0,0,0,0,0,0,0,,,0,,,,,,,0.0,0,0,0,0,0,0,964.0,247,0.6478291497975709,0.6315,0.11199297325012984,0.8132,0.86901,0.9509479999999997,0.5023,0.9733,247,0.0,0.0,0.0,0.0,0.0,0.0,0.0,0.0,247,0,0,0,0,0.0,0.0,3598310.987,215898.659223,1529.0,137.61,0.0,0.0,160.013,13.601101,3552692.832,28421.542652,741.0,111.15,34629.338,14544.321827,9986.831,4194.468918,1950.0,585.0,0.0,0.0,216049.870324,47856.483397,263906.35372099996,4398.439228683333,172.60062375474163,1068.4467761983803,1183.4365637713004,1312.9669339353231,0.0,263906.353721,3600000.0,3600000.0009999997,burst__s09__event,event,main,,,True,,0.0
event_no_early_exit,burst,9,3600.0,71419c4d298c7be9,True,synthetic_distribution,False,,1529,1529,1304,0,64582.86,0.017939683333333335,247,4.116666666666666,247,4.116666666666666,223,205,247,428,164,0.38317757009345793,0.6168224299065421,0.15720858895705522,164,1301.431097560981,280.81650000019,1444.3220073596167,3329.7773000000284,3973.467000000026,5336.190079999941,234.86800000001676,6999.221999999951,247,262.770817813764,262.1089999997057,13.811145189087817,280.5754000001587,286.4820999999065,295.1907399999909,223.89199999999255,299.78200000012293,247,263.770817813764,263.1089999997057,13.811145189087817,281.5754000001587,287.4820999999065,296.1907399999909,224.89199999999255,300.78200000012293,0,1190.0,72.0,114.0,153.0,0.9429477020602218,0.9125766871165644,0.9275136399064691,0.32,0.08742331288343558,0.9149797570850202,205,18,21,0.9192825112107623,0.9070796460176991,0.9131403118040089,0.9192825112107623,0.8653703539823009,0.11791856156539528,0.1262952380952381,0.0,1.0,,,not_computed_no_bbox_data,0,0,0.0,0,0,0,0.0,0,0,0,0,0,0,0,,,0,,,,,,,0.0,0,0,0,0,0,0,964.0,247,0.6478291497975709,0.6315,0.11199297325012984,0.8132,0.86901,0.9509479999999997,0.5023,0.9733,247,0.0,0.0,0.0,0.0,0.0,0.0,0.0,0.0,247,0,0,0,0,0.0,0.0,3598310.987,215898.659223,1529.0,137.61,0.0,0.0,160.013,13.601101,3535417.141,28283.337124,741.0,111.15,34629.338,14544.321827,27274.522,11455.299143,1938.0,581.4,0.0,0.0,216049.870324,54975.508094,271025.378418,4517.0896403,177.25662421059516,1097.268738534413,1215.360441336323,1322.0750166731707,0.0,271025.378418,3600000.0,3600000.0009999997,burst__s09__event_no_early_exit,event_no_early_exit,main,,,True,,0.0
fixed_threshold,burst,9,3600.0,71419c4d298c7be9,True,synthetic_distribution,False,,1529,1529,1304,0,64582.86,0.017939683333333335,247,4.116666666666666,247,4.116666666666666,223,205,247,428,164,0.38317757009345793,0.6168224299065421,0.15720858895705522,164,1301.431097560981,280.81650000019,1444.3220073596167,3329.7773000000284,3973.467000000026,5336.190079999941,234.86800000001676,6999.221999999951,247,262.770817813764,262.1089999997057,13.811145189087817,280.5754000001587,286.4820999999065,295.1907399999909,223.89199999999255,299.78200000012293,247,263.770817813764,263.1089999997057,13.811145189087817,281.5754000001587,287.4820999999065,296.1907399999909,224.89199999999255,300.78200000012293,0,1190.0,72.0,114.0,153.0,0.9429477020602218,0.9125766871165644,0.9275136399064691,0.32,0.08742331288343558,0.9149797570850202,205,18,21,0.9192825112107623,0.9070796460176991,0.9131403118040089,0.9192825112107623,0.8653703539823009,0.11791856156539528,0.1262952380952381,0.0,1.0,,,not_computed_no_bbox_data,0,0,0.0,0,0,0,0.0,0,0,0,0,0,0,0,,,0,,,,,,,0.0,0,0,0,0,0,0,964.0,247,0.6478291497975709,0.6315,0.11199297325012984,0.8132,0.86901,0.9509479999999997,0.5023,0.9733,247,0.0,0.0,0.0,0.0,0.0,0.0,0.0,0.0,247,0,0,0,0,0.0,0.0,3598310.987,215898.659223,1529.0,137.61,0.0,0.0,160.013,13.601101,3535417.141,28283.337124,741.0,111.15,34629.338,14544.321827,27274.522,11455.299143,1938.0,581.4,0.0,0.0,216049.870324,54975.508094,271025.378418,4517.0896403,177.25662421059516,1097.268738534413,1215.360441336323,1322.0750166731707,0.0,271025.378418,3600000.0,3600000.0009999997,burst__s09__fixed_threshold,fixed_threshold,main,,,True,,0.0
motion_only,burst,9,3600.0,71419c4d298c7be9,True,synthetic_distribution,False,,1529,1529,1304,0,59617.814,0.016560503888888887,227,3.783333333333333,227,3.783333333333333,191,172,227,428,137,0.32009345794392524,0.6799065420560748,0.13190184049079753,137,1361.4596496350389,784.8240000000224,1363.791393780102,3323.5496000000044,4137.406999999701,4812.539319999792,235.49200000008568,4885.240000000049,227,263.9299339207022,263.3530000001192,13.984885023304182,281.0653999999864,286.74039999989327,297.9794599999837,223.89199999999255,299.9120000000112,227,264.9299339207022,264.3530000001192,13.984885023304182,282.0653999999864,287.74039999989327,298.9794599999837,224.89199999999255,300.9120000000112,0,887.0,110.0,417.0,115.0,0.8896690070210632,0.6802147239263804,0.7709691438504997,0.4888888888888889,0.3197852760736196,0.8634361233480177,172,20,24,0.8958333333333334,0.8775510204081632,0.8865979381443299,0.900523560209424,0.8605214285714284,0.12298339704495867,0.15041290322580644,0.0,1.0,,,not_computed_no_bbox_data,1,0,1.0,0,0,0,0.0,0,0,0,0,0,0,0,,,0,,,,,,,0.0,0,0,0,0,0,0,691.0,227,0.6473383259911896,0.6301,0.11328429107455695,0.8070400000000001,0.86665,0.9713,0.5002,0.9854,227,0.0,0.0,0.0,0.0,0.0,0.0,0.0,0.0,227,0,0,0,0,0.0,0.0,3598324.055,215899.443278,1529.0,137.61,0.0,0.0,146.945,12.490356,3540382.186,28323.057491,681.0,102.15,32021.529,13449.042122,25154.285,10564.799602,1761.0,528.3,0.0,0.0,216049.54363399997,52967.349215,269016.89284899994,4483.614880816665,175.9430299862655,1185.0964442687223,1408.465407586387,1564.0517026104646,0.0,269016.892849,3600000.0,3600000.0000000005,burst__s09__motion_only,motion_only,main,,,True,,0.0
secure,burst,9,3600.0,71419c4d298c7be9,True,synthetic_distribution,False,,1529,1529,1304,0,26466.255000000005,0.007351737500000001,134,2.2333333333333334,134,2.2333333333333334,115,103,247,428,84,0.19626168224299065,0.8037383177570093,0.0789877300613497,84,653.5737500000066,180.34350000001723,1308.3580272193756,1705.417999999925,3803.8916500002097,6137.10157999981,141.21500000008382,6885.076000000001,134,199.22614179105253,164.73150000022724,53.77455079796343,272.0025999999372,277.81020000001735,285.29789000002194,133.43599999975413,286.90099999983795,134,200.22614179105253,165.73150000022724,53.77455079796343,273.0025999999372,278.81020000001735,286.29789000002194,134.43599999975413,287.90099999983795,0,1190.0,72.0,114.0,153.0,0.9429477020602218,0.9125766871165644,0.9275136399064691,0.32,0.08742331288343558,0.9149797570850202,103,12,14,0.8956521739130435,0.8803418803418803,0.8879310344827586,0.8956521739130435,0.8336598290598289,0.10806812431551673,0.1422235294117647,0.5746268656716418,0.4253731343283582,,,not_computed_no_bbox_data,0,0,0.0,0,0,0,0.0,0,0,0,247,113,134,109,,,0,0.4574898785425101,0.4823008849557522,0.4574898785425101,0.0,,,0.4,0,0,18,95,0,0,964.0,134,0.6543305970149254,0.63545,0.11747917827198333,0.83353,0.869205,0.9556539999999996,0.503,0.9726,134,0.0,0.0,0.0,0.0,0.0,0.0,0.0,0.0,134,0,0,0,0,0.0,0.0,3598284.52,215897.071201,1529.0,137.61,98.8,9.386,87.68,7.452799,3573533.743,28588.269947,402.0,60.3,18809.48,7899.981709,6213.776,2609.78605,1041.0,312.3,0.0,0.0,216051.52,39470.637706,255522.15770600003,4258.702628433334,167.11717312361023,1906.8817739253734,2221.9318061391305,2480.7976476310682,9.386,255522.157706,3600000.0,3599999.999,burst__s09__secure,secure,main,,,True,,0.0
always_on,burst,10,3600.0,f8befe1c3aa1e622,True,synthetic_distribution,False,,1025,1025,834,0,3600000.0,1.0,1,0.016666666666666666,879,14.65,703,649,0,277,267,0.9638989169675091,0.03610108303249093,0.7781774580335732,267,763.4782022471973,529.9840000001714,654.2552054813219,1779.9863999999595,2115.9630999999586,3086.571299999878,146.70899999979883,3556.539000000339,0,,,,,,,,,879,517.1950898748588,418.3289999999979,284.3007891089708,942.6093999998645,1071.863299999944,1355.584280000073,135.71900000004098,1617.5180000001565,0,,,,,,,,,,,649,57,63,0.9192634560906515,0.9115168539325843,0.9153737658674189,0.9231863442389758,0.8412494382022471,0.10385891707070148,0.1542011976047904,0.571103526734926,0.42889647326507396,,,not_computed_no_bbox_data,3,0,3.0,17247,241,0,,0,0,0,0,0,0,0,,,0,,,,,,,0.0,0,0,0,0,0,0,,0,,,,,,,,,0,,,,,,,,,0,0,0,0,0,3600000.0,18000.0,0.0,0.0,0.0,0.0,0.0,0.0,0.0,0.0,0.0,0.0,0.0,0.0,2544844.223,1068834.57379,944409.277,396651.89621,110746.5,33223.95,0.0,0.0,18000.0,1498710.42,1516710.42,25278.506999999998,1479.7174829268292,,2157.482816500711,2336.996024653313,0.0,1516710.42,3600000.0,3600000.0,burst__s10__always_on,always_on,main,,,True,,
event,burst,10,3600.0,f8befe1c3aa1e622,True,synthetic_distribution,False,,1025,1025,834,0,39904.202,0.011084500555555555,200,3.3333333333333335,200,3.3333333333333335,176,166,200,277,126,0.4548736462093863,0.5451263537906137,0.19904076738609114,126,925.5318650793897,262.83399999997346,1138.6541571261025,2787.466000000015,3084.1055000000306,4077.104750000057,129.14400000032037,6090.904000000097,200,200.83103000002268,164.94850000011502,56.085633614047325,269.6712000000101,278.52490000000836,291.86723000001626,125.80499999993481,302.346000000136,200,201.83103000002268,165.94850000011502,56.085633614047325,270.6712000000101,279.52490000000836,292.86723000001626,126.80499999993481,303.346000000136,0,766.0,64.0,68.0,127.0,0.9228915662650602,0.9184652278177458,0.9206730769230769,0.33507853403141363,0.0815347721822542,0.89,166,11,12,0.9378531073446328,0.9325842696629213,0.9352112676056338,0.9431818181818182,0.8482758426966293,0.09540092106898797,0.21928636363636367,0.55,0.45,,,not_computed_no_bbox_data,1,0,1.0,0,0,0,0.0,0,0,0,0,0,0,0,,,0,,,,,,,0.0,0,0,0,0,0,0,588.0,200,0.6461505,0.62445,0.10931562067871115,0.80816,0.8491399999999999,0.9722709999999998,0.5005,1.0313,200,0.0,0.0,0.0,0.0,0.0,0.0,0.0,0.0,200,0,0,0,0,0.0,0.0,3598845.77,215930.746178,1025.0,92.25,0.0,0.0,129.23,10.984581,3560095.8,28480.766397,600.0,90.0,27693.305,11631.187967,10035.896,4215.076188,1575.0,472.5,0.0,0.0,216033.980759,44889.530552,260923.511311,4348.725188516667,254.5595232302439,1304.617556555,1482.519950630682,1571.8283813915664,0.0,260923.511311,3600000.0,3600000.001,burst__s10__event,event,main,,,True,,0.0
event_no_early_exit,burst,10,3600.0,f8befe1c3aa1e622,True,synthetic_distribution,False,,1025,1025,834,0,52028.422,0.014452339444444445,200,3.3333333333333335,200,3.3333333333333335,176,170,200,277,129,0.4657039711191336,0.5342960288808665,0.2038369304556355,129,967.296922480643,272.1019999999553,1122.0411127156542,2814.502200000128,3127.4847999999297,4073.9451200000567,233.95699999993667,6090.904000000097,200,261.45209500002494,262.02999999999156,13.454679116446451,277.9423000000032,284.92554999978745,294.49627000015107,229.31199999991804,302.346000000136,200,262.45209500002494,263.02999999999156,13.454679116446451,278.9423000000032,285.92554999978745,295.49627000015107,230.31199999991804,303.346000000136,0,766.0,64.0,68.0,127.0,0.9228915662650602,0.9184652278177458,0.9206730769230769,0.33507853403141363,0.0815347721822542,0.89,170,7,8,0.96045197740113,0.9550561797752809,0.9577464788732394,0.9659090909090909,0.8712511235955056,0.10679654940508189,0.21466818181818184,0.0,1.0,,,not_computed_no_bbox_data,1,0,1.0,0,0,0,0.0,0,0,0,0,0,0,0,,,0,,,,,,,0.0,0,0,0,0,0,0,588.0,200,0.6461505,0.62445,0.10931562067871115,0.80816,0.8491399999999999,0.9722709999999998,0.5005,1.0313,200,0.0,0.0,0.0,0.0,0.0,0.0,0.0,0.0,200,0,0,0,0,0.0,0.0,3598845.77,215930.746178,1025.0,92.25,0.0,0.0,129.23,10.984581,3547971.59,28383.772722,600.0,90.0,27693.305,11631.187967,22166.105,9309.764122,1569.0,470.7,0.0,0.0,216033.980759,49885.424811,265919.40557,4431.990092833334,259.4335664097561,1329.59702785,1510.905713465909,1564.2317974705882,0.0,265919.405571,3600000.0,3600000.0,burst__s10__event_no_early_exit,event_no_early_exit,main,,,True,,0.0
fixed_threshold,burst,10,3600.0,f8befe1c3aa1e622,True,synthetic_distribution,False,,1025,1025,834,0,52028.422,0.014452339444444445,200,3.3333333333333335,200,3.3333333333333335,176,170,200,277,129,0.4657039711191336,0.5342960288808665,0.2038369304556355,129,967.296922480643,272.1019999999553,1122.0411127156542,2814.502200000128,3127.4847999999297,4073.9451200000567,233.95699999993667,6090.904000000097,200,261.45209500002494,262.02999999999156,13.454679116446451,277.9423000000032,284.92554999978745,294.49627000015107,229.31199999991804,302.346000000136,200,262.45209500002494,263.02999999999156,13.454679116446451,278.9423000000032,285.92554999978745,295.49627000015107,230.31199999991804,303.346000000136,0,766.0,64.0,68.0,127.0,0.9228915662650602,0.9184652278177458,0.9206730769230769,0.33507853403141363,0.0815347721822542,0.89,170,7,8,0.96045197740113,0.9550561797752809,0.9577464788732394,0.9659090909090909,0.8712511235955056,0.10679654940508189,0.21466818181818184,0.0,1.0,,,not_computed_no_bbox_data,1,0,1.0,0,0,0,0.0,0,0,0,0,0,0,0,,,0,,,,,,,0.0,0,0,0,0,0,0,588.0,200,0.6461505,0.62445,0.10931562067871115,0.80816,0.8491399999999999,0.9722709999999998,0.5005,1.0313,200,0.0,0.0,0.0,0.0,0.0,0.0,0.0,0.0,200,0,0,0,0,0.0,0.0,3598845.77,215930.746178,1025.0,92.25,0.0,0.0,129.23,10.984581,3547971.59,28383.772722,600.0,90.0,27693.305,11631.187967,22166.105,9309.764122,1569.0,470.7,0.0,0.0,216033.980759,49885.424811,265919.40557,4431.990092833334,259.4335664097561,1329.59702785,1510.905713465909,1564.2317974705882,0.0,265919.405571,3600000.0,3600000.0,burst__s10__fixed_threshold,fixed_threshold,main,,,True,,0.0
motion_only,burst,10,3600.0,f8befe1c3aa1e622,True,synthetic_distribution,False,,1025,1025,834,0,48617.285,0.01350480138888889,186,3.1,186,3.1,152,145,186,277,120,0.4332129963898917,0.5667870036101084,0.17386091127098321,120,1113.0899250000225,289.6280000000261,1154.6712948998863,2744.9615000000244,3209.6778999999565,4779.687450000137,238.2390000000596,5823.490999999922,186,262.6920645161398,263.3960000000661,12.398981181619718,277.5139999999665,283.21799999997893,290.3980000000273,229.31199999991804,302.346000000136,186,263.6920645161398,264.3960000000661,12.398981181619718,278.5139999999665,284.21799999997893,291.3980000000273,230.31199999991804,303.346000000136,0,569.0,90.0,265.0,101.0,0.8634294385432474,0.6822541966426858,0.7622237106496986,0.4712041884816754,0.31774580335731417,0.8225806451612904,145,8,8,0.9477124183006536,0.9477124183006536,0.9477124183006536,0.9539473684210527,0.8711666666666666,0.09946303068821205,0.18686060606060603,0.0,1.0,,,not_computed_no_bbox_data,1,0,1.0,0,0,0,0.0,0,0,0,0,0,0,0,,,0,,,,,,,0.0,0,0,0,0,0,0,416.0,186,0.643747311827957,0.6234500000000001,0.10887340090750865,0.8046500000000001,0.8525,0.9599150000000002,0.5005,1.0313,186,0.0,0.0,0.0,0.0,0.0,0.0,0.0,0.0,186,0,0,0,0,0.0,0.0,3598855.263,215931.315768,1025.0,92.25,0.0,0.0,119.737,10.177662,3551382.722,28411.061779,558.0,83.7,26065.594,10947.549461,20565.684,8637.58713,1428.0,428.4,0.0,0.0,216033.74343,48508.298370000004,264542.0418,4409.03403,258.0897968780488,1422.269041935484,1740.4081697368422,1824.4278744827586,0.0,264542.0418,3600000.0,3600000.0,burst__s10__motion_only,motion_only,main,,,True,,0.0
secure,burst,10,3600.0,f8befe1c3aa1e622,True,synthetic_distribution,False,,1025,1025,834,0,25180.549999999996,0.006994597222222221,128,2.1333333333333333,128,2.1333333333333333,106,100,200,277,77,0.2779783393501805,0.7220216606498195,0.11990407673860912,77,411.6710129870186,166.2310000001453,552.9716825990807,1171.682200000249,1705.2169999999926,2315.5954000000083,129.54400000022724,3058.9590000000026,128,198.43827343749763,164.61699999996927,55.30090088124316,269.16189999976194,277.0345000000274,290.59643000003416,126.20499999995809,302.74600000004284,128,199.43827343749763,165.61699999996927,55.30090088124316,270.16189999976194,278.0345000000274,291.59643000003416,127.20499999995809,303.74600000004284,0,766.0,64.0,68.0,127.0,0.9228915662650602,0.9184652278177458,0.9206730769230769,0.33507853403141363,0.0815347721822542,0.89,100,7,7,0.9345794392523364,0.9345794392523364,0.9345794392523366,0.9433962264150944,0.8567654205607476,0.07861149167374015,0.22087142857142858,0.578125,0.421875,,,not_computed_no_bbox_data,1,0,1.0,0,0,0,0.0,0,0,0,200,72,128,71,,,0,0.36,0.398876404494382,0.36,0.0,,,0.4,0,0,12,60,0,0,588.0,128,0.64411796875,0.6254,0.10606001007719082,0.8148299999999999,0.85202,0.9561240000000002,0.5059,1.0313,128,0.0,0.0,0.0,0.0,0.0,0.0,0.0,0.0,128,0,0,0,0,0.0,0.0,3598812.553,215928.753163,1025.0,92.25,80.0,7.6,82.447,7.00802,3574819.448,28598.555588,384.0,57.6,17704.372,7435.836212,6091.68,2558.505436,1000.5,300.15,0.0,0.0,216035.611183,38950.647236,254986.258419,4249.77097365,248.76708138439022,1992.0801438984374,2405.5307398018867,2549.86258419,7.6,254986.258417,3600000.0,3600000.0,burst__s10__secure,secure,main,,,True,,0.0
always_on,busy,1,3600.0,3da3049922f9df90,True,synthetic_distribution,False,,1206,1206,977,0,3600000.0,1.0,1,0.016666666666666666,1197,19.95,956,864,0,332,326,0.9819277108433735,0.01807228915662651,0.8843398157625384,326,431.20153987730146,316.52700000000186,397.99175397760655,838.8310000002384,1315.4189999999944,1702.4929999999877,129.9159999997355,3229.060000000056,0,,,,,,,,,1197,318.91216457811004,308.3379999999888,103.25173841428834,461.9103999998653,497.5173999999883,574.1223599998646,120.5230000000447,795.6280000000261,0,,,,,,,,,,,864,96,113,0.9,0.8843398157625384,0.8921011874032008,0.9037656903765691,0.8297611054247697,0.11744275734184494,0.16301954545454544,0.5463659147869674,0.45363408521303256,,,not_computed_no_bbox_data,4,0,4.0,16936,191,0,,0,0,0,0,0,0,0,,,0,,,,,,,0.0,0,0,0,0,0,0,,0,,,,,,,,,0,,,,,,,,,0,0,0,0,0,3600000.0,18000.0,0.0,0.0,0.0,0.0,0.0,0.0,0.0,0.0,0.0,0.0,0.0,0.0,2547022.874,1069749.606897,941822.626,395565.503103,111154.5,33346.35,0.0,0.0,18000.0,1498661.46,1516661.46,25277.691,1257.596567164179,,1586.4659623430962,1755.3952083333334,0.0,1516661.46,3600000.0,3600000.0,busy__s01__always_on,always_on,main,,,True,,
event,busy,1,3600.0,3da3049922f9df90,True,synthetic_distribution,False,,1206,1206,977,0,92007.224,0.025557562222222222,455,7.583333333333333,455,7.583333333333333,411,377,455,332,268,0.8072289156626506,0.19277108433734935,0.3858751279426817,268,688.3616194029772,256.8620000000228,926.9233320327254,2141.7057999999734,2823.5126999998633,3714.0058899999103,127.74199999999837,5012.027000000002,455,203.53430769229743,171.96299999998882,55.99059054874508,274.73299999997255,280.408899999992,291.78547999998085,118.88200000009965,305.719000000041,455,204.53430769229743,172.96299999998882,55.99059054874508,275.73299999997255,281.408899999992,292.78547999998085,119.88200000009965,306.719000000041,0,900.0,50.0,77.0,179.0,0.9473684210526315,0.9211873080859775,0.934094447327452,0.2183406113537118,0.07881269191402251,0.9230769230769231,377,34,43,0.9172749391727494,0.8976190476190476,0.9073405535499399,0.9172749391727494,0.8293704761904762,0.12159612650360054,0.15693142857142858,0.545054945054945,0.45494505494505494,,,not_computed_no_bbox_data,0,0,0.0,0,0,0,0.0,0,0,0,0,0,0,0,,,0,,,,,,,0.0,0,0,0,0,0,0,480.0,455,0.6630808791208791,0.6449,0.12022491663845412,0.8236600000000001,0.9025599999999996,1.0007159999999997,0.5001,1.1631,455,0.0,0.0,0.0,0.0,0.0,0.0,0.0,0.0,455,0,0,0,0,0.0,0.0,3598492.298,215909.537899,1206.0,108.54,0.0,0.0,301.702,25.644643,3507992.774,28063.942189,1365.0,204.75,64209.557,26968.014137,22849.169,9596.650921,3583.5,1075.05,0.0,0.0,216043.722542,65908.407247,281952.12978899997,4699.202163149999,233.79115239552237,619.6750105252746,686.0149143284671,747.8836333925728,0.0,281952.129789,3600000.0,3600000.0000000005,busy__s01__event,event,main,,,True,,0.0
event_no_early_exit,busy,1,3600.0,3da3049922f9df90,True,synthetic_distribution,False,,1206,1206,977,0,119350.19399999999,0.03315283166666666,455,7.583333333333333,455,7.583333333333333,411,386,455,332,271,0.8162650602409639,0.1837349397590361,0.39508700102354144,271,716.5618413284092,272.3059999998659,895.8599605470059,1875.155999999959,2818.0799999999,3802.53060000001,227.7569999997504,5119.77500000014,455,263.6287516483425,262.655999999959,14.23881473135419,281.8407999999472,286.9706000000122,299.7055599999381,216.73899999982677,305.719000000041,455,264.6287516483425,263.655999999959,14.23881473135419,282.8407999999472,287.9706000000122,300.7055599999381,217.73899999982677,306.719000000041,0,900.0,50.0,77.0,179.0,0.9473684210526315,0.9211873080859775,0.934094447327452,0.2183406113537118,0.07881269191402251,0.9230769230769231,386,25,34,0.9391727493917275,0.919047619047619,0.9290012033694345,0.9391727493917275,0.8505014285714285,0.13344373014457975,0.14778857142857144,0.0,1.0,,,not_computed_no_bbox_data,0,0,0.0,0,0,0,0.0,0,0,0,0,0,0,0,,,0,,,,,,,0.0,0,0,0,0,0,0,480.0,455,0.6630808791208791,0.6449,0.12022491663845412,0.8236600000000001,0.9025599999999996,1.0007159999999997,0.5001,1.1631,455,0.0,0.0,0.0,0.0,0.0,0.0,0.0,0.0,455,0,0,0,0,0.0,0.0,3598492.298,215909.537899,1206.0,108.54,0.0,0.0,301.702,25.644643,3480649.813,27845.1985,1365.0,204.75,64209.557,26968.014137,50175.63,21073.764611,3600.0,1080.0,0.0,0.0,216043.722542,77171.727248,293215.44979000004,4886.924163166667,243.13055538142623,644.4295599780221,713.4195858637471,759.6255175906737,0.0,293215.44979,3600000.0,3600000.0,busy__s01__event_no_early_exit,event_no_early_exit,main,,,True,,0.0
fixed_threshold,busy,1,3600.0,3da3049922f9df90,True,synthetic_distribution,False,,1206,1206,977,0,120688.33300000001,0.03352453694444445,460,7.666666666666667,460,7.666666666666667,412,386,460,332,271,0.8162650602409639,0.1837349397590361,0.39508700102354144,271,715.5083726937229,272.8709999999264,884.7362249657419,1875.155999999959,2787.534000000014,3802.53060000001,227.7569999997504,5119.77500000014,460,263.6872152173802,262.75,14.203738634831113,281.9275999999838,286.9626000000106,299.6762599999434,216.73899999982677,305.719000000041,460,264.6872152173802,263.75,14.203738634831113,282.9275999999838,287.9626000000106,300.6762599999434,217.73899999982677,306.719000000041,0,908.0,54.0,69.0,175.0,0.9438669438669439,0.9293756397134084,0.9365652398143373,0.23580786026200873,0.07062436028659161,0.9152173913043479,386,26,35,0.9368932038834952,0.9168646080760094,0.9267707082833133,0.9368932038834952,0.850734679334917,0.13368549226486512,0.14588717948717952,0.0,1.0,,,not_computed_no_bbox_data,0,0,0.0,0,0,0,0.0,0,0,0,0,0,0,0,,,0,,,,,,,0.0,0,0,0,0,0,0,487.0,460,0.6627380434782609,0.6441,0.1206048740803501,0.8255600000000002,0.9002599999999996,1.0002359999999997,0.5001,1.1631,460,0.0,0.0,0.0,0.0,0.0,0.0,0.0,0.0,460,0,0,0,0,0.0,0.0,3598489.141,215909.348441,1206.0,108.54,0.0,0.0,304.859,25.913042,3479311.674,27834.49339,1380.0,207.0,64871.095,27245.859905,50805.731,21338.407125,3631.5,1089.45,0.0,0.0,216043.80148300002,77715.21042,293759.01190300006,4895.983531716668,243.58127023466008,638.6065476152176,713.0073104441749,761.0337095932645,0.0,293759.011902,3600000.0,3600000.0000000005,busy__s01__fixed_threshold,fixed_threshold,main,,,True,,0.0
motion_only,busy,1,3600.0,3da3049922f9df90,True,synthetic_distribution,False,,1206,1206,977,0,108569.418,0.030158171666666667,416,6.933333333333334,416,6.933333333333334,340,316,416,332,245,0.7379518072289156,0.2620481927710844,0.323439099283521,245,823.6268204081599,275.00900000007823,985.7158003213564,2297.008799999905,2963.3351999997144,4460.446920000017,227.7569999997504,5119.77500000014,416,262.3093149038347,261.9784999998519,13.49144809413037,279.2040000001434,284.19725000008475,291.9053499998758,216.73899999982677,304.7300000000396,416,263.3093149038347,262.9784999998519,13.49144809413037,280.2040000001434,285.19725000008475,292.9053499998758,217.73899999982677,305.7300000000396,0,676.0,91.0,301.0,138.0,0.8813559322033898,0.691914022517912,0.7752293577981652,0.39737991266375544,0.30808597748208805,0.84375,316,26,35,0.9239766081871345,0.9002849002849003,0.911976911976912,0.9294117647058824,0.8421247863247865,0.13990044883374314,0.15635384615384615,0.0,1.0,,,not_computed_no_bbox_data,2,0,2.0,0,0,0,0.0,0,0,0,0,0,0,0,,,0,,,,,,,0.0,0,0,0,0,0,0,325.0,416,0.6675336538461539,0.64545,0.12162210591755948,0.8446,0.911325,0.9915,0.5001,1.0636,416,0.0,0.0,0.0,0.0,0.0,0.0,0.0,0.0,416,0,0,0,0,0.0,0.0,3598516.306,215910.978349,1206.0,108.54,0.0,0.0,277.694,23.604006,3491430.583,27931.444666,1248.0,187.2,58358.252,24510.46594,45738.165,19210.029098,3225.0,967.5,0.0,0.0,216043.12235500003,72806.639704,288849.762059,4814.162700983333,239.51058213847426,694.3503895649038,849.5581237029411,914.0815255031645,0.0,288849.762059,3600000.0,3600000.0,busy__s01__motion_only,motion_only,main,,,True,,0.0
secure,busy,1,3600.0,3da3049922f9df90,True,synthetic_distribution,False,,1206,1206,977,0,85013.613,0.023614892499999998,419,6.983333333333333,419,6.983333333333333,375,342,455,332,254,0.7650602409638554,0.2349397590361446,0.3500511770726714,254,637.0115196850426,256.05100000009406,901.9476507732708,1883.630400000014,2813.0472999999183,3729.93567999996,128.1420000000071,5098.719000000041,419,204.6179713603836,172.99099999992177,56.22977151547593,275.2185999999987,281.00599999999974,291.33730000010456,119.28200000000652,306.11900000000605,419,205.6179713603836,173.99099999992177,56.22977151547593,276.2185999999987,282.00599999999974,292.33730000010456,120.28200000000652,307.11900000000605,0,900.0,50.0,77.0,179.0,0.9473684210526315,0.9211873080859775,0.934094447327452,0.2183406113537118,0.07881269191402251,0.9230769230769231,342,33,42,0.912,0.890625,0.9011857707509882,0.912,0.8281401041666666,0.12297488145306923,0.15693142857142858,0.5369928400954654,0.4630071599045346,,,not_computed_no_bbox_data,0,0,0.0,0,0,0,0.0,0,0,0,455,36,419,36,,,0,0.07912087912087912,0.08571428571428572,0.07912087912087912,0.0,,,0.4,0,0,28,8,0,0,480.0,419,0.6627978520286397,0.6423,0.12139557613218899,0.8334400000000001,0.9116299999999997,1.0041719999999998,0.5001,1.1631,419,0.0,0.0,0.0,0.0,0.0,0.0,0.0,0.0,419,0,0,0,0,0.0,0.0,3598334.288,215900.057258,1206.0,108.54,182.0,17.29,277.712,23.605551,3514986.384,28119.891071,1257.0,188.55,59027.65,24791.612915,21449.966,9008.985835,3279.0,983.7,0.0,0.0,216049.492809,63092.739820999996,279142.23263,4652.370543833333,231.46122108623547,666.2105790692124,744.3792870133333,816.2053585672514,17.29,279142.23263,3600000.0,3600000.0,busy__s01__secure,secure,main,,,True,,0.0
always_on,busy,2,3600.0,8a2ef13cc650e6b7,True,synthetic_distribution,False,,1490,1490,1190,0,3600000.0,1.0,1,0.016666666666666666,1482,24.7,1166,1051,0,389,382,0.9820051413881749,0.01799485861182515,0.8831932773109243,382,411.5205445026149,321.53999999997905,349.7259351345519,545.6902000000556,1256.5523999998807,1798.4859899999456,129.77799999993294,2877.866999999853,0,,,,,,,,,1482,326.9622483130931,314.6614999999292,108.72981905221634,474.9380000002217,513.4829499997898,654.029069999981,129.77799999993294,823.2239999999292,0,,,,,,,,,,,1051,121,135,0.8967576791808873,0.8861720067453626,0.8914334181509755,0.9013722126929674,0.8391056492411467,0.1075617050740592,0.1545810810810811,0.5357624831309041,0.4642375168690958,,,not_computed_no_bbox_data,6,0,6.0,16667,214,0,,0,0,0,0,0,0,0,,,0,,,,,,,0.0,0,0,0,0,0,0,,0,,,,,,,,,0,,,,,,,,,0,0,0,0,0,3600000.0,18000.0,0.0,0.0,0.0,0.0,0.0,0.0,0.0,0.0,0.0,0.0,0.0,0.0,2551554.489,1071652.885263,936676.011,393403.924737,111769.5,33530.85,0.0,0.0,18000.0,1498587.6600000001,1516587.6600000001,25276.461000000003,1017.8440671140941,,1300.6755231560894,1442.9949191246433,0.0,1516587.66,3600000.0,3600000.0,busy__s02__always_on,always_on,main,,,True,,
event,busy,2,3600.0,8a2ef13cc650e6b7,True,synthetic_distribution,False,,1490,1490,1190,0,107485.963,0.029857211944444444,534,8.9,533,8.883333333333333,478,428,534,389,301,0.7737789203084833,0.22622107969151672,0.3596638655462185,301,621.3756046511623,244.6339999998454,901.7831512316637,1806.219000000041,2801.7989999998827,3855.6969999996945,127.78299999982119,4662.399000000209,533,202.65263789868717,169.08200000040233,55.97752158056399,271.71759999985807,279.34220000002534,291.5292400002852,126.78299999982119,313.61000000010245,533,203.65263789868717,170.08200000040233,55.97752158056399,272.71759999985807,280.34220000002534,292.5292400002852,127.78299999982119,314.61000000010245,0,1094.0,71.0,96.0,229.0,0.9390557939914163,0.9193277310924369,0.9290870488322718,0.23666666666666666,0.08067226890756303,0.9176029962546817,428,52,61,0.8916666666666667,0.8752556237218814,0.8833849329205368,0.895397489539749,0.840036809815951,0.11219995212572502,0.15359545454545456,0.5478424015009381,0.4521575984990619,,,not_computed_no_bbox_data,2,0,2.0,0,0,0,0.0,0,0,0,0,0,0,0,,,0,,,,,,,0.0,0,0,0,0,0,0,604.0,534,0.6666897003745318,0.64105,0.12223321904226163,0.8422,0.88718,1.0295879999999977,0.5009,1.1946,534,0.0,0.0,0.0,0.0,0.0,0.0,0.0,0.0,534,0,0,0,0,0.0,0.0,3598153.988,215889.239289,1490.0,134.1,0.0,0.0,356.012,30.261007,3492514.041,27940.112325,1602.0,240.3,75132.72,31555.742598,26545.239,11149.000364,4206.0,1261.8,0.0,0.0,216053.600296,72146.955287,288200.55558299995,4803.342593049999,193.42319166644293,539.7014149494381,602.9300326004183,673.3657840724298,0.0,288200.555583,3600000.0,3600000.0000000005,busy__s02__event,event,main,,,True,,0.0
event_no_early_exit,busy,2,3600.0,8a2ef13cc650e6b7,True,synthetic_distribution,False,,1490,1490,1190,0,139739.528,0.03881653555555555,534,8.9,533,8.883333333333333,478,441,534,389,306,0.7866323907455013,0.2133676092544987,0.37058823529411766,306,673.4444477124136,269.12899999995716,879.290971254816,1790.9839999999385,2679.4027500000666,4185.671500000029,224.34000000008382,4662.399000000209,533,263.16589493433446,262.8029999998398,14.1318505389196,280.9437999999078,287.6880000000642,296.5887599998526,223.34000000008382,313.61000000010245,533,264.16589493433446,263.8029999998398,14.1318505389196,281.9437999999078,288.6880000000642,297.5887599998526,224.34000000008382,314.61000000010245,0,1094.0,71.0,96.0,229.0,0.9390557939914163,0.9193277310924369,0.9290870488322718,0.23666666666666666,0.08067226890756303,0.9176029962546817,441,39,48,0.91875,0.901840490797546,0.9102167182662538,0.9225941422594143,0.8618593047034765,0.12270813449330507,0.14333863636363636,0.0,1.0,,,not_computed_no_bbox_data,2,0,2.0,0,0,0,0.0,0,0,0,0,0,0,0,,,0,,,,,,,0.0,0,0,0,0,0,0,604.0,534,0.6666897003745318,0.64105,0.12223321904226163,0.8422,0.88718,1.0295879999999977,0.5009,1.1946,534,0.0,0.0,0.0,0.0,0.0,0.0,0.0,0.0,534,0,0,0,0,0.0,0.0,3598153.988,215889.239289,1490.0,134.1,0.0,0.0,356.012,30.261007,3460260.477,27682.083814,1602.0,240.3,75132.72,31555.742598,58806.303,24698.647156,4198.5,1259.55,0.0,0.0,216053.600296,85436.323568,301489.923864,5024.8320644000005,202.34223078120806,564.5878724044944,630.732058292887,683.6506210068028,0.0,301489.923864,3600000.0,3600000.0,busy__s02__event_no_early_exit,event_no_early_exit,main,,,True,,0.0
fixed_threshold,busy,2,3600.0,8a2ef13cc650e6b7,True,synthetic_distribution,False,,1490,1490,1190,0,140156.539,0.03893237194444444,536,8.933333333333334,535,8.916666666666666,480,442,536,389,307,0.7892030848329049,0.2107969151670951,0.37142857142857144,307,671.7227524429954,268.8179999999702,877.8939088481796,1789.1061999999924,2669.801700000067,4183.33700000003,224.34000000008382,4662.399000000209,535,262.9656168224321,262.58499999996275,14.059055960976576,280.27360000000334,287.07019999997266,296.5821199998539,223.34000000008382,313.61000000010245,535,263.9656168224321,263.58499999996275,14.059055960976576,281.27360000000334,288.07019999997266,297.5821199998539,224.34000000008382,314.61000000010245,0,1101.0,77.0,89.0,223.0,0.934634974533107,0.9252100840336135,0.9298986486486487,0.25666666666666665,0.07478991596638655,0.917910447761194,442,40,49,0.91701244813278,0.90020366598778,0.9085303186022611,0.9208333333333333,0.8617350305498982,0.12221768048616138,0.13969545454545454,0.0,1.0,,,not_computed_no_bbox_data,2,0,2.0,0,0,0,0.0,0,0,0,0,0,0,0,,,0,,,,,,,0.0,0,0,0,0,0,0,609.0,536,0.6654891791044776,0.64035,0.12239296401222867,0.8412,0.8871,1.0284599999999988,0.5009,1.1946,536,0.0,0.0,0.0,0.0,0.0,0.0,0.0,0.0,536,0,0,0,0,0.0,0.0,3598153.298,215889.197908,1490.0,134.1,0.0,0.0,356.702,30.319631,3459843.465,27678.747722,1608.0,241.2,75326.968,31637.326598,59003.567,24781.497974,4218.0,1265.4,0.0,0.0,216053.617539,85604.17229399999,301657.78983300005,5027.62983055,202.45489250536914,562.7943840167911,628.45372881875,682.4836874049774,0.0,301657.789833,3600000.0,3599999.9999999995,busy__s02__fixed_threshold,fixed_threshold,main,,,True,,0.0
motion_only,busy,2,3600.0,8a2ef13cc650e6b7,True,synthetic_distribution,False,,1490,1490,1190,0,124242.23000000001,0.03451173055555556,475,7.916666666666667,474,7.9,396,366,475,389,274,0.7043701799485861,0.2956298200514139,0.30756302521008405,274,762.6868248175181,271.0779999999795,864.3389821233415,2030.2964000001552,2419.8145000001064,3898.2498499997773,220.65700000012293,4367.188000000082,474,263.0653248945133,262.7600000000093,14.61218753701619,281.1781999999192,288.3233000002845,296.812989999877,219.65700000012293,313.61000000010245,474,264.0653248945133,263.7600000000093,14.61218753701619,282.1781999999192,289.3233000002845,297.812989999877,220.65700000012293,314.61000000010245,0,810.0,119.0,380.0,181.0,0.8719052744886975,0.680672268907563,0.7645115620575743,0.39666666666666667,0.31932773109243695,0.848421052631579,366,32,36,0.9195979899497487,0.9104477611940298,0.9149999999999999,0.9242424242424242,0.8651445273631841,0.11484812928558957,0.13826805555555555,0.0,1.0,,,not_computed_no_bbox_data,2,0,2.0,0,0,0,0.0,0,0,0,0,0,0,0,,,0,,,,,,,0.0,0,0,0,0,0,0,407.0,475,0.6665827368421052,0.636,0.1268628737294348,0.8399800000000003,0.9130899999999998,1.0579719999999997,0.5009,1.2463,475,0.0,0.0,0.0,0.0,0.0,0.0,0.0,0.0,475,0,0,0,0,0.0,0.0,3598193.373,215891.602375,1490.0,134.1,0.0,0.0,316.627,26.913302,3475757.782,27806.062252,1425.0,213.75,66615.721,27978.60284,52539.997,22066.79892,3661.5,1098.45,0.0,0.0,216052.615677,79163.664012,295216.27968900005,4920.271328150001,198.13173133489937,621.5079572400001,745.4956557803032,806.6018570737706,0.0,295216.279689,3600000.0,3600000.0,busy__s02__motion_only,motion_only,main,,,True,,0.0
secure,busy,2,3600.0,8a2ef13cc650e6b7,True,synthetic_distribution,False,,1490,1490,1190,0,99190.644,0.027552956666666666,493,8.216666666666667,492,8.2,440,397,534,389,290,0.7455012853470437,0.25449871465295626,0.33361344537815124,290,610.7987551724101,242.42150000005495,923.5903107486484,2067.1321000000003,2728.5614500000393,3893.678169999644,128.18299999972805,5822.848000000231,492,202.9685406504056,169.59350000019185,56.016932225675326,272.7239000000991,280.21889999990816,292.0149099999526,127.18299999972805,314.0100000000093,492,203.9685406504056,170.59350000019185,56.016932225675326,273.7239000000991,281.21889999990816,293.0149099999526,128.18299999972805,315.0100000000093,0,1094.0,71.0,96.0,229.0,0.9390557939914163,0.9193277310924369,0.9290870488322718,0.23666666666666666,0.08067226890756303,0.9176029962546817,397,45,52,0.8981900452488688,0.8841870824053452,0.8911335578002245,0.9022727272727272,0.8434781737193764,0.10662068348847757,0.1555093023255814,0.5508130081300813,0.4491869918699187,,,not_computed_no_bbox_data,2,0,2.0,0,0,0,0.0,0,0,0,534,41,493,40,,,0,0.07677902621722846,0.08163265306122448,0.07677902621722846,0.0,,,0.4,0,2,24,15,0,0,604.0,493,0.6670886409736309,0.641,0.1226569914584452,0.83784,0.88798,1.0511839999999995,0.5009,1.1946,493,0.0,0.0,0.0,0.0,0.0,0.0,0.0,0.0,493,0,0,0,0,0.0,0.0,3597967.526,215878.051548,1490.0,134.1,213.6,20.292,328.874,27.954306,3500809.359,28006.474873,1479.0,221.85,69422.965,29157.645091,24414.176,10253.954091,3874.5,1162.35,0.0,0.0,216060.39785399998,68802.274055,284862.67190899997,4747.711198483333,191.18300128120802,577.8147503225151,647.4151634295454,717.538216395466,20.292,284862.671909,3600000.0,3600000.0,busy__s02__secure,secure,main,,,True,,0.0
always_on,busy,3,3600.0,314596b67318b2f1,True,synthetic_distribution,False,,1229,1229,978,0,3600000.0,1.0,1,0.016666666666666666,1223,20.383333333333333,957,866,0,328,320,0.975609756097561,0.024390243902439046,0.885480572597137,320,383.7525031250061,318.2760000000126,274.65514722990736,485.6210000000664,1116.5959999997642,1545.8718299998438,142.53100000042468,1755.7309999999125,0,,,,,,,,,1223,315.3703957481617,307.31600000010803,99.10606701266255,442.78540000002823,482.7060999999928,589.7131800000321,132.86200000019744,918.7480000000214,0,,,,,,,,,,,866,99,111,0.8974093264248705,0.8863868986693961,0.8918640576725025,0.9049111807732497,0.8291183213920165,0.11580364706790787,0.17796951219512194,0.5200327064595257,0.47996729354047424,,,not_computed_no_bbox_data,8,0,8.0,16992,226,0,,0,0,0,0,0,0,0,,,0,,,,,,,0.0,0,0,0,0,0,0,,0,,,,,,,,,0,,,,,,,,,0,0,0,0,0,3600000.0,18000.0,0.0,0.0,0.0,0.0,0.0,0.0,0.0,0.0,0.0,0.0,0.0,0.0,2555614.227,1073357.975363,932604.273,391693.794637,111781.5,33534.45,0.0,0.0,18000.0,1498586.22,1516586.22,25276.436999999998,1234.000179007323,,1584.729592476489,1751.2542956120092,0.0,1516586.22,3600000.0,3600000.0,busy__s03__always_on,always_on,main,,,True,,
event,busy,3,3600.0,314596b67318b2f1,True,synthetic_distribution,False,,1229,1229,978,0,94710.432,0.026308453333333332,473,7.883333333333334,473,7.883333333333334,426,391,473,328,276,0.8414634146341463,0.1585365853658537,0.3997955010224949,276,571.1417355072506,251.6810000000405,739.1598001378385,1685.385999999824,2327.610250000005,3067.8247499999707,132.17800000030547,3797.9439999999013,473,201.53941014799167,167.11100000003353,55.951312990236,274.0781999999657,281.315799999889,287.63776000015434,126.51800000001094,317.93799999996554,473,202.53941014799167,168.11100000003353,55.951312990236,275.0781999999657,282.315799999889,288.63776000015434,127.51800000001094,318.93799999996554,0,891.0,58.0,87.0,193.0,0.9388830347734457,0.911042944785276,0.9247535028541775,0.23107569721115537,0.08895705521472393,0.9217758985200846,391,36,45,0.9156908665105387,0.8967889908256881,0.9061413673232909,0.9178403755868545,0.8314116972477064,0.11480295833370409,0.16910540540540542,0.5623678646934461,0.4376321353065539,,,not_computed_no_bbox_data,1,0,1.0,0,0,0,0.0,0,0,0,0,0,0,0,,,0,,,,,,,0.0,0,0,0,0,0,0,455.0,473,0.659360042283298,0.6343,0.1228388462580067,0.83812,0.9144999999999999,0.9964239999999996,0.5005,1.1067,473,0.0,0.0,0.0,0.0,0.0,0.0,0.0,0.0,473,0,0,0,0,0.0,0.0,3598459.123,215907.547378,1229.0,110.61,0.0,0.0,311.877,26.509547,3505289.559,28042.316471,1419.0,212.85,66686.868,28008.484701,22872.573,9606.480589,3732.0,1119.6,0.0,0.0,216044.66692499997,66989.731761,283034.3986859999,4717.239978099999,230.29650015134249,598.3813925708243,664.3999969154928,723.8731424194372,0.0,283034.398687,3600000.0,3599999.9999999995,busy__s03__event,event,main,,,True,,0.0
event_no_early_exit,busy,3,3600.0,314596b67318b2f1,True,synthetic_distribution,False,,1229,1229,978,0,124107.14799999999,0.03447420777777777,473,7.883333333333334,473,7.883333333333334,426,409,473,328,281,0.8567073170731707,0.14329268292682928,0.418200408997955,281,633.9269893238461,268.55099999997765,774.9675584238458,1693.1580000002868,2362.792000000365,3530.295599999837,224.39700000011362,3904.345999999903,473,263.6888773784366,263.4280000003055,14.045183370265667,281.4520000000019,286.20960000003686,296.23435999999026,223.39700000011362,317.93799999996554,473,264.6888773784366,264.4280000003055,14.045183370265667,282.4520000000019,287.20960000003686,297.23435999999026,224.39700000011362,318.93799999996554,0,891.0,58.0,87.0,193.0,0.9388830347734457,0.911042944785276,0.9247535028541775,0.23107569721115537,0.08895705521472393,0.9217758985200846,409,18,27,0.9578454332552693,0.9380733944954128,0.9478563151796059,0.960093896713615,0.8543254587155964,0.12613742630908975,0.1576675675675676,0.0,1.0,,,not_computed_no_bbox_data,1,0,1.0,0,0,0,0.0,0,0,0,0,0,0,0,,,0,,,,,,,0.0,0,0,0,0,0,0,455.0,473,0.659360042283298,0.6343,0.1228388462580067,0.83812,0.9144999999999999,0.9964239999999996,0.5005,1.1067,473,0.0,0.0,0.0,0.0,0.0,0.0,0.0,0.0,473,0,0,0,0,0.0,0.0,3598459.123,215907.547378,1229.0,110.61,0.0,0.0,311.877,26.509547,3475892.851,27807.142809,1419.0,212.85,66686.868,28008.484701,52266.281,21951.837821,3735.0,1120.5,0.0,0.0,216044.66692499997,79100.81533099999,295145.482256,4919.091370933334,240.15092128234335,623.9862204143762,692.8297705539906,721.6270959804401,0.0,295145.482257,3600000.0,3599999.9999999995,busy__s03__event_no_early_exit,event_no_early_exit,main,,,True,,0.0
fixed_threshold,busy,3,3600.0,314596b67318b2f1,True,synthetic_distribution,False,,1229,1229,978,0,125116.071,0.034754464166666665,477,7.95,477,7.95,427,410,477,328,281,0.8567073170731707,0.14329268292682928,0.41922290388548056,281,628.005459074736,267.34599999999045,774.3952066813575,1693.1580000002868,2362.792000000365,3530.295599999837,224.39700000011362,3904.345999999903,477,263.6051761006306,263.3950000000186,13.997691892508858,281.38760000006295,285.4702000000048,296.18787999998955,223.39700000011362,317.93799999996554,477,264.6051761006306,264.3950000000186,13.997691892508858,282.38760000006295,286.4702000000048,297.18787999998955,224.39700000011362,318.93799999996554,0,898.0,62.0,80.0,189.0,0.9354166666666667,0.918200408997955,0.9267285861713107,0.24701195219123506,0.081799591002045,0.9161425576519916,410,19,27,0.9557109557109557,0.9382151029748284,0.9468822170900693,0.9601873536299765,0.8532315789473685,0.12640261367393527,0.1646175,0.0,1.0,,,not_computed_no_bbox_data,2,0,2.0,0,0,0,0.0,0,0,0,0,0,0,0,,,0,,,,,,,0.0,0,0,0,0,0,0,461.0,477,0.6591542976939204,0.6343,0.1229184961200868,0.8412000000000003,0.9140999999999999,0.9958920000000001,0.5005,1.1067,477,0.0,0.0,0.0,0.0,0.0,0.0,0.0,0.0,477,0,0,0,0,0.0,0.0,3598456.584,215907.395021,1229.0,110.61,0.0,0.0,314.416,26.725386,3474883.927,27799.07142,1431.0,214.65,67235.595,28238.949979,52687.477,22128.740473,3762.0,1128.6,0.0,0.0,216044.730407,79510.011872,295554.74227899994,4925.9123713166655,240.48392374206668,619.6116190335429,692.1656727845432,720.8652250707315,0.0,295554.74228,3600000.0,3599999.9990000003,busy__s03__fixed_threshold,fixed_threshold,main,,,True,,0.0
motion_only,busy,3,3600.0,314596b67318b2f1,True,synthetic_distribution,False,,1229,1229,978,0,104748.076,0.02909668777777778,400,6.666666666666667,400,6.666666666666667,332,318,400,328,240,0.7317073170731707,0.2682926829268293,0.32515337423312884,240,743.764012500009,271.2430000001332,832.5147450029998,2003.0740000000308,2494.502950000133,3540.12862999984,231.3519999999553,3819.341999999713,400,263.18641750000336,263.26450000016484,13.956115864678264,280.53470000003,284.7986000000601,300.7901000002585,228.26900000032037,317.93799999996554,400,264.18641750000336,264.26450000016484,13.956115864678264,281.53470000003,285.7986000000601,301.7901000002585,229.26900000032037,318.93799999996554,0,635.0,94.0,343.0,157.0,0.8710562414266118,0.6492842535787321,0.7439953134153486,0.3745019920318725,0.3507157464212679,0.845,318,15,20,0.954954954954955,0.9408284023668639,0.9478390461997019,0.9578313253012049,0.8524343195266272,0.12007343156186968,0.1689758064516129,0.0,1.0,,,not_computed_no_bbox_data,1,0,1.0,0,0,0,0.0,0,0,0,0,0,0,0,,,0,,,,,,,0.0,0,0,0,0,0,0,297.0,400,0.6602437499999999,0.6371,0.12013298170849225,0.8245500000000002,0.90013,0.9738069999999999,0.5006,1.0414,400,0.0,0.0,0.0,0.0,0.0,0.0,0.0,0.0,400,0,0,0,0,0.0,0.0,3598506.902,215910.414149,1229.0,110.61,0.0,0.0,264.098,22.448289,3495251.923,27962.015383,1200.0,180.0,56464.41,23715.052064,43992.167,18476.710343,3091.5,927.45,0.0,0.0,216043.47243799997,71261.22778999999,287304.700228,4788.411670466667,233.77111491293735,718.26175057,865.3756030963856,903.4739000880503,0.0,287304.700228,3600000.0,3600000.0,busy__s03__motion_only,motion_only,main,,,True,,0.0
secure,busy,3,3600.0,314596b67318b2f1,True,synthetic_distribution,False,,1229,1229,978,0,87887.171,0.024413103055555555,440,7.333333333333333,440,7.333333333333333,393,361,473,328,267,0.8140243902439024,0.18597560975609762,0.36912065439672803,267,535.5367415730382,250.72500000009313,715.9727929583703,1541.0147999999115,2087.6474999999623,3076.2627399999533,132.57800000021234,4425.266000000294,440,201.45147727272607,167.44949999987148,55.76213112734249,274.2075999998953,281.6818499996909,288.3156199999666,126.91800000000512,318.3379999999888,440,202.45147727272607,168.44949999987148,55.76213112734249,275.2075999998953,282.6818499996909,289.3156199999666,127.91800000000512,319.3379999999888,0,891.0,58.0,87.0,193.0,0.9388830347734457,0.911042944785276,0.9247535028541775,0.23107569721115537,0.08895705521472393,0.9217758985200846,361,33,42,0.916243654822335,0.8957816377171216,0.9058971141781682,0.9185750636132316,0.8311225806451613,0.11659427424772432,0.16910540540540542,0.5659090909090909,0.4340909090909091,,,not_computed_no_bbox_data,1,0,1.0,0,0,0,0.0,0,0,0,473,33,440,33,,,0,0.06976744186046512,0.07568807339449542,0.06976744186046512,0.0,,,0.4,2,0,26,5,0,0,455.0,440,0.6602659090909092,0.6343,0.12433424483547244,0.8602500000000001,0.9191199999999998,1.0008130000000002,0.5005,1.1067,440,0.0,0.0,0.0,0.0,0.0,0.0,0.0,0.0,440,0,0,0,0,0.0,0.0,3598291.283,215897.477008,1229.0,110.61,189.2,17.974,290.517,24.693905,3512112.819,28096.902554,1320.0,198.0,62036.051,26055.141562,21067.629,8848.404351,3463.5,1039.05,0.0,0.0,216050.75491299995,64237.498467000005,280288.25337999995,4671.470889666666,228.06204506102517,637.0187576818181,713.2016625445291,776.4217545152353,17.974,280288.25338,3600000.0,3599999.9990000003,busy__s03__secure,secure,main,,,True,,0.0
always_on,busy,4,3600.0,c37b1f54c2f47ad1,True,synthetic_distribution,False,,1546,1546,1206,0,3600000.0,1.0,1,0.016666666666666666,1538,25.633333333333333,1184,1063,0,407,397,0.9754299754299754,0.02457002457002455,0.8814262023217247,397,420.30444584382576,323.1879999998491,342.2973698352465,700.3141999999539,1287.3399999999904,1709.3816800000525,140.78199999965727,2841.366000000038,0,,,,,,,,,1538,321.0584193758112,311.1860000002198,106.55850584644678,458.5561000000219,506.7516500000143,638.2199899998941,117.0910000000149,859.9569999999367,0,,,,,,,,,,,1063,127,142,0.8932773109243698,0.8821576763485477,0.8876826722338206,0.8978040540540541,0.8361965145228216,0.11005537720149926,0.16124744744744746,0.5383615084525357,0.4616384915474642,,,not_computed_no_bbox_data,6,0,6.0,16637,234,0,,0,0,0,0,0,0,0,,,0,,,,,,,0.0,0,0,0,0,0,0,,0,,,,,,,,,0,,,,,,,,,0,0,0,0,0,3600000.0,18000.0,0.0,0.0,0.0,0.0,0.0,0.0,0.0,0.0,0.0,0.0,0.0,0.0,2552941.37,1072235.375288,935040.13,392716.854712,112018.5,33605.55,0.0,0.0,18000.0,1498557.78,1516557.78,25275.963,980.955873221216,,1280.8765033783784,1426.6771213546567,0.0,1516557.78,3600000.0,3600000.0,busy__s04__always_on,always_on,main,,,True,,
event,busy,4,3600.0,c37b1f54c2f47ad1,True,synthetic_distribution,False,,1546,1546,1206,0,108989.967,0.030274990833333335,541,9.016666666666667,541,9.016666666666667,494,442,541,407,323,0.7936117936117936,0.20638820638820643,0.36650082918739635,323,735.3475046439406,254.46999999997206,1052.4636349359346,2171.4927999999964,2831.0655000000606,4675.82629999998,129.87199999997392,6955.92399999965,541,202.77449907577355,167.7899999995716,56.62913666533405,275.0810000000056,281.0489999996498,289.8264000001829,123.66499999997905,318.0800000000745,541,203.77449907577355,168.7899999995716,56.62913666533405,276.0810000000056,282.0489999996498,290.8264000001829,124.66499999997905,319.0800000000745,0,1103.0,80.0,103.0,260.0,0.9323753169907016,0.9145936981757877,0.9233989116785265,0.23529411764705882,0.08540630182421227,0.9205175600739371,442,52,56,0.8947368421052632,0.8875502008032129,0.8911290322580645,0.8947368421052632,0.8429710843373492,0.10173206834428639,0.14282093023255815,0.5489833641404805,0.4510166358595194,,,not_computed_no_bbox_data,0,0,0.0,0,0,0,0.0,0,0,0,0,0,0,0,,,0,,,,,,,0.0,0,0,0,0,0,0,605.0,541,0.6602362292051757,0.6423,0.11596543250842418,0.8102,0.8872,0.9922,0.5006,1.1202,541,0.0,0.0,0.0,0.0,0.0,0.0,0.0,0.0,541,0,0,0,0,0.0,0.0,3598096.813,215885.808785,1546.0,139.14,0.0,0.0,357.187,30.360888,3491010.045,27928.080361,1623.0,243.45,76111.989,31967.035279,26970.966,11327.805745,4284.0,1285.2,0.0,0.0,216055.309673,72751.571385,288806.881058,4813.448017633334,186.80910805821478,533.8389668354899,584.6293138825912,653.409233162896,0.0,288806.881058,3600000.0,3600000.0,busy__s04__event,event,main,,,True,,0.0
event_no_early_exit,busy,4,3600.0,c37b1f54c2f47ad1,True,synthetic_distribution,False,,1546,1546,1206,0,141786.412,0.039385114444444445,541,9.016666666666667,541,9.016666666666667,494,462,541,407,332,0.8157248157248157,0.1842751842751843,0.38308457711442784,332,759.6157560240846,268.51699999999255,1023.3215798784175,2100.350699999993,2882.3422000000714,4692.706429999985,230.12699999986216,7066.706999999937,541,263.3964085027694,262.3400000000838,14.635357014892612,282.00199999986216,288.0689999999013,302.3184000001056,229.12699999986216,328.4339999999502,541,264.3964085027694,263.3400000000838,14.635357014892612,283.00199999986216,289.0689999999013,303.3184000001056,230.12699999986216,329.4339999999502,0,1103.0,80.0,103.0,260.0,0.9323753169907016,0.9145936981757877,0.9233989116785265,0.23529411764705882,0.08540630182421227,0.9205175600739371,462,32,36,0.9352226720647774,0.927710843373494,0.9314516129032258,0.9352226720647774,0.8664479919678715,0.11365962284459238,0.1301093023255814,0.0,1.0,,,not_computed_no_bbox_data,0,0,0.0,0,0,0,0.0,0,0,0,0,0,0,0,,,0,,,,,,,0.0,0,0,0,0,0,0,605.0,541,0.6602362292051757,0.6423,0.11596543250842418,0.8102,0.8872,0.9922,0.5006,1.1202,541,0.0,0.0,0.0,0.0,0.0,0.0,0.0,0.0,541,0,0,0,0,0.0,0.0,3598096.813,215885.808785,1546.0,139.14,0.0,0.0,357.187,30.360888,3458213.589,27665.70871,1623.0,243.45,76111.989,31967.035279,59774.922,25105.46742,4276.5,1282.95,0.0,0.0,216055.309673,86264.61140899999,302319.921082,5038.665351366667,195.5497549042691,558.8168596709797,611.9836459149798,654.3721235541126,0.0,302319.921083,3600000.0,3600000.0,busy__s04__event_no_early_exit,event_no_early_exit,main,,,True,,0.0
fixed_threshold,busy,4,3600.0,c37b1f54c2f47ad1,True,synthetic_distribution,False,,1546,1546,1206,0,143059.361,0.03973871138888889,546,9.1,546,9.1,497,463,546,407,331,0.8132678132678133,0.18673218673218672,0.3839137645107794,331,754.8333534743076,268.29000000003725,1024.2327939296435,2106.0580000000045,2884.7590000000782,4693.598899999982,230.12699999986216,7066.706999999937,546,263.32889560439173,262.0920000000042,14.668701088512112,282.09799999999814,287.9629999999888,302.31295000009413,229.12699999986216,328.4339999999502,546,264.32889560439173,263.0920000000042,14.668701088512112,283.09799999999814,288.9629999999888,303.31295000009413,230.12699999986216,329.4339999999502,0,1113.0,84.0,93.0,256.0,0.9298245614035088,0.9228855721393034,0.9263420724094882,0.24705882352941178,0.07711442786069651,0.9175824175824175,463,34,38,0.93158953722334,0.9241516966067864,0.9278557114228456,0.93158953722334,0.8660453093812376,0.11365376211526873,0.12590666666666667,0.0,1.0,,,not_computed_no_bbox_data,0,0,0.0,0,0,0,0.0,0,0,0,0,0,0,0,,,0,,,,,,,0.0,0,0,0,0,0,0,612.0,546,0.6601591575091575,0.64375,0.11535350930356088,0.8090999999999999,0.8694,0.9920499999999998,0.5006,1.1202,546,0.0,0.0,0.0,0.0,0.0,0.0,0.0,0.0,546,0,0,0,0,0.0,0.0,3598093.554,215885.613241,1546.0,139.14,0.0,0.0,360.446,30.637908,3456940.639,27655.525115,1638.0,245.7,76801.093,32256.459017,60310.768,25330.52244,4309.5,1292.85,0.0,0.0,216055.39114900003,86781.056572,302836.44772099995,5047.2741286833325,195.88386010413967,554.64550864652,609.3288686539235,654.0744011252699,0.0,302836.447721,3600000.0,3600000.0,busy__s04__fixed_threshold,fixed_threshold,main,,,True,,0.0
motion_only,busy,4,3600.0,c37b1f54c2f47ad1,True,synthetic_distribution,False,,1546,1546,1206,0,130953.793,0.03637605361111111,500,8.333333333333334,500,8.333333333333334,409,383,500,407,298,0.7321867321867321,0.26781326781326786,0.3175787728026534,298,854.1415973154208,272.5379999997094,1037.4063839878809,2246.6343999999112,2940.7590000000605,4748.737069999887,230.12699999986216,5730.5409999997355,500,263.2184619999935,262.1734999999171,14.188699268732357,281.19080000018005,287.8817999997176,301.98272999998125,219.67400000011548,328.4339999999502,500,264.2184619999935,263.1734999999171,14.188699268732357,282.19080000018005,288.8817999997176,302.98272999998125,220.67400000011548,329.4339999999502,0,827.0,140.0,379.0,200.0,0.8552223371251293,0.685737976782753,0.7611596870685688,0.4117647058823529,0.3142620232172471,0.834,383,26,34,0.9364303178484108,0.9184652278177458,0.927360774818402,0.9364303178484108,0.8577364508393286,0.1218189836351939,0.12051204819277107,0.0,1.0,,,not_computed_no_bbox_data,0,0,0.0,0,0,0,0.0,0,0,0,0,0,0,0,,,0,,,,,,,0.0,0,0,0,0,0,0,410.0,500,0.6582368000000001,0.64415,0.113433092431959,0.814,0.8721249999999998,0.9675639999999999,0.5004,1.1202,500,0.0,0.0,0.0,0.0,0.0,0.0,0.0,0.0,500,0,0,0,0,0.0,0.0,3598124.882,215887.492904,1546.0,139.14,0.0,0.0,329.118,27.975052,3469046.219,27752.369751,1500.0,225.0,70281.571,29518.259699,55317.21,23233.228396,3855.0,1156.5,0.0,0.0,216054.60795600002,81885.357846,297939.965802,4965.666096700001,192.71666610737387,595.879931604,728.4595740880196,777.9111378642298,0.0,297939.965802,3600000.0,3600000.0,busy__s04__motion_only,motion_only,main,,,True,,0.0
secure,busy,4,3600.0,c37b1f54c2f47ad1,True,synthetic_distribution,False,,1546,1546,1206,0,97766.964,0.027157490000000003,485,8.083333333333334,485,8.083333333333334,441,394,541,407,301,0.7395577395577395,0.2604422604422605,0.32669983416252074,301,643.6665847176149,250.15800000028685,1008.3155255659028,1669.657000000123,2632.8759999996983,4433.3889999999665,130.27200000034645,8679.518999999855,485,203.29485154640278,169.83899999968708,56.00783492308252,274.966199999908,281.03120000017805,288.5043200000003,124.06500000000233,299.74100000038743,485,204.29485154640278,170.83899999968708,56.00783492308252,275.966199999908,282.03120000017805,289.5043200000003,125.06500000000233,300.74100000038743,0,1103.0,80.0,103.0,260.0,0.9323753169907016,0.9145936981757877,0.9233989116785265,0.23529411764705882,0.08540630182421227,0.9205175600739371,394,47,50,0.8934240362811792,0.8873873873873874,0.8903954802259888,0.8934240362811792,0.8430056306306307,0.10026105244009755,0.14395853658536586,0.5484536082474227,0.4515463917525773,,,not_computed_no_bbox_data,0,0,0.0,0,0,0,0.0,0,0,0,541,56,485,54,,,0,0.10351201478743069,0.10843373493975904,0.10351201478743069,0.0,,,0.4,2,3,38,13,0,0,605.0,485,0.6596247422680412,0.6418,0.11641384146968474,0.80984,0.8837599999999992,0.9942639999999998,0.5006,1.1202,485,0.0,0.0,0.0,0.0,0.0,0.0,0.0,0.0,485,0,0,0,0,0.0,0.0,3597917.683,215875.060967,1546.0,139.14,216.4,20.558,319.917,27.192964,3502233.046,28017.864369,1455.0,218.25,68337.871,28701.905974,24138.582,10138.204635,3835.5,1150.65,0.0,0.0,216061.951931,68226.87497799999,284288.826909,4738.14711515,183.8866926966365,586.1625297092784,644.6458660068027,721.5452459619289,20.558,284288.826908,3600000.0,3599999.999,busy__s04__secure,secure,main,,,True,,0.0
always_on,busy,5,3600.0,c0b6223108527154,True,synthetic_distribution,False,,1594,1594,1264,0,3600000.0,1.0,1,0.016666666666666666,1587,26.45,1235,1121,0,416,406,0.9759615384615384,0.024038461538461564,0.8868670886075949,406,430.2601108374507,335.90200000000186,349.20085261766286,712.7810000000754,1308.8572500001756,1763.1012499999429,140.1149999999907,2605.4199999999255,0,,,,,,,,,1587,325.16888846881545,316.36699999985285,104.95294620155877,464.0292000000365,501.42199999993016,624.4267400000142,132.9670000001788,976.6959999999963,0,,,,,,,,,,,1121,119,142,0.9040322580645161,0.88756927949327,0.895725129844187,0.9076923076923077,0.8266040380047506,0.11605647181814777,0.16023395061728393,0.5129174543163201,0.4870825456836799,,,not_computed_no_bbox_data,5,0,5.0,16507,198,0,,0,0,0,0,0,0,0,,,0,,,,,,,0.0,0,0,0,0,0,0,,0,,,,,,,,,0,,,,,,,,,0,0,0,0,0,3600000.0,18000.0,0.0,0.0,0.0,0.0,0.0,0.0,0.0,0.0,0.0,0.0,0.0,0.0,2540110.358,1066846.350538,948304.642,398287.949462,111585.0,33475.5,0.0,0.0,18000.0,1498609.8,1516609.8,25276.83,951.4490589711418,,1228.024129554656,1352.9079393398752,0.0,1516609.8,3600000.0,3600000.0,busy__s05__always_on,always_on,main,,,True,,
event,busy,5,3600.0,c0b6223108527154,True,synthetic_distribution,False,,1594,1594,1264,0,116126.50700000001,0.03225736305555556,575,9.583333333333334,575,9.583333333333334,519,472,575,416,333,0.8004807692307693,0.19951923076923073,0.37341772151898733,333,675.2903513513585,259.2850000000035,868.0636947334949,2129.6149999999443,2482.5599999999617,3425.8979599999184,125.28800000017509,5085.827000000048,575,203.27479304347654,168.42800000001444,56.4969723543014,273.9951999998652,281.4782999999821,295.831019999776,119.11300000001211,303.7190000000046,575,204.27479304347654,169.42800000001444,56.4969723543014,274.9951999998652,282.4782999999821,296.831019999776,120.11300000001211,304.7190000000046,0,1162.0,73.0,102.0,257.0,0.9408906882591093,0.9193037974683544,0.9299719887955182,0.22121212121212122,0.08069620253164557,0.92,472,49,57,0.9059500959692899,0.8922495274102079,0.8990476190476192,0.9094412331406551,0.8299852551984878,0.10953318150387528,0.15488043478260868,0.5391304347826087,0.4608695652173913,,,not_computed_no_bbox_data,2,0,2.0,0,0,0,0.0,0,0,0,0,0,0,0,,,0,,,,,,,0.0,0,0,0,0,0,0,633.0,575,0.6608805217391305,0.632,0.12467490325430165,0.84368,0.9043099999999998,0.9880059999999999,0.5,1.0754,575,0.0,0.0,0.0,0.0,0.0,0.0,0.0,0.0,575,0,0,0,0,0.0,0.0,3598025.994,215881.559629,1594.0,143.46,0.0,0.0,380.006,32.300525,3483873.486,27870.987885,1725.0,258.75,80784.621,33929.540877,29101.893,12222.795176,4515.0,1354.5,0.0,0.0,216057.320154,75636.573938,291693.894092,4861.564901533333,182.9949147377666,507.29372885565215,562.0306244547205,617.9955383305085,0.0,291693.894092,3600000.0,3600000.0,busy__s05__event,event,main,,,True,,0.0
event_no_early_exit,busy,5,3600.0,c0b6223108527154,True,synthetic_distribution,False,,1594,1594,1264,0,150369.66499999998,0.04176935138888888,575,9.583333333333334,575,9.583333333333334,519,491,575,416,338,0.8125,0.1875,0.3884493670886076,338,667.0319230769354,268.9114999999874,811.2622406849212,1921.367300000276,2469.7265000000352,3490.4126800001445,223.22000000000116,5085.827000000048,575,262.8281147826125,262.17800000001444,14.091894024064443,280.65260000001035,287.7107000000076,297.65103999999815,222.22000000000116,305.34499999997206,575,263.8281147826125,263.17800000001444,14.091894024064443,281.65260000001035,288.7107000000076,298.65103999999815,223.22000000000116,306.34499999997206,0,1162.0,73.0,102.0,257.0,0.9408906882591093,0.9193037974683544,0.9299719887955182,0.22121212121212122,0.08069620253164557,0.92,491,30,38,0.9424184261036468,0.9281663516068053,0.9352380952380952,0.9460500963391136,0.8535034026465028,0.12159511408236394,0.1383478260869565,0.0,1.0,,,not_computed_no_bbox_data,2,0,2.0,0,0,0,0.0,0,0,0,0,0,0,0,,,0,,,,,,,0.0,0,0,0,0,0,0,633.0,575,0.6608805217391305,0.632,0.12467490325430165,0.84368,0.9043099999999998,0.9880059999999999,0.5,1.0754,575,0.0,0.0,0.0,0.0,0.0,0.0,0.0,0.0,575,0,0,0,0,0.0,0.0,3598025.994,215881.559629,1594.0,143.46,0.0,0.0,380.006,32.300525,3449630.334,27597.042669,1725.0,258.75,80784.621,33929.540877,63327.045,26597.358999,4533.0,1359.9,0.0,0.0,216057.320154,89742.59254499999,305799.912699,5096.66521165,191.844361793601,531.8259351286956,589.2098510578035,622.8104128289206,0.0,305799.9127,3600000.0,3599999.9999999995,busy__s05__event_no_early_exit,event_no_early_exit,main,,,True,,0.0
fixed_threshold,busy,5,3600.0,c0b6223108527154,True,synthetic_distribution,False,,1594,1594,1264,0,151946.831,0.04220745305555556,581,9.683333333333334,581,9.683333333333334,520,492,581,416,339,0.8149038461538461,0.18509615384615385,0.38924050632911394,339,669.1804837758234,269.10899999999674,815.3146427264502,2011.265599999949,2470.4168999999747,3487.652320000149,223.22000000000116,5085.827000000048,581,262.84280550775003,262.179999999702,14.07452304594306,280.594000000041,288.20000000018626,297.6117999999784,222.22000000000116,305.34499999997206,581,263.84280550775003,263.179999999702,14.07452304594306,281.594000000041,289.20000000018626,298.6117999999784,223.22000000000116,306.34499999997206,0,1171.0,79.0,93.0,251.0,0.9368,0.9264240506329114,0.9315831344470963,0.23939393939393938,0.07357594936708861,0.9122203098106713,492,30,38,0.9425287356321839,0.9283018867924528,0.935361216730038,0.9461538461538461,0.8531201886792453,0.12193881615241484,0.13531176470588235,0.0,1.0,,,not_computed_no_bbox_data,2,0,2.0,0,0,0,0.0,0,0,0,0,0,0,0,,,0,,,,,,,0.0,0,0,0,0,0,0,641.0,581,0.6614240963855421,0.6327,0.1242324473319561,0.8435,0.9035,0.9878200000000001,0.5,1.0754,581,0.0,0.0,0.0,0.0,0.0,0.0,0.0,0.0,581,0,0,0,0,0.0,0.0,3598021.713,215881.302763,1594.0,143.46,0.0,0.0,384.287,32.664419,3448053.167,27584.425336,1743.0,261.45,81602.706,34273.13649,64026.127,26890.973354,4575.0,1372.5,0.0,0.0,216057.427182,90382.48518,306439.91236200003,5107.3318727000005,192.24586722835636,527.4353052702238,589.307523773077,622.8453503292684,0.0,306439.912362,3600000.0,3599999.9999999995,busy__s05__fixed_threshold,fixed_threshold,main,,,True,,0.0
motion_only,busy,5,3600.0,c0b6223108527154,True,synthetic_distribution,False,,1594,1594,1264,0,139216.784,0.03867132888888889,534,8.9,534,8.9,443,422,534,416,310,0.7451923076923077,0.2548076923076923,0.3338607594936709,310,849.7569129032407,273.79300000006333,1000.8538878547635,2248.8666000001135,2858.973299999978,4583.80404000012,223.22000000000116,6181.481000000145,534,262.0173539325902,261.7334999998566,13.604727022983143,279.97760000005366,285.6659000002313,295.5262700000696,222.22000000000116,305.34499999997206,534,263.0176029962609,262.7334999998566,13.60449698247263,280.97760000005366,286.6659000002313,296.5262700000696,223.22000000000116,306.34499999997206,0,902.0,127.0,362.0,203.0,0.8765792031098154,0.7136075949367089,0.7867422590492805,0.38484848484848483,0.28639240506329117,0.848314606741573,422,22,31,0.9504504504504504,0.9315673289183223,0.9409141583054627,0.9525959367945824,0.8493668874172187,0.1262709180367319,0.12576913580246915,0.0,1.0,,,not_computed_no_bbox_data,1,0,1.0,0,0,0,0.0,0,0,0,0,0,0,0,,,0,,,,,,,0.0,0,0,0,0,0,0,449.0,534,0.6620971910112359,0.63405,0.12602341190654842,0.84371,0.9029799999999999,1.0027359999999996,0.5,1.0796,534,0.0,0.0,0.0,0.0,0.0,0.0,0.0,0.0,534,0,0,0,0,0.0,0.0,3598052.44,215883.146417,1594.0,143.46,0.0,0.0,353.56,30.052575,3460783.214,27686.265712,1602.0,240.3,74811.441,31420.805395,58666.345,24639.864711,4137.0,1241.1,0.0,0.0,216056.658992,85228.335818,301284.99481,5021.416580166667,189.01191644291092,564.2041101310862,680.1015684198645,713.9454853317536,0.0,301284.994811,3600000.0,3600000.0000000005,busy__s05__motion_only,motion_only,main,,,True,,0.0
secure,busy,5,3600.0,c0b6223108527154,True,synthetic_distribution,False,,1594,1594,1264,0,107017.72099999999,0.02972714472222222,527,8.783333333333333,527,8.783333333333333,471,428,575,416,317,0.7620192307692307,0.23798076923076927,0.33860759493670883,317,638.4340977918109,258.6319999997504,859.9589176327871,2113.7434000000358,2516.964399999985,3602.8750800000325,125.68800000008196,4681.353000000119,527,204.78825806452653,169.31400000024587,56.98016891631441,275.73759999999095,282.9748000000487,296.4359799998719,119.51300000000629,304.1189999999988,527,205.78825806452653,170.31400000024587,56.98016891631441,276.73759999999095,283.9748000000487,297.4359799998719,120.51300000000629,305.1189999999988,0,1162.0,73.0,102.0,257.0,0.9408906882591093,0.9193037974683544,0.9299719887955182,0.22121212121212122,0.08069620253164557,0.92,428,45,53,0.904862579281184,0.8898128898128899,0.8972746331236898,0.9087048832271762,0.8262975051975053,0.11183543133594256,0.15488043478260868,0.5294117647058824,0.47058823529411764,,,not_computed_no_bbox_data,2,0,2.0,0,0,0,0.0,0,0,0,575,48,527,48,,,0,0.08347826086956522,0.09073724007561437,0.08347826086956522,0.0,,,0.4,3,1,32,12,0,0,633.0,527,0.662773055028463,0.634,0.12424710979173571,0.8419400000000001,0.90326,0.989494,0.5,1.0754,527,0.0,0.0,0.0,0.0,0.0,0.0,0.0,0.0,527,0,0,0,0,0.0,0.0,3597826.719,215869.603118,1594.0,143.46,230.0,21.85,349.281,29.688916,3492982.272,27943.858177,1581.0,237.15,74056.384,31103.681301,27252.344,11445.984396,4128.0,1238.4,0.0,0.0,216064.602034,71969.073874,288033.67590800003,4800.561265133334,180.69866744542034,546.5534647210627,611.5364668959661,672.9758782897197,21.85,288033.675908,3600000.0,3600000.0,busy__s05__secure,secure,main,,,True,,0.0
always_on,busy,6,3600.0,a00dc684e6f1cbd5,True,synthetic_distribution,False,,1370,1370,1099,0,3600000.0,1.0,1,0.016666666666666666,1364,22.733333333333334,1076,977,0,371,364,0.9811320754716981,0.018867924528301883,0.8889899909008189,364,401.6286181318741,316.7520000000708,321.2510123748548,574.5119000001343,1207.9138500000195,1774.8676799998725,145.6370000001043,1812.473000000231,0,,,,,,,,,1364,319.19146700880316,312.4790000000503,100.08733807107066,449.99289999993056,491.3087500000256,595.2234199999724,135.66700000001583,739.6510000000708,0,,,,,,,,,,,977,104,121,0.9037927844588344,0.8897996357012751,0.8967416245984396,0.9079925650557621,0.8375243169398906,0.11074471453066832,0.1695609022556391,0.5498533724340176,0.4501466275659824,,,not_computed_no_bbox_data,5,0,5.0,16773,193,0,,0,0,0,0,0,0,0,,,0,,,,,,,0.0,0,0,0,0,0,0,,0,,,,,,,,,0,,,,,,,,,0,0,0,0,0,3600000.0,18000.0,0.0,0.0,0.0,0.0,0.0,0.0,0.0,0.0,0.0,0.0,0.0,0.0,2548021.694,1070169.111314,940471.306,394997.948686,111507.0,33452.1,0.0,0.0,18000.0,1498619.1600000001,1516619.1600000001,25276.986,1107.021284671533,,1409.4973605947957,1552.3225793244628,0.0,1516619.16,3600000.0,3600000.0,busy__s06__always_on,always_on,main,,,True,,
event,busy,6,3600.0,a00dc684e6f1cbd5,True,synthetic_distribution,False,,1370,1370,1099,0,100415.305,0.027893140277777777,511,8.516666666666667,511,8.516666666666667,463,419,511,371,290,0.7816711590296496,0.21832884097035044,0.3812556869881711,290,640.9999620689811,252.90749999997206,871.3149919515007,1970.699100000039,2422.492500000016,4113.244069999968,128.7269999999553,4680.087999999989,511,197.8316908023571,166.97099999996135,54.87656288301597,271.11699999985285,277.3189999999013,291.00149999982676,121.88299999991432,303.997999999905,511,198.8316908023571,167.97099999996135,54.87656288301597,272.11699999985285,278.3189999999013,292.00149999982676,122.88299999991432,304.997999999905,0,1029.0,63.0,70.0,208.0,0.9423076923076923,0.9363057324840764,0.939297124600639,0.23247232472324722,0.06369426751592357,0.9256360078277887,419,45,54,0.9030172413793104,0.8858350951374208,0.8943436499466382,0.9049676025917927,0.8378807610993658,0.11263128549519826,0.15885263157894738,0.5929549902152642,0.4070450097847358,,,not_computed_no_bbox_data,1,0,1.0,0,0,0,0.0,0,0,0,0,0,0,0,,,0,,,,,,,0.0,0,0,0,0,0,0,556.0,511,0.6567559686888454,0.6306,0.12499560007389984,0.8143,0.9014,1.0159099999999999,0.5007,1.1958,511,0.0,0.0,0.0,0.0,0.0,0.0,0.0,0.0,511,0,0,0,0,0.0,0.0,3598294.398,215897.663858,1370.0,123.3,0.0,0.0,335.602,28.526201,3499584.692,27996.677538,1533.0,229.95,71922.903,30207.619176,22912.405,9623.210064,4047.0,1214.1,0.0,0.0,216049.490059,69271.55677800001,285321.04683699994,4755.350780616665,208.26353783722624,558.3582129882582,616.244161634989,680.9571523556084,0.0,285321.046837,3600000.0,3599999.9999999995,busy__s06__event,event,main,,,True,,0.0
event_no_early_exit,busy,6,3600.0,a00dc684e6f1cbd5,True,synthetic_distribution,False,,1370,1370,1099,0,133963.88400000002,0.037212190000000006,511,8.516666666666667,511,8.516666666666667,463,430,511,371,296,0.7978436657681941,0.2021563342318059,0.39126478616924476,296,671.5269358108086,269.8945000001404,818.7851042185212,1742.0329999999958,2414.7660000000324,3652.1288000000986,229.6359999999404,4790.081999999995,511,263.48443444226683,262.9969999999739,14.344332702551542,282.0690000001341,288.0084999999963,299.5180999999167,223.7730000000447,308.8299999999581,511,264.48443444226683,263.9969999999739,14.344332702551542,283.0690000001341,289.0084999999963,300.5180999999167,224.7730000000447,309.8299999999581,0,1029.0,63.0,70.0,208.0,0.9423076923076923,0.9363057324840764,0.939297124600639,0.23247232472324722,0.06369426751592357,0.9256360078277887,430,34,43,0.9267241379310345,0.9090909090909091,0.9178228388473854,0.9287257019438445,0.8618706131078224,0.12480673756057055,0.14530789473684214,0.0,1.0,,,not_computed_no_bbox_data,1,0,1.0,0,0,0,0.0,0,0,0,0,0,0,0,,,0,,,,,,,0.0,0,0,0,0,0,0,556.0,511,0.6567559686888454,0.6306,0.12499560007389984,0.8143,0.9014,1.0159099999999999,0.5007,1.1958,511,0.0,0.0,0.0,0.0,0.0,0.0,0.0,0.0,511,0,0,0,0,0.0,0.0,3598294.398,215897.663858,1370.0,123.3,0.0,0.0,335.602,28.526201,3466036.121,27728.288965,1533.0,229.95,71922.903,30207.619176,56453.477,23710.460169,4054.5,1216.35,0.0,0.0,216049.490059,83092.66831000001,299142.158369,4985.702639483334,218.35194041532847,585.4053979823875,646.0953744470843,695.6794380674419,0.0,299142.158369,3600000.0,3600000.0009999997,busy__s06__event_no_early_exit,event_no_early_exit,main,,,True,,0.0
fixed_threshold,busy,6,3600.0,a00dc684e6f1cbd5,True,synthetic_distribution,False,,1370,1370,1099,0,136033.482,0.03778707833333333,519,8.65,519,8.65,465,431,519,371,296,0.7978436657681941,0.2021563342318059,0.3921747042766151,296,671.3083513513487,269.7445000000007,818.7930476730439,1742.0329999999958,2414.7660000000324,3652.1288000000986,229.6359999999404,4790.081999999995,519,263.43027360307934,262.9969999999739,14.274526976127477,281.6450000000419,287.6960000000894,299.45577999992764,223.7730000000447,308.8299999999581,519,264.43027360307934,263.9969999999739,14.274526976127477,282.6450000000419,288.6960000000894,300.45577999992764,224.7730000000447,309.8299999999581,0,1039.0,71.0,60.0,200.0,0.936036036036036,0.9454049135577798,0.9406971480307832,0.26199261992619927,0.0545950864422202,0.9171483622350675,431,35,45,0.924892703862661,0.9054621848739496,0.9150743099787686,0.9268817204301075,0.8606096638655462,0.1263546567200202,0.17015813953488373,0.0,1.0,,,not_computed_no_bbox_data,1,0,1.0,0,0,0,0.0,0,0,0,0,0,0,0,,,0,,,,,,,0.0,0,0,0,0,0,0,563.0,519,0.6564350674373796,0.6306,0.12507497150761449,0.8130999999999999,0.90132,1.0153580000000002,0.5007,1.1958,519,0.0,0.0,0.0,0.0,0.0,0.0,0.0,0.0,519,0,0,0,0,0.0,0.0,3598289.31,215897.358603,1370.0,123.3,0.0,0.0,340.69,28.958645,3463966.523,27711.732184,1557.0,233.55,73030.285,30672.719815,57340.692,24083.090527,4105.5,1231.65,0.0,0.0,216049.617248,83932.74252599999,299982.359774,4999.705996233333,218.96522611240877,578.0006932061657,645.1233543526882,696.0147558561486,0.0,299982.359775,3600000.0,3600000.0,busy__s06__fixed_threshold,fixed_threshold,main,,,True,,0.0
motion_only,busy,6,3600.0,a00dc684e6f1cbd5,True,synthetic_distribution,False,,1370,1370,1099,0,121833.36200000001,0.03384260055555556,466,7.766666666666667,466,7.766666666666667,388,365,466,371,269,0.7250673854447439,0.2749326145552561,0.3321201091901729,269,868.8945241635698,275.9000000000233,976.5672285543059,2398.2603999999355,2897.649000000022,4448.215400000175,229.6359999999404,5218.924999999988,466,262.76728540773036,261.6735000000335,14.814268589701433,282.0154999999795,287.26900000005844,302.3630499999708,223.7730000000447,309.69300000043586,466,263.76728540773036,262.6735000000335,14.814268589701433,283.0154999999795,288.26900000005844,303.3630499999708,224.7730000000447,310.69300000043586,0,762.0,113.0,337.0,158.0,0.8708571428571429,0.6933575978161965,0.7720364741641339,0.41697416974169743,0.30664240218380345,0.8540772532188842,365,24,33,0.9383033419023136,0.9170854271356784,0.9275730622617535,0.9407216494845361,0.8619452261306532,0.12781775701122072,0.15362794117647058,0.0,1.0,,,not_computed_no_bbox_data,1,0,1.0,0,0,0,0.0,0,0,0,0,0,0,0,,,0,,,,,,,0.0,0,0,0,0,0,0,364.0,466,0.6615755364806867,0.6450499999999999,0.12085491008942219,0.83005,0.9001250000000001,0.9984550000000002,0.5001,1.1116,466,0.0,0.0,0.0,0.0,0.0,0.0,0.0,0.0,466,0,0,0,0,0.0,0.0,3598321.706,215899.302372,1370.0,123.3,0.0,0.0,308.294,26.204973,3478166.636,27825.333087,1398.0,209.7,65164.129,27368.934193,51659.235,21696.878742,3612.0,1083.6,0.0,0.0,216048.807345,78184.446022,294233.2533669999,4903.887556116665,214.76879807810212,631.4018312596564,758.3331272345358,806.1185023753422,0.0,294233.253367,3600000.0,3600000.0,busy__s06__motion_only,motion_only,main,,,True,,0.0
secure,busy,6,3600.0,a00dc684e6f1cbd5,True,synthetic_distribution,False,,1370,1370,1099,0,90310.378,0.02508621611111111,461,7.683333333333334,461,7.683333333333334,414,374,511,371,273,0.7358490566037735,0.26415094339622647,0.3403093721565059,273,613.7820402930435,251.03700000001118,895.1506744357355,1892.142999999787,2414.221999999927,4196.037080000071,129.127000000095,4680.487999999954,461,197.62748373102008,165.91200000001118,55.007308876761044,271.69799999985844,278.31999999983236,291.926999999769,122.28300000005402,304.3979999999283,461,198.62748373102008,166.91200000001118,55.007308876761044,272.69799999985844,279.31999999983236,292.926999999769,123.28300000005402,305.3979999999283,0,1029.0,63.0,70.0,208.0,0.9423076923076923,0.9363057324840764,0.939297124600639,0.23247232472324722,0.06369426751592357,0.9256360078277887,374,41,49,0.9012048192771084,0.8841607565011821,0.8926014319809069,0.9033816425120773,0.8387189125295508,0.11292256026929229,0.15885263157894738,0.596529284164859,0.403470715835141,,,not_computed_no_bbox_data,1,0,1.0,0,0,0,0.0,0,0,0,511,50,461,50,,,0,0.09784735812133072,0.10570824524312897,0.09784735812133072,0.0,,,0.4,0,2,36,12,0,0,556.0,461,0.6569915401301519,0.6322,0.12417719157130219,0.8106,0.9015,1.01246,0.5007,1.1958,461,0.0,0.0,0.0,0.0,0.0,0.0,0.0,0.0,461,0,0,0,0,0.0,0.0,3598122.727,215887.363612,1370.0,123.3,204.4,19.418,302.873,25.744216,3509689.622,28077.516973,1383.0,207.45,64815.622,27222.561435,20463.756,8594.777461,3648.0,1094.4,0.0,0.0,216055.82582799997,65196.705869,281252.531697,4687.5421949500005,205.29381875693431,610.0922596464209,679.3539412971015,752.0121168368985,19.418,281252.531698,3600000.0,3600000.0,busy__s06__secure,secure,main,,,True,,0.0
always_on,busy,7,3600.0,7a1ea9cf512cb6d5,True,synthetic_distribution,False,,1443,1443,1174,0,3600000.0,1.0,1,0.016666666666666666,1438,23.966666666666665,1146,1041,0,387,378,0.9767441860465116,0.023255813953488413,0.8867120954003407,378,406.7626746031758,327.6910000000498,315.8437156301666,564.4474999999861,1189.9690999999455,1694.9622299998614,123.41699999989942,2428.8249999999534,0,,,,,,,,,1438,334.67563143254705,322.1229999999741,122.31299839068411,478.53569999989116,529.4317000000591,766.9693699999825,123.41699999989942,1128.5609999999997,0,,,,,,,,,,,1041,109,131,0.9052173913043479,0.8882252559726962,0.896640826873385,0.9083769633507853,0.8367075938566553,0.1108866510390825,0.15840676691729322,0.5528511821974965,0.4471488178025035,,,not_computed_no_bbox_data,4,0,4.0,16689,218,0,,0,0,0,0,0,0,0,,,0,,,,,,,0.0,0,0,0,0,0,0,,0,,,,,,,,,0,,,,,,,,,0,0,0,0,0,3600000.0,18000.0,0.0,0.0,0.0,0.0,0.0,0.0,0.0,0.0,0.0,0.0,0.0,0.0,2548902.914,1070539.223959,939455.086,394571.136041,111642.0,33492.6,0.0,0.0,18000.0,1498602.9600000002,1516602.9600000002,25276.716000000004,1051.0069022869025,,1323.388272251309,1456.8712391930837,0.0,1516602.96,3600000.0,3600000.0,busy__s07__always_on,always_on,main,,,True,,
event,busy,7,3600.0,7a1ea9cf512cb6d5,True,synthetic_distribution,False,,1443,1443,1174,0,97512.227,0.027086729722222223,500,8.333333333333334,500,8.333333333333334,456,413,500,387,286,0.7390180878552972,0.2609819121447028,0.35178875638841567,286,655.6623216783283,250.4375,912.6367658951526,2033.1570000000065,2674.378499999875,3991.276999999998,126.77499999990687,4265.353000000003,500,196.3484160000049,163.01549999974668,56.12605353715116,275.1491000000504,280.38629999996624,295.6771800004388,117.38700000000244,315.43800000008196,500,197.3484160000049,164.01549999974668,56.12605353715116,276.1491000000504,281.38629999996624,296.6771800004388,118.38700000000244,316.43800000008196,0,1081.0,61.0,93.0,208.0,0.946584938704028,0.9207836456558773,0.9335060449050088,0.22676579925650558,0.07921635434412266,0.926,413,44,50,0.9037199124726477,0.8920086393088553,0.8978260869565217,0.9057017543859649,0.8468354211663066,0.10078343847030619,0.17344054054054053,0.61,0.39,,,not_computed_no_bbox_data,1,0,1.0,0,0,0,0.0,0,0,0,0,0,0,0,,,0,,,,,,,0.0,0,0,0,0,0,0,618.0,500,0.6613424,0.63575,0.12356754265354179,0.8373200000000002,0.8921699999999997,0.9965160000000001,0.5003,1.2359,500,0.0,0.0,0.0,0.0,0.0,0.0,0.0,0.0,500,0,0,0,0,0.0,0.0,3598226.329,215893.579743,1443.0,129.87,0.0,0.0,330.671,28.10703,3502487.772,28019.902176,1500.0,225.0,70523.428,29619.839593,21525.8,9040.836183,3963.0,1188.9,0.0,0.0,216051.55677300002,68094.47795199999,284146.03472500003,4735.767245416667,196.913398977824,568.2920694500001,623.127269133772,688.0049266949153,0.0,284146.034725,3600000.0,3599999.9999999995,busy__s07__event,event,main,,,True,,0.0
event_no_early_exit,busy,7,3600.0,7a1ea9cf512cb6d5,True,synthetic_distribution,False,,1443,1443,1174,0,131371.963,0.03649221194444444,500,8.333333333333334,500,8.333333333333334,456,428,500,387,297,0.7674418604651163,0.2325581395348837,0.3645655877342419,297,691.6074848484864,273.3510000000242,848.2264353772795,1724.9467999999886,2470.659199999738,3973.8552000000172,226.96100000001024,4265.353000000003,500,264.06786399999976,263.6895000000077,14.815361188036793,283.49120000002443,288.888500000193,296.7815499998536,217.12899999998626,315.43800000008196,500,265.06786399999976,264.6895000000077,14.815361188036793,284.49120000002443,289.888500000193,297.7815499998536,218.12899999998626,316.43800000008196,0,1081.0,61.0,93.0,208.0,0.946584938704028,0.9207836456558773,0.9335060449050088,0.22676579925650558,0.07921635434412266,0.926,428,29,35,0.936542669584245,0.9244060475161987,0.9304347826086956,0.9385964912280702,0.8713034557235421,0.11271103375840924,0.16856216216216216,0.0,1.0,,,not_computed_no_bbox_data,1,0,1.0,0,0,0,0.0,0,0,0,0,0,0,0,,,0,,,,,,,0.0,0,0,0,0,0,0,618.0,500,0.6613424,0.63575,0.12356754265354179,0.8373200000000002,0.8921699999999997,0.9965160000000001,0.5003,1.2359,500,0.0,0.0,0.0,0.0,0.0,0.0,0.0,0.0,500,0,0,0,0,0.0,0.0,3598226.329,215893.579743,1443.0,129.87,0.0,0.0,330.671,28.10703,3468628.043,27749.024341,1500.0,225.0,70523.428,29619.839593,55375.03,23257.512518,3973.5,1192.05,0.0,0.0,216051.55677300002,82043.426452,298094.983225,4968.249720416667,206.58002995495494,596.1899664499999,653.7170684758771,696.4836056658878,0.0,298094.983225,3600000.0,3600000.0009999997,busy__s07__event_no_early_exit,event_no_early_exit,main,,,True,,0.0
fixed_threshold,busy,7,3600.0,7a1ea9cf512cb6d5,True,synthetic_distribution,False,,1443,1443,1174,0,132352.532,0.036764592222222225,504,8.4,504,8.4,459,433,504,387,299,0.772609819121447,0.227390180878553,0.368824531516184,299,692.3221538461546,273.3510000000242,843.6858114836654,1709.5103999997023,2443.9671999999778,3970.6876000000134,226.96100000001024,4265.353000000003,504,263.9277757936517,263.3059999999823,14.634751470384966,282.83349999999626,288.8655500001754,296.7660599998591,217.12899999998626,315.43800000008196,504,264.9277757936517,264.3059999999823,14.634751470384966,283.83349999999626,289.8655500001754,297.7660599998591,218.12899999998626,316.43800000008196,0,1094.0,65.0,80.0,204.0,0.9439171699741156,0.9318568994889267,0.9378482640377196,0.241635687732342,0.06814310051107325,0.9246031746031746,433,27,33,0.941304347826087,0.9291845493562232,0.9352051835853132,0.9433551198257081,0.8693218884120173,0.11296321883776893,0.16589736842105263,0.0,1.0,,,not_computed_no_bbox_data,1,0,1.0,0,0,0,0.0,0,0,0,0,0,0,0,,,0,,,,,,,0.0,0,0,0,0,0,0,628.0,504,0.6618125,0.6339,0.1244032627857867,0.8422399999999999,0.8917700000000001,0.9963019999999999,0.5003,1.2359,504,0.0,0.0,0.0,0.0,0.0,0.0,0.0,0.0,504,0,0,0,0,0.0,0.0,3598223.447,215893.406814,1443.0,129.87,0.0,0.0,333.553,28.352014,3467647.474,27741.179794,1512.0,226.8,71067.448,29848.328146,55759.078,23418.812686,4014.0,1204.2,0.0,0.0,216051.628828,82439.320626,298490.94945400005,4974.849157566668,206.85443482605686,592.2439473293651,650.3070794204795,689.3555414642034,0.0,298490.949454,3600000.0,3600000.0,busy__s07__fixed_threshold,fixed_threshold,main,,,True,,0.0
motion_only,busy,7,3600.0,7a1ea9cf512cb6d5,True,synthetic_distribution,False,,1443,1443,1174,0,116570.09899999999,0.03238058305555555,443,7.383333333333334,443,7.383333333333334,371,348,443,387,265,0.6847545219638242,0.31524547803617575,0.29642248722316866,265,799.5785433962265,278.5139999999665,902.1198334928093,2190.5771999999815,2593.6566000001967,4010.0334800001438,226.96100000001024,4441.056000000332,443,264.44942437923123,264.27799999993294,14.996542631285152,284.1370000000141,288.8677000001859,298.2211999998922,221.56199999991804,315.43800000008196,443,265.4511873589154,265.27799999993294,14.995816362988608,285.1370000000141,289.8677000001859,299.2211999998922,222.56199999991804,316.43800000008196,0,773.0,102.0,401.0,167.0,0.8834285714285715,0.6584327086882453,0.7545143972669595,0.379182156133829,0.3415672913117547,0.8465011286681715,348,24,27,0.9354838709677419,0.928,0.931726907630522,0.9380053908355795,0.8712640000000001,0.1087437236986589,0.15967499999999998,0.0,1.0,,,not_computed_no_bbox_data,1,0,1.0,0,0,0,0.0,0,0,0,0,0,0,0,,,0,,,,,,,0.0,0,0,0,0,0,0,398.0,443,0.6552117381489843,0.6273,0.12128151611641771,0.82976,0.8785799999999999,0.9914639999999997,0.5001,1.2359,443,0.0,0.0,0.0,0.0,0.0,0.0,0.0,0.0,443,0,0,0,0,0.0,0.0,3598266.741,215896.004474,1443.0,129.87,0.0,0.0,290.259,24.671995,3483429.901,27867.439206,1329.0,199.35,62603.96,26293.663205,49193.139,20661.118496,3444.0,1033.2,0.0,0.0,216050.546469,76054.770907,292105.317376,4868.421956266667,202.42918737075536,659.3799489300226,787.3458689380054,839.3830959080459,0.0,292105.317376,3600000.0,3600000.0,busy__s07__motion_only,motion_only,main,,,True,,0.0
secure,busy,7,3600.0,7a1ea9cf512cb6d5,True,synthetic_distribution,False,,1443,1443,1174,0,88421.94199999998,0.02456165055555555,452,7.533333333333333,452,7.533333333333333,411,373,500,387,262,0.6770025839793282,0.3229974160206718,0.31771720613287907,262,570.0087366412209,243.99400000003516,826.692432393575,1676.152700000012,2411.9147500001345,3788.350710000029,127.17500000004657,4265.752999999997,452,197.34316150442632,163.91400000001886,56.130534207661555,275.4600999999326,281.0607000000891,293.1928100000997,117.78699999999662,315.8379999999888,452,198.34316150442632,164.91400000001886,56.130534207661555,276.4600999999326,282.0607000000891,294.1928100000997,118.78699999999662,316.8379999999888,0,1081.0,61.0,93.0,208.0,0.946584938704028,0.9207836456558773,0.9335060449050088,0.22676579925650558,0.07921635434412266,0.926,373,39,44,0.9053398058252428,0.894484412470024,0.8998793727382387,0.9075425790754258,0.8467340527577939,0.10055542980178749,0.16704571428571427,0.6061946902654868,0.3938053097345133,,,not_computed_no_bbox_data,1,0,1.0,0,0,0,0.0,0,0,0,500,48,452,46,,,0,0.096,0.09935205183585313,0.096,0.0,,,0.4,4,1,24,19,0,0,618.0,452,0.65956592920354,0.63275,0.12276565705763645,0.834,0.89169,0.9931340000000001,0.5003,1.2359,452,0.0,0.0,0.0,0.0,0.0,0.0,0.0,0.0,452,0,0,0,0,0.0,0.0,3598058.877,215883.532594,1443.0,129.87,200.0,19.0,298.123,25.340492,3511578.06,28092.624478,1356.0,203.4,63824.676,26806.363873,19662.264,8258.151025,3579.0,1073.7,0.0,0.0,216057.74308599997,64434.239376,280491.98246200004,4674.8663743666675,194.38113822730426,620.5574833230089,682.4622444330902,751.9892291206436,19.0,280491.982462,3600000.0,3600000.0,busy__s07__secure,secure,main,,,True,,0.0
always_on,busy,8,3600.0,6aae829eaa8026d2,True,synthetic_distribution,False,,1405,1405,1126,0,3600000.0,1.0,1,0.016666666666666666,1397,23.283333333333335,1111,1013,0,385,383,0.9948051948051948,0.0051948051948051965,0.8996447602131439,383,424.3932140992166,323.16800000006333,357.6463259803664,737.5697999998931,1409.6424999997716,1780.6876999998808,130.31300000008196,2626.666000000201,0,,,,,,,,,1397,317.9064817465966,312.844000000041,96.86340881898201,454.9264000000083,489.90680000009013,548.6913999998749,130.31300000008196,711.9409999996424,0,,,,,,,,,,,1013,105,112,0.90608228980322,0.9004444444444445,0.903254569772626,0.9117911791179117,0.8353680888888888,0.10657739141008551,0.16381801470588234,0.541159627773801,0.458840372226199,,,not_computed_no_bbox_data,7,0,7.0,16705,213,0,,0,0,0,0,0,0,0,,,0,,,,,,,0.0,0,0,0,0,0,0,,0,,,,,,,,,0,,,,,,,,,0,0,0,0,0,3600000.0,18000.0,0.0,0.0,0.0,0.0,0.0,0.0,0.0,0.0,0.0,0.0,0.0,0.0,2542268.137,1067752.61758,946329.863,397458.54242,111402.0,33420.6,0.0,0.0,18000.0,1498631.7600000002,1516631.7600000002,25277.196000000004,1079.453209964413,,1365.1050945094512,1497.168568608095,0.0,1516631.76,3600000.0,3600000.0,busy__s08__always_on,always_on,main,,,True,,
event,busy,8,3600.0,6aae829eaa8026d2,True,synthetic_distribution,False,,1405,1405,1126,0,99516.93900000001,0.02764359416666667,505,8.416666666666666,505,8.416666666666666,464,430,505,385,317,0.8233766233766234,0.17662337662337657,0.38188277087033745,317,656.7380977918028,254.7039999999106,826.2165090727384,1858.0519999999792,2419.0526000001,3580.357160000035,126.40200000000186,4904.192000000039,505,198.39401782178464,165.05799999996088,55.18188922245228,271.59119999995454,278.95079999992157,289.9802799998596,121.06600000010803,297.79899999999907,505,199.39401782178464,166.05799999996088,55.18188922245228,272.59119999995454,279.95079999992157,290.9802799998596,122.06600000010803,298.79899999999907,0,1018.0,57.0,108.0,222.0,0.9469767441860465,0.9040852575488455,0.9250340754202635,0.20430107526881722,0.09591474245115453,0.9287128712871288,430,34,39,0.9267241379310345,0.9168443496801706,0.9217577706323687,0.9267241379310345,0.8430820895522388,0.10147105656075561,0.15426388888888887,0.5841584158415841,0.4158415841584158,,,not_computed_no_bbox_data,0,0,0.0,0,0,0,0.0,0,0,0,0,0,0,0,,,0,,,,,,,0.0,0,0,0,0,0,0,549.0,505,0.668719603960396,0.6432,0.1193608986179748,0.8339200000000001,0.8993399999999999,1.002976,0.5002,1.1234,505,0.0,0.0,0.0,0.0,0.0,0.0,0.0,0.0,505,0,0,0,0,0.0,0.0,3598257.296,215895.437749,1405.0,126.45,0.0,0.0,337.704,28.704855,3500483.06,28003.864484,1515.0,227.25,70664.802,29679.217016,23341.137,9803.277579,3996.0,1198.8,0.0,0.0,216050.592604,68912.409079,284963.001683,4749.383361383333,202.8206417672598,564.283171649505,614.1444001788793,662.7046550767442,0.0,284963.001683,3600000.0,3599999.9990000003,busy__s08__event,event,main,,,True,,0.0
event_no_early_exit,busy,8,3600.0,6aae829eaa8026d2,True,synthetic_distribution,False,,1405,1405,1126,0,132228.03,0.036730008333333335,505,8.416666666666666,505,8.416666666666666,464,439,505,385,320,0.8311688311688312,0.16883116883116878,0.38987566607460034,320,695.6532562499991,270.28450000000885,811.7059323829579,1855.803700000014,2471.1787499998936,3672.3695300001114,225.0230000000447,5005.896000000066,505,263.1684554455422,263.3169999998063,14.306117112067929,280.4594000000972,287.1420000001322,296.70484000017865,223.2280000000028,316.6219999999739,505,264.1684554455422,264.3169999998063,14.306117112067929,281.4594000000972,288.1420000001322,297.70484000017865,224.2280000000028,317.6219999999739,0,1018.0,57.0,108.0,222.0,0.9469767441860465,0.9040852575488455,0.9250340754202635,0.20430107526881722,0.09591474245115453,0.9287128712871288,439,25,30,0.9461206896551724,0.9360341151385928,0.9410503751339764,0.9461206896551724,0.8662737739872068,0.11221051670226742,0.13436666666666663,0.0,1.0,,,not_computed_no_bbox_data,0,0,0.0,0,0,0,0.0,0,0,0,0,0,0,0,,,0,,,,,,,0.0,0,0,0,0,0,0,549.0,505,0.668719603960396,0.6432,0.1193608986179748,0.8339200000000001,0.8993399999999999,1.002976,0.5002,1.1234,505,0.0,0.0,0.0,0.0,0.0,0.0,0.0,0.0,505,0,0,0,0,0.0,0.0,3598257.296,215895.437749,1405.0,126.45,0.0,0.0,337.704,28.704855,3467771.967,27742.175737,1515.0,227.25,70664.802,29679.217016,56055.23,23543.196773,3993.0,1197.9,0.0,0.0,216050.592604,82389.73952599999,298440.33213000005,4974.005535500001,212.41304777935946,590.9709547128714,643.1903709698277,679.8185242141232,0.0,298440.332131,3600000.0,3599999.9990000003,busy__s08__event_no_early_exit,event_no_early_exit,main,,,True,,0.0
fixed_threshold,busy,8,3600.0,6aae829eaa8026d2,True,synthetic_distribution,False,,1405,1405,1126,0,133890.744,0.03719187333333333,511,8.516666666666667,511,8.516666666666667,467,441,511,385,322,0.8363636363636363,0.1636363636363637,0.391651865008881,322,698.8726677018632,270.54249999992317,829.7839207013155,1782.0840000001251,2519.4862500001436,3792.0402900001577,225.0230000000447,5005.896000000066,511,263.3459999999984,263.60399999981746,14.279843811563024,280.4949999998789,287.01450000004843,296.68660000017843,223.2280000000028,316.6219999999739,511,264.3459999999984,264.60399999981746,14.279843811563024,281.4949999998789,288.01450000004843,297.68660000017843,224.2280000000028,317.6219999999739,0,1034.0,63.0,92.0,216.0,0.9425706472196901,0.9182948490230906,0.9302744039586145,0.22580645161290322,0.08170515097690942,0.9217221135029354,441,26,30,0.9443254817987152,0.9363057324840764,0.9402985074626866,0.9443254817987152,0.8667575371549895,0.10952629074009212,0.126405,0.0,1.0,,,not_computed_no_bbox_data,0,0,0.0,0,0,0,0.0,0,0,0,0,0,0,0,,,0,,,,,,,0.0,0,0,0,0,0,0,563.0,511,0.6671467710371821,0.6426,0.11736228284943927,0.8328,0.89725,0.99983,0.5002,1.1234,511,0.0,0.0,0.0,0.0,0.0,0.0,0.0,0.0,511,0,0,0,0,0.0,0.0,3598254.087,215895.245237,1405.0,126.45,0.0,0.0,340.913,28.977582,3466109.255,27728.874036,1533.0,229.95,71597.017,30070.747179,56725.728,23824.805929,4035.0,1210.5,0.0,0.0,216050.672819,83064.877144,299115.54996300006,4985.259166050001,212.89362986690395,585.3533267377692,640.5043896423985,678.2665532040818,0.0,299115.549963,3600000.0,3600000.0,busy__s08__fixed_threshold,fixed_threshold,main,,,True,,0.0
motion_only,busy,8,3600.0,6aae829eaa8026d2,True,synthetic_distribution,False,,1405,1405,1126,0,121589.978,0.03377499388888889,463,7.716666666666667,463,7.716666666666667,396,373,463,385,294,0.7636363636363637,0.23636363636363633,0.33126110124333924,294,884.5598027210885,275.0254999998142,982.8287856440492,2235.1081999999847,2786.961449999944,4391.738850000173,232.14299999992363,5889.816000000108,463,263.9379805615551,264.27900000000955,13.867607782770408,281.0922000000719,286.73669999992705,296.04913999983575,228.98000000001048,320.96999999973923,463,264.9379805615551,265.27900000000955,13.867607782770408,282.0922000000719,287.73669999992705,297.04913999983575,229.98000000001048,321.96999999973923,0,764.0,95.0,362.0,184.0,0.889406286379511,0.6785079928952042,0.7697732997481108,0.34050179211469533,0.32149200710479575,0.8639308855291576,373,24,27,0.9395465994962217,0.9325,0.9360100376411543,0.9419191919191919,0.8631315,0.11463960727707333,0.12302222222222221,0.0,1.0,,,not_computed_no_bbox_data,1,0,1.0,0,0,0,0.0,0,0,0,0,0,0,0,,,0,,,,,,,0.0,0,0,0,0,0,0,364.0,463,0.6622475161987041,0.6366,0.12000121170603631,0.8244000000000001,0.89427,1.0327659999999999,0.5002,1.1319,463,0.0,0.0,0.0,0.0,0.0,0.0,0.0,0.0,463,0,0,0,0,0.0,0.0,3598288.379,215897.30272,1405.0,126.45,0.0,0.0,306.621,26.062813,3478410.027,27827.28022,1389.0,208.35,65116.196,27348.802313,51478.777,21621.086145,3606.0,1081.8,0.0,0.0,216049.81553300002,78087.318678,294137.134211,4902.285570183333,209.35027345978648,635.2853870647948,742.7705409368687,788.5714053914209,0.0,294137.134212,3600000.0,3600000.0,busy__s08__motion_only,motion_only,main,,,True,,0.0
secure,busy,8,3600.0,6aae829eaa8026d2,True,synthetic_distribution,False,,1405,1405,1126,0,91463.331,0.025406480833333335,464,7.733333333333333,464,7.733333333333333,423,391,505,385,302,0.7844155844155845,0.21558441558441555,0.347246891651865,302,583.439145695362,251.24749999993946,734.5681186452938,1636.6953999999691,2271.429750000007,3111.2830299999755,126.80200000002515,3801.124000000069,464,198.8531012931041,165.37150000003749,55.095576516694045,271.65089999996127,279.28415000005623,291.7387499997579,125.80200000002515,298.19900000002235,464,199.8531012931041,166.37150000003749,55.095576516694045,272.65089999996127,280.28415000005623,292.7387499997579,126.80200000002515,299.19900000002235,0,1018.0,57.0,108.0,222.0,0.9469767441860465,0.9040852575488455,0.9250340754202635,0.20430107526881722,0.09591474245115453,0.9287128712871288,391,32,37,0.9243498817966903,0.9135514018691588,0.9189189189189189,0.9243498817966903,0.8427046728971963,0.10356896140900544,0.15426388888888887,0.584051724137931,0.41594827586206895,,,not_computed_no_bbox_data,0,0,0.0,0,0,0,0.0,0,0,0,505,41,464,41,,,0,0.08118811881188119,0.08742004264392324,0.08118811881188119,0.0,,,0.4,0,0,34,7,0,0,549.0,464,0.6704306034482758,0.64735,0.11776596336956092,0.83262,0.89943,1.001147,0.5002,1.1032,464,0.0,0.0,0.0,0.0,0.0,0.0,0.0,0.0,464,0,0,0,0,0.0,0.0,3598081.92,215884.915181,1405.0,126.45,202.0,19.19,311.08,26.441827,3508536.671,28068.293364,1392.0,208.8,64992.193,27296.72109,21416.136,8994.777275,3663.0,1098.9,0.0,0.0,216056.997008,65667.491729,281724.48873700004,4695.408145616667,200.51565034661925,607.1648464159483,666.0153398037826,720.5229890971868,19.19,281724.488738,3600000.0,3600000.0,busy__s08__secure,secure,main,,,True,,0.0
always_on,busy,9,3600.0,18b976eee469557d,True,synthetic_distribution,False,,1801,1801,1471,0,3600000.0,1.0,1,0.016666666666666666,1789,29.816666666666666,1439,1286,0,484,474,0.9793388429752066,0.02066115702479343,0.8742352141400408,474,438.2783839662395,330.3335000000661,375.6762233413047,924.0125000001397,1397.2011000001798,1798.2188699999372,134.43599999998696,2939.1659999999683,0,,,,,,,,,1789,323.16226774734463,311.79000000003725,105.49506664087288,467.7529999998398,504.27980000003,624.3106000000279,128.81599999964237,801.6699999999255,0,,,,,,,,,,,1286,158,184,0.8905817174515236,0.8748299319727891,0.8826355525051475,0.8936761640027797,0.8377738095238096,0.1103821113137054,0.16035235109717869,0.5449972051425377,0.45500279485746226,,,not_computed_no_bbox_data,5,0,5.0,16356,234,0,,0,0,0,0,0,0,0,,,0,,,,,,,0.0,0,0,0,0,0,0,,0,,,,,,,,,0,,,,,,,,,0,0,0,0,0,3600000.0,18000.0,0.0,0.0,0.0,0.0,0.0,0.0,0.0,0.0,0.0,0.0,0.0,0.0,2548787.742,1070490.851685,938832.258,394309.548315,112380.0,33714.0,0.0,0.0,18000.0,1498514.4,1516514.4,25275.239999999998,842.0401998889505,,1053.866851980542,1179.2491446345257,0.0,1516514.4,3600000.0,3600000.0,busy__s09__always_on,always_on,main,,,True,,
event,busy,9,3600.0,18b976eee469557d,True,synthetic_distribution,False,,1801,1801,1471,0,132054.609,0.036681835833333336,661,11.016666666666667,661,11.016666666666667,605,538,661,484,364,0.7520661157024794,0.2479338842975206,0.36573759347382734,364,685.1191675824188,254.65949999995064,897.5958705653564,1950.854499999946,2549.05384999985,4008.656640000169,121.78099999995902,4394.989999999758,661,201.0928865355553,168.47999999998137,55.340970036345766,271.7960000000894,277.76900000008754,289.64800000005636,120.78099999995902,299.08099999977276,661,202.0928865355553,169.47999999998137,55.340970036345766,272.7960000000894,278.76900000008754,290.64800000005636,121.78099999995902,300.08099999977276,0,1362.0,80.0,109.0,250.0,0.9445214979195562,0.9259007477906186,0.9351184346035014,0.24242424242424243,0.07409925220938138,0.9258698940998488,538,68,74,0.8877887788778878,0.8790849673202614,0.883415435139573,0.8892561983471075,0.8443369281045752,0.09738995271280479,0.17675714285714283,0.5521936459909228,0.44780635400907715,,,not_computed_no_bbox_data,1,0,1.0,0,0,0,0.0,0,0,0,0,0,0,0,,,0,,,,,,,0.0,0,0,0,0,0,0,750.0,661,0.6599549167927382,0.6296,0.12883859291777036,0.8335,0.9031,1.02566,0.5002,1.2418,661,0.0,0.0,0.0,0.0,0.0,0.0,0.0,0.0,661,0,0,0,0,0.0,0.0,3597762.77,215865.766205,1801.0,162.09,0.0,0.0,436.23,37.079543,3467945.39,27743.563118,1983.0,297.45,92383.664,38801.138687,32442.447,13625.8276,5245.5,1573.65,0.0,0.0,216064.935748,82041.629405,298106.565153,4968.4427525500005,165.5228013064964,450.9932907004539,492.73812421983473,554.1014222174721,0.0,298106.565153,3600000.0,3600000.001,busy__s09__event,event,main,,,True,,0.0
event_no_early_exit,busy,9,3600.0,18b976eee469557d,True,synthetic_distribution,False,,1801,1801,1471,0,172480.883,0.04791135638888889,661,11.016666666666667,661,11.016666666666667,605,576,661,484,382,0.7892561983471075,0.21074380165289253,0.39157036029911624,382,638.3446963350915,269.6334999999963,756.9412237157516,1637.0828999999574,2134.183500000083,3909.356130000024,224.56800000043586,4504.078000000212,661,262.2521482602208,261.66500000003725,14.541444882226022,281.25499999988824,286.43800000008196,298.5594000000041,223.3649999999907,313.8410000000149,661,263.2521482602208,262.66500000003725,14.541444882226022,282.25499999988824,287.43800000008196,299.5594000000041,224.3649999999907,314.8410000000149,0,1362.0,80.0,109.0,250.0,0.9445214979195562,0.9259007477906186,0.9351184346035014,0.24242424242424243,0.07409925220938138,0.9258698940998488,576,30,36,0.9504950495049505,0.9411764705882353,0.9458128078817734,0.9520661157024793,0.8681607843137257,0.11050590151553118,0.16734897959183673,0.0,1.0,,,not_computed_no_bbox_data,1,0,1.0,0,0,0,0.0,0,0,0,0,0,0,0,,,0,,,,,,,0.0,0,0,0,0,0,0,750.0,661,0.6599549167927382,0.6296,0.12883859291777036,0.8335,0.9031,1.02566,0.5002,1.2418,661,0.0,0.0,0.0,0.0,0.0,0.0,0.0,0.0,661,0,0,0,0,0.0,0.0,3597762.77,215865.766205,1801.0,162.09,0.0,0.0,436.23,37.079543,3427519.119,27420.152955,1983.0,297.45,92383.664,38801.138687,72883.717,30611.161164,5230.5,1569.15,0.0,0.0,216064.935748,98699.052806,314763.988554,5246.0664759,174.77178709272624,476.19362867473524,520.271055461157,546.4652579062499,0.0,314763.988554,3600000.0,3600000.0,busy__s09__event_no_early_exit,event_no_early_exit,main,,,True,,0.0
fixed_threshold,busy,9,3600.0,18b976eee469557d,True,synthetic_distribution,False,,1801,1801,1471,0,173643.406,0.048234279444444444,665,11.083333333333334,665,11.083333333333334,607,577,665,484,382,0.7892561983471075,0.21074380165289253,0.3922501699524133,382,618.1463298429456,269.4655000001658,732.1757192388499,1597.2265000000132,2031.8684999999837,3834.621429999966,224.56800000043586,4504.078000000212,665,262.43171729324223,261.74600000004284,14.590411534987382,281.3252000000328,286.9460000000894,299.0566799999587,223.3649999999907,313.8410000000149,665,263.43171729324223,262.74600000004284,14.590411534987382,282.3252000000328,287.9460000000894,300.0566799999587,224.3649999999907,314.8410000000149,0,1375.0,82.0,96.0,248.0,0.9437199725463281,0.9347382732834806,0.939207650273224,0.24848484848484848,0.06526172671651938,0.9233082706766917,577,31,37,0.9490131578947368,0.9397394136807817,0.9443535188216039,0.9505766062602965,0.8680846905537458,0.11020677848021547,0.16343137254901963,0.0,1.0,,,not_computed_no_bbox_data,1,0,1.0,0,0,0,0.0,0,0,0,0,0,0,0,,,0,,,,,,,0.0,0,0,0,0,0,0,761.0,665,0.6608177443609022,0.6311,0.1286795359324706,0.8344,0.9021799999999998,1.025524,0.5002,1.2418,665,0.0,0.0,0.0,0.0,0.0,0.0,0.0,0.0,665,0,0,0,0,0.0,0.0,3597759.556,215865.57339,1801.0,162.09,0.0,0.0,439.444,37.352698,3426356.597,27410.852777,1995.0,299.25,92980.536,39051.82532,73408.866,30831.723914,5259.0,1577.7,0.0,0.0,216065.016088,99171.352011,315236.368099,5253.9394683166665,175.03407445807886,474.03965127669176,519.3350380543658,546.3368597902946,0.0,315236.368098,3600000.0,3599999.999,busy__s09__fixed_threshold,fixed_threshold,main,,,True,,0.0
motion_only,busy,9,3600.0,18b976eee469557d,True,synthetic_distribution,False,,1801,1801,1471,0,153143.248,0.04253979111111111,586,9.766666666666667,586,9.766666666666667,493,461,586,484,349,0.7210743801652892,0.27892561983471076,0.3133922501699524,349,837.7828366762275,274.83400000003166,902.6634334514961,2032.1233999999938,2675.3521999998006,4048.5253199999574,224.56800000043586,4835.299999999996,586,262.656689419802,262.32600000000093,14.465022216907675,280.55200000002515,286.7237499997718,299.0487000000197,222.79000000003725,313.8410000000149,586,263.656689419802,263.32600000000093,14.465022216907675,281.55200000002515,287.7237499997718,300.0487000000197,223.79000000003725,314.8410000000149,0,1000.0,143.0,471.0,187.0,0.8748906386701663,0.6798096532970768,0.7651109410864575,0.43333333333333335,0.3201903467029232,0.8481228668941979,461,35,36,0.9294354838709677,0.9275653923541247,0.9284994964753273,0.9350912778904665,0.8719501006036217,0.10700865715746126,0.16385280898876406,0.0,1.0,,,not_computed_no_bbox_data,3,0,3.0,0,0,0,0.0,0,0,0,0,0,0,0,,,0,,,,,,,0.0,0,0,0,0,0,0,503.0,586,0.6679754266211604,0.64225,0.1300139530062578,0.8469,0.916775,1.026595,0.5002,1.2418,586,0.0,0.0,0.0,0.0,0.0,0.0,0.0,0.0,586,0,0,0,0,0.0,0.0,3597807.567,215868.454023,1801.0,162.09,0.0,0.0,391.433,33.271801,3446856.759,27574.854076,1758.0,263.7,81984.544,34433.508649,64842.196,27233.72238,4558.5,1367.55,0.0,0.0,216063.815824,90873.335105,306937.150929,5115.61918215,170.42595831704608,523.7835340085325,622.5905698356997,665.8072688264642,0.0,306937.150928,3600000.0,3599999.9990000003,busy__s09__motion_only,motion_only,main,,,True,,0.0
secure,busy,9,3600.0,18b976eee469557d,True,synthetic_distribution,False,,1801,1801,1471,0,117534.683,0.03264852305555556,591,9.85,591,9.85,537,476,661,484,346,0.7148760330578512,0.2851239669421488,0.3235893949694086,346,628.7224132947957,253.81300000019837,896.4247792385236,1697.7460000001593,2512.860500000126,4178.885550000089,122.18100000009872,6720.843000000343,591,200.58495939086794,166.25099999993108,55.47708322130691,272.30099999997765,278.43050000001676,289.85749999999535,121.18100000009872,299.4809999996796,591,201.58495939086794,167.25099999993108,55.47708322130691,273.30099999997765,279.43050000001676,290.85749999999535,122.18100000009872,300.4809999996796,0,1362.0,80.0,109.0,250.0,0.9445214979195562,0.9259007477906186,0.9351184346035014,0.24242424242424243,0.07409925220938138,0.9258698940998488,476,62,67,0.8847583643122676,0.8766114180478821,0.8806660499537464,0.8864059590316573,0.8448939226519339,0.09813401344077397,0.17218750000000002,0.55668358714044,0.4433164128595601,,,not_computed_no_bbox_data,1,0,1.0,0,0,0,0.0,0,0,0,661,70,591,69,,,0,0.1059001512859304,0.11274509803921569,0.1059001512859304,0.0,,,0.4,0,1,55,14,0,0,750.0,591,0.6588957698815566,0.63,0.12577389977030887,0.8301,0.88845,1.0131599999999998,0.5002,1.2418,591,0.0,0.0,0.0,0.0,0.0,0.0,0.0,0.0,591,0,0,0,0,0.0,0.0,3597545.193,215852.711579,1801.0,162.09,264.4,25.118,389.407,33.099597,3482465.318,27859.722542,1773.0,265.95,82458.161,34632.42778,28628.021,12023.768784,4675.5,1402.65,0.0,0.0,216073.01917599997,76184.51910599999,292257.53828200005,4870.958971366667,162.27514618656306,494.5136011539764,544.2412258510243,613.986424962185,25.118,292257.538281,3600000.0,3600000.0,busy__s09__secure,secure,main,,,True,,0.0
always_on,busy,10,3600.0,f5431d9a5afac92d,True,synthetic_distribution,False,,1568,1568,1253,0,3600000.0,1.0,1,0.016666666666666666,1560,26.0,1227,1130,0,409,402,0.9828850855745721,0.017114914425427896,0.9018355945730248,402,415.33094527363585,320.8024999999907,363.4196794983369,518.7132999997706,1238.241749999695,1746.82351000025,139.24200000008568,3820.5340000004508,0,,,,,,,,,1560,320.17941153846454,310.4629999999888,100.81200072519059,450.4504000000656,492.0610000000204,595.4566200001098,137.93800000008196,948.3450000002049,0,,,,,,,,,,,1130,101,123,0.9179528838342811,0.9018355945730248,0.9098228663446055,0.9209453952730237,0.8314686352753391,0.11299666736217101,0.1538110749185668,0.5403846153846154,0.4596153846153846,,,not_computed_no_bbox_data,4,0,4.0,16550,228,0,,0,0,0,0,0,0,0,,,0,,,,,,,0.0,0,0,0,0,0,0,,0,,,,,,,,,0,,,,,,,,,0,0,0,0,0,3600000.0,18000.0,0.0,0.0,0.0,0.0,0.0,0.0,0.0,0.0,0.0,0.0,0.0,0.0,2542584.111,1067885.326789,945638.889,397168.333211,111777.0,33533.1,0.0,0.0,18000.0,1498586.7600000002,1516586.7600000002,25276.446000000004,967.2109438775511,,1236.0120293398536,1342.1121769911506,0.0,1516586.76,3600000.0,3600000.0,busy__s10__always_on,always_on,main,,,True,,
event,busy,10,3600.0,f5431d9a5afac92d,True,synthetic_distribution,False,,1568,1568,1253,0,112361.432,0.03121150888888889,567,9.45,567,9.45,521,491,567,409,333,0.8141809290953546,0.18581907090464544,0.39185953711093374,333,650.9753783783702,251.85000000009313,910.48737981962,2117.3120000001045,2589.5902000000697,3898.1404000000925,135.08799999998882,6851.427000000142,567,199.47985537918487,164.76800000001094,56.16740196966643,272.63840000024067,279.23719999992755,291.7048000000604,127.45099999988452,310.4890000000596,567,200.48001410934336,165.76800000001094,56.16763025371836,273.63840000024067,280.23719999992755,292.7048000000604,128.45099999988452,311.4890000000596,0,1130.0,67.0,123.0,248.0,0.9440267335004177,0.9018355945730248,0.9224489795918366,0.2126984126984127,0.09816440542697526,0.9312169312169312,491,30,37,0.9424184261036468,0.9299242424242424,0.9361296472831268,0.9424184261036468,0.8378138257575758,0.10585931257551266,0.15076923076923074,0.5749559082892416,0.42504409171075835,,,not_computed_no_bbox_data,0,0,0.0,0,0,0,0.0,0,0,0,0,0,0,0,,,0,,,,,,,0.0,0,0,0,0,0,0,602.0,567,0.6539700176366844,0.6364,0.11155910625228617,0.8028200000000001,0.8669999999999997,0.9773000000000002,0.5003,1.0881,567,0.0,0.0,0.0,0.0,0.0,0.0,0.0,0.0,567,0,0,0,0,0.0,0.0,3598061.197,215883.671848,1568.0,141.12,0.0,0.0,370.803,31.518216,3487638.578,27901.108627,1701.0,255.15,79517.884,33397.511188,26621.538,11181.045889,4521.0,1356.3,0.0,0.0,216056.310064,74091.11570400001,290147.42576799996,4835.790429466666,185.04300112755098,511.72385497001756,556.9048479232245,590.9316207087576,0.0,290147.425768,3600000.0,3600000.0000000005,busy__s10__event,event,main,,,True,,0.0
event_no_early_exit,busy,10,3600.0,f5431d9a5afac92d,True,synthetic_distribution,False,,1568,1568,1253,0,148276.965,0.04118804583333333,567,9.45,567,9.45,521,492,567,409,331,0.8092909535452323,0.19070904645476772,0.39265762170790103,331,721.9163625377595,269.8519999999553,903.0107836283194,2116.6080000000075,2659.3514999999898,3812.6302000000073,233.86999999987893,6851.427000000142,567,262.8229576719553,262.0339999999851,13.747591958696054,280.30039999997246,286.0045000000158,301.75398000002144,229.0339999999851,310.4890000000596,567,263.8231164021138,263.0339999999851,13.747791986703684,281.30039999997246,287.0045000000158,302.75398000002144,230.0339999999851,311.4890000000596,0,1130.0,67.0,123.0,248.0,0.9440267335004177,0.9018355945730248,0.9224489795918366,0.2126984126984127,0.09816440542697526,0.9312169312169312,492,29,36,0.944337811900192,0.9318181818181818,0.9380362249761678,0.944337811900192,0.8599965909090909,0.11773529014798753,0.14127435897435897,0.0,1.0,,,not_computed_no_bbox_data,0,0,0.0,0,0,0,0.0,0,0,0,0,0,0,0,,,0,,,,,,,0.0,0,0,0,0,0,0,602.0,567,0.6539700176366844,0.6364,0.11155910625228617,0.8028200000000001,0.8669999999999997,0.9773000000000002,0.5003,1.0881,567,0.0,0.0,0.0,0.0,0.0,0.0,0.0,0.0,567,0,0,0,0,0.0,0.0,3598061.197,215883.671848,1568.0,141.12,0.0,0.0,370.803,31.518216,3451723.045,27613.78436,1701.0,255.15,79517.884,33397.511188,62546.071,26269.349918,4512.0,1353.6,0.0,0.0,216056.310064,88889.39546600002,304945.70553,5082.428425499999,194.48067954719386,537.8231138095238,585.3084559117082,619.8083445731706,0.0,304945.705529,3600000.0,3600000.0,busy__s10__event_no_early_exit,event_no_early_exit,main,,,True,,0.0
fixed_threshold,busy,10,3600.0,f5431d9a5afac92d,True,synthetic_distribution,False,,1568,1568,1253,0,149866.253,0.04162951472222222,573,9.55,573,9.55,526,497,573,409,335,0.8190709046454768,0.18092909535452317,0.39664804469273746,335,707.5740686567126,269.8519999999553,879.234021034088,1885.467999999995,2553.9481999999966,3789.2819600000194,233.86999999987893,6851.427000000142,573,262.85723560209397,262.0779999999795,13.813050468817227,280.4175999999978,286.13920000004583,301.7001600000215,229.0339999999851,310.4890000000596,573,263.85739267015657,263.0779999999795,13.813247070249641,281.4175999999978,287.13920000004583,302.7001600000215,230.0339999999851,311.4890000000596,0,1153.0,71.0,100.0,244.0,0.9419934640522876,0.9201915403032721,0.9309648768671781,0.2253968253968254,0.07980845969672785,0.9301919720767888,497,29,36,0.9448669201520913,0.9324577861163227,0.9386213408876298,0.9448669201520913,0.8616574108818013,0.1172932141633632,0.14406,0.0,1.0,,,not_computed_no_bbox_data,0,0,0.0,0,0,0,0.0,0,0,0,0,0,0,0,,,0,,,,,,,0.0,0,0,0,0,0,0,620.0,573,0.653369982547993,0.6353,0.11053628303235136,0.8014800000000001,0.8562999999999997,0.9769999999999999,0.5003,1.0881,573,0.0,0.0,0.0,0.0,0.0,0.0,0.0,0.0,573,0,0,0,0,0.0,0.0,3598057.618,215883.457051,1568.0,141.12,0.0,0.0,374.382,31.822511,3450133.755,27601.070038,1719.0,257.85,80329.307,33738.308778,63245.939,26563.294223,4572.0,1371.6,0.0,0.0,216056.399562,89532.12303900001,305588.522601,5093.14204335,194.89063941390305,533.3133029685863,580.9667730057034,614.8662426579476,0.0,305588.522602,3600000.0,3600000.0009999997,busy__s10__fixed_threshold,fixed_threshold,main,,,True,,0.0
motion_only,busy,10,3600.0,f5431d9a5afac92d,True,synthetic_distribution,False,,1568,1568,1253,0,133631.74699999997,0.037119929722222215,510,8.5,510,8.5,427,402,510,409,295,0.7212713936430318,0.27872860635696817,0.320830007980846,295,865.6607016949123,273.5720000001602,1056.6498425552486,2395.4565999999177,2855.137400000078,4499.109460000019,232.49800000013784,7376.504999999888,510,263.3380431372508,262.6675000000978,14.604255096707602,282.6984999999404,287.0809999999823,302.26527000001977,221.7849999999744,310.4890000000596,510,264.33821960783877,263.6675000000978,14.604458241161153,283.6984999999404,288.0809999999823,303.26527000001977,222.7849999999744,311.4890000000596,0,853.0,125.0,400.0,190.0,0.8721881390593047,0.6807661612130886,0.7646795159121471,0.3968253968253968,0.3192338387869114,0.8568627450980392,402,25,35,0.9414519906323185,0.919908466819222,0.9305555555555557,0.9414519906323185,0.8554675057208238,0.1252495463063917,0.12115205479452054,0.0,1.0,,,not_computed_no_bbox_data,0,0,0.0,0,0,0,0.0,0,0,0,0,0,0,0,,,0,,,,,,,0.0,0,0,0,0,0,0,416.0,510,0.6593786274509804,0.6415500000000001,0.11367972016199054,0.80962,0.8737550000000001,0.9798259999999998,0.5003,1.0881,510,0.0,0.0,0.0,0.0,0.0,0.0,0.0,0.0,510,0,0,0,0,0.0,0.0,3598095.715,215885.742882,1568.0,141.12,0.0,0.0,336.285,28.584251,3466368.26,27730.946083,1530.0,229.5,71667.315,30100.272353,56460.924,23713.588272,3973.5,1192.05,0.0,0.0,216055.44713299998,82966.35670799999,299021.803841,4983.696730683334,190.70268102104592,586.3172624333333,700.2852548969555,743.835332937811,0.0,299021.803841,3600000.0,3599999.999,busy__s10__motion_only,motion_only,main,,,True,,0.0
secure,busy,10,3600.0,f5431d9a5afac92d,True,synthetic_distribution,False,,1568,1568,1253,0,102633.45499999999,0.02850929305555555,519,8.65,519,8.65,474,447,567,409,317,0.7750611246943765,0.2249388753056235,0.3567438148443735,317,638.4726561514252,248.9409999998752,993.3102891364671,2143.7052000000394,2735.420999999902,4270.620560000069,135.48800000012852,6851.827000000048,519,199.46390173410654,164.80400000000373,56.32228427529575,273.1512000001967,280.4629999998491,293.050400000224,127.85100000002421,310.8889999999665,519,200.46407514451087,165.80400000000373,56.32253431022376,274.1512000001967,281.4719999998342,294.050400000224,128.85100000002421,311.8889999999665,0,1130.0,67.0,123.0,248.0,0.9440267335004177,0.9018355945730248,0.9224489795918366,0.2126984126984127,0.09816440542697526,0.9312169312169312,447,27,34,0.9430379746835443,0.9293139293139293,0.9361256544502619,0.9430379746835443,0.837802079002079,0.10748830147510044,0.14778157894736837,0.5780346820809249,0.42196531791907516,,,not_computed_no_bbox_data,0,0,0.0,0,0,0,0.0,0,0,0,567,48,519,47,,,0,0.08465608465608465,0.08901515151515152,0.08465608465608465,0.0,,,0.4,2,1,35,10,0,0,602.0,519,0.6529541425818882,0.6353,0.10969824008430368,0.79962,0.8526999999999997,0.971766,0.5003,1.0881,519,0.0,0.0,0.0,0.0,0.0,0.0,0.0,0.0,519,0,0,0,0,0.0,0.0,3597866.315,215871.978912,1568.0,141.12,226.8,21.546,338.885,28.805208,3497366.554,27978.932431,1557.0,233.55,72735.305,30548.828274,24216.141,10170.779097,4125.0,1237.5,0.0,0.0,216063.45012,70169.589802,286233.039922,4770.550665366667,182.54658158290817,551.5087474412331,603.8671728312237,640.3423711901567,21.546,286233.039922,3599999.9999999995,3600000.0,busy__s10__secure,secure,main,,,True,,0.0
always_on,mixed,1,3600.0,56179480c0340cdc,True,synthetic_distribution,False,,695,278,218,417,3600000.0,1.0,1,0.016666666666666666,547,9.116666666666667,211,181,0,75,73,0.9733333333333334,0.026666666666666616,0.8302752293577982,73,456.6916301369885,302.3400000000838,492.09875441378165,894.9303999999072,1468.0756000000047,2249.723759999901,165.30899999999383,3398.7660000000615,0,,,,,,,,,547,310.6017221206457,304.56099999998696,88.98264259757683,434.13119999996854,467.4587000000288,517.6864199999812,133.80400000000373,609.9139999999898,0,,,,,,,,,,,181,32,36,0.8497652582159625,0.8341013824884793,0.8418604651162791,0.8578199052132701,0.8280493087557602,0.11827994809859005,0.16772033898305086,0.4606946983546618,0.5393053016453382,,,not_computed_no_bbox_data,50,48,50.0,17566,201,417,,0,0,0,0,0,0,0,,0.6498800959232613,271,,,,,,,0.0,0,0,0,0,0,0,,0,,,,,,,,,0,,,,,,,,,0,0,0,0,0,3600000.0,18000.0,0.0,0.0,0.0,0.0,0.0,0.0,0.0,0.0,0.0,0.0,0.0,0.0,2544098.06,1068521.185335,946265.44,397431.484665,109636.5,32890.95,0.0,0.0,18000.0,1498843.6199999999,1516843.6199999999,25280.727,2182.5088057553953,,7188.832322274881,8380.351491712707,0.0,1516843.62,3600000.0,3600000.0,mixed__s01__always_on,always_on,main,,,True,,
event,mixed,1,3600.0,56179480c0340cdc,True,synthetic_distribution,False,,695,278,218,417,40669.772,0.011297158888888888,199,3.316666666666667,199,3.316666666666667,99,85,199,75,59,0.7866666666666666,0.21333333333333337,0.38990825688073394,59,565.3650169491804,180.46299999998882,792.370851136456,1747.3917999998437,2165.819400000012,3145.4436600000527,136.42599999997765,3892.2650000001304,199,205.70047738692483,179.46299999998882,55.387831593902305,271.2277999999933,276.7728999997489,287.0438000000059,125.5339999999851,291.3540000000503,199,206.70047738692483,180.46299999998882,55.387831593902305,272.2277999999933,277.7728999997489,288.0438000000059,126.5339999999851,292.3540000000503,0,203.0,343.0,15.0,134.0,0.3717948717948718,0.9311926605504587,0.5314136125654452,0.7190775681341719,0.06880733944954129,0.5125628140703518,85,14,17,0.8585858585858586,0.8333333333333334,0.8457711442786069,0.8585858585858586,0.8392392156862746,0.11322565758701703,0.15771538461538462,0.507537688442211,0.49246231155778897,,,not_computed_no_bbox_data,23,23,23.0,0,0,417,84.0,0,0,0,0,0,0,0,,0.2014388489208633,84,,,,,,,0.0,0,0,0,0,0,0,101.0,199,0.6541633165829146,0.6342,0.12058420885550629,0.8211,0.8482799999999999,1.0496820000000002,0.5011,1.1631,199,0.0,0.0,0.0,0.0,0.0,0.0,0.0,0.0,199,0,0,0,0,0.0,0.0,3599174.821,215950.489257,695.0,62.55,0.0,0.0,130.179,11.065219,3559330.223,28474.641784,597.0,89.55,27845.081,11694.934112,10784.696,4529.572215,1443.0,432.9,0.0,0.0,216024.104476,45221.598111,261245.70258699998,4354.095043116667,375.893097247482,1312.7924753115576,2638.8454806767672,3073.4788539647056,0.0,261245.702588,3600000.0,3600000.0,mixed__s01__event,event,main,,,True,,328.0
event_no_early_exit,mixed,1,3600.0,56179480c0340cdc,True,synthetic_distribution,False,,695,278,218,417,51925.368,0.014423713333333334,199,3.316666666666667,199,3.316666666666667,99,90,199,75,61,0.8133333333333334,0.18666666666666665,0.41284403669724773,61,610.0849836065519,271.34700000006706,793.8611459707955,1720.931999999797,2212.8599999998696,3298.192800000028,230.42700000014156,4338.5190000000875,199,262.261291457275,262.4759999997914,14.350986036418213,279.2957999999286,286.4522000000346,296.28570000012877,227.01799999992363,310.4969999999739,199,263.261291457275,263.4759999997914,14.350986036418213,280.2957999999286,287.4522000000346,297.28570000012877,228.01799999992363,311.4969999999739,0,203.0,343.0,15.0,134.0,0.3717948717948718,0.9311926605504587,0.5314136125654452,0.7190775681341719,0.06880733944954129,0.5125628140703518,90,9,12,0.9090909090909091,0.8823529411764706,0.8955223880597014,0.9090909090909091,0.8579617647058824,0.12532019824411422,0.15439230769230772,0.0,1.0,,,not_computed_no_bbox_data,23,23,23.0,0,0,417,84.0,0,0,0,0,0,0,0,,0.2014388489208633,84,,,,,,,0.0,0,0,0,0,0,0,101.0,199,0.6541633165829146,0.6342,0.12058420885550629,0.8211,0.8482799999999999,1.0496820000000002,0.5011,1.1631,199,0.0,0.0,0.0,0.0,0.0,0.0,0.0,0.0,199,0,0,0,0,0.0,0.0,3599174.821,215950.489257,695.0,62.55,0.0,0.0,130.179,11.065219,3548074.627,28384.597018,597.0,89.55,27845.081,11694.934112,22037.291,9255.662429,1446.0,433.8,0.0,0.0,216024.104476,49858.543559,265882.648035,4431.37746725,382.5649612014389,1336.093708718593,2685.683313484849,2954.2516448333336,0.0,265882.648036,3600000.0,3599999.999,mixed__s01__event_no_early_exit,event_no_early_exit,main,,,True,,328.0
fixed_threshold,mixed,1,3600.0,56179480c0340cdc,True,synthetic_distribution,False,,695,278,218,417,51925.368,0.014423713333333334,199,3.316666666666667,199,3.316666666666667,99,90,199,75,61,0.8133333333333334,0.18666666666666665,0.41284403669724773,61,610.0849836065519,271.34700000006706,793.8611459707955,1720.931999999797,2212.8599999998696,3298.192800000028,230.42700000014156,4338.5190000000875,199,262.261291457275,262.4759999997914,14.350986036418213,279.2957999999286,286.4522000000346,296.28570000012877,227.01799999992363,310.4969999999739,199,263.261291457275,263.4759999997914,14.350986036418213,280.2957999999286,287.4522000000346,297.28570000012877,228.01799999992363,311.4969999999739,0,203.0,343.0,15.0,134.0,0.3717948717948718,0.9311926605504587,0.5314136125654452,0.7190775681341719,0.06880733944954129,0.5125628140703518,90,9,12,0.9090909090909091,0.8823529411764706,0.8955223880597014,0.9090909090909091,0.8579617647058824,0.12532019824411422,0.15439230769230772,0.0,1.0,,,not_computed_no_bbox_data,23,23,23.0,0,0,417,84.0,0,0,0,0,0,0,0,,0.2014388489208633,84,,,,,,,0.0,0,0,0,0,0,0,101.0,199,0.6541633165829146,0.6342,0.12058420885550629,0.8211,0.8482799999999999,1.0496820000000002,0.5011,1.1631,199,0.0,0.0,0.0,0.0,0.0,0.0,0.0,0.0,199,0,0,0,0,0.0,0.0,3599174.821,215950.489257,695.0,62.55,0.0,0.0,130.179,11.065219,3548074.627,28384.597018,597.0,89.55,27845.081,11694.934112,22037.291,9255.662429,1446.0,433.8,0.0,0.0,216024.104476,49858.543559,265882.648035,4431.37746725,382.5649612014389,1336.093708718593,2685.683313484849,2954.2516448333336,0.0,265882.648036,3600000.0,3599999.999,mixed__s01__fixed_threshold,fixed_threshold,main,,,True,,328.0
motion_only,mixed,1,3600.0,56179480c0340cdc,True,synthetic_distribution,False,,695,278,218,417,50037.491,0.013899303055555557,191,3.183333333333333,191,3.183333333333333,86,76,191,75,58,0.7733333333333333,0.22666666666666668,0.3486238532110092,58,765.6754655172385,278.4494999999297,784.0616438562776,2025.0283999999876,2479.9302499999058,2745.3014500000886,230.42700000014156,2931.757000000216,191,263.3051780104647,263.2879999999932,14.180563950239563,282.2469999999739,286.533000000054,295.9806999999564,227.01799999992363,310.4969999999739,191,264.3051780104647,264.2879999999932,14.180563950239563,283.2469999999739,287.533000000054,296.9806999999564,228.01799999992363,311.4969999999739,0,162.0,416.0,56.0,61.0,0.28027681660899656,0.7431192660550459,0.40703517587939697,0.8721174004192872,0.25688073394495414,0.4607329842931937,76,10,12,0.8837209302325582,0.8636363636363636,0.8735632183908046,0.8837209302325582,0.8558090909090909,0.11839684839348083,0.13975263157894735,0.0,1.0,,,not_computed_no_bbox_data,20,20,20.0,0,0,417,84.0,0,0,0,0,0,0,0,,0.2014388489208633,84,,,,,,,0.0,0,0,0,0,0,0,74.0,191,0.6605994764397904,0.6406,0.11880240317318688,0.8069,0.85995,0.9902699999999995,0.5017,1.1631,191,0.0,0.0,0.0,0.0,0.0,0.0,0.0,0.0,191,0,0,0,0,0.0,0.0,3599178.825,215950.729511,695.0,62.55,0.0,0.0,126.175,10.724859,3549962.508,28399.700061,573.0,85.95,26771.635,11244.086699,21320.357,8954.550087,1372.5,411.75,0.0,0.0,216024.00437,49096.036846999996,265120.041217,4418.667353616666,381.4676852043165,1388.0630430209424,3082.79117694186,3488.4215949605264,0.0,265120.041217,3600000.0,3599999.9999999995,mixed__s01__motion_only,motion_only,main,,,True,,392.0
secure,mixed,1,3600.0,56179480c0340cdc,True,synthetic_distribution,False,,695,278,218,417,26107.346999999998,0.007252040833333332,134,2.2333333333333334,134,2.2333333333333334,94,80,199,75,56,0.7466666666666667,0.2533333333333333,0.3669724770642202,56,550.8839285714554,179.6754999998957,802.3149319366321,1787.4814999999944,2200.0839999999152,3184.472349999965,136.82600000011735,3892.6650000000373,134,196.5597089552212,166.1119999999646,53.979852486923434,269.9744000000181,277.440150000155,290.13479999977045,125.93399999989197,291.75399999995716,134,197.5597089552212,167.1119999999646,53.979852486923434,270.9744000000181,278.440150000155,291.13479999977045,126.93399999989197,292.75399999995716,0,203.0,343.0,15.0,134.0,0.3717948717948718,0.9311926605504587,0.5314136125654452,0.7190775681341719,0.06880733944954129,0.5125628140703518,80,14,17,0.851063829787234,0.8247422680412371,0.8376963350785339,0.851063829787234,0.8395556701030927,0.11390068313472355,0.15771538461538462,0.6044776119402985,0.39552238805970147,,,not_computed_no_bbox_data,12,12,12.0,0,0,417,84.0,84,60,24,115,5,110,5,0.7142857142857143,0.05755395683453238,24,0.043478260869565216,0.049019607843137254,0.32663316582914576,0.9230769230769231,0.7142857142857143,0.8053691275167787,0.4,0,9,1,18,37,0,101.0,134,0.6548731343283584,0.6367,0.12202862302230023,0.8270200000000001,0.8453999999999999,1.0113149999999984,0.5016,1.1631,134,0.0,0.0,0.0,0.0,0.0,0.0,0.0,0.0,134,0,0,0,0,0.0,0.0,3599137.647,215948.258812,695.0,62.55,79.6,7.562,87.753,7.459016,3573892.651,28591.141206,402.0,60.3,18818.188,7903.638839,5867.162,2464.207855,1020.0,306.0,0.0,0.0,216025.829828,39325.2879,255351.11772799998,4255.8519621333335,367.4116801841726,1905.6053561791043,2716.5012524255317,3191.8889716,7.562,255351.117728,3600000.0,3600000.001,mixed__s01__secure,secure,main,,,True,,328.0
always_on,mixed,2,3600.0,9aad025334b927fc,True,synthetic_distribution,False,,839,231,182,608,3600000.0,1.0,1,0.016666666666666666,655,10.916666666666666,179,166,0,55,55,1.0,0.0,0.9120879120879121,55,387.4101454545741,320.1440000003204,323.33008230310185,441.5581999999937,1183.0102000000127,1664.7310800000469,146.68999999994412,1750.4010000000708,0,,,,,,,,,655,324.9073129770989,323.04099999996834,88.42097622781628,440.76079999990765,476.7496000001205,539.6877799997828,129.32700000004843,634.8569999998435,0,,,,,,,,,,,166,16,16,0.9120879120879121,0.9120879120879121,0.9120879120879121,0.9273743016759777,0.824151098901099,0.10672800496113773,0.18560416666666668,0.4213740458015267,0.5786259541984733,,,not_computed_no_bbox_data,117,114,117.0,17447,221,608,,0,0,0,0,0,0,0,,0.6990131578947368,425,,,,,,,0.0,0,0,0,0,0,0,,0,,,,,,,,,0,,,,,,,,,0,0,0,0,0,3600000.0,18000.0,0.0,0.0,0.0,0.0,0.0,0.0,0.0,0.0,0.0,0.0,0.0,0.0,2544387.046,1068642.559286,945921.661,397287.097485,109691.293,32907.388021,0.0,0.0,18000.0,1498837.044792,1516837.044792,25280.617413199998,1807.9106612538735,,8473.949970905027,9137.572558987951,0.0,1516837.044792,3600000.0,3600000.0,mixed__s02__always_on,always_on,main,,,True,,
event,mixed,2,3600.0,9aad025334b927fc,True,synthetic_distribution,False,,839,231,182,608,44479.564000000006,0.012355434444444447,211,3.5166666666666666,211,3.5166666666666666,81,75,211,55,48,0.8727272727272727,0.12727272727272732,0.41208791208791207,48,478.06050000000806,244.38399999996182,597.302304212144,1354.680699999888,1886.174049999751,2330.1294599999515,136.39500000001863,2494.2919999998994,211,212.10367772511498,242.84400000004098,55.67635211084769,276.094000000041,283.21249999990687,294.3416999999623,127.73199999984354,304.3939999998547,211,213.10367772511498,243.84400000004098,55.67635211084769,277.094000000041,284.21249999990687,295.3416999999623,128.73199999984354,305.3939999998547,0,159.0,482.0,23.0,175.0,0.24804992199687986,0.8736263736263736,0.3863912515188335,0.7336377473363774,0.12637362637362637,0.38388625592417064,75,6,6,0.9259259259259259,0.9259259259259259,0.9259259259259259,0.9259259259259259,0.835185185185185,0.09191690828012972,0.17025,0.46919431279620855,0.5308056872037915,,,not_computed_no_bbox_data,39,39,39.0,0,0,608,122.0,0,0,0,0,0,0,0,,0.20065789473684212,122,,,,,,,0.0,0,0,0,0,0,0,78.0,211,0.6603137440758292,0.6338,0.12136215990917393,0.8207,0.87085,0.9896200000000002,0.5009,1.2463,211,0.0,0.0,0.0,0.0,0.0,0.0,0.0,0.0,211,0,0,0,0,0.0,0.0,3599021.674,215941.300427,839.0,75.51,0.0,0.0,139.326,11.842729,3555520.441,28444.163525,633.0,94.95,29852.608,12538.095294,12463.952,5234.859655,1530.0,459.0,0.0,0.0,216028.65315600001,46771.068474,262799.72163,4379.9953605,313.2297039690107,1245.496311042654,3244.4410077777775,3503.9962883999997,0.0,262799.721629,3600000.0,3600000.001,mixed__s02__event,event,main,,,True,,472.0
event_no_early_exit,mixed,2,3600.0,9aad025334b927fc,True,synthetic_distribution,False,,839,231,182,608,55286.041,0.015357233611111111,211,3.5166666666666666,211,3.5166666666666666,81,76,211,55,47,0.8545454545454545,0.1454545454545455,0.4175824175824176,47,501.5692340425631,268.58499999999185,529.2316545617915,1230.603399999719,1833.7417999999816,2139.263699999824,227.95999999996275,2251.689999999944,211,263.3191753554493,262.3519999999553,15.352022319782872,282.7530000000261,290.3959999997169,296.60619999994526,222.4480000003241,314.3430000003427,211,264.3191753554493,263.3519999999553,15.352022319782872,283.7530000000261,291.3959999997169,297.60619999994526,223.4480000003241,315.3430000003427,0,159.0,482.0,23.0,175.0,0.24804992199687986,0.8736263736263736,0.3863912515188335,0.7336377473363774,0.12637362637362637,0.38388625592417064,76,5,5,0.9382716049382716,0.9382716049382716,0.9382716049382716,0.9382716049382716,0.8527395061728393,0.10317573076917405,0.1789375,0.0,1.0,,,not_computed_no_bbox_data,39,39,39.0,0,0,608,122.0,0,0,0,0,0,0,0,,0.20065789473684212,122,,,,,,,0.0,0,0,0,0,0,0,78.0,211,0.6603137440758292,0.6338,0.12136215990917393,0.8207,0.87085,0.9896200000000002,0.5009,1.2463,211,0.0,0.0,0.0,0.0,0.0,0.0,0.0,0.0,211,0,0,0,0,0.0,0.0,3599021.674,215941.300427,839.0,75.51,0.0,0.0,139.326,11.842729,3544713.967,28357.711736,633.0,94.95,29852.608,12538.095294,23268.925,9772.948581,1531.5,459.45,0.0,0.0,216028.65315600001,51223.155610999995,267251.80876700004,4454.196812783334,318.5361248712754,1266.596250080569,3299.405046506173,3516.471167986843,0.0,267251.808767,3600000.0,3600000.0,mixed__s02__event_no_early_exit,event_no_early_exit,main,,,True,,472.0
fixed_threshold,mixed,2,3600.0,9aad025334b927fc,True,synthetic_distribution,False,,839,231,182,608,55286.041,0.015357233611111111,211,3.5166666666666666,211,3.5166666666666666,81,76,211,55,47,0.8545454545454545,0.1454545454545455,0.4175824175824176,47,501.5692340425631,268.58499999999185,529.2316545617915,1230.603399999719,1833.7417999999816,2139.263699999824,227.95999999996275,2251.689999999944,211,263.3191753554493,262.3519999999553,15.352022319782872,282.7530000000261,290.3959999997169,296.60619999994526,222.4480000003241,314.3430000003427,211,264.3191753554493,263.3519999999553,15.352022319782872,283.7530000000261,291.3959999997169,297.60619999994526,223.4480000003241,315.3430000003427,0,159.0,482.0,23.0,175.0,0.24804992199687986,0.8736263736263736,0.3863912515188335,0.7336377473363774,0.12637362637362637,0.38388625592417064,76,5,5,0.9382716049382716,0.9382716049382716,0.9382716049382716,0.9382716049382716,0.8527395061728393,0.10317573076917405,0.1789375,0.0,1.0,,,not_computed_no_bbox_data,39,39,39.0,0,0,608,122.0,0,0,0,0,0,0,0,,0.20065789473684212,122,,,,,,,0.0,0,0,0,0,0,0,78.0,211,0.6603137440758292,0.6338,0.12136215990917393,0.8207,0.87085,0.9896200000000002,0.5009,1.2463,211,0.0,0.0,0.0,0.0,0.0,0.0,0.0,0.0,211,0,0,0,0,0.0,0.0,3599021.674,215941.300427,839.0,75.51,0.0,0.0,139.326,11.842729,3544713.967,28357.711736,633.0,94.95,29852.608,12538.095294,23268.925,9772.948581,1531.5,459.45,0.0,0.0,216028.65315600001,51223.155610999995,267251.80876700004,4454.196812783334,318.5361248712754,1266.596250080569,3299.405046506173,3516.471167986843,0.0,267251.808767,3600000.0,3600000.0,mixed__s02__fixed_threshold,fixed_threshold,main,,,True,,472.0
motion_only,mixed,2,3600.0,9aad025334b927fc,True,synthetic_distribution,False,,839,231,182,608,52540.81,0.014594669444444444,201,3.35,201,3.35,68,66,201,55,44,0.8,0.19999999999999996,0.3626373626373626,44,758.9262500000297,279.4329999999609,701.9838545395814,1550.621799999953,1879.9711499999398,2857.7812600000602,227.95999999996275,3315.008000000147,201,262.710482587069,262.10700000007637,14.177463977416307,280.3059999998659,288.76100000040606,294.7810000004247,225.9759999999951,313.50600000005215,201,263.710482587069,263.10700000007637,14.177463977416307,281.3059999998659,289.76100000040606,295.7810000004247,226.9759999999951,314.50600000005215,0,120.0,577.0,62.0,80.0,0.17216642754662842,0.6593406593406593,0.27303754266211605,0.878234398782344,0.34065934065934067,0.34328358208955223,66,2,3,0.9705882352941176,0.9565217391304348,0.9635036496350365,0.9705882352941176,0.8547362318840579,0.11658393463511284,0.16424285714285713,0.0,1.0,,,not_computed_no_bbox_data,30,30,30.0,0,0,608,118.0,0,0,0,0,0,0,0,,0.19407894736842105,118,,,,,,,0.0,0,0,0,0,0,0,51.0,201,0.6595492537313431,0.6382,0.11499826612579991,0.8142,0.8712,0.9377,0.5015,1.2463,201,0.0,0.0,0.0,0.0,0.0,0.0,0.0,0.0,201,0,0,0,0,0.0,0.0,3599028.43,215941.705815,839.0,75.51,0.0,0.0,132.57,11.268429,3547459.198,28379.673582,603.0,90.45,28328.845,11898.11483,22180.957,9316.002138,1428.0,428.4,0.0,0.0,216028.484244,50112.640550000004,266141.124794,4435.685413233334,317.2123060715137,1324.0851979800996,3913.8400705,4032.441284757576,0.0,266141.124794,3600000.0,3600000.0,mixed__s02__motion_only,motion_only,main,,,True,,559.0
secure,mixed,2,3600.0,9aad025334b927fc,True,synthetic_distribution,False,,839,231,182,608,22655.579999999998,0.006293216666666666,111,1.85,111,1.85,74,68,211,55,44,0.8,0.19999999999999996,0.37362637362637363,44,382.03154545455726,201.15349999978207,473.57248929330893,1013.1085999999663,1232.6563999997918,2112.9164999999994,136.7949999999255,2494.692000000039,111,205.81416216216402,171.04199999989942,55.49278242956756,276.49399999994785,280.70200000004843,289.0531000002816,135.1579999999958,295.1409999999887,111,206.81416216216402,172.04199999989942,55.49278242956756,277.49399999994785,281.70200000004843,290.0531000002816,136.1579999999958,296.1409999999887,0,159.0,482.0,23.0,175.0,0.24804992199687986,0.8736263736263736,0.3863912515188335,0.7336377473363774,0.12637362637362637,0.38388625592417064,68,6,6,0.918918918918919,0.918918918918919,0.918918918918919,0.918918918918919,0.8401391891891892,0.08460868315419526,0.17025,0.5315315315315315,0.46846846846846846,,,not_computed_no_bbox_data,19,19,19.0,0,0,608,122.0,122,93,29,89,7,82,7,0.7622950819672131,0.047697368421052634,29,0.07865168539325842,0.08641975308641975,0.47393364928909953,0.93,0.7622950819672131,0.8378378378378378,0.4,0,17,4,24,55,0,78.0,111,0.6665774774774776,0.646,0.12093320822570139,0.8179,0.87085,0.9685,0.5044,1.2463,111,0.0,0.0,0.0,0.0,0.0,0.0,0.0,0.0,111,0,0,0,0,0.0,0.0,3599002.61,215940.15659,839.0,75.51,84.4,8.018,73.99,6.289164,3577344.419,28618.755351,333.0,49.95,15721.419,6602.996176,5738.662,2410.237874,862.5,258.75,0.0,0.0,216029.973754,37940.689400999996,253970.663155,4232.844385916666,302.706392318236,2288.0239923873874,3432.035988581081,3734.862693455882,8.018,253970.663155,3600000.0,3600000.0000000005,mixed__s02__secure,secure,main,,,True,,472.0
always_on,mixed,3,3600.0,6a58abc35733528f,True,synthetic_distribution,False,,1766,363,265,1403,3600000.0,1.0,1,0.016666666666666666,1291,21.516666666666666,261,238,0,99,97,0.9797979797979798,0.02020202020202022,0.8981132075471698,97,409.9344948453654,303.62000000011176,379.3689483909155,519.2281999999658,1368.646600000094,1877.566319999968,155.2339999997057,2619.6059999996796,0,,,,,,,,,1291,327.0580232377956,325.3279999997467,90.7613313909811,447.5120000001043,479.99599999981,532.4451999999114,131.01800000015646,866.1550000000279,0,,,,,,,,,,,238,25,27,0.9049429657794676,0.8981132075471698,0.9015151515151515,0.9118773946360154,0.8361660377358491,0.1081892231641498,0.14940842105263155,0.38109992254066616,0.6189000774593338,,,not_computed_no_bbox_data,92,90,92.0,16828,221,1403,,0,0,0,0,0,0,0,,0.6635780470420527,931,,,,,,,0.0,0,0,0,0,0,0,,0,,,,,,,,,0,,,,,,,,,0,0,0,0,0,3600000.0,18000.0,0.0,0.0,0.0,0.0,0.0,0.0,0.0,0.0,0.0,0.0,0.0,0.0,2542367.432,1067794.321467,947742.568,398051.878533,109890.0,32967.0,0.0,0.0,18000.0,1498813.2000000002,1516813.2000000002,25280.220000000005,858.8976217440545,,5811.544827586207,6373.164705882354,0.0,1516813.2,3600000.0,3600000.0,mixed__s03__always_on,always_on,main,,,True,,
event,mixed,3,3600.0,6a58abc35733528f,True,synthetic_distribution,False,,1766,363,265,1403,84772.689,0.023547969166666665,388,6.466666666666667,388,6.466666666666667,117,108,388,99,78,0.7878787878787878,0.21212121212121215,0.4075471698113208,78,546.1319487179467,254.10450000001583,724.9755333287849,1714.082000000123,2475.045550000033,2882.066919999854,127.99699999997392,2889.0,388,219.80173969073266,248.8804999999702,54.717242684871614,276.15769999986514,282.8430499998969,289.7245300002559,126.51800000004005,301.8300000000745,388,220.80173969073266,249.8804999999702,54.717242684871614,277.15769999986514,283.8430499998969,290.7245300002559,127.51800000004005,302.8300000000745,0,241.0,1138.0,24.0,363.0,0.1747643219724438,0.909433962264151,0.2931873479318735,0.7581612258494337,0.09056603773584905,0.3015463917525773,108,9,9,0.9230769230769231,0.9230769230769231,0.9230769230769231,0.9230769230769231,0.8406102564102567,0.08435051088762091,0.1639714285714286,0.3788659793814433,0.6211340206185567,,,not_computed_no_bbox_data,42,42,42.0,0,0,1403,250.0,0,0,0,0,0,0,0,,0.1781895937277263,250,,,,,,,0.0,0,0,0,0,0,0,124.0,388,0.6589853092783505,0.6329,0.12532910398462463,0.8467200000000001,0.92367,1.006884,0.5007,1.0829,388,0.0,0.0,0.0,0.0,0.0,0.0,0.0,0.0,388,0,0,0,0,0.0,0.0,3597978.313,215878.698805,1766.0,158.94,0.0,0.0,255.687,21.73336,3515227.317,28121.818537,1164.0,174.6,54468.87,22876.925295,26495.313,11128.031496,2644.5,793.35,0.0,0.0,216059.372165,63094.72532799999,279154.097493,4652.568291549999,158.07140288391844,719.4693234355669,2385.9324572051282,2584.7601619722222,0.0,279154.097493,3600000.0,3600000.0,mixed__s03__event,event,main,,,True,,1111.0
event_no_early_exit,mixed,3,3600.0,6a58abc35733528f,True,synthetic_distribution,False,,1766,363,265,1403,100973.012,0.02804805888888889,388,6.466666666666667,388,6.466666666666667,117,114,388,99,79,0.797979797979798,0.202020202020202,0.43018867924528303,79,545.0424303797452,273.58199999993667,633.7951813990202,1558.1390000000597,1786.4440000002708,2912.8587800000046,233.6820000000298,2997.4490000000224,388,261.5551469072256,261.9379999998491,14.920139109970243,280.20109999985436,287.34844999988564,297.4365299999621,215.8310000000056,304.40700000012293,388,262.5551469072256,262.9379999998491,14.920139109970243,281.20109999985436,288.34844999988564,298.4365299999621,216.8310000000056,305.40700000012293,0,241.0,1138.0,24.0,363.0,0.1747643219724438,0.909433962264151,0.2931873479318735,0.7581612258494337,0.09056603773584905,0.3015463917525773,114,3,3,0.9743589743589743,0.9743589743589743,0.9743589743589743,0.9743589743589743,0.8645188034188036,0.09982845538949503,0.15492857142857144,0.0,1.0,,,not_computed_no_bbox_data,42,42,42.0,0,0,1403,250.0,0,0,0,0,0,0,0,,0.1781895937277263,250,,,,,,,0.0,0,0,0,0,0,0,124.0,388,0.6589853092783505,0.6329,0.12532910398462463,0.8467200000000001,0.92367,1.006884,0.5007,1.0829,388,0.0,0.0,0.0,0.0,0.0,0.0,0.0,0.0,388,0,0,0,0,0.0,0.0,3597978.313,215878.698805,1766.0,158.94,0.0,0.0,255.687,21.73336,3499026.994,27992.215955,1164.0,174.6,54468.87,22876.925295,42692.636,17930.907053,2647.5,794.25,0.0,0.0,216059.372165,69768.898303,285828.270468,4763.8045078,161.85066277916192,736.6708001752577,2442.9766706666665,2507.2655304210525,0.0,285828.270468,3600000.0,3600000.0,mixed__s03__event_no_early_exit,event_no_early_exit,main,,,True,,1111.0
fixed_threshold,mixed,3,3600.0,6a58abc35733528f,True,synthetic_distribution,False,,1766,363,265,1403,100973.012,0.02804805888888889,388,6.466666666666667,388,6.466666666666667,117,114,388,99,79,0.797979797979798,0.202020202020202,0.43018867924528303,79,545.0424303797452,273.58199999993667,633.7951813990202,1558.1390000000597,1786.4440000002708,2912.8587800000046,233.6820000000298,2997.4490000000224,388,261.5551469072256,261.9379999998491,14.920139109970243,280.20109999985436,287.34844999988564,297.4365299999621,215.8310000000056,304.40700000012293,388,262.5551469072256,262.9379999998491,14.920139109970243,281.20109999985436,288.34844999988564,298.4365299999621,216.8310000000056,305.40700000012293,0,241.0,1140.0,24.0,361.0,0.17451122375090514,0.909433962264151,0.2928311057108141,0.759493670886076,0.09056603773584905,0.3015463917525773,114,3,3,0.9743589743589743,0.9743589743589743,0.9743589743589743,0.9743589743589743,0.8645188034188036,0.09982845538949503,0.15492857142857144,0.0,1.0,,,not_computed_no_bbox_data,42,42,42.0,0,0,1403,250.0,0,0,0,0,0,0,0,,0.1781895937277263,250,,,,,,,0.0,0,0,0,0,0,0,124.0,388,0.6589853092783505,0.6329,0.12532910398462463,0.8467200000000001,0.92367,1.006884,0.5007,1.0829,388,0.0,0.0,0.0,0.0,0.0,0.0,0.0,0.0,388,0,0,0,0,0.0,0.0,3597978.313,215878.698805,1766.0,158.94,0.0,0.0,255.687,21.73336,3499026.994,27992.215955,1164.0,174.6,54468.87,22876.925295,42692.636,17930.907053,2647.5,794.25,0.0,0.0,216059.372165,69768.898303,285828.270468,4763.8045078,161.85066277916192,736.6708001752577,2442.9766706666665,2507.2655304210525,0.0,285828.270468,3600000.0,3600000.0,mixed__s03__fixed_threshold,fixed_threshold,main,,,True,,1112.0
motion_only,mixed,3,3600.0,6a58abc35733528f,True,synthetic_distribution,False,,1766,363,265,1403,99469.18,0.027630327777777776,381,6.35,381,6.35,94,92,381,99,68,0.6868686868686869,0.31313131313131315,0.3471698113207547,68,780.7203088235234,276.4860000000335,866.3869677935577,2231.407899999991,2726.85255000015,3294.3602500001007,233.6820000000298,3597.6190000004135,381,262.3856981627256,262.1809999998659,14.769654074478925,281.32400000002235,287.3739999998361,299.94819999998435,225.59799999999814,302.6440000003204,381,263.3856981627256,263.1809999998659,14.769654074478925,282.32400000002235,288.3739999998361,300.94819999998435,226.59799999999814,303.6440000003204,0,187.0,1387.0,78.0,114.0,0.11880559085133419,0.7056603773584905,0.20337139749864055,0.9240506329113924,0.2943396226415094,0.24671916010498687,92,3,2,0.968421052631579,0.9787234042553191,0.9735449735449735,0.9787234042553191,0.8730968085106382,0.09434787203454462,0.16693870967741933,0.0,1.0,,,not_computed_no_bbox_data,30,29,30.0,0,0,1403,256.0,0,0,0,0,0,0,0,,0.18246614397719174,256,,,,,,,0.0,0,0,0,0,0,0,93.0,381,0.6628855643044619,0.6381,0.12289555889585864,0.8541,0.9225,0.9956799999999998,0.5007,1.0829,381,0.0,0.0,0.0,0.0,0.0,0.0,0.0,0.0,381,0,0,0,0,0.0,0.0,3597981.44,215878.886402,1766.0,158.94,0.0,0.0,252.56,21.467598,3500530.823,28004.246587,1143.0,171.45,53699.553,22553.812301,42085.624,17675.961903,2541.0,762.3,0.0,0.0,216059.294,69167.770791,285227.06479100004,4753.784413183334,161.5102292134768,748.6274666430447,3034.3304765000003,3100.29418251087,0.0,285227.06479,3600000.0,3599999.9999999995,mixed__s03__motion_only,motion_only,main,,,True,,1347.0
secure,mixed,3,3600.0,6a58abc35733528f,True,synthetic_distribution,False,,1766,363,265,1403,34393.28200000001,0.009553689444444445,167,2.783333333333333,167,2.783333333333333,101,94,388,99,70,0.7070707070707071,0.29292929292929293,0.35471698113207545,70,476.2381142856896,248.34350000007544,626.7431981340451,1557.257999999961,1960.973900000092,2535.086099999985,128.39700000011362,2640.179999999702,167,207.66652095808442,177.35899999993853,56.90180899998416,276.59199999980626,283.56609999993816,292.9529599999404,126.91800000006333,300.1459999999497,167,208.66652095808442,178.35899999993853,56.90180899998416,277.59199999980626,284.56609999993816,293.9529599999404,127.91800000006333,301.1459999999497,0,241.0,1138.0,24.0,363.0,0.1747643219724438,0.909433962264151,0.2931873479318735,0.7581612258494337,0.09056603773584905,0.3015463917525773,94,7,7,0.9306930693069307,0.9306930693069307,0.9306930693069307,0.9306930693069307,0.8437069306930692,0.08146004082668477,0.169205,0.5149700598802395,0.48502994011976047,,,not_computed_no_bbox_data,16,16,16.0,0,0,1403,250.0,250,204,46,138,17,121,16,0.816,0.03278688524590164,46,0.12318840579710146,0.13675213675213677,0.5695876288659794,0.9230769230769231,0.816,0.8662420382165605,0.4,0,14,7,69,131,0,124.0,167,0.6602532934131737,0.6355,0.12801398962727828,0.8478000000000001,0.9217199999999999,0.9956600000000002,0.5007,1.0829,167,0.0,0.0,0.0,0.0,0.0,0.0,0.0,0.0,167,0,0,0,0,0.0,0.0,3597968.538,215878.112269,1766.0,158.94,155.2,14.744,110.262,9.372286,3565606.721,28524.85377,501.0,75.15,23746.306,9973.44872,8912.972,3743.44834,1233.0,369.9,0.0,0.0,216061.168555,42686.80083000001,258747.969385,4312.466156416666,146.51640395526613,1549.389038233533,2561.861083019802,2752.637972180851,14.744,258747.969384,3600000.0000000005,3599999.999,mixed__s03__secure,secure,main,,,True,,1111.0
always_on,mixed,4,3600.0,344bd2893be875b2,True,synthetic_distribution,False,,472,330,259,142,3600000.0,1.0,1,0.016666666666666666,438,7.3,252,224,0,76,75,0.9868421052631579,0.013157894736842146,0.8648648648648649,75,427.5488400000195,327.26299999980256,307.69004936417247,691.2630000000123,1301.0137999999683,1448.1974199998567,143.68399999989197,1491.4629999999888,0,,,,,,,,,438,331.2542625570828,311.9169999998994,130.89555945127563,478.4362000002992,574.6705000000479,742.915900000038,134.13100000005215,1092.8240000000224,0,,,,,,,,,,,224,29,34,0.8853754940711462,0.8682170542635659,0.8767123287671234,0.8888888888888888,0.840758527131783,0.10636974838075375,0.16308805970149257,0.5273972602739726,0.4726027397260274,,,not_computed_no_bbox_data,40,39,40.0,17740,249,142,,0,0,0,0,0,0,0,,0.795774647887324,113,,,,,,,0.0,0,0,0,0,0,0,,0,,,,,,,,,0,,,,,,,,,0,0,0,0,0,3600000.0,18000.0,0.0,0.0,0.0,0.0,0.0,0.0,0.0,0.0,0.0,0.0,0.0,0.0,2552209.28,1071927.897713,937581.22,393784.112287,110209.5,33062.85,0.0,0.0,18000.0,1498774.86,1516774.86,25279.581000000002,3213.506059322034,,6018.947857142857,6771.316339285715,0.0,1516774.86,3600000.0,3600000.0,mixed__s04__always_on,always_on,main,,,True,,
event,mixed,4,3600.0,344bd2893be875b2,True,synthetic_distribution,False,,472,330,259,142,31299.23,0.008694230555555555,154,2.566666666666667,154,2.566666666666667,100,86,154,76,57,0.75,0.25,0.33204633204633205,57,537.1998421052656,258.79999999981374,740.4590460832565,2080.8458000000915,2305.103200000058,2790.2732800000717,134.01199999987148,2899.493999999948,154,204.5508831168753,175.1679999998887,56.343566376046226,271.02929999982007,279.6827499998268,289.12338999993165,132.1160000001546,297.36599999992177,154,205.5508831168753,176.1679999998887,56.343566376046226,272.02929999982007,280.6827499998268,290.12338999993165,133.1160000001546,298.36599999992177,0,246.0,126.0,13.0,87.0,0.6612903225806451,0.9498069498069498,0.7797147385103012,0.5915492957746479,0.05019305019305019,0.6688311688311688,86,14,17,0.86,0.8349514563106796,0.8472906403940887,0.86,0.8378864077669902,0.1065279278935016,0.19740000000000002,0.525974025974026,0.474025974025974,,,not_computed_no_bbox_data,21,21,21.0,0,0,142,40.0,0,0,0,0,0,0,0,,0.28169014084507044,40,,,,,,,0.0,0,0,0,0,0,0,143.0,154,0.6548987012987013,0.64255,0.11067170906715426,0.8126000000000001,0.8655949999999999,0.930046,0.501,0.9356,154,0.0,0.0,0.0,0.0,0.0,0.0,0.0,0.0,154,0,0,0,0,0.0,0.0,3599427.145,215965.628724,472.0,42.48,0.0,0.0,100.855,8.572641,3568700.772,28549.606176,462.0,69.3,21509.778,9034.106962,8158.949,3426.758789,1168.5,350.55,0.0,0.0,216016.68136500003,41430.321927000005,257447.003292,4290.7833882,545.4385662966101,1671.7337876103898,2574.47003292,2993.56980572093,0.0,257447.003292,3600000.0,3599999.999,mixed__s04__event,event,main,,,True,,113.0
event_no_early_exit,mixed,4,3600.0,344bd2893be875b2,True,synthetic_distribution,False,,472,330,259,142,40358.25199999999,0.011210625555555553,154,2.566666666666667,154,2.566666666666667,100,90,154,76,59,0.7763157894736842,0.22368421052631582,0.3474903474903475,59,652.7379152542545,268.2120000002906,807.4266737771827,2293.2566000001275,2482.6134000000757,2897.0719199999608,233.73399999993853,2899.493999999948,154,263.37572727271447,262.3200000000652,15.092254970070215,281.6897999998415,288.255999999796,302.8889099998903,227.57700000004843,310.6219999999739,154,264.37572727271447,263.3200000000652,15.092254970070215,282.6897999998415,289.255999999796,303.8889099998903,228.57700000004843,311.6219999999739,0,246.0,126.0,13.0,87.0,0.6612903225806451,0.9498069498069498,0.7797147385103012,0.5915492957746479,0.05019305019305019,0.6688311688311688,90,10,13,0.9,0.8737864077669902,0.8866995073891626,0.9,0.8630699029126213,0.11646414144339598,0.18456363636363635,0.0,1.0,,,not_computed_no_bbox_data,21,21,21.0,0,0,142,40.0,0,0,0,0,0,0,0,,0.28169014084507044,40,,,,,,,0.0,0,0,0,0,0,0,143.0,154,0.6548987012987013,0.64255,0.11067170906715426,0.8126000000000001,0.8655949999999999,0.930046,0.501,0.9356,154,0.0,0.0,0.0,0.0,0.0,0.0,0.0,0.0,154,0,0,0,0,0.0,0.0,3599427.145,215965.628724,472.0,42.48,0.0,0.0,100.855,8.572641,3559641.747,28477.133975,462.0,69.3,21509.778,9034.106962,17220.975,7232.80937,1165.5,349.65,0.0,0.0,216016.68136500003,45163.000307,261179.681672,4352.994694533333,553.3467832033898,1695.971958909091,2611.79681672,2901.996463022222,0.0,261179.681672,3600000.0,3600000.0,mixed__s04__event_no_early_exit,event_no_early_exit,main,,,True,,113.0
fixed_threshold,mixed,4,3600.0,344bd2893be875b2,True,synthetic_distribution,False,,472,330,259,142,40358.25199999999,0.011210625555555553,154,2.566666666666667,154,2.566666666666667,100,90,154,76,59,0.7763157894736842,0.22368421052631582,0.3474903474903475,59,652.7379152542545,268.2120000002906,807.4266737771827,2293.2566000001275,2482.6134000000757,2897.0719199999608,233.73399999993853,2899.493999999948,154,263.37572727271447,262.3200000000652,15.092254970070215,281.6897999998415,288.255999999796,302.8889099998903,227.57700000004843,310.6219999999739,154,264.37572727271447,263.3200000000652,15.092254970070215,282.6897999998415,289.255999999796,303.8889099998903,228.57700000004843,311.6219999999739,0,247.0,126.0,12.0,87.0,0.6621983914209115,0.9536679536679536,0.7816455696202532,0.5915492957746479,0.04633204633204633,0.6688311688311688,90,10,13,0.9,0.8737864077669902,0.8866995073891626,0.9,0.8630699029126213,0.11646414144339598,0.18456363636363635,0.0,1.0,,,not_computed_no_bbox_data,21,21,21.0,0,0,142,40.0,0,0,0,0,0,0,0,,0.28169014084507044,40,,,,,,,0.0,0,0,0,0,0,0,144.0,154,0.6548987012987013,0.64255,0.11067170906715426,0.8126000000000001,0.8655949999999999,0.930046,0.501,0.9356,154,0.0,0.0,0.0,0.0,0.0,0.0,0.0,0.0,154,0,0,0,0,0.0,0.0,3599427.145,215965.628724,472.0,42.48,0.0,0.0,100.855,8.572641,3559641.747,28477.133975,462.0,69.3,21509.778,9034.106962,17220.975,7232.80937,1165.5,349.65,0.0,0.0,216016.68136500003,45163.000307,261179.681672,4352.994694533333,553.3467832033898,1695.971958909091,2611.79681672,2901.996463022222,0.0,261179.681672,3600000.0,3600000.0,mixed__s04__fixed_threshold,fixed_threshold,main,,,True,,113.0
motion_only,mixed,4,3600.0,344bd2893be875b2,True,synthetic_distribution,False,,472,330,259,142,39357.683999999994,0.010932689999999998,150,2.5,150,2.5,88,80,150,76,56,0.7368421052631579,0.26315789473684215,0.3088803088803089,56,747.9936428571588,270.0889999999199,843.9256627336392,2402.2775000000256,2648.3024999999325,3012.152850000002,233.73399999993853,3149.847000000067,150,263.7034666666585,262.38950000004843,15.700416433430082,281.8117999997456,288.76399999989655,302.94302999989856,227.57700000004843,328.4340000001248,150,264.7034666666585,263.38950000004843,15.700416433430082,282.8117999997456,289.76399999989655,303.94302999989856,228.57700000004843,329.4340000001248,0,187.0,162.0,72.0,51.0,0.5358166189111748,0.722007722007722,0.6151315789473684,0.7605633802816901,0.277992277992278,0.6,80,8,10,0.9090909090909091,0.8888888888888888,0.8988764044943819,0.9090909090909091,0.8718344444444445,0.11904662023347715,0.12634736842105262,0.0,1.0,,,not_computed_no_bbox_data,21,21,21.0,0,0,142,41.0,0,0,0,0,0,0,0,,0.2887323943661972,41,,,,,,,0.0,0,0,0,0,0,0,97.0,150,0.6587806666666667,0.64505,0.11092084165586977,0.82895,0.8757749999999997,0.930118,0.501,0.9355,150,0.0,0.0,0.0,0.0,0.0,0.0,0.0,0.0,150,0,0,0,0,0.0,0.0,3599429.183,215965.750958,472.0,42.48,0.0,0.0,98.817,8.399477,3560642.317,28485.138534,450.0,67.5,21049.983,8840.992985,16740.2,7030.88398,1117.5,335.25,0.0,0.0,216016.630435,44759.765499,260776.395934,4346.273265566667,552.4923642669492,1738.5093062266667,2963.3681356136362,3259.704949175,0.0,260776.395933,3600000.0,3600000.0,mixed__s04__motion_only,motion_only,main,,,True,,136.0
secure,mixed,4,3600.0,344bd2893be875b2,True,synthetic_distribution,False,,472,330,259,142,23434.863999999998,0.006509684444444444,116,1.9333333333333333,116,1.9333333333333333,89,78,154,76,53,0.6973684210526315,0.3026315789473685,0.30115830115830117,53,443.4310754716988,247.73300000000745,651.8553488684402,1002.4261999999179,2169.8003999999837,2652.056799999921,134.41200000001118,2899.8939999998547,116,203.74959482757862,173.47649999981513,56.576121312637255,273.0004999998491,279.8467500000843,287.66274999994783,133.41200000001118,291.50400000019,116,204.74959482757862,174.47649999981513,56.576121312637255,274.0004999998491,280.8467500000843,288.66274999994783,134.41200000001118,292.50400000019,0,246.0,126.0,13.0,87.0,0.6612903225806451,0.9498069498069498,0.7797147385103012,0.5915492957746479,0.05019305019305019,0.6688311688311688,78,11,13,0.8764044943820225,0.8571428571428571,0.8666666666666666,0.8764044943820225,0.8421626373626372,0.10225583020417374,0.19740000000000002,0.5431034482758621,0.45689655172413796,,,not_computed_no_bbox_data,12,12,12.0,0,0,142,40.0,40,26,14,114,12,102,12,0.65,0.09859154929577464,14,0.10526315789473684,0.11650485436893204,0.24675324675324675,0.6842105263157895,0.65,0.6666666666666667,0.4,0,8,10,2,18,0,143.0,116,0.6548456896551724,0.64505,0.1154225246589706,0.81825,0.863025,0.928675,0.501,0.9356,116,0.0,0.0,0.0,0.0,0.0,0.0,0.0,0.0,116,0,0,0,0,0.0,0.0,3599390.438,215963.426274,472.0,42.48,61.6,5.852,75.962,6.456779,3576565.138,28612.5211,348.0,52.2,16284.418,6839.455577,5903.944,2479.656669,898.5,269.55,0.0,0.0,216018.21505300002,38253.383346,254271.59839899998,4237.859973316667,538.7110135572034,2191.9965379224136,2856.984251674157,3259.8922871666664,5.852,254271.598399,3600000.0,3600000.0,mixed__s04__secure,secure,main,,,True,,113.0
always_on,mixed,5,3600.0,becc32cd5d8abbe0,True,synthetic_distribution,False,,1404,392,298,1012,3600000.0,1.0,1,0.016666666666666666,1046,17.433333333333334,292,266,0,98,96,0.9795918367346939,0.020408163265306145,0.8926174496644296,96,447.7068541666863,337.3935000002384,432.4980341533032,610.3255000000354,1239.482500000071,2734.9635999999937,161.37000000011176,2832.350000000093,0,,,,,,,,,1046,329.4659311663511,321.9265000000596,105.49792553361654,459.8169999999227,496.36350000000675,608.2684999999703,139.1929999999702,1068.1779999999562,0,,,,,,,,,,,266,28,32,0.9047619047619048,0.8926174496644296,0.8986486486486487,0.910958904109589,0.8367835570469798,0.10997068341244605,0.15516666666666667,0.4359464627151052,0.5640535372848948,,,not_computed_no_bbox_data,78,76,78.0,17021,206,1012,,0,0,0,0,0,0,0,,0.650197628458498,658,,,,,,,0.0,0,0,0,0,0,0,,0,,,,,,,,,0,,,,,,,,,0,0,0,0,0,3600000.0,18000.0,0.0,0.0,0.0,0.0,0.0,0.0,0.0,0.0,0.0,0.0,0.0,0.0,2536235.083,1065218.734953,954161.685,400747.907594,109603.232,32880.969609,0.0,0.0,18000.0,1498847.612156,1516847.612156,25280.79353593333,1080.3757921339031,,5194.683603273973,5702.434632165414,0.0,1516847.612156,3600000.0,3600000.0,mixed__s05__always_on,always_on,main,,,True,,
event,mixed,5,3600.0,becc32cd5d8abbe0,True,synthetic_distribution,False,,1404,392,298,1012,69482.218,0.01930061611111111,325,5.416666666666667,325,5.416666666666667,121,112,325,98,75,0.7653061224489796,0.23469387755102045,0.37583892617449666,75,744.1792799999953,258.8179999999702,1022.5129006546028,2143.4583999999336,2776.4746000003524,4374.9404799999675,131.99400000006426,5120.932999999961,325,215.11298153846454,245.43700000000536,55.30359872724825,274.30060000005176,280.59180000003545,294.3921199999889,123.21799999987707,305.34499999997206,325,216.11298153846454,246.43700000000536,55.30359872724825,275.30060000005176,281.59180000003545,295.3921199999889,124.21799999987707,306.34499999997206,0,275.0,816.0,23.0,290.0,0.2520623281393217,0.9228187919463087,0.3959683225341972,0.7377938517179023,0.07718120805369127,0.38461538461538464,112,9,13,0.9256198347107438,0.896,0.9105691056910571,0.9256198347107438,0.832392,0.12055614847648323,0.1410888888888889,0.4246153846153846,0.5753846153846154,,,not_computed_no_bbox_data,36,36,36.0,0,0,1012,191.0,0,0,0,0,0,0,0,,0.18873517786561264,191,,,,,,,0.0,0,0,0,0,0,0,150.0,325,0.6662224615384615,0.6388,0.12328336858323904,0.8400200000000001,0.89476,0.9817039999999999,0.5005,1.0754,325,0.0,0.0,0.0,0.0,0.0,0.0,0.0,0.0,325,0,0,0,0,0.0,0.0,3598379.478,215902.7687,1404.0,126.36,0.0,0.0,216.522,18.404342,3530517.783,28244.142265,975.0,146.25,45626.998,19163.339069,20592.719,8648.942016,2287.5,686.25,0.0,0.0,216047.53304199997,56888.92335,272936.45639199996,4548.940939866666,194.39918546438744,839.8044812061537,2255.6731933223136,2436.9326463571424,0.0,272936.456393,3600000.0,3600000.0,mixed__s05__event,event,main,,,True,,801.0
event_no_early_exit,mixed,5,3600.0,becc32cd5d8abbe0,True,synthetic_distribution,False,,1404,392,298,1012,84747.15600000002,0.023540876666666672,325,5.416666666666667,325,5.416666666666667,121,114,325,98,74,0.7551020408163265,0.24489795918367352,0.3825503355704698,74,719.4233648648741,271.87450000003446,918.6564869472722,1989.7225000000453,2501.3711999999914,3888.9382800000467,235.15100000007078,5120.932999999961,325,262.0820461538398,261.75400000019,14.338452815524757,280.01019999997226,286.0792000000365,297.43732000000773,224.45299999974668,309.3989999999758,325,263.0820461538398,262.75400000019,14.338452815524757,281.01019999997226,287.0792000000365,298.43732000000773,225.45299999974668,310.3989999999758,0,275.0,816.0,23.0,290.0,0.2520623281393217,0.9228187919463087,0.3959683225341972,0.7377938517179023,0.07718120805369127,0.38461538461538464,114,7,11,0.9421487603305785,0.912,0.9268292682926831,0.9421487603305785,0.8499968,0.1302097401936212,0.14068888888888892,0.0,1.0,,,not_computed_no_bbox_data,36,36,36.0,0,0,1012,191.0,0,0,0,0,0,0,0,,0.18873517786561264,191,,,,,,,0.0,0,0,0,0,0,0,150.0,325,0.6662224615384615,0.6388,0.12328336858323904,0.8400200000000001,0.89476,0.9817039999999999,0.5005,1.0754,325,0.0,0.0,0.0,0.0,0.0,0.0,0.0,0.0,325,0,0,0,0,0.0,0.0,3598379.478,215902.7687,1404.0,126.36,0.0,0.0,216.522,18.404342,3515252.84,28122.022722,975.0,146.25,45626.998,19163.339069,35871.162,15065.888022,2274.0,682.2,0.0,0.0,216047.53304199997,63179.699813,279227.232855,4653.78721425,198.87979548076925,859.1607164769231,2307.663081446281,2449.3616917105264,0.0,279227.232855,3600000.0,3600000.0,mixed__s05__event_no_early_exit,event_no_early_exit,main,,,True,,801.0
fixed_threshold,mixed,5,3600.0,becc32cd5d8abbe0,True,synthetic_distribution,False,,1404,392,298,1012,84993.653,0.023609348055555555,326,5.433333333333334,326,5.433333333333334,122,116,326,98,74,0.7551020408163265,0.24489795918367352,0.38926174496644295,74,676.3929054054121,271.21300000004703,862.6669151928471,1698.6014000000782,2299.0493499998115,3568.3390700001114,235.15100000007078,5120.932999999961,326,262.03825460121953,261.7545000000391,14.366453160257759,279.9724999999744,286.0535000000382,297.4340000000084,224.45299999974668,309.3989999999758,326,263.03825460121953,262.7545000000391,14.366453160257759,280.9724999999744,287.0535000000382,298.4340000000084,225.45299999974668,310.3989999999758,0,276.0,816.0,22.0,290.0,0.25274725274725274,0.9261744966442953,0.3971223021582734,0.7377938517179023,0.0738255033557047,0.38650306748466257,116,6,10,0.9508196721311475,0.9206349206349206,0.9354838709677418,0.9508196721311475,0.8524976190476192,0.13001631556956889,0.14068888888888892,0.0,1.0,,,not_computed_no_bbox_data,36,36,36.0,0,0,1012,191.0,0,0,0,0,0,0,0,,0.18873517786561264,191,,,,,,,0.0,0,0,0,0,0,0,150.0,326,0.6659055214723926,0.6381,0.12323975345219577,0.8399000000000001,0.8946,0.981625,0.5005,1.0754,326,0.0,0.0,0.0,0.0,0.0,0.0,0.0,0.0,326,0,0,0,0,0.0,0.0,3598378.915,215902.734928,1404.0,126.36,0.0,0.0,217.085,18.452185,3515006.344,28120.05075,978.0,146.7,45772.539,19224.466171,35961.618,15103.879452,2281.5,684.45,0.0,0.0,216047.54711299998,63279.546373,279327.093486,4655.4515581000005,198.9509212863248,856.8315751104295,2289.5663400491803,2407.992185224138,0.0,279327.093487,3600000.0,3600000.0009999997,mixed__s05__fixed_threshold,fixed_threshold,main,,,True,,801.0
motion_only,mixed,5,3600.0,becc32cd5d8abbe0,True,synthetic_distribution,False,,1404,392,298,1012,84425.538,0.023451538333333334,324,5.4,324,5.4,99,93,324,98,66,0.673469387755102,0.326530612244898,0.31208053691275167,66,819.2190909091021,272.29200000007404,991.0972497024974,2354.7649999999803,2742.516750000068,3857.01839999999,235.15100000007078,5120.932999999961,324,261.8780246913496,261.3495000000694,14.419157339793845,279.02859999998475,285.6824499998591,299.84087999999895,222.21999999997206,310.3949999999895,324,262.87887037036256,262.3495000000694,14.419233558578318,280.02859999998475,286.6824499998591,300.84087999999895,223.21999999997206,311.3949999999895,0,197.0,1014.0,101.0,92.0,0.16267547481420314,0.6610738255033557,0.2611000662690523,0.9168173598553345,0.3389261744966443,0.31790123456790126,93,6,10,0.9393939393939394,0.9029126213592233,0.9207920792079209,0.9393939393939394,0.8470184466019419,0.13114111374855084,0.1153761904761905,0.0,1.0,,,not_computed_no_bbox_data,36,36,36.0,0,0,1012,200.0,0,0,0,0,0,0,0,,0.1976284584980237,200,,,,,,,0.0,0,0,0,0,0,0,94.0,324,0.6560157407407408,0.6293,0.11828390192350086,0.82806,0.8715,0.9811619999999999,0.5005,1.0754,324,0.0,0.0,0.0,0.0,0.0,0.0,0.0,0.0,324,0,0,0,0,0.0,0.0,3598383.452,215903.007107,1404.0,126.36,0.0,0.0,212.548,18.066598,3515574.463,28124.595702,972.0,145.8,45515.448,19116.487997,35712.09,14999.07764,2226.0,667.8,0.0,0.0,216047.433705,63053.761339000004,279101.19504399993,4651.686584066666,198.79002496011393,861.423441493827,2819.203990343434,3001.0881187526875,0.0,279101.195045,3600000.0,3600000.0009999997,mixed__s05__motion_only,motion_only,main,,,True,,982.0
secure,mixed,5,3600.0,becc32cd5d8abbe0,True,synthetic_distribution,False,,1404,392,298,1012,32578.616,0.009049615555555557,158,2.6333333333333333,158,2.6333333333333333,102,94,325,98,68,0.6938775510204082,0.30612244897959184,0.31543624161073824,68,740.8135000000186,256.8565000000526,1107.9544542063402,2368.761799999909,3343.7820000001343,4445.9073400000225,132.39399999997113,5121.333000000101,158,207.9163924050596,227.25150000024587,55.8161846750752,276.6556999998633,281.07995000012454,294.76407000021544,130.32400000002235,305.74500000011176,158,208.9163924050596,228.25150000024587,55.8161846750752,277.6556999998633,282.07995000012454,295.76407000021544,131.32400000002235,306.74500000011176,0,275.0,816.0,23.0,290.0,0.2520623281393217,0.9228187919463087,0.3959683225341972,0.7377938517179023,0.07718120805369127,0.38461538461538464,94,8,12,0.9215686274509803,0.8867924528301887,0.9038461538461539,0.9215686274509803,0.8240056603773587,0.12608901982344037,0.1410888888888889,0.4936708860759494,0.5063291139240507,,,not_computed_no_bbox_data,16,16,16.0,0,0,1012,191.0,191,148,43,134,19,115,19,0.774869109947644,0.042490118577075096,43,0.1417910447761194,0.152,0.5138461538461538,0.8862275449101796,0.774869109947644,0.8268156424581006,0.4,0,13,13,47,94,0,150.0,158,0.6602506329113923,0.6255999999999999,0.12602519096418244,0.8612200000000001,0.91462,0.977558,0.5005,1.0356,158,0.0,0.0,0.0,0.0,0.0,0.0,0.0,0.0,158,0,0,0,0,0.0,0.0,3598361.68,215901.700818,1404.0,126.36,130.0,12.35,104.32,8.867175,3567421.379,28539.371035,474.0,71.1,22180.524,9315.820265,8725.596,3664.750399,1198.5,359.55,0.0,0.0,216049.277993,41950.591699,257999.869692,4299.9978282,183.76059094871795,1632.9105676708862,2529.4104871764707,2744.6794648085106,12.35,257999.869691,3600000.0,3599999.9990000003,mixed__s05__secure,secure,main,,,True,,801.0
always_on,mixed,6,3600.0,938d0b5bfacca6c1,True,synthetic_distribution,False,,2025,365,286,1660,3600000.0,1.0,1,0.016666666666666666,1457,24.283333333333335,282,251,0,98,95,0.9693877551020408,0.030612244897959218,0.8776223776223776,95,457.390978947348,343.77900000009686,388.07351909774275,989.5818000000675,1290.6415999998683,1723.1285000002683,142.55899999989197,2579.3040000000037,0,,,,,,,,,1457,327.654183939601,324.57299999997485,89.41027709749282,448.49040000000974,483.86959999999965,530.3501199999546,125.18000000005122,673.1469999998808,0,,,,,,,,,,,251,35,35,0.8776223776223776,0.8776223776223776,0.8776223776223775,0.8900709219858156,0.8314562937062936,0.11600013768399767,0.17460526315789468,0.37542896362388467,0.6245710363761153,,,not_computed_no_bbox_data,91,87,91.0,16548,193,1660,,0,0,0,0,0,0,0,,0.6596385542168675,1095,,,,,,,0.0,0,0,0,0,0,0,,0,,,,,,,,,0,,,,,,,,,0,0,0,0,0,3600000.0,18000.0,0.0,0.0,0.0,0.0,0.0,0.0,0.0,0.0,0.0,0.0,0.0,0.0,2528504.239,1061971.780431,962298.761,404165.479569,109197.0,32759.1,0.0,0.0,18000.0,1498896.36,1516896.36,25281.606000000003,749.0846222222223,,5379.065106382979,6043.411792828686,0.0,1516896.36,3600000.0,3600000.0,mixed__s06__always_on,always_on,main,,,True,,
event,mixed,6,3600.0,938d0b5bfacca6c1,True,synthetic_distribution,False,,2025,365,286,1660,93658.375,0.02601621527777778,432,7.2,432,7.2,131,119,432,98,79,0.8061224489795918,0.19387755102040816,0.4160839160839161,79,484.99411392403925,174.49600000001374,756.8802113857421,1568.7572000000628,2219.3133000000726,3151.4135599999963,132.12599999969825,4422.616999999969,432,218.1297037037041,249.2729999999865,54.778758454191546,271.498699999979,279.5740500000353,290.0937700000091,126.89600000018254,303.34799999999814,432,219.1297037037041,250.2729999999865,54.778758454191546,272.498699999979,280.5740500000353,291.0937700000091,127.89600000018254,304.34799999999814,0,267.0,1328.0,19.0,411.0,0.16739811912225705,0.9335664335664335,0.2838915470494418,0.7636572742955722,0.06643356643356643,0.3101851851851852,119,12,15,0.9083969465648855,0.8880597014925373,0.8981132075471697,0.9083969465648855,0.8436619402985074,0.11190134739173892,0.17185,0.3888888888888889,0.6111111111111112,,,not_computed_no_bbox_data,32,32,32.0,0,0,1660,290.0,0,0,0,0,0,0,0,,0.1746987951807229,290,,,,,,,0.0,0,0,0,0,0,0,133.0,432,0.6603525462962963,0.6368,0.12377004646461921,0.8277100000000001,0.8917199999999998,1.015233,0.5001,1.338,432,0.0,0.0,0.0,0.0,0.0,0.0,0.0,0.0,432,0,0,0,0,0.0,0.0,3597689.728,215861.383681,2025.0,182.25,0.0,0.0,285.272,24.248118,3506341.622,28050.732976,1296.0,194.4,60502.343,25410.983853,28933.535,12152.084904,2926.5,877.95,0.0,0.0,216067.881799,66686.151733,282754.03353200003,4712.567225533334,139.63162149728396,654.5232257685186,2158.4277368854964,2376.084315394958,0.0,282754.033532,3600000.0,3600000.0,mixed__s06__event,event,main,,,True,,1314.0
event_no_early_exit,mixed,6,3600.0,938d0b5bfacca6c1,True,synthetic_distribution,False,,2025,365,286,1660,112145.091,0.031151414166666665,432,7.2,432,7.2,131,122,432,98,82,0.8367346938775511,0.16326530612244894,0.42657342657342656,82,525.3555609756248,264.0929999999935,720.9323374751079,1536.2326000000528,1732.7928000002053,3122.0063799999957,238.29100000000471,4525.170999999973,432,260.92300231482085,261.08150000008754,13.498321044945412,277.64260000002105,284.02235000000803,294.90285999997985,218.63100000005215,307.6549999997951,432,261.92300231482085,262.08150000008754,13.498321044945412,278.64260000002105,285.02235000000803,295.90285999997985,219.63100000005215,308.6549999997951,0,267.0,1328.0,19.0,411.0,0.16739811912225705,0.9335664335664335,0.2838915470494418,0.7636572742955722,0.06643356643356643,0.3101851851851852,122,9,12,0.9312977099236641,0.9104477611940298,0.9207547169811321,0.9312977099236641,0.87135,0.12410312395721491,0.16573749999999998,0.0,1.0,,,not_computed_no_bbox_data,32,32,32.0,0,0,1660,290.0,0,0,0,0,0,0,0,,0.1746987951807229,290,,,,,,,0.0,0,0,0,0,0,0,133.0,432,0.6603525462962963,0.6368,0.12377004646461921,0.8277100000000001,0.8917199999999998,1.015233,0.5001,1.338,432,0.0,0.0,0.0,0.0,0.0,0.0,0.0,0.0,432,0,0,0,0,0.0,0.0,3597689.728,215861.383681,2025.0,182.25,0.0,0.0,285.272,24.248118,3487854.91,27902.83928,1296.0,194.4,60502.343,25410.983853,47391.747,19904.533926,2955.0,886.5,0.0,0.0,216067.881799,74299.25705900001,290367.138858,4839.4523143,143.39117968296296,672.1461547638888,2216.543044717557,2380.058515229508,0.0,290367.138859,3600000.0,3600000.0,mixed__s06__event_no_early_exit,event_no_early_exit,main,,,True,,1314.0
fixed_threshold,mixed,6,3600.0,938d0b5bfacca6c1,True,synthetic_distribution,False,,2025,365,286,1660,112145.091,0.031151414166666665,432,7.2,432,7.2,131,122,432,98,82,0.8367346938775511,0.16326530612244894,0.42657342657342656,82,525.3555609756248,264.0929999999935,720.9323374751079,1536.2326000000528,1732.7928000002053,3122.0063799999957,238.29100000000471,4525.170999999973,432,260.92300231482085,261.08150000008754,13.498321044945412,277.64260000002105,284.02235000000803,294.90285999997985,218.63100000005215,307.6549999997951,432,261.92300231482085,262.08150000008754,13.498321044945412,278.64260000002105,285.02235000000803,295.90285999997985,219.63100000005215,308.6549999997951,0,267.0,1328.0,19.0,411.0,0.16739811912225705,0.9335664335664335,0.2838915470494418,0.7636572742955722,0.06643356643356643,0.3101851851851852,122,9,12,0.9312977099236641,0.9104477611940298,0.9207547169811321,0.9312977099236641,0.87135,0.12410312395721491,0.16573749999999998,0.0,1.0,,,not_computed_no_bbox_data,32,32,32.0,0,0,1660,290.0,0,0,0,0,0,0,0,,0.1746987951807229,290,,,,,,,0.0,0,0,0,0,0,0,133.0,432,0.6603525462962963,0.6368,0.12377004646461921,0.8277100000000001,0.8917199999999998,1.015233,0.5001,1.338,432,0.0,0.0,0.0,0.0,0.0,0.0,0.0,0.0,432,0,0,0,0,0.0,0.0,3597689.728,215861.383681,2025.0,182.25,0.0,0.0,285.272,24.248118,3487854.91,27902.83928,1296.0,194.4,60502.343,25410.983853,47391.747,19904.533926,2955.0,886.5,0.0,0.0,216067.881799,74299.25705900001,290367.138858,4839.4523143,143.39117968296296,672.1461547638888,2216.543044717557,2380.058515229508,0.0,290367.138859,3600000.0,3600000.0,mixed__s06__fixed_threshold,fixed_threshold,main,,,True,,1314.0
motion_only,mixed,6,3600.0,938d0b5bfacca6c1,True,synthetic_distribution,False,,2025,365,286,1660,110371.33,0.03065870277777778,423,7.05,423,7.05,104,100,423,98,76,0.7755102040816326,0.22448979591836737,0.34965034965034963,76,802.1028026315938,269.7990000000136,866.9311085268753,2016.5539999998873,2336.593999999968,3433.2932500001916,238.29100000000471,4525.170999999973,423,262.25638770686953,262.283000000054,13.794958755376713,280.2061999998987,285.9889999997802,297.2816800000367,218.63100000005215,303.34799999999814,423,263.25638770686953,263.283000000054,13.794958755376713,281.2061999998987,286.9889999997802,298.2816800000367,219.63100000005215,304.34799999999814,0,191.0,1648.0,95.0,91.0,0.10386079390973355,0.6678321678321678,0.17976470588235294,0.9476710753306498,0.3321678321678322,0.25059101654846333,100,4,6,0.9615384615384616,0.9433962264150944,0.9523809523809524,0.9615384615384616,0.8684716981132075,0.12087234017733789,0.1334,0.0,1.0,,,not_computed_no_bbox_data,27,27,27.0,0,0,1660,296.0,0,0,0,0,0,0,0,,0.1783132530120482,296,,,,,,,0.0,0,0,0,0,0,0,85.0,423,0.6687307328605201,0.6466,0.12783136014371238,0.83914,0.9184199999999999,1.0531719999999998,0.5001,1.171,423,0.0,0.0,0.0,0.0,0.0,0.0,0.0,0.0,423,0,0,0,0,0.0,0.0,3597692.127,215861.527642,2025.0,182.25,0.0,0.0,282.873,24.044174,3489628.673,27917.02938,1269.0,190.35,59426.575,24959.161359,46861.753,19681.936168,2814.0,844.2,0.0,0.0,216067.821816,73592.676907,289660.498723,4827.674978716666,143.04222159160494,684.7765927257683,2785.197103105769,2896.60498723,0.0,289660.498724,3600000.0,3600000.001,mixed__s06__motion_only,motion_only,main,,,True,,1619.0
secure,mixed,6,3600.0,938d0b5bfacca6c1,True,synthetic_distribution,False,,2025,365,286,1660,34718.606,0.009644057222222223,176,2.933333333333333,176,2.933333333333333,120,108,432,98,77,0.7857142857142857,0.2142857142857143,0.3776223776223776,77,459.7141948051933,174.89600000000792,718.1607361200587,1517.9382000000685,1879.244600000001,3029.1260799999536,132.52599999960512,4423.016999999993,176,199.0051874999948,165.47200000012526,55.9516602597445,268.92699999990873,277.8530000000319,284.90774999999576,127.2960000000894,288.75199999999313,176,200.0051874999948,166.47200000012526,55.9516602597445,269.92699999990873,278.8530000000319,285.90774999999576,128.2960000000894,289.75199999999313,0,267.0,1328.0,19.0,411.0,0.16739811912225705,0.9335664335664335,0.2838915470494418,0.7636572742955722,0.06643356643356643,0.3101851851851852,108,12,15,0.9,0.8780487804878049,0.888888888888889,0.9,0.84380081300813,0.11252859781940967,0.17185,0.5681818181818182,0.4318181818181818,,,not_computed_no_bbox_data,14,14,14.0,0,0,1660,290.0,290,245,45,142,11,131,11,0.8448275862068966,0.02710843373493976,45,0.07746478873239436,0.08208955223880597,0.5925925925925926,0.95703125,0.8448275862068966,0.8974358974358974,0.4,0,5,11,75,165,0,133.0,176,0.6675204545454545,0.64545,0.11821851792008212,0.8328,0.889475,0.9541000000000001,0.5007,1.0044,176,0.0,0.0,0.0,0.0,0.0,0.0,0.0,0.0,176,0,0,0,0,0.0,0.0,3597684.716,215861.08298,2025.0,182.25,172.8,16.416,117.484,9.986112,3565281.394,28522.251156,528.0,79.2,24478.384,10280.921307,8380.221,3519.693016,1332.0,399.6,0.0,0.0,216069.73509200002,42801.665478999996,258871.400571,4314.5233428500005,127.83772867703703,1470.8602305170455,2157.2616714250003,2396.9574126944444,16.416,258871.400571,3600000.0,3599999.999,mixed__s06__secure,secure,main,,,True,,1314.0
always_on,mixed,7,3600.0,0182a0020d56088b,True,synthetic_distribution,False,,1394,392,277,1002,3600000.0,1.0,1,0.016666666666666666,1067,17.783333333333335,269,241,0,93,90,0.967741935483871,0.032258064516129004,0.8700361010830325,90,537.9911888889143,351.76350000011735,524.241345259211,1338.4187999999397,1700.0500499999848,2432.4461000000274,130.73300000000745,2931.121999999974,0,,,,,,,,,1067,335.1914329896942,325.1790000000037,111.52012226064387,462.67119999993594,507.7800000000512,695.494179999963,117.62799999990966,1063.6499999999996,0,,,,,,,,,,,241,30,34,0.8892988929889298,0.8763636363636363,0.8827838827838829,0.895910780669145,0.8375261818181818,0.11075964230307675,0.17748508771929827,0.41705716963448924,0.5829428303655108,,,not_computed_no_bbox_data,110,108,110.0,16982,221,1002,,0,0,0,0,0,0,0,,0.6766467065868264,678,,,,,,,0.0,0,0,0,0,0,0,,0,,,,,,,,,0,,,,,,,,,0,0,0,0,0,3600000.0,18000.0,0.0,0.0,0.0,0.0,0.0,0.0,0.0,0.0,0.0,0.0,0.0,0.0,2537645.611,1065811.15662,952818.389,400183.72338,109536.0,32860.8,0.0,0.0,18000.0,1498855.68,1516855.68,25280.928,1088.1317647058822,,5638.8686988847585,6294.006970954357,0.0,1516855.68,3600000.0,3600000.0,mixed__s07__always_on,always_on,main,,,True,,
event,mixed,7,3600.0,0182a0020d56088b,True,synthetic_distribution,False,,1394,392,277,1002,67872.29800000001,0.018853416111111115,318,5.3,318,5.3,110,98,318,93,69,0.7419354838709677,0.25806451612903225,0.35379061371841153,69,719.0750434782913,256.2750000001397,952.1555886257287,2210.351000000029,2772.5494000001795,3598.8199200000577,124.0789999999106,3981.154000000097,318,214.75055974843875,244.43800000008196,54.96907319466697,274.317300000065,279.18260000009906,291.18721000002694,119.25899999996182,306.905999999959,318,215.75055974843875,245.43800000008196,54.96907319466697,275.317300000065,280.18260000009906,292.18721000002694,120.25899999996182,307.905999999959,0,253.0,798.0,24.0,319.0,0.2407231208372978,0.9133574007220217,0.38102409638554213,0.7144136078782453,0.08664259927797834,0.3490566037735849,98,13,13,0.8828828828828829,0.8828828828828829,0.8828828828828829,0.8909090909090909,0.8433,0.0965618115744804,0.22523999999999997,0.4308176100628931,0.5691823899371069,,,not_computed_no_bbox_data,50,49,50.0,0,0,1002,187.0,0,0,0,0,0,0,0,,0.18662674650698602,187,,,,,,,0.0,0,0,0,0,0,0,142.0,318,0.6574622641509433,0.62785,0.11962703933462476,0.83186,0.890675,0.9776739999999998,0.5001,1.1326,318,0.0,0.0,0.0,0.0,0.0,0.0,0.0,0.0,318,0,0,0,0,0.0,0.0,3598396.927,215903.815644,1394.0,125.46,0.0,0.0,209.073,17.771172,3532127.696,28257.021569,954.0,143.1,44801.779,18816.747354,19865.024,8343.310261,2251.5,675.45,0.0,0.0,216047.046816,56235.629184,272282.676,4538.044599999999,195.32473170731706,856.2348301886792,2475.2970545454546,2778.3946530612243,0.0,272282.675999,3600000.0,3599999.9990000003,mixed__s07__event,event,main,,,True,,771.0
event_no_early_exit,mixed,7,3600.0,0182a0020d56088b,True,synthetic_distribution,False,,1394,392,277,1002,82969.139,0.023046983055555553,318,5.3,318,5.3,110,105,318,93,72,0.7741935483870968,0.22580645161290325,0.37906137184115524,72,623.4838611111192,274.1304999999702,770.3459762139065,1527.485300000035,2640.611149999977,3403.7082599999826,235.76599999982864,3418.8980000000447,318,262.2248773584967,261.206000000122,15.11665349110572,281.69789999995555,287.3290500000294,300.2328399999928,217.12899999995716,316.02700000000186,318,263.2248773584967,262.206000000122,15.11665349110572,282.69789999995555,288.3290500000294,301.2328399999928,218.12899999995716,317.02700000000186,0,253.0,798.0,24.0,319.0,0.2407231208372978,0.9133574007220217,0.38102409638554213,0.7144136078782453,0.08664259927797834,0.3490566037735849,105,6,6,0.9459459459459459,0.9459459459459459,0.9459459459459459,0.9545454545454546,0.8654171171171169,0.10679420811148368,0.20536500000000002,0.0,1.0,,,not_computed_no_bbox_data,50,49,50.0,0,0,1002,187.0,0,0,0,0,0,0,0,,0.18662674650698602,187,,,,,,,0.0,0,0,0,0,0,0,142.0,318,0.6574622641509433,0.62785,0.11962703933462476,0.83186,0.890675,0.9776739999999998,0.5001,1.1326,318,0.0,0.0,0.0,0.0,0.0,0.0,0.0,0.0,318,0,0,0,0,0.0,0.0,3598396.927,215903.815644,1394.0,125.46,0.0,0.0,209.073,17.771172,3517030.858,28136.246864,954.0,143.1,44801.779,18816.747354,34964.863,14685.2423,2248.5,674.55,0.0,0.0,216047.046816,62455.886518,278502.93333399994,4641.715555566666,199.78689622238159,875.7953878427671,2531.8448484909086,2652.4088888952374,0.0,278502.933333,3600000.0,3600000.0,mixed__s07__event_no_early_exit,event_no_early_exit,main,,,True,,771.0
fixed_threshold,mixed,7,3600.0,0182a0020d56088b,True,synthetic_distribution,False,,1394,392,277,1002,83258.612,0.02312739222222222,319,5.316666666666666,319,5.316666666666666,110,105,319,93,72,0.7741935483870968,0.22580645161290325,0.37906137184115524,72,623.4838611111192,274.1304999999702,770.3459762139065,1527.485300000035,2640.611149999977,3403.7082599999826,235.76599999982864,3418.8980000000447,319,262.3137680250845,261.2760000000708,15.176139575165248,281.8421999999322,287.7048999998486,300.17935999999287,217.12899999995716,316.02700000000186,319,263.3137680250845,262.2760000000708,15.176139575165248,282.8421999999322,288.7048999998486,301.17935999999287,218.12899999995716,317.02700000000186,0,253.0,799.0,24.0,318.0,0.24049429657794677,0.9133574007220217,0.38073739653875094,0.7153088630259624,0.08664259927797834,0.34796238244514105,105,6,6,0.9459459459459459,0.9459459459459459,0.9459459459459459,0.9545454545454546,0.8654171171171169,0.10679420811148368,0.20217142857142856,0.0,1.0,,,not_computed_no_bbox_data,50,49,50.0,0,0,1002,187.0,0,0,0,0,0,0,0,,0.18662674650698602,187,,,,,,,0.0,0,0,0,0,0,0,142.0,319,0.656985579937304,0.6274,0.11974185669279597,0.83154,0.8906499999999999,0.9775959999999999,0.5001,1.1326,319,0.0,0.0,0.0,0.0,0.0,0.0,0.0,0.0,319,0,0,0,0,0.0,0.0,3598396.422,215903.785321,1394.0,125.46,0.0,0.0,209.578,17.814128,3516741.385,28133.931079,957.0,143.55,44963.368,18884.614752,35083.747,14735.173587,2254.5,676.35,0.0,0.0,216047.059449,62573.619417999995,278620.678867,4643.677981116666,199.87136217144905,873.4190560094044,2532.9152624272724,2653.5302749238094,0.0,278620.678868,3600000.0,3599999.9999999995,mixed__s07__fixed_threshold,fixed_threshold,main,,,True,,771.0
motion_only,mixed,7,3600.0,0182a0020d56088b,True,synthetic_distribution,False,,1394,392,277,1002,81010.07599999999,0.022502798888888884,310,5.166666666666667,310,5.166666666666667,87,84,310,93,59,0.6344086021505376,0.3655913978494624,0.30324909747292417,59,610.7709491525471,271.8170000000391,734.1011992223042,1642.4832000002732,2303.2764000000175,3158.626480000076,235.76599999982864,3418.8980000000447,310,262.6459806451589,261.1995000001043,14.616933283274404,281.79189999999943,286.86544999999313,295.6561199999624,225.9670000000624,316.02700000000186,310,263.6459806451589,262.1995000001043,14.616933283274404,282.79189999999943,287.86544999999313,296.6561199999624,226.9670000000624,317.02700000000186,0,181.0,1013.0,96.0,104.0,0.15159128978224456,0.6534296028880866,0.2460910944935418,0.9068934646374217,0.34657039711191334,0.2806451612903226,84,3,3,0.9655172413793104,0.9655172413793104,0.9655172413793104,0.9655172413793104,0.8694793103448274,0.08867783884288354,0.17666774193548385,0.0,1.0,,,not_computed_no_bbox_data,43,43,43.0,0,0,1002,192.0,0,0,0,0,0,0,0,,0.19161676646706588,192,,,,,,,0.0,0,0,0,0,0,0,94.0,310,0.6658493548387097,0.6331500000000001,0.1282704709006872,0.85763,0.9346650000000002,1.0169660000000003,0.5001,1.1326,310,0.0,0.0,0.0,0.0,0.0,0.0,0.0,0.0,310,0,0,0,0,0.0,0.0,3598399.587,215903.975212,1394.0,125.46,0.0,0.0,206.413,17.545117,3518989.924,28151.91939,930.0,139.5,43876.1,18427.961951,34058.976,14304.770068,2145.0,643.5,0.0,0.0,216046.98032899998,61667.651409,277714.631738,4628.577195633334,199.2214000989957,895.853650767742,3192.122203885058,3306.126568309524,0.0,277714.631738,3600000.0,3600000.0,mixed__s07__motion_only,motion_only,main,,,True,,969.0
secure,mixed,7,3600.0,0182a0020d56088b,True,synthetic_distribution,False,,1394,392,277,1002,32071.460000000003,0.008908738888888889,161,2.683333333333333,161,2.683333333333333,98,87,318,93,59,0.6344086021505376,0.3655913978494624,0.3140794223826715,59,498.2399491525569,183.54799999995157,719.079667364389,1343.676799999946,1786.8153000000382,3188.622080000101,124.47899999981746,3981.5540000000037,161,200.90516149069393,175.23199999995995,54.39710524982242,268.2729999999283,275.7990000001155,287.59640000015503,119.6589999999851,294.6620000000112,161,201.90516149069393,176.23199999995995,54.39710524982242,269.2729999999283,276.7990000001155,288.59640000015503,120.6589999999851,295.6620000000112,0,253.0,798.0,24.0,319.0,0.2407231208372978,0.9133574007220217,0.38102409638554213,0.7144136078782453,0.08664259927797834,0.3490566037735849,87,12,12,0.8787878787878788,0.8787878787878788,0.8787878787878788,0.8877551020408163,0.8462838383838384,0.09419120664693847,0.22523999999999997,0.5652173913043478,0.43478260869565216,,,not_computed_no_bbox_data,21,20,21.0,0,0,1002,187.0,187,145,42,131,12,119,12,0.7754010695187166,0.041916167664670656,42,0.0916030534351145,0.10810810810810811,0.4937106918238994,0.9235668789808917,0.7754010695187166,0.8430232558139534,0.4,0,15,11,40,91,0,142.0,161,0.6569211180124224,0.6266,0.11498588576969886,0.8151,0.8606,0.9879600000000002,0.5001,1.0055,161,0.0,0.0,0.0,0.0,0.0,0.0,0.0,0.0,161,0,0,0,0,0.0,0.0,3598373.036,215902.382153,1394.0,125.46,127.2,12.084,105.764,8.98995,3567928.538,28543.428307,483.0,72.45,22743.027,9552.07121,7619.935,3200.372652,1225.5,367.65,0.0,0.0,216048.916103,41735.972169,257784.88827199998,4296.414804533333,184.92459703873743,1601.1483743602482,2630.4580435918365,2963.044692781609,12.084,257784.888272,3600000.0,3600000.0,mixed__s07__secure,secure,main,,,True,,771.0
always_on,mixed,8,3600.0,aaafd3ed17e7ef3a,True,synthetic_distribution,False,,1117,337,262,780,3600000.0,1.0,1,0.016666666666666666,865,14.416666666666666,257,234,0,92,90,0.9782608695652174,0.021739130434782594,0.8931297709923665,90,405.16438888890275,309.59450000012293,347.9190743815715,581.8251000000403,1421.090350000013,1745.8526199998428,132.4250000002794,1775.5270000000019,0,,,,,,,,,865,325.26319190751485,321.0189999998547,93.9592941220133,454.40279999994675,486.85060000009827,542.4225199999335,126.75,698.7020000000484,0,,,,,,,,,,,234,24,28,0.9069767441860465,0.8931297709923665,0.9,0.9105058365758755,0.8410645038167939,0.10229446601522033,0.1572743243243243,0.42658959537572255,0.5734104046242775,,,not_computed_no_bbox_data,73,72,73.0,17193,219,780,,0,0,0,0,0,0,0,,0.6782051282051282,529,,,,,,,0.0,0,0,0,0,0,0,,0,,,,,,,,,0,,,,,,,,,0,0,0,0,0,3600000.0,18000.0,0.0,0.0,0.0,0.0,0.0,0.0,0.0,0.0,0.0,0.0,0.0,0.0,2536286.526,1065240.340908,954225.474,400774.699092,109488.0,32846.4,0.0,0.0,18000.0,1498861.44,1516861.44,25281.023999999998,1357.978012533572,,5902.184591439688,6482.313846153846,0.0,1516861.44,3600000.0,3600000.0,mixed__s08__always_on,always_on,main,,,True,,
event,mixed,8,3600.0,aaafd3ed17e7ef3a,True,synthetic_distribution,False,,1117,337,262,780,62343.33200000001,0.017317592222222226,293,4.883333333333334,293,4.883333333333334,125,114,293,92,78,0.8478260869565217,0.15217391304347827,0.4351145038167939,78,532.2840128205304,169.47899999993388,791.3752746244987,1668.1643000000213,2560.944899999839,3167.2617200000755,126.8070000000298,3735.87900000019,293,214.10383617748315,246.96999999997206,56.64984453611013,276.03959999992514,282.401200000057,290.95399999988257,125.8070000000298,308.1669999998994,293,215.10628327645827,247.96999999997206,56.64663724834479,277.03959999992514,283.401200000057,291.95399999988257,126.8070000000298,309.1669999998994,0,251.0,622.0,11.0,233.0,0.28751431844215347,0.9580152671755725,0.44229074889867837,0.7274853801169591,0.04198473282442748,0.4334470989761092,114,11,13,0.912,0.8976377952755905,0.9047619047619047,0.912,0.8401889763779528,0.1037042094233329,0.15474615384615384,0.447098976109215,0.552901023890785,,,not_computed_no_bbox_data,31,31,31.0,0,0,780,153.0,0,0,0,0,0,0,0,,0.19615384615384615,153,,,,,,,0.0,0,0,0,0,0,0,124.0,293,0.6654726962457338,0.6426,0.11903925422511889,0.81976,0.8973199999999998,0.9907319999999993,0.5002,1.0435,293,0.0,0.0,0.0,0.0,0.0,0.0,0.0,0.0,293,0,0,0,0,0.0,0.0,3598688.016,215921.280961,1117.0,100.53,0.0,0.0,194.984,16.573639,3537656.668,28301.253342,879.0,131.85,41393.252,17385.165813,17978.58,7551.003749,2092.5,627.75,0.0,0.0,216038.38460000002,53997.022904000005,270035.407504,4500.590125066667,241.75058863384064,921.6225512081911,2160.283260032,2368.73164477193,0.0,270035.407503,3600000.0,3600000.0,mixed__s08__event,event,main,,,True,,609.0
event_no_early_exit,mixed,8,3600.0,aaafd3ed17e7ef3a,True,synthetic_distribution,False,,1117,337,262,780,76958.052,0.021377236666666667,293,4.883333333333334,293,4.883333333333334,125,116,293,92,78,0.8478260869565217,0.15217391304347827,0.44274809160305345,78,508.527499999998,269.26799999992363,608.8305929846902,1381.4420999998922,1838.148449999983,2791.2629000000525,236.47500000009313,2997.4150000000373,293,263.9834368600681,263.59199999971315,14.272948751950103,282.01199999991803,287.66460000001825,298.61648000004226,229.07799999974668,316.6219999999739,293,264.98588395904324,264.59199999971315,14.272729547160454,283.01199999991803,288.66460000001825,299.61648000004226,230.07799999974668,317.6219999999739,0,251.0,622.0,11.0,233.0,0.28751431844215347,0.9580152671755725,0.44229074889867837,0.7274853801169591,0.04198473282442748,0.4334470989761092,116,9,11,0.928,0.9133858267716536,0.9206349206349207,0.928,0.8662811023622048,0.11706952128819936,0.15389230769230766,0.0,1.0,,,not_computed_no_bbox_data,31,31,31.0,0,0,780,153.0,0,0,0,0,0,0,0,,0.19615384615384615,153,,,,,,,0.0,0,0,0,0,0,0,124.0,293,0.6654726962457338,0.6426,0.11903925422511889,0.81976,0.8973199999999998,0.9907319999999993,0.5002,1.0435,293,0.0,0.0,0.0,0.0,0.0,0.0,0.0,0.0,293,0,0,0,0,0.0,0.0,3598688.016,215921.280961,1117.0,100.53,0.0,0.0,194.984,16.573639,3523041.946,28184.335564,879.0,131.85,41393.252,17385.165813,32609.803,13696.117064,2076.0,622.8,0.0,0.0,216038.38460000002,60020.268441,276058.653041,4600.977550683334,247.14293020680395,942.1797032116042,2208.469224328,2379.8159744913796,0.0,276058.653041,3600000.0,3600000.0009999997,mixed__s08__event_no_early_exit,event_no_early_exit,main,,,True,,609.0
fixed_threshold,mixed,8,3600.0,aaafd3ed17e7ef3a,True,synthetic_distribution,False,,1117,337,262,780,76958.052,0.021377236666666667,293,4.883333333333334,293,4.883333333333334,125,116,293,92,78,0.8478260869565217,0.15217391304347827,0.44274809160305345,78,508.527499999998,269.26799999992363,608.8305929846902,1381.4420999998922,1838.148449999983,2791.2629000000525,236.47500000009313,2997.4150000000373,293,263.9834368600681,263.59199999971315,14.272948751950103,282.01199999991803,287.66460000001825,298.61648000004226,229.07799999974668,316.6219999999739,293,264.98588395904324,264.59199999971315,14.272729547160454,283.01199999991803,288.66460000001825,299.61648000004226,230.07799999974668,317.6219999999739,0,251.0,622.0,11.0,233.0,0.28751431844215347,0.9580152671755725,0.44229074889867837,0.7274853801169591,0.04198473282442748,0.4334470989761092,116,9,11,0.928,0.9133858267716536,0.9206349206349207,0.928,0.8662811023622048,0.11706952128819936,0.15389230769230766,0.0,1.0,,,not_computed_no_bbox_data,31,31,31.0,0,0,780,153.0,0,0,0,0,0,0,0,,0.19615384615384615,153,,,,,,,0.0,0,0,0,0,0,0,124.0,293,0.6654726962457338,0.6426,0.11903925422511889,0.81976,0.8973199999999998,0.9907319999999993,0.5002,1.0435,293,0.0,0.0,0.0,0.0,0.0,0.0,0.0,0.0,293,0,0,0,0,0.0,0.0,3598688.016,215921.280961,1117.0,100.53,0.0,0.0,194.984,16.573639,3523041.946,28184.335564,879.0,131.85,41393.252,17385.165813,32609.803,13696.117064,2076.0,622.8,0.0,0.0,216038.38460000002,60020.268441,276058.653041,4600.977550683334,247.14293020680395,942.1797032116042,2208.469224328,2379.8159744913796,0.0,276058.653041,3600000.0,3600000.0009999997,mixed__s08__fixed_threshold,fixed_threshold,main,,,True,,609.0
motion_only,mixed,8,3600.0,aaafd3ed17e7ef3a,True,synthetic_distribution,False,,1117,337,262,780,73400.58499999999,0.020389051388888888,280,4.666666666666667,280,4.666666666666667,102,95,280,92,69,0.75,0.25,0.36259541984732824,69,584.6045652173807,269.5720000000438,649.1093943040605,1596.8805999999752,1924.1777999998528,2695.1638399999,236.47500000009313,2997.4150000000373,280,263.472789285716,263.1514999998035,14.895125693138192,282.38380000003383,289.8168000000995,304.92359000015415,229.07799999974668,316.6219999999739,280,264.472789285716,264.1514999998035,14.895125693138192,283.38380000003383,290.8168000000995,305.92359000015415,230.07799999974668,317.6219999999739,0,193.0,778.0,69.0,77.0,0.19876416065911431,0.7366412213740458,0.31305758313057586,0.9099415204678363,0.2633587786259542,0.37142857142857144,95,7,9,0.9313725490196079,0.9134615384615384,0.9223300970873786,0.9313725490196079,0.8556865384615384,0.12208277397128056,0.13550476190476188,0.0,1.0,,,not_computed_no_bbox_data,26,26,26.0,0,0,780,155.0,0,0,0,0,0,0,0,,0.1987179487179487,155,,,,,,,0.0,0,0,0,0,0,0,89.0,280,0.6651528571428571,0.63615,0.12354332570050398,0.83014,0.902985,1.0050079999999992,0.5002,1.0435,280,0.0,0.0,0.0,0.0,0.0,0.0,0.0,0.0,280,0,0,0,0,0.0,0.0,3598696.757,215921.805411,1117.0,100.53,0.0,0.0,186.243,15.830667,3526599.409,28212.795273,840.0,126.0,39547.538,16609.966059,31075.053,13051.522089,1938.0,581.4,0.0,0.0,216038.166078,58581.683420999994,274619.849499,4576.9974916500005,245.85483392927483,980.7851767821429,2692.3514656764705,2890.7352578842106,0.0,274619.8495,3600000.0,3600000.0,mixed__s08__motion_only,motion_only,main,,,True,,750.0
secure,mixed,8,3600.0,aaafd3ed17e7ef3a,True,synthetic_distribution,False,,1117,337,262,780,33880.945999999996,0.009411373888888888,164,2.7333333333333334,164,2.7333333333333334,111,101,293,92,73,0.7934782608695652,0.2065217391304348,0.38549618320610685,73,542.4506164383566,168.77600000007078,896.4934167932233,1827.1581999999553,2574.7064000000705,3965.4660000000717,127.20699999993667,4554.804000000004,164,208.31879268292855,189.2005000001518,56.8022420158675,276.42839999990537,281.97774999998506,288.04182999996937,126.20699999993667,295.93699999991804,164,209.31879268292855,190.2005000001518,56.8022420158675,277.42839999990537,282.97774999998506,289.04182999996937,127.20699999993667,296.93699999991804,0,251.0,622.0,11.0,233.0,0.28751431844215347,0.9580152671755725,0.44229074889867837,0.7274853801169591,0.04198473282442748,0.4334470989761092,101,10,12,0.9099099099099099,0.8938053097345132,0.9017857142857143,0.9099099099099099,0.840278761061947,0.10649982348352863,0.15474615384615384,0.5060975609756098,0.49390243902439024,,,not_computed_no_bbox_data,16,16,16.0,0,0,780,153.0,153,115,38,140,14,126,14,0.7516339869281046,0.04871794871794872,38,0.1,0.11023622047244094,0.4402730375426621,0.8914728682170543,0.7516339869281046,0.8156028368794327,0.4,0,8,9,31,81,0,124.0,164,0.6683024390243902,0.64295,0.1240734835457119,0.84245,0.90264,0.982123,0.5002,1.0435,164,0.0,0.0,0.0,0.0,0.0,0.0,0.0,0.0,164,0,0,0,0,0.0,0.0,3598656.198,215919.371877,1117.0,100.53,117.2,11.134,109.602,9.316174,3566119.055,28528.952442,492.0,73.8,23130.447,9714.787927,9004.497,3781.888847,1254.0,376.2,0.0,0.0,216040.352051,42475.629216,258515.981267,4308.599687783333,231.43776299641897,1576.316958945122,2328.972804207207,2559.564170960396,11.134,258515.981267,3600000.0,3599999.9990000003,mixed__s08__secure,secure,main,,,True,,609.0
always_on,mixed,9,3600.0,a2318a0d4d6b2939,True,synthetic_distribution,False,,2209,272,204,1937,3600000.0,1.0,1,0.016666666666666666,1544,25.733333333333334,200,169,0,60,58,0.9666666666666667,0.033333333333333326,0.8284313725490197,58,455.99746551723746,351.1524999998546,350.9212264475605,896.4773999998822,1212.2217000002036,1696.3762900000715,181.36399999982677,1908.3610000000335,0,,,,,,,,,1544,328.0597687823771,324.47100000001956,86.99650969173153,446.0635999999475,477.1700500000239,528.0639700000268,138.13899999996647,580.561999999918,0,,,,,,,,,,,169,31,35,0.845,0.8284313725490197,0.8366336633663367,0.845,0.8407382352941177,0.10539882412493856,0.1655476923076923,0.3633419689119171,0.6366580310880829,,,not_computed_no_bbox_data,98,98,98.0,16455,234,1937,,0,0,0,0,0,0,0,,0.6582343830665979,1275,,,,,,,0.0,0,0,0,0,0,0,,0,,,,,,,,,0,,,,,,,,,0,0,0,0,0,3600000.0,18000.0,0.0,0.0,0.0,0.0,0.0,0.0,0.0,0.0,0.0,0.0,0.0,0.0,2528613.483,1062017.662871,962284.017,404159.287129,109102.5,32730.75,0.0,0.0,18000.0,1498907.7,1516907.7,25281.795,686.6942960615663,,7584.5385,8975.785207100591,0.0,1516907.7,3600000.0,3600000.0,mixed__s09__always_on,always_on,main,,,True,,
event,mixed,9,3600.0,a2318a0d4d6b2939,True,synthetic_distribution,False,,2209,272,204,1937,96420.224,0.026783395555555554,432,7.2,432,7.2,76,66,432,60,46,0.7666666666666667,0.23333333333333328,0.3235294117647059,46,957.9092173913095,257.2585000000545,1433.3704797619673,2981.589999999851,4001.0637500000885,5398.783100000013,130.70699999993667,6094.7360000000335,432,224.51457638888334,251.125,52.68659612022476,275.7780999999959,280.85954999979003,291.37634000021967,127.77999999999884,303.4860000000335,432,225.51457638888334,252.125,52.68659612022476,276.7780999999959,281.85954999979003,292.37634000021967,128.77999999999884,304.4860000000335,0,184.0,1539.0,20.0,466.0,0.10679048171793383,0.9019607843137255,0.1909704203425013,0.7675810473815461,0.09803921568627451,0.18055555555555555,66,10,12,0.868421052631579,0.8461538461538461,0.8571428571428572,0.868421052631579,0.8313217948717949,0.12239635280984551,0.21180000000000002,0.3402777777777778,0.6597222222222222,,,not_computed_no_bbox_data,36,36,36.0,0,0,1937,339.0,0,0,0,0,0,0,0,,0.1750129065565307,339,,,,,,,0.0,0,0,0,0,0,0,106.0,432,0.6519979166666666,0.6263,0.11704892018821608,0.80693,0.86644,0.993304,0.5008,1.134,432,0.0,0.0,0.0,0.0,0.0,0.0,0.0,0.0,432,0,0,0,0,0.0,0.0,3597509.338,215850.560274,2209.0,198.81,0.0,0.0,281.662,23.941279,3503579.782,28028.638254,1296.0,194.4,60663.884,25478.831348,31632.834,13285.790326,2827.5,848.25,0.0,0.0,216073.31155299998,67835.90992800001,283909.221481,4731.820358016667,128.52386667315528,657.1972719467593,3735.64765106579,4301.6548709242425,0.0,283909.221481,3600000.0,3600000.0,mixed__s09__event,event,main,,,True,,1521.0
event_no_early_exit,mixed,9,3600.0,a2318a0d4d6b2939,True,synthetic_distribution,False,,2209,272,204,1937,112645.15,0.031290319444444444,432,7.2,432,7.2,76,70,432,60,47,0.7833333333333333,0.21666666666666667,0.3431372549019608,47,796.5145531914796,274.25,1211.6368925755364,2204.175999999977,3028.237399999747,5383.317480000016,238.21200000029057,6094.7360000000335,432,262.0722569444409,261.45200000010664,14.524430263500895,280.3163000000175,286.6361500001547,297.26791000008814,220.12999999988824,303.4860000000335,432,263.0722569444409,262.45200000010664,14.524430263500895,281.3163000000175,287.6361500001547,298.26791000008814,221.12999999988824,304.4860000000335,0,184.0,1539.0,20.0,466.0,0.10679048171793383,0.9019607843137255,0.1909704203425013,0.7675810473815461,0.09803921568627451,0.18055555555555555,70,6,8,0.9210526315789473,0.8974358974358975,0.9090909090909091,0.9210526315789473,0.8569512820512819,0.13335108309260693,0.20258,0.0,1.0,,,not_computed_no_bbox_data,36,36,36.0,0,0,1937,339.0,0,0,0,0,0,0,0,,0.1750129065565307,339,,,,,,,0.0,0,0,0,0,0,0,106.0,432,0.6519979166666666,0.6263,0.11704892018821608,0.80693,0.86644,0.993304,0.5008,1.134,432,0.0,0.0,0.0,0.0,0.0,0.0,0.0,0.0,432,0,0,0,0,0.0,0.0,3597509.338,215850.560274,2209.0,198.81,0.0,0.0,281.662,23.941279,3487354.86,27898.838881,1296.0,194.4,60663.884,25478.831348,47865.256,20103.407406,2820.0,846.0,0.0,0.0,216073.31155299998,74521.477635,290594.78918799997,4843.246486466666,131.5503798949751,672.6731231203703,3823.615647210526,4151.354131257142,0.0,290594.789188,3600000.0,3600000.0,mixed__s09__event_no_early_exit,event_no_early_exit,main,,,True,,1521.0
fixed_threshold,mixed,9,3600.0,a2318a0d4d6b2939,True,synthetic_distribution,False,,2209,272,204,1937,112645.15,0.031290319444444444,432,7.2,432,7.2,76,70,432,60,47,0.7833333333333333,0.21666666666666667,0.3431372549019608,47,796.5145531914796,274.25,1211.6368925755364,2204.175999999977,3028.237399999747,5383.317480000016,238.21200000029057,6094.7360000000335,432,262.0722569444409,261.45200000010664,14.524430263500895,280.3163000000175,286.6361500001547,297.26791000008814,220.12999999988824,303.4860000000335,432,263.0722569444409,262.45200000010664,14.524430263500895,281.3163000000175,287.6361500001547,298.26791000008814,221.12999999988824,304.4860000000335,0,184.0,1539.0,20.0,466.0,0.10679048171793383,0.9019607843137255,0.1909704203425013,0.7675810473815461,0.09803921568627451,0.18055555555555555,70,6,8,0.9210526315789473,0.8974358974358975,0.9090909090909091,0.9210526315789473,0.8569512820512819,0.13335108309260693,0.20258,0.0,1.0,,,not_computed_no_bbox_data,36,36,36.0,0,0,1937,339.0,0,0,0,0,0,0,0,,0.1750129065565307,339,,,,,,,0.0,0,0,0,0,0,0,106.0,432,0.6519979166666666,0.6263,0.11704892018821608,0.80693,0.86644,0.993304,0.5008,1.134,432,0.0,0.0,0.0,0.0,0.0,0.0,0.0,0.0,432,0,0,0,0,0.0,0.0,3597509.338,215850.560274,2209.0,198.81,0.0,0.0,281.662,23.941279,3487354.86,27898.838881,1296.0,194.4,60663.884,25478.831348,47865.256,20103.407406,2820.0,846.0,0.0,0.0,216073.31155299998,74521.477635,290594.78918799997,4843.246486466666,131.5503798949751,672.6731231203703,3823.615647210526,4151.354131257142,0.0,290594.789188,3600000.0,3600000.0,mixed__s09__fixed_threshold,fixed_threshold,main,,,True,,1521.0
motion_only,mixed,9,3600.0,a2318a0d4d6b2939,True,synthetic_distribution,False,,2209,272,204,1937,112460.08,0.03123891111111111,432,7.2,432,7.2,62,58,432,60,40,0.6666666666666666,0.33333333333333337,0.28431372549019607,40,809.4623999999903,274.1830000001937,930.0588405862088,2060.6496999999044,2463.1150500000663,3729.1257899998823,238.21200000029057,4013.841000000015,432,261.63584953703463,260.8134999999311,14.969406071172152,280.60640000002456,287.75419999993176,300.89850000018254,224.8179999999702,313.94699999998556,432,262.63584953703463,261.8134999999311,14.969406071172152,281.60640000002456,288.75419999993176,301.89850000018254,225.8179999999702,314.94699999998556,0,144.0,1912.0,60.0,93.0,0.07003891050583658,0.7058823529411765,0.12743362831858407,0.9536159600997506,0.29411764705882354,0.14583333333333334,58,4,5,0.9354838709677419,0.9206349206349206,0.9279999999999999,0.9354838709677419,0.8719460317460319,0.11789267238357484,0.18113888888888888,0.0,1.0,,,not_computed_no_bbox_data,35,35,35.0,0,0,1937,351.0,0,0,0,0,0,0,0,,0.18120805369127516,351,,,,,,,0.0,0,0,0,0,0,0,81.0,432,0.6481451388888888,0.6214500000000001,0.11522329848862094,0.8106500000000002,0.87254,0.985369,0.5008,1.0264,432,0.0,0.0,0.0,0.0,0.0,0.0,0.0,0.0,432,0,0,0,0,0.0,0.0,3597511.002,215850.660122,2209.0,198.81,0.0,0.0,279.998,23.799827,3487539.924,27900.319391,1296.0,194.4,60236.6,25299.371837,48137.477,20217.74015,2790.0,837.0,0.0,0.0,216073.269949,74448.831378,290522.101327,4842.035022116667,131.51747457084653,672.5048641828704,4685.840343983871,5009.0017470172415,0.0,290522.101327,3600000.0,3600000.001,mixed__s09__motion_only,motion_only,main,,,True,,1889.0
secure,mixed,9,3600.0,a2318a0d4d6b2939,True,synthetic_distribution,False,,2209,272,204,1937,27922.681,0.007756300277777778,131,2.183333333333333,131,2.183333333333333,65,57,432,60,41,0.6833333333333333,0.31666666666666665,0.27941176470588236,41,700.4038536584984,242.41699999989942,1259.2539584680196,1934.9399999999441,3165.8599999998696,5356.687199999953,131.10699999984354,6095.13599999994,131,214.87879389312695,245.59599999990314,54.910492701053066,274.39700000034645,284.0479999998679,291.0369000000879,130.10699999984354,302.2530000000261,131,215.87879389312695,246.59599999990314,54.910492701053066,275.39700000034645,285.0479999998679,292.0369000000879,131.10699999984354,303.2530000000261,0,184.0,1539.0,20.0,466.0,0.10679048171793383,0.9019607843137255,0.1909704203425013,0.7675810473815461,0.09803921568627451,0.18055555555555555,57,8,10,0.8769230769230769,0.8507462686567164,0.8636363636363636,0.8769230769230769,0.8375910447761195,0.12281986530088798,0.21180000000000002,0.44274809160305345,0.5572519083969466,,,not_computed_no_bbox_data,11,11,11.0,0,0,1937,339.0,339,290,49,93,11,82,11,0.855457227138643,0.025296850800206504,49,0.11827956989247312,0.14102564102564102,0.6967592592592593,0.9634551495016611,0.855457227138643,0.9062499999999999,0.4,0,16,6,88,191,0,106.0,131,0.6512801526717558,0.6282,0.1164178716255484,0.7958,0.8935,0.9814899999999999,0.501,1.0074,131,0.0,0.0,0.0,0.0,0.0,0.0,0.0,0.0,131,0,0,0,0,0.0,0.0,3597532.883,215851.972954,2209.0,198.81,172.8,16.416,85.317,7.251982,3572077.319,28576.618553,393.0,58.95,18510.366,7774.353737,8072.815,3390.58224,946.5,283.95,0.0,0.0,216074.45093599998,40084.45453,256158.905466,4269.3150911,115.96147825531915,1955.4114921068701,3940.9062379384613,4494.015885368421,16.416,256158.905465,3599999.9999999995,3600000.0,mixed__s09__secure,secure,main,,,True,,1521.0
always_on,mixed,10,3600.0,80bb42071521856e,True,synthetic_distribution,False,,993,249,166,744,3600000.0,1.0,1,0.016666666666666666,769,12.816666666666666,165,145,0,56,54,0.9642857142857143,0.0357142857142857,0.8734939759036144,54,499.5739444444259,319.8080000000191,508.3396392962796,1309.2227000001121,1781.7990499999134,2190.0379599999637,152.5690000000177,2359.0379999999423,0,,,,,,,,,769,324.6875136541029,321.1899999999441,100.97018477607476,448.8635999999941,496.4766000001226,628.3117599999297,132.89600000000792,865.4989999999816,0,,,,,,,,,,,145,20,21,0.8787878787878788,0.8734939759036144,0.8761329305135952,0.8787878787878788,0.8470614457831324,0.09161968602980515,0.14439999999999997,0.42912873862158646,0.5708712613784135,,,not_computed_no_bbox_data,68,68,68.0,17298,243,744,,0,0,0,0,0,0,0,,0.7016129032258065,522,,,,,,,0.0,0,0,0,0,0,0,,0,,,,,,,,,0,,,,,,,,,0,0,0,0,0,3600000.0,18000.0,0.0,0.0,0.0,0.0,0.0,0.0,0.0,0.0,0.0,0.0,0.0,0.0,2537189.117,1065619.429101,953372.383,400416.400899,109438.5,32831.55,0.0,0.0,18000.0,1498867.3800000001,1516867.3800000001,25281.123000000003,1527.5603021148038,,9193.135636363637,10461.154344827588,0.0,1516867.38,3600000.0,3600000.0,mixed__s10__always_on,always_on,main,,,True,,
event,mixed,10,3600.0,80bb42071521856e,True,synthetic_distribution,False,,993,249,166,744,49848.601,0.013846833611111112,235,3.9166666666666665,235,3.9166666666666665,74,65,235,56,47,0.8392857142857143,0.1607142857142857,0.39156626506024095,47,631.6790638297996,244.95599999977276,845.3256413877417,2216.36940000006,2340.783700000029,2806.635979999997,139.72600000002421,2877.837999999989,235,213.438991489357,244.00700000021607,56.07700741754661,275.508400000009,284.3522999999928,299.1232399998233,128.5339999999851,310.4890000000596,235,214.438991489357,245.00700000021607,56.07700741754661,276.508400000009,285.3522999999928,300.1232399998233,129.5339999999851,311.4890000000596,0,155.0,597.0,11.0,230.0,0.20611702127659576,0.9337349397590361,0.3376906318082789,0.7218863361547763,0.06626506024096386,0.3191489361702128,65,9,10,0.8783783783783784,0.8666666666666667,0.87248322147651,0.8783783783783784,0.8506346666666667,0.08570683295055542,0.14375555555555553,0.4297872340425532,0.5702127659574469,,,not_computed_no_bbox_data,27,27,27.0,0,0,744,142.0,0,0,0,0,0,0,0,,0.19086021505376344,142,,,,,,,0.0,0,0,0,0,0,0,80.0,235,0.6610161702127659,0.6328,0.12037833696687736,0.8243,0.9103299999999998,1.0072619999999999,0.5002,1.0313,235,0.0,0.0,0.0,0.0,0.0,0.0,0.0,0.0,235,0,0,0,0,0.0,0.0,3598851.662,215931.099713,993.0,89.37,0.0,0.0,155.338,13.20374,3550151.406,28401.211244,705.0,105.75,32761.518,13759.837683,14742.576,6191.881986,1639.5,491.85,0.0,0.0,216033.673453,48950.530912999995,264984.20436599996,4416.403406099999,266.85216955287007,1127.592359004255,3580.867626567567,4076.6800671692304,0.0,264984.204366,3600000.0,3600000.0,mixed__s10__event,event,main,,,True,,576.0
event_no_early_exit,mixed,10,3600.0,80bb42071521856e,True,synthetic_distribution,False,,993,249,166,744,60977.456000000006,0.016938182222222223,235,3.9166666666666665,235,3.9166666666666665,74,70,235,56,49,0.875,0.125,0.42168674698795183,49,546.6831020408194,266.0779999999795,681.3797375169837,1907.5661999998154,2337.2626000000164,2553.4722800000523,241.56400000001304,2723.0510000000068,235,260.7958468085041,259.75,15.504156358707643,282.2277999997139,288.38200000009965,302.2834599999222,220.75799999991432,310.4890000000596,235,261.7958468085041,260.75,15.504156358707643,283.2277999997139,289.38200000009965,303.2834599999222,221.75799999991432,311.4890000000596,0,155.0,597.0,11.0,230.0,0.20611702127659576,0.9337349397590361,0.3376906318082789,0.7218863361547763,0.06626506024096386,0.3191489361702128,70,4,5,0.9459459459459459,0.9333333333333333,0.9395973154362416,0.9459459459459459,0.877744,0.09736363470085821,0.13662222222222223,0.0,1.0,,,not_computed_no_bbox_data,27,27,27.0,0,0,744,142.0,0,0,0,0,0,0,0,,0.19086021505376344,142,,,,,,,0.0,0,0,0,0,0,0,80.0,235,0.6610161702127659,0.6328,0.12037833696687736,0.8243,0.9103299999999998,1.0072619999999999,0.5002,1.0313,235,0.0,0.0,0.0,0.0,0.0,0.0,0.0,0.0,235,0,0,0,0,0.0,0.0,3598851.662,215931.099713,993.0,89.37,0.0,0.0,155.338,13.20374,3539022.548,28312.180385,705.0,105.75,32761.518,13759.837683,25883.434,10871.042126,1627.5,488.25,0.0,0.0,216033.673453,53537.060194,269570.733647,4492.845560783333,271.4710308630413,1147.109504880851,3642.8477519864864,3851.0104806714285,0.0,269570.733646,3600000.0,3600000.0,mixed__s10__event_no_early_exit,event_no_early_exit,main,,,True,,576.0
fixed_threshold,mixed,10,3600.0,80bb42071521856e,True,synthetic_distribution,False,,993,249,166,744,61237.587,0.017010440833333335,236,3.933333333333333,236,3.933333333333333,75,71,236,56,50,0.8928571428571429,0.1071428571428571,0.42771084337349397,50,582.8225200000027,267.2754999999888,721.1838565304735,2075.1258999998454,2352.6158500000192,2549.9393900000537,241.56400000001304,2723.0510000000068,236,260.7989957627053,259.78899999987334,15.471209253512102,282.2154999997001,288.30850000010105,302.24414999992007,220.75799999991432,310.4890000000596,236,261.7989957627053,260.78899999987334,15.471209253512102,283.2154999997001,289.30850000010105,303.24414999992007,221.75799999991432,311.4890000000596,0,156.0,597.0,10.0,230.0,0.20717131474103587,0.9397590361445783,0.33949945593035913,0.7218863361547763,0.060240963855421686,0.3220338983050847,71,4,5,0.9466666666666667,0.9342105263157895,0.9403973509933775,0.9466666666666667,0.8776986842105263,0.09671317248223711,0.13662222222222223,0.0,1.0,,,not_computed_no_bbox_data,27,27,27.0,0,0,744,142.0,0,0,0,0,0,0,0,,0.19086021505376344,142,,,,,,,0.0,0,0,0,0,0,0,80.0,236,0.6607838983050849,0.6322000000000001,0.12017492532056087,0.8242,0.909675,1.007055,0.5002,1.0313,236,0.0,0.0,0.0,0.0,0.0,0.0,0.0,0.0,236,0,0,0,0,0.0,0.0,3598851.056,215931.063343,993.0,89.37,0.0,0.0,155.944,13.255264,3538762.417,28310.099334,708.0,106.2,32915.866,13824.663537,25978.718,10911.061402,1635.0,490.5,0.0,0.0,216033.688607,53642.524272999995,269676.21288,4494.603548,271.5772536555891,1142.6958172881357,3595.6828384,3798.25651943662,0.0,269676.21288,3600000.0,3600000.0009999997,mixed__s10__fixed_threshold,fixed_threshold,main,,,True,,576.0
motion_only,mixed,10,3600.0,80bb42071521856e,True,synthetic_distribution,False,,993,249,166,744,60597.850000000006,0.016832736111111114,233,3.8833333333333333,233,3.8833333333333333,60,55,233,56,43,0.7678571428571429,0.2321428571428571,0.3313253012048193,43,618.8954651163056,271.12999999994645,675.7620012307982,1549.7829999998216,2303.4494000000404,2574.669620000047,241.56400000001304,2723.0510000000068,233,261.4011630901307,260.3379999999888,15.306457890529357,283.92520000021904,289.6510000000242,299.1565199998208,229.31199999991804,310.4890000000596,233,262.4011630901307,261.3379999999888,15.306457890529357,284.92520000021904,290.6510000000242,300.1565199998208,230.31199999991804,311.4890000000596,0,120.0,749.0,46.0,78.0,0.1380897583429229,0.7228915662650602,0.23188405797101447,0.905683192261185,0.27710843373493976,0.2575107296137339,55,5,5,0.9166666666666666,0.9166666666666666,0.9166666666666666,0.9166666666666666,0.8711266666666667,0.09827409242998815,0.1336923076923077,0.0,1.0,,,not_computed_no_bbox_data,25,25,25.0,0,0,744,147.0,0,0,0,0,0,0,0,,0.1975806451612903,147,,,,,,,0.0,0,0,0,0,0,0,60.0,233,0.659762660944206,0.6446,0.11088256767996783,0.80858,0.8582799999999998,0.9779760000000002,0.5003,1.0283,233,0.0,0.0,0.0,0.0,0.0,0.0,0.0,0.0,233,0,0,0,0,0.0,0.0,3598853.276,215931.196537,993.0,89.37,0.0,0.0,153.724,13.066573,3539402.152,28315.217216,699.0,104.85,32473.384,13638.821127,25847.464,10855.935017,1578.0,473.4,0.0,0.0,216033.63311,53388.223359999996,269421.85647000006,4490.364274500001,271.32110419939585,1156.3169805579403,4490.364274500001,4898.579208545456,0.0,269421.85647,3600000.0,3600000.0,mixed__s10__motion_only,motion_only,main,,,True,,719.0
secure,mixed,10,3600.0,80bb42071521856e,True,synthetic_distribution,False,,993,249,166,744,24796.466999999997,0.006887907499999999,123,2.05,123,2.05,68,59,235,56,42,0.75,0.25,0.35542168674698793,42,454.82288095236953,167.41599999996834,677.2544941518321,1674.683799999998,2171.491749999997,2624.4320100000828,140.1260000000475,2878.2380000001285,123,203.30983739837743,173.4320000000298,56.87670454810616,273.2324000000022,285.61850000002886,303.1551800000481,130.48600000003353,310.8889999999665,123,204.30983739837743,174.4320000000298,56.87670454810616,274.2324000000022,286.61850000002886,304.1551800000481,131.48600000003353,311.8889999999665,0,155.0,597.0,11.0,230.0,0.20611702127659576,0.9337349397590361,0.3376906318082789,0.7218863361547763,0.06626506024096386,0.3191489361702128,59,9,10,0.8676470588235294,0.855072463768116,0.8613138686131386,0.8676470588235294,0.851559420289855,0.08781462145244073,0.14375555555555553,0.5447154471544715,0.45528455284552843,,,not_computed_no_bbox_data,17,17,17.0,0,0,744,142.0,142,106,36,93,6,87,6,0.7464788732394366,0.04838709677419355,36,0.06451612903225806,0.08,0.4765957446808511,0.9464285714285714,0.7464788732394366,0.8346456692913385,0.4,0,6,3,34,69,0,80.0,123,0.6583186991869918,0.6392,0.1101433926413941,0.81434,0.8552899999999999,1.007766,0.5003,1.0283,123,0.0,0.0,0.0,0.0,0.0,0.0,0.0,0.0,123,0,0,0,0,0.0,0.0,3598832.027,215929.92163,993.0,89.37,94.0,8.93,80.973,6.882691,3575203.538,28601.628307,369.0,55.35,17311.905,7271.000257,6182.556,2596.67363,933.0,279.9,0.0,0.0,216035.104321,38804.552193999996,254839.65651499998,4247.327608583333,256.6361092799597,2071.867126138211,3747.642007573529,4319.316212118643,8.93,254839.656515,3600000.0,3599999.999,mixed__s10__secure,secure,main,,,True,,576.0
always_on,noisy,1,3600.0,b6b46c166549f659,True,synthetic_distribution,False,,263,263,162,0,3600000.0,1.0,1,0.016666666666666666,258,4.3,149,131,0,55,53,0.9636363636363636,0.036363636363636376,0.808641975308642,53,547.7662075471447,363.8800000003539,417.4668342445625,1159.1162000000477,1471.0277999999932,1642.6075999999043,152.45599999977276,1691.9789999998175,0,,,,,,,,,258,362.3920193798468,356.1309999998193,124.756747532819,477.25180000005645,549.346399999852,859.2188100000823,151.96100000012666,1003.4099999999162,0,,,,,,,,,,,131,22,29,0.8562091503267973,0.81875,0.8370607028753994,0.8791946308724832,0.76277625,0.14582188950067534,0.2229755102040816,0.27906976744186046,0.7209302325581395,,,not_computed_no_bbox_data,4,0,4.0,16781,357,0,,0,0,0,0,0,0,0,,,0,,,,,,,0.0,0,0,0,0,0,0,,0,,,,,,,,,0,,,,,,,,,0,0,0,0,0,3600000.0,18000.0,0.0,0.0,0.0,0.0,0.0,0.0,0.0,0.0,0.0,0.0,0.0,0.0,2393380.316,1005219.732818,1103334.184,463400.357182,103285.5,30985.65,0.0,0.0,18000.0,1499605.74,1517605.74,25293.429,5770.364030418251,,10185.273422818791,11584.776641221373,0.0,1517605.74,3600000.0,3600000.0,noisy__s01__always_on,always_on,main,,,True,,
event,noisy,1,3600.0,b6b46c166549f659,True,synthetic_distribution,False,,263,263,162,0,8561.393,0.002378164722222222,39,0.65,39,0.65,33,26,39,55,21,0.38181818181818183,0.6181818181818182,0.16049382716049382,21,862.034761904778,273.5810000000056,1176.0814771660985,1635.094999999972,2284.9369999999763,4691.979400000177,139.81600000010803,5293.7400000002235,39,220.82287179485866,253.33600000012666,55.90354943121951,278.62219999997177,281.98639999983135,282.8489600000833,134.8190000000177,282.8900000001304,39,221.82287179485866,254.33600000012666,55.90354943121951,279.62219999997177,282.98639999983135,283.8489600000833,135.8190000000177,283.8900000001304,0,66.0,2.0,96.0,99.0,0.9705882352941176,0.4074074074074074,0.5739130434782609,0.019801980198019802,0.5925925925925926,0.9487179487179487,26,7,11,0.7878787878787878,0.7027027027027027,0.7428571428571429,0.7878787878787878,0.7458945945945945,0.17346723665347355,0.20345,0.38461538461538464,0.6153846153846154,,,not_computed_no_bbox_data,0,0,0.0,0,0,0,0.0,0,0,0,0,0,0,0,,,0,,,,,,,0.0,0,0,0,0,0,0,29.0,39,0.6295615384615385,0.6088,0.0977905189016018,0.7773,0.82719,0.8524639999999999,0.5085,0.8647,39,0.0,0.0,0.0,0.0,0.0,0.0,0.0,0.0,39,0,0,0,0,0.0,0.0,3599712.447,215982.746812,263.0,23.67,0.0,0.0,24.553,2.087016,3591438.607,28731.508857,117.0,17.55,5534.32,2324.414593,2607.072,1094.970402,303.0,90.9,0.0,0.0,216008.50382800002,32259.343852,248267.84768,4137.797461333334,943.9842117110267,6365.842248205128,7523.268111515152,9548.763372307692,0.0,248267.847681,3600000.0,3599999.999,noisy__s01__event,event,main,,,True,,0.0
event_no_early_exit,noisy,1,3600.0,b6b46c166549f659,True,synthetic_distribution,False,,263,263,162,0,10149.055999999999,0.002819182222222222,39,0.65,39,0.65,33,29,39,55,23,0.41818181818181815,0.5818181818181818,0.17901234567901234,23,782.8216521739153,281.4550000000745,678.4132736522453,1687.086400000006,2230.613599999976,2351.5770800001023,246.60000000009313,2370.373000000138,39,261.532153846138,259.78799999994226,12.925669467631254,280.74360000002196,282.79280000001893,286.69122000016273,234.875,289.02100000018254,39,262.532153846138,260.78799999994226,12.925669467631254,281.74360000002196,283.79280000001893,287.69122000016273,235.875,290.02100000018254,0,66.0,2.0,96.0,99.0,0.9705882352941176,0.4074074074074074,0.5739130434782609,0.019801980198019802,0.5925925925925926,0.9487179487179487,29,4,8,0.8787878787878788,0.7837837837837838,0.8285714285714285,0.8787878787878788,0.7676135135135135,0.18930730478680857,0.20345,0.0,1.0,,,not_computed_no_bbox_data,0,0,0.0,0,0,0,0.0,0,0,0,0,0,0,0,,,0,,,,,,,0.0,0,0,0,0,0,0,29.0,39,0.6295615384615385,0.6088,0.0977905189016018,0.7773,0.82719,0.8524639999999999,0.5085,0.8647,39,0.0,0.0,0.0,0.0,0.0,0.0,0.0,0.0,39,0,0,0,0,0.0,0.0,3599712.447,215982.746812,263.0,23.67,0.0,0.0,24.553,2.087016,3589850.945,28718.807563,117.0,17.55,5534.32,2324.414593,4196.234,1762.418348,301.5,90.45,0.0,0.0,216008.50382800002,32913.640503999995,248922.14433200003,4148.702405533334,946.4720316806084,6382.619085435898,7543.095282787879,8583.522218344828,0.0,248922.144332,3600000.0,3599999.999,noisy__s01__event_no_early_exit,event_no_early_exit,main,,,True,,0.0
fixed_threshold,noisy,1,3600.0,b6b46c166549f659,True,synthetic_distribution,False,,263,263,162,0,21202.112999999998,0.005889475833333333,81,1.35,81,1.35,65,59,81,55,42,0.7636363636363637,0.23636363636363633,0.36419753086419754,42,670.2037857142667,267.55200000014156,756.7260720731756,2084.2920000001495,2366.101200000129,2582.161920000057,239.26599999982864,2669.609999999986,81,263.08213580246263,262.20999999996275,14.724749654713833,281.8979999998119,289.02100000018254,296.77999999998144,232.95000000006985,313.53599999984726,81,264.08213580246263,263.20999999996275,14.724749654713833,282.8979999998119,290.02100000018254,297.77999999998144,233.95000000006985,314.53599999984726,0,138.0,12.0,24.0,89.0,0.92,0.8518518518518519,0.8846153846153846,0.1188118811881188,0.14814814814814814,0.8518518518518519,59,6,10,0.9076923076923077,0.855072463768116,0.8805970149253731,0.9076923076923077,0.770578260869565,0.15903522997563002,0.14712499999999998,0.0,1.0,,,not_computed_no_bbox_data,0,0,0.0,0,0,0,0.0,0,0,0,0,0,0,0,,,0,,,,,,,0.0,0,0,0,0,0,0,69.0,81,0.6577617283950618,0.6454,0.10951378060306068,0.8202,0.8634,0.9287000000000001,0.5002,0.9539,81,0.0,0.0,0.0,0.0,0.0,0.0,0.0,0.0,81,0,0,0,0,0.0,0.0,3599683.721,215981.023289,263.0,23.67,0.0,0.0,53.279,4.528674,3578797.892,28630.383138,243.0,36.45,11416.226,4794.81491,8918.882,3745.930341,624.0,187.2,0.0,0.0,216009.22196300002,37394.778389,253404.00035200003,4223.400005866667,963.513309323194,3128.4444487901237,3898.5230823384622,4294.983056813559,0.0,253404.000353,3600000.0,3600000.0,noisy__s01__fixed_threshold,fixed_threshold,main,,,True,,0.0
motion_only,noisy,1,3600.0,b6b46c166549f659,True,synthetic_distribution,False,,263,263,162,0,21518.858,0.005977460555555556,82,1.3666666666666667,82,1.3666666666666667,57,53,82,55,40,0.7272727272727273,0.2727272727272727,0.3271604938271605,40,768.0983249999797,272.6779999999562,843.1020099225311,2293.4805999999926,2467.80575000015,2995.5164899999645,239.26599999982864,3193.405999999959,82,263.7501219511987,263.09500000000116,13.925874671554109,284.1239000000409,288.74774999995714,291.4772500000149,232.95000000006985,292.5910000000149,82,264.7501219511987,264.09500000000116,13.925874671554109,285.1239000000409,289.74774999995714,292.4772500000149,233.95000000006985,293.5910000000149,0,115.0,29.0,47.0,72.0,0.7986111111111112,0.7098765432098766,0.7516339869281047,0.2871287128712871,0.29012345679012347,0.7439024390243902,53,4,8,0.9298245614035088,0.8688524590163934,0.8983050847457625,0.9298245614035088,0.7739262295081967,0.15987061216458698,0.16774761904761903,0.0,1.0,,,not_computed_no_bbox_data,0,0,0.0,0,0,0,0.0,0,0,0,0,0,0,0,,,0,,,,,,,0.0,0,0,0,0,0,0,54.0,82,0.6558378048780489,0.64525,0.11212672905227128,0.8223200000000002,0.86335,0.914705,0.5002,0.9224,82,0.0,0.0,0.0,0.0,0.0,0.0,0.0,0.0,82,0,0,0,0,0.0,0.0,3599683.221,215980.993289,263.0,23.67,0.0,0.0,53.779,4.571173,3578481.146,28627.849172,246.0,36.9,11583.195,4864.941815,9073.159,3810.726666,616.5,184.95,0.0,0.0,216009.23446200002,37525.367653,253534.60211500005,4225.576701916668,964.0098939733842,3091.885391646342,4447.975475701755,4783.671738018868,0.0,253534.602116,3600000.0,3600000.0,noisy__s01__motion_only,motion_only,main,,,True,,0.0
secure,noisy,1,3600.0,b6b46c166549f659,True,synthetic_distribution,False,,263,263,162,0,8561.393,0.002378164722222222,39,0.65,39,0.65,33,26,39,55,21,0.38181818181818183,0.6181818181818182,0.16049382716049382,21,862.4347619047601,273.98100000002887,1176.0814771660819,1635.494999999879,2285.3369999999995,4692.379400000106,140.2160000000149,5294.14000000013,39,221.22287179486062,253.73600000003353,55.90354943124528,279.0221999999907,282.3863999999594,283.2489600000344,135.21899999998277,283.29000000003725,39,222.22287179486062,254.73600000003353,55.90354943124528,280.0221999999907,283.3863999999594,284.2489600000344,136.21899999998277,284.29000000003725,0,66.0,2.0,96.0,99.0,0.9705882352941176,0.4074074074074074,0.5739130434782609,0.019801980198019802,0.5925925925925926,0.9487179487179487,26,7,11,0.7878787878787878,0.7027027027027027,0.7428571428571429,0.7878787878787878,0.7458945945945945,0.17346723665347355,0.20345,0.38461538461538464,0.6153846153846154,,,not_computed_no_bbox_data,0,0,0.0,0,0,0,0.0,0,0,0,39,0,39,0,,,0,0.0,0.0,0.0,,,,0.4,0,0,0,0,0,0,29.0,39,0.6295615384615385,0.6088,0.0977905189016018,0.7773,0.82719,0.8524639999999999,0.5085,0.8647,39,0.0,0.0,0.0,0.0,0.0,0.0,0.0,0.0,39,0,0,0,0,0.0,0.0,3599696.847,215981.810812,263.0,23.67,15.6,1.482,24.553,2.087016,3591438.607,28731.508857,117.0,17.55,5534.32,2324.414593,2607.072,1094.970402,303.0,90.9,0.0,0.0,216009.04982800002,32259.343852,248268.39368,4137.806561333334,943.9862877566541,6365.856248205128,7523.284656969698,9548.784372307693,1.482,248268.393681,3600000.0,3599999.999,noisy__s01__secure,secure,main,,,True,,0.0
always_on,noisy,2,3600.0,58ec7cac0c74f0d0,True,synthetic_distribution,False,,260,260,190,0,3600000.0,1.0,1,0.016666666666666666,260,4.333333333333333,171,154,0,58,55,0.9482758620689655,0.051724137931034475,0.8105263157894737,55,473.333945454522,346.50499999988824,335.6928531533407,992.17659999989,1211.8094999998807,1667.1773399999836,181.1129999998957,1684.850999999995,0,,,,,,,,,260,356.7547846153891,359.0645000003278,90.16960689588727,479.65110000004057,498.6335000000894,529.8240000000486,137.66600000020117,549.3899999998976,0,,,,,,,,,,,154,23,36,0.8700564971751412,0.8105263157894737,0.8392370572207083,0.9005847953216374,0.7394700000000001,0.16262467547722909,0.21769142857142856,0.22692307692307692,0.7730769230769231,,,not_computed_no_bbox_data,6,0,6.0,16801,407,0,,0,0,0,0,0,0,0,,,0,,,,,,,0.0,0,0,0,0,0,0,,0,,,,,,,,,0,,,,,,,,,0,0,0,0,0,3600000.0,18000.0,0.0,0.0,0.0,0.0,0.0,0.0,0.0,0.0,0.0,0.0,0.0,0.0,2397471.485,1006938.023699,1098967.015,461566.146301,103561.5,31068.45,0.0,0.0,18000.0,1499572.6199999999,1517572.6199999999,25292.876999999997,5836.817769230769,,8874.693684210526,9854.367662337661,0.0,1517572.62,3600000.0,3600000.0,noisy__s02__always_on,always_on,main,,,True,,
event,noisy,2,3600.0,58ec7cac0c74f0d0,True,synthetic_distribution,False,,260,260,190,0,11559.818000000003,0.0032110605555555564,51,0.85,51,0.85,48,42,51,58,31,0.5344827586206896,0.4655172413793104,0.22105263157894736,31,868.2878387097024,779.1219999999739,842.140602279246,1627.3849999997765,2695.984000000055,3157.5870999998874,142.49900000006892,3304.089999999851,51,228.01194117650047,254.55500000016764,54.3770060288287,275.72299999999814,285.9885000002105,294.2664999999106,137.8410000000149,294.63400000007823,51,229.01194117650047,255.55500000016764,54.3770060288287,276.72299999999814,286.9885000002105,295.2664999999106,138.8410000000149,295.63400000007823,0,71.0,2.0,119.0,68.0,0.9726027397260274,0.3736842105263158,0.5399239543726235,0.02857142857142857,0.6263157894736842,0.9803921568627451,42,6,8,0.875,0.84,0.8571428571428572,0.875,0.7609319999999999,0.13713942323081876,0.2486,0.3333333333333333,0.6666666666666666,,,not_computed_no_bbox_data,0,0,0.0,0,0,0,0.0,0,0,0,0,0,0,0,,,0,,,,,,,0.0,0,0,0,0,0,0,21.0,51,0.6691098039215686,0.6409,0.13309947596426058,0.8865,0.9269000000000001,0.96845,0.5021,0.9868,51,0.0,0.0,0.0,0.0,0.0,0.0,0.0,0.0,51,0,0,0,0,0.0,0.0,3599705.875,215982.352522,260.0,23.4,0.0,0.0,34.125,2.900594,3588440.188,28707.521501,153.0,22.95,7174.601,3013.332257,3830.212,1608.688934,402.0,120.6,0.0,0.0,216008.653116,33473.092692,249481.745808,4158.0290968,959.5451761846155,4891.798937411765,5197.536371,5940.041566857143,0.0,249481.745807,3600000.0,3600000.0009999997,noisy__s02__event,event,main,,,True,,0.0
event_no_early_exit,noisy,2,3600.0,58ec7cac0c74f0d0,True,synthetic_distribution,False,,260,260,190,0,13365.329000000002,0.0037125913888888893,51,0.85,51,0.85,48,43,51,58,31,0.5344827586206896,0.4655172413793104,0.22631578947368422,31,908.7700000000632,779.1219999999739,828.6682423552484,1736.6189999999478,2695.984000000055,3157.5870999998874,248.55099999997765,3304.089999999851,51,263.41413725495596,262.16599999999744,12.921693081032188,279.8859999999995,286.2930000000488,294.2664999999106,240.4370000003837,294.63400000007823,51,264.41413725495596,263.16599999999744,12.921693081032188,280.8859999999995,287.2930000000488,295.2664999999106,241.4370000003837,295.63400000007823,0,71.0,2.0,119.0,68.0,0.9726027397260274,0.3736842105263158,0.5399239543726235,0.02857142857142857,0.6263157894736842,0.9803921568627451,43,5,7,0.8958333333333334,0.86,0.8775510204081632,0.8958333333333334,0.773724,0.15216496225733275,0.2486,0.0,1.0,,,not_computed_no_bbox_data,0,0,0.0,0,0,0,0.0,0,0,0,0,0,0,0,,,0,,,,,,,0.0,0,0,0,0,0,0,21.0,51,0.6691098039215686,0.6409,0.13309947596426058,0.8865,0.9269000000000001,0.96845,0.5021,0.9868,51,0.0,0.0,0.0,0.0,0.0,0.0,0.0,0.0,51,0,0,0,0,0.0,0.0,3599705.875,215982.352522,260.0,23.4,0.0,0.0,34.125,2.900594,3586634.675,28693.077404,153.0,22.95,7174.601,3013.332257,5629.724,2364.484046,408.0,122.4,0.0,0.0,216008.653116,34216.243707,250224.896823,4170.41494705,962.4034493192307,4906.370525941176,5213.0186838125,5819.183647046511,0.0,250224.896822,3600000.0,3599999.9999999995,noisy__s02__event_no_early_exit,event_no_early_exit,main,,,True,,0.0
fixed_threshold,noisy,2,3600.0,58ec7cac0c74f0d0,True,synthetic_distribution,False,,260,260,190,0,24885.235,0.006912565277777778,96,1.6,96,1.6,76,69,96,58,45,0.7758620689655172,0.22413793103448276,0.3631578947368421,45,637.7776444444676,264.71500000031665,857.3009501063756,1611.600999999978,2013.0374000001696,3870.9292399997457,241.03600000000006,3996.2649999996647,96,260.5375416666739,259.29650000017136,13.253115199970486,278.21450000000186,280.3697499999987,292.39485000000565,236.63899999996647,294.63400000007823,96,261.5375416666739,260.29650000017136,13.253115199970486,279.21450000000186,281.3697499999987,293.39485000000565,237.63899999996647,295.63400000007823,0,157.0,13.0,33.0,57.0,0.9235294117647059,0.8263157894736842,0.8722222222222223,0.18571428571428572,0.1736842105263158,0.90625,69,7,18,0.9078947368421053,0.7931034482758621,0.8466257668711656,0.9078947368421053,0.7408425287356323,0.18292049463174384,0.16293333333333335,0.0,1.0,,,not_computed_no_bbox_data,0,0,0.0,0,0,0,0.0,0,0,0,0,0,0,0,,,0,,,,,,,0.0,0,0,0,0,0,0,70.0,96,0.65441875,0.63655,0.11241300853033916,0.8119000000000001,0.863525,0.9401549999999999,0.5021,0.9868,96,0.0,0.0,0.0,0.0,0.0,0.0,0.0,0.0,96,0,0,0,0,0.0,0.0,3599677.176,215980.630544,260.0,23.4,0.0,0.0,62.824,5.340062,3575114.772,28600.91818,288.0,43.2,13422.41,5637.412267,10453.317,4390.393291,721.5,216.45,0.0,0.0,216009.370606,38888.373737999995,254897.744344,4248.295739066667,980.3759397846154,2655.184836916667,3353.917688736842,3694.170207884058,0.0,254897.744344,3600000.0,3599999.999,noisy__s02__fixed_threshold,fixed_threshold,main,,,True,,0.0
motion_only,noisy,2,3600.0,58ec7cac0c74f0d0,True,synthetic_distribution,False,,260,260,190,0,23101.921000000002,0.006417200277777779,89,1.4833333333333334,89,1.4833333333333334,63,57,89,58,41,0.7068965517241379,0.2931034482758621,0.3,41,730.8679756097807,273.03499999999985,777.1899835822995,1736.6189999999478,1950.3629999998957,3148.8837999998614,241.03600000000006,3711.4109999998473,89,260.8959213483147,259.14999999990687,14.908251756553865,277.93100000005217,281.458600000001,296.4089200000466,233.36899999994785,309.42499999981374,89,261.8959213483147,260.14999999990687,14.908251756553865,278.93100000005217,282.458600000001,297.4089200000466,234.36899999994785,310.42499999981374,0,124.0,21.0,66.0,49.0,0.8551724137931035,0.6526315789473685,0.7402985074626867,0.3,0.3473684210526316,0.8202247191011236,57,6,16,0.9047619047619048,0.7808219178082192,0.8382352941176471,0.9047619047619048,0.7247150684931506,0.18528333533569674,0.15494375,0.0,1.0,,,not_computed_no_bbox_data,0,0,0.0,0,0,0,0.0,0,0,0,0,0,0,0,,,0,,,,,,,0.0,0,0,0,0,0,0,51.0,89,0.6571314606741574,0.6325,0.11608196418078676,0.82606,0.87674,0.9435920000000002,0.5021,0.9868,89,0.0,0.0,0.0,0.0,0.0,0.0,0.0,0.0,89,0,0,0,0,0.0,0.0,3599681.515,215980.890927,260.0,23.4,0.0,0.0,58.485,4.971187,3576898.082,28615.184658,267.0,40.05,12451.512,5229.63521,9717.405,4081.310253,666.0,199.8,0.0,0.0,216009.26211399998,38165.980121,254175.24223499998,4236.25403725,977.5970855192307,2855.901598146067,4034.5276545238094,4459.214776052631,0.0,254175.242234,3600000.0,3599999.999,noisy__s02__motion_only,motion_only,main,,,True,,0.0
secure,noisy,2,3600.0,58ec7cac0c74f0d0,True,synthetic_distribution,False,,260,260,190,0,10882.324,0.0030228677777777778,48,0.8,48,0.8,45,40,51,58,31,0.5344827586206896,0.4655172413793104,0.21052631578947367,31,868.6878387096963,779.5219999998808,842.1406022792399,1627.7849999996834,2696.3840000001946,3157.987099999934,142.8990000000922,3304.489999999758,48,228.46258333335012,254.32499999995343,54.1775631968511,277.37189999993353,288.093250000081,294.6885499998275,138.24100000000908,295.0339999999851,48,229.46258333335012,255.32499999995343,54.1775631968511,278.37189999993353,289.093250000081,295.6885499998275,139.24100000000908,296.0339999999851,0,71.0,2.0,119.0,68.0,0.9726027397260274,0.3736842105263158,0.5399239543726235,0.02857142857142857,0.6263157894736842,0.9803921568627451,40,5,7,0.8888888888888888,0.851063829787234,0.8695652173913044,0.8888888888888888,0.7584234042553191,0.13401111928682238,0.2486,0.3333333333333333,0.6666666666666666,,,not_computed_no_bbox_data,0,0,0.0,0,0,0,0.0,0,0,0,51,3,48,3,,,0,0.058823529411764705,0.06,0.058823529411764705,0.0,,,0.4,0,0,3,0,0,0,21.0,48,0.6684375,0.64035,0.13586853725161546,0.88986,0.93014,0.969551,0.5021,0.9868,48,0.0,0.0,0.0,0.0,0.0,0.0,0.0,0.0,48,0,0,0,0,0.0,0.0,3599687.515,215981.2509,260.0,23.4,20.4,1.938,32.085,2.727225,3589117.681,28712.941449,144.0,21.6,6749.022,2834.589311,3609.797,1516.11463,379.5,113.85,0.0,0.0,216009.316125,33199.095389999995,249208.411515,4153.47352525,958.4938904423077,5191.8419065625,5537.964700333334,6230.210287875,1.938,249208.411515,3600000.0,3599999.9999999995,noisy__s02__secure,secure,main,,,True,,0.0
always_on,noisy,3,3600.0,7c3f1a58008f6509,True,synthetic_distribution,False,,163,163,108,0,3600000.0,1.0,1,0.016666666666666666,159,2.65,102,92,0,38,37,0.9736842105263158,0.02631578947368418,0.8518518518518519,37,519.9900000000426,372.0929999999935,373.9795468609754,1055.9032000001982,1379.13880000005,1666.4325599999775,193.08600000012666,1818.9029999999912,0,,,,,,,,,159,357.32455974843595,346.9360000002198,108.5235755849591,480.7258000001312,506.36830000002504,719.8213600001604,139.78000000026077,942.9680000001099,0,,,,,,,,,,,92,15,15,0.8598130841121495,0.8598130841121495,0.8598130841121495,0.9019607843137255,0.7611859813084113,0.13194891267585068,0.21823461538461536,0.2893081761006289,0.710691823899371,,,not_computed_no_bbox_data,5,0,5.0,16988,391,0,,0,0,0,0,0,0,0,,,0,,,,,,,0.0,0,0,0,0,0,0,,0,,,,,,,,,0,,,,,,,,,0,0,0,0,0,3600000.0,18000.0,0.0,0.0,0.0,0.0,0.0,0.0,0.0,0.0,0.0,0.0,0.0,0.0,2405961.864,1010503.983079,1090098.636,457841.426921,103939.5,31181.85,0.0,0.0,18000.0,1499527.2600000002,1517527.2600000002,25292.121000000003,9309.98319018405,,14877.71823529412,16494.861521739134,0.0,1517527.26,3600000.0,3600000.0,noisy__s03__always_on,always_on,main,,,True,,
event,noisy,3,3600.0,7c3f1a58008f6509,True,synthetic_distribution,False,,163,163,108,0,5082.858,0.001411905,24,0.4,24,0.4,22,19,24,38,15,0.39473684210526316,0.6052631578947368,0.17592592592592593,15,636.9675333333726,286.8949999999604,658.0511812488417,1324.1884000000196,1676.0312000000254,2330.359840000036,146.44100000010803,2493.942000000039,24,213.07333333338224,254.0834999999206,63.88218361316543,277.42180000008085,284.77719999996185,289.0989700002462,134.95400000037625,290.05600000033155,24,214.07333333338224,255.0834999999206,63.88218361316543,278.42180000008085,285.77719999996185,290.0989700002462,135.95400000037625,291.05600000033155,0,37.0,1.0,71.0,54.0,0.9736842105263158,0.3425925925925926,0.5068493150684932,0.01818181818181818,0.6574074074074074,0.9583333333333334,19,3,4,0.8636363636363636,0.8260869565217391,0.8444444444444444,0.8636363636363636,0.7739260869565219,0.13881763778880846,0.05,0.4583333333333333,0.5416666666666666,,,not_computed_no_bbox_data,0,0,0.0,0,0,0,0.0,0,0,0,0,0,0,0,,,0,,,,,,,0.0,0,0,0,0,0,0,14.0,24,0.6402541666666667,0.6152,0.1063820513594717,0.76158,0.8633849999999997,0.898226,0.5156,0.9037,24,0.0,0.0,0.0,0.0,0.0,0.0,0.0,0.0,24,0,0,0,0,0.0,0.0,3599821.634,215989.298023,163.0,14.67,0.0,0.0,15.366,1.306134,3594917.141,28759.337126,72.0,10.8,3346.375,1405.477647,1475.484,619.703219,189.0,56.7,0.0,0.0,216005.27415700004,30852.017991999997,246857.29214900002,4114.288202483333,1514.46191502454,10285.720506208334,11220.786006772729,12992.489060473685,0.0,246857.29215,3600000.0,3600000.0,noisy__s03__event,event,main,,,True,,0.0
event_no_early_exit,noisy,3,3600.0,7c3f1a58008f6509,True,synthetic_distribution,False,,163,163,108,0,6323.366,0.0017564905555555556,24,0.4,24,0.4,22,19,24,38,15,0.39473684210526316,0.6052631578947368,0.17592592592592593,15,689.3850000000209,286.8949999999604,668.7745568831762,1390.279400000011,1784.3335000000009,2439.2842999999975,240.37400000006892,2603.021999999997,24,264.76120833337217,264.5695000000851,13.234041621917806,280.2398999999976,285.16224999996774,289.0989700002462,239.37400000006892,290.05600000033155,24,265.76120833337217,265.5695000000851,13.234041621917806,281.2398999999976,286.16224999996774,290.0989700002462,240.37400000006892,291.05600000033155,0,37.0,1.0,71.0,54.0,0.9736842105263158,0.3425925925925926,0.5068493150684932,0.01818181818181818,0.6574074074074074,0.9583333333333334,19,3,4,0.8636363636363636,0.8260869565217391,0.8444444444444444,0.8636363636363636,0.7955913043478262,0.15421128042999221,0.0562,0.0,1.0,,,not_computed_no_bbox_data,0,0,0.0,0,0,0,0.0,0,0,0,0,0,0,0,,,0,,,,,,,0.0,0,0,0,0,0,0,14.0,24,0.6402541666666667,0.6152,0.1063820513594717,0.76158,0.8633849999999997,0.898226,0.5156,0.9037,24,0.0,0.0,0.0,0.0,0.0,0.0,0.0,0.0,24,0,0,0,0,0.0,0.0,3599821.634,215989.298023,163.0,14.67,0.0,0.0,15.366,1.306134,3593676.633,28749.413062,72.0,10.8,3346.375,1405.477647,2714.492,1140.0866,190.5,57.15,0.0,0.0,216005.27415700004,31362.927309,247368.20146600003,4122.803357766667,1517.59632801227,10307.008394416667,11244.009157545455,13019.379024526317,0.0,247368.201466,3600000.0,3600000.0,noisy__s03__event_no_early_exit,event_no_early_exit,main,,,True,,0.0
fixed_threshold,noisy,3,3600.0,7c3f1a58008f6509,True,synthetic_distribution,False,,163,163,108,0,13178.169000000002,0.0036606025000000004,50,0.8333333333333334,50,0.8333333333333334,46,42,50,38,30,0.7894736842105263,0.21052631578947367,0.3888888888888889,30,698.1584666666351,275.1540000000532,755.9338116655118,1856.1880999997727,2290.2564500000317,2747.689159999993,248.72600000002421,2873.9539999999106,50,264.87789999997534,263.9604999999283,14.28538918522505,281.052099999995,285.44949999988603,298.2204999999562,236.19100000010803,304.02700000000186,50,265.87789999997534,264.9604999999283,14.28538918522505,282.052099999995,286.44949999988603,299.2204999999562,237.19100000010803,305.02700000000186,0,92.0,3.0,16.0,52.0,0.968421052631579,0.8518518518518519,0.9064039408866994,0.05454545454545454,0.14814814814814814,0.96,42,4,6,0.9130434782608695,0.875,0.8936170212765957,0.9130434782608695,0.7843208333333335,0.14430471742680903,0.07515,0.0,1.0,,,not_computed_no_bbox_data,0,0,0.0,0,0,0,0.0,0,0,0,0,0,0,0,,,0,,,,,,,0.0,0,0,0,0,0,0,44.0,50,0.6757780000000001,0.64095,0.14024220490542316,0.83874,0.9381849999999998,1.0568969999999998,0.5028,1.1082,50,0.0,0.0,0.0,0.0,0.0,0.0,0.0,0.0,50,0,0,0,0,0.0,0.0,3599803.211,215988.192644,163.0,14.67,0.0,0.0,33.789,2.872088,3586821.828,28694.574623,150.0,22.5,7038.728,2956.265782,5593.444,2349.246512,396.0,118.8,0.0,0.0,216005.734732,34141.386917,250147.121649,4169.11869415,1534.6449180920247,5002.94243298,5437.980905413044,5955.883848785715,0.0,250147.121649,3600000.0,3600000.0000000005,noisy__s03__fixed_threshold,fixed_threshold,main,,,True,,0.0
motion_only,noisy,3,3600.0,7c3f1a58008f6509,True,synthetic_distribution,False,,163,163,108,0,11823.149000000001,0.003284208055555556,45,0.75,45,0.75,36,34,45,38,26,0.6842105263157895,0.3157894736842105,0.3148148148148148,26,791.7277692307354,282.2204999999376,807.4014445716824,2051.948999999906,2521.2165000000095,2806.2209999999322,248.93699999991804,2873.9539999999106,45,264.03577777775354,261.9670000001788,13.104377752019696,281.2625999999233,284.4933999998495,289.4129199999315,236.74399999994785,292.17699999990873,45,265.03577777775354,262.9670000001788,13.104377752019696,282.2625999999233,285.4933999998495,290.4129199999315,237.74399999994785,293.17699999990873,0,74.0,8.0,34.0,47.0,0.9024390243902439,0.6851851851851852,0.7789473684210526,0.14545454545454545,0.3148148148148148,0.8444444444444444,34,2,4,0.9444444444444444,0.8947368421052632,0.918918918918919,0.9444444444444444,0.7928552631578948,0.15583390273563955,0.13454285714285713,0.0,1.0,,,not_computed_no_bbox_data,0,0,0.0,0,0,0,0.0,0,0,0,0,0,0,0,,,0,,,,,,,0.0,0,0,0,0,0,0,36.0,45,0.6551199999999999,0.6338,0.1106898669091423,0.78782,0.8703199999999999,0.9733080000000003,0.5028,1.028,45,0.0,0.0,0.0,0.0,0.0,0.0,0.0,0.0,45,0,0,0,0,0.0,0.0,3599807.519,215988.45115,163.0,14.67,0.0,0.0,29.481,2.505871,3588176.851,28705.414808,135.0,20.25,6316.71,2653.0184,5029.439,2112.364188,342.0,102.6,0.0,0.0,216005.62702100002,33593.647396,249599.27441700004,4159.98790695,1531.2838921288346,5546.650542600001,6933.313178250001,7341.1551299117655,0.0,249599.274417,3600000.0,3599999.9999999995,noisy__s03__motion_only,motion_only,main,,,True,,0.0
secure,noisy,3,3600.0,7c3f1a58008f6509,True,synthetic_distribution,False,,163,163,108,0,4942.456,0.0013729044444444444,23,0.38333333333333336,23,0.38333333333333336,21,18,24,38,15,0.39473684210526316,0.6052631578947368,0.16666666666666666,15,637.3675333333609,287.2949999999837,658.0511812488351,1324.5884000000137,1676.431200000011,2330.759840000005,146.8410000000149,2494.342000000004,23,216.57291304350846,256.9660000000149,63.44582016311257,278.1621999999508,285.549799999973,289.5405800001824,135.35400000028312,290.4560000002384,23,217.57291304350846,257.9660000000149,63.44582016311257,279.1621999999508,286.549799999973,290.5405800001824,136.35400000028312,291.4560000002384,0,37.0,1.0,71.0,54.0,0.9736842105263158,0.3425925925925926,0.5068493150684932,0.01818181818181818,0.6574074074074074,0.9583333333333334,18,3,4,0.8571428571428571,0.8181818181818182,0.8372093023255814,0.8571428571428571,0.771918181818182,0.1417421153811642,0.05,0.43478260869565216,0.5652173913043478,,,not_computed_no_bbox_data,0,0,0.0,0,0,0,0.0,0,0,0,24,1,23,1,,,0,0.041666666666666664,0.043478260869565216,0.041666666666666664,0.0,,,0.4,0,0,1,0,0,0,14.0,23,0.6369434782608696,0.6008,0.10750136500650058,0.76432,0.8688899999999998,0.898464,0.5156,0.9037,23,0.0,0.0,0.0,0.0,0.0,0.0,0.0,0.0,23,0,0,0,0,0.0,0.0,3599812.75,215988.765009,163.0,14.67,9.6,0.912,14.65,1.245237,3595057.542,28760.460339,69.0,10.35,3216.474,1350.918978,1475.484,619.703219,181.5,54.45,0.0,0.0,216005.59224600001,30795.882536,246801.47478199998,4113.357913033333,1514.119477190184,10730.498903565216,11752.451180095237,13711.193043444444,0.912,246801.474783,3600000.0,3600000.0,noisy__s03__secure,secure,main,,,True,,0.0
always_on,noisy,4,3600.0,c8fd32adc298b801,True,synthetic_distribution,False,,409,409,284,0,3600000.0,1.0,1,0.016666666666666666,401,6.683333333333334,265,232,0,92,89,0.967391304347826,0.03260869565217395,0.8169014084507042,89,510.78125842697494,366.3400000000838,401.3863077020557,1281.071399999969,1559.6491999999614,1636.9591999999996,150.72999999998137,1697.3580000000075,0,,,,,,,,,401,378.2642044887845,355.60800000000745,156.255213188131,508.87999999988824,564.4159999999974,1090.5449999999255,134.30400000000373,1330.6830000001937,0,,,,,,,,,,,232,39,50,0.8560885608856088,0.8226950354609929,0.8390596745027126,0.8754716981132076,0.7535755319148937,0.15023871042752607,0.2143327731092437,0.23690773067331672,0.7630922693266833,,,not_computed_no_bbox_data,6,0,6.0,16664,406,0,,0,0,0,0,0,0,0,,,0,,,,,,,0.0,0,0,0,0,0,0,,0,,,,,,,,,0,,,,,,,,,0,0,0,0,0,3600000.0,18000.0,0.0,0.0,0.0,0.0,0.0,0.0,0.0,0.0,0.0,0.0,0.0,0.0,2397376.778,1006898.246635,1098802.222,461496.933365,103821.0,31146.3,0.0,0.0,18000.0,1499541.48,1517541.48,25292.358,3710.3703667481664,,5726.57162264151,6541.1270689655175,0.0,1517541.48,3600000.0,3600000.0,noisy__s04__always_on,always_on,main,,,True,,
event,noisy,4,3600.0,c8fd32adc298b801,True,synthetic_distribution,False,,409,409,284,0,15598.428,0.0043328966666666665,66,1.1,66,1.1,64,54,66,92,44,0.4782608695652174,0.5217391304347826,0.19014084507042253,44,886.8781590909252,274.9295000000857,897.9033989153745,2099.635999999941,2258.63960000003,3469.5429200000062,144.0450000000419,3811.2020000000484,66,237.67269696969896,257.51949999993667,49.112240493041554,278.0825000000186,292.51600000005055,299.3492500000982,126.53899999987334,305.0789999999106,66,238.67269696969896,258.51949999993667,49.112240493041554,279.0825000000186,293.51600000005055,300.3492500000982,127.53899999987334,306.0789999999106,0,106.0,0.0,178.0,125.0,1.0,0.3732394366197183,0.5435897435897437,0.0,0.6267605633802817,1.0,54,10,12,0.84375,0.8181818181818182,0.8307692307692308,0.84375,0.7659333333333334,0.1324252501292517,,0.24242424242424243,0.7575757575757576,,,not_computed_no_bbox_data,0,0,0.0,0,0,0,0.0,0,0,0,0,0,0,0,,,0,,,,,,,0.0,0,0,0,0,0,0,40.0,66,0.6575939393939394,0.6142000000000001,0.13024483439192852,0.8646,0.8867999999999999,0.9765499999999995,0.5052,1.0305,66,0.0,0.0,0.0,0.0,0.0,0.0,0.0,0.0,66,0,0,0,0,0.0,0.0,3599547.599,215972.855949,409.0,36.81,0.0,0.0,43.401,3.689072,3584401.573,28675.212585,198.0,29.7,9286.111,3900.166423,5587.816,2346.882842,526.5,157.95,0.0,0.0,216013.355021,35109.91185,251123.266871,4185.387781183334,613.9933175330074,3804.8979828939396,3923.801044859375,4650.430867981481,0.0,251123.266872,3600000.0,3600000.0,noisy__s04__event,event,main,,,True,,0.0
event_no_early_exit,noisy,4,3600.0,c8fd32adc298b801,True,synthetic_distribution,False,,409,409,284,0,17415.629,0.004837674722222222,66,1.1,66,1.1,64,57,66,92,45,0.4891304347826087,0.5108695652173914,0.2007042253521127,45,856.5215777777895,279.7389999999432,879.569006696194,1927.4682000000964,2217.132600000035,3585.8577600001377,235.0449999999255,3943.257000000216,66,265.20601515151156,262.19500000002154,15.72937629699463,283.4955000000555,296.121250000142,307.01904999993275,234.0449999999255,310.6219999999739,66,266.20601515151156,263.19500000002154,15.72937629699463,284.4955000000555,297.121250000142,308.01904999993275,235.0449999999255,311.6219999999739,0,106.0,0.0,178.0,125.0,1.0,0.3732394366197183,0.5435897435897437,0.0,0.6267605633802817,1.0,57,7,9,0.890625,0.8636363636363636,0.8769230769230768,0.890625,0.7758560606060606,0.14183325760449825,,0.0,1.0,,,not_computed_no_bbox_data,0,0,0.0,0,0,0,0.0,0,0,0,0,0,0,0,,,0,,,,,,,0.0,0,0,0,0,0,0,40.0,66,0.6575939393939394,0.6142000000000001,0.13024483439192852,0.8646,0.8867999999999999,0.9765499999999995,0.5052,1.0305,66,0.0,0.0,0.0,0.0,0.0,0.0,0.0,0.0,66,0,0,0,0,0.0,0.0,3599547.599,215972.855949,409.0,36.81,0.0,0.0,43.401,3.689072,3582584.372,28660.674979,198.0,29.7,9286.111,3900.166423,7414.017,3113.887172,517.5,155.25,0.0,0.0,216013.355021,35859.678574,251873.033595,4197.883893249999,615.8264880073349,3816.258084772727,3935.516149921875,4418.825150789474,0.0,251873.033596,3600000.0,3600000.0,noisy__s04__event_no_early_exit,event_no_early_exit,main,,,True,,0.0
fixed_threshold,noisy,4,3600.0,c8fd32adc298b801,True,synthetic_distribution,False,,409,409,284,0,34684.41099999999,0.00963455861111111,132,2.2,132,2.2,114,100,132,92,69,0.75,0.25,0.352112676056338,69,579.729579710123,268.29000000003725,732.0292389121416,1745.473000000045,2498.1671999999553,3049.084760000053,232.48899999982677,3130.9860000000335,132,264.0993939393883,263.1685000000871,15.809163909674815,282.39170000002485,294.0410499999183,305.6449499999909,228.03499999991618,310.6219999999739,132,265.0993939393883,264.1685000000871,15.809163909674815,283.39170000002485,295.0410499999183,306.6449499999909,229.03499999991618,311.6219999999739,0,248.0,13.0,36.0,112.0,0.9501915708812261,0.8732394366197183,0.910091743119266,0.104,0.1267605633802817,0.9166666666666666,100,14,21,0.8771929824561403,0.8264462809917356,0.8510638297872339,0.8771929824561403,0.7697553719008264,0.1604123784450633,0.2287636363636364,0.0,1.0,,,not_computed_no_bbox_data,0,0,0.0,0,0,0,0.0,0,0,0,0,0,0,0,,,0,,,,,,,0.0,0,0,0,0,0,0,127.0,132,0.6648386363636364,0.65375,0.11811386513469788,0.8334800000000001,0.8846399999999999,0.9673719999999999,0.5085,1.0305,132,0.0,0.0,0.0,0.0,0.0,0.0,0.0,0.0,132,0,0,0,0,0.0,0.0,3599503.241,215970.194467,409.0,36.81,0.0,0.0,87.759,7.459505,3565315.587,28522.5247,396.0,59.4,18495.618,7768.159614,14778.794,6207.093655,1014.0,304.2,0.0,0.0,216014.463972,42861.377969,258875.841941,4314.597365683333,632.948268804401,1961.1806207651514,2270.8407187807015,2588.75841941,0.0,258875.84194,3600000.0,3599999.999,noisy__s04__fixed_threshold,fixed_threshold,main,,,True,,0.0
motion_only,noisy,4,3600.0,c8fd32adc298b801,True,synthetic_distribution,False,,409,409,284,0,33951.528999999995,0.009430980277777777,129,2.15,129,2.15,101,91,129,92,64,0.6956521739130435,0.30434782608695654,0.3204225352112676,64,727.5302968749872,273.4924999999348,950.579021014176,1780.5330000001009,2604.5076499999955,4240.741359999945,235.0449999999255,4877.563000000082,129,264.51313178294936,263.20100000000093,15.797669656247256,284.90280000000496,292.7389999997802,305.73359999999053,228.03499999991618,328.43399999989197,129,265.51313178294936,264.20100000000093,15.797669656247256,285.90280000000496,293.7389999997802,306.73359999999053,229.03499999991618,329.43399999989197,0,202.0,26.0,82.0,99.0,0.8859649122807017,0.7112676056338029,0.7890625,0.208,0.2887323943661972,0.8372093023255814,91,10,17,0.900990099009901,0.8425925925925926,0.8708133971291866,0.900990099009901,0.7516731481481481,0.16167580148636412,0.21090952380952382,0.0,1.0,,,not_computed_no_bbox_data,0,0,0.0,0,0,0,0.0,0,0,0,0,0,0,0,,,0,,,,,,,0.0,0,0,0,0,0,0,94.0,129,0.6549488372093023,0.636,0.12260937726441891,0.84184,0.88572,0.963112,0.501,1.0305,129,0.0,0.0,0.0,0.0,0.0,0.0,0.0,0.0,129,0,0,0,0,0.0,0.0,3599506.511,215970.390682,409.0,36.81,0.0,0.0,84.489,7.181534,3566048.468,28528.387746,387.0,58.05,18213.226,7649.554927,14374.806,6037.418422,976.5,292.95,0.0,0.0,216014.382216,42566.361095,258580.743311,4309.679055183334,632.2267562616137,2004.5018861317828,2560.2053793168316,2841.546629791209,0.0,258580.743311,3600000.0,3599999.9999999995,noisy__s04__motion_only,motion_only,main,,,True,,0.0
secure,noisy,4,3600.0,c8fd32adc298b801,True,synthetic_distribution,False,,409,409,284,0,14579.021,0.004049728055555556,62,1.0333333333333334,62,1.0333333333333334,60,50,66,92,43,0.4673913043478261,0.5326086956521738,0.176056338028169,43,871.5773023255973,273.15500000026077,902.3976279085821,2112.640999999876,2260.309399999934,3477.8884799999123,144.44499999994878,3811.6019999999553,62,236.88067741937817,258.48950000002515,50.383455459732154,279.0845000000903,295.0023999999768,300.10185000008437,126.93899999978021,305.4790000000503,62,237.88067741937817,259.48950000002515,50.383455459732154,280.0845000000903,296.0023999999768,301.10185000008437,127.93899999978021,306.4790000000503,0,106.0,0.0,178.0,125.0,1.0,0.3732394366197183,0.5435897435897437,0.0,0.6267605633802817,1.0,50,10,12,0.8333333333333334,0.8064516129032258,0.819672131147541,0.8333333333333334,0.770367741935484,0.1337115242948183,,0.25806451612903225,0.7419354838709677,,,not_computed_no_bbox_data,0,0,0.0,0,0,0,0.0,0,0,0,66,4,62,4,,,0,0.06060606060606061,0.06060606060606061,0.06060606060606061,0.0,,,0.4,0,0,4,0,0,0,40.0,62,0.6555403225806451,0.6142000000000001,0.12743948928570936,0.8618899999999999,0.88067,0.9687070000000001,0.5052,1.0305,62,0.0,0.0,0.0,0.0,0.0,0.0,0.0,0.0,62,0,0,0,0,0.0,0.0,3599523.957,215971.437407,409.0,36.81,26.4,2.508,40.643,3.454674,3585420.98,28683.367837,186.0,27.9,8724.675,3664.363444,5173.346,2172.805113,495.0,148.5,0.0,0.0,216014.210081,34696.936394000004,250711.146475,4178.519107916666,612.9856882029339,4043.7281689516126,4178.519107916666,5014.2229295,2.508,250711.146475,3600000.0,3600000.0009999997,noisy__s04__secure,secure,main,,,True,,0.0
always_on,noisy,5,3600.0,3279409aaaf24204,True,synthetic_distribution,False,,300,300,203,0,3600000.0,1.0,1,0.016666666666666666,298,4.966666666666667,183,171,0,73,69,0.9452054794520548,0.0547945205479452,0.8423645320197044,69,421.21953623185584,375.99599999981,273.0088706564254,539.5215999999087,1064.5638000000258,1493.0284399999105,154.28900000010617,1649.8139999997802,0,,,,,,,,,298,347.90974161073046,343.53899999987334,106.74910743492046,487.9766999999876,515.7316499998967,658.3424899998768,136.27499999990687,764.1420000004582,0,,,,,,,,,,,171,14,32,0.9243243243243243,0.8423645320197044,0.881443298969072,0.9344262295081968,0.7549541871921182,0.15691263325479848,0.17281894736842104,0.31543624161073824,0.6845637583892618,,,not_computed_no_bbox_data,2,0,2.0,16775,358,0,,0,0,0,0,0,0,0,,,0,,,,,,,0.0,0,0,0,0,0,0,,0,,,,,,,,,0,,,,,,,,,0,0,0,0,0,3600000.0,18000.0,0.0,0.0,0.0,0.0,0.0,0.0,0.0,0.0,0.0,0.0,0.0,0.0,2396417.445,1006495.326797,1100031.555,462013.253203,103551.0,31065.3,0.0,0.0,18000.0,1499573.8800000001,1517573.8800000001,25292.898,5058.5796,,8292.753442622952,8874.701052631579,0.0,1517573.88,3600000.0,3600000.0,noisy__s05__always_on,always_on,main,,,True,,
event,noisy,5,3600.0,3279409aaaf24204,True,synthetic_distribution,False,,300,300,203,0,12814.720000000001,0.0035596444444444446,60,1.0,60,1.0,55,53,60,73,42,0.5753424657534246,0.4246575342465754,0.26108374384236455,42,758.3009999999879,264.41050000011455,996.5488721307163,1481.5458999997004,2858.809400000022,4361.305369999959,144.34399999992456,4783.212999999989,60,214.9100500000315,249.14150000014342,56.808143696624846,275.64760000003446,277.3502000002132,289.48532000006173,130.99399999994785,297.4810000001453,60,215.9100500000315,250.14150000014342,56.808143696624846,276.64760000003446,278.3502000002132,290.48532000006173,131.99399999994785,298.4810000001453,0,85.0,2.0,118.0,95.0,0.9770114942528736,0.4187192118226601,0.5862068965517241,0.020618556701030927,0.5812807881773399,0.9666666666666667,53,2,5,0.9636363636363636,0.9137931034482759,0.9380530973451328,0.9636363636363636,0.807094827586207,0.13464046395560392,0.0963,0.43333333333333335,0.5666666666666667,,,not_computed_no_bbox_data,0,0,0.0,0,0,0,0.0,0,0,0,0,0,0,0,,,0,,,,,,,0.0,0,0,0,0,0,0,27.0,60,0.6800166666666667,0.64925,0.13508190129139128,0.88117,0.950605,0.970921,0.5003,0.9757,60,0.0,0.0,0.0,0.0,0.0,0.0,0.0,0.0,60,0,0,0,0,0.0,0.0,3599659.199,215979.551933,300.0,27.0,0.0,0.0,40.801,3.468094,3587185.281,28697.482251,180.0,27.0,8407.284,3531.059298,3756.435,1577.702517,471.0,141.3,0.0,0.0,216010.02002700002,33974.544066,249984.564093,4166.4094015499995,833.28188031,4166.4094015499995,4545.1738926,4716.68988854717,0.0,249984.564093,3600000.0,3600000.0,noisy__s05__event,event,main,,,True,,0.0
event_no_early_exit,noisy,5,3600.0,3279409aaaf24204,True,synthetic_distribution,False,,300,300,203,0,15742.921,0.0043730336111111115,60,1.0,60,1.0,55,53,60,73,42,0.5753424657534246,0.4246575342465754,0.26108374384236455,42,779.2437142857007,273.8145000000368,979.5969074637476,1479.2576999996904,2858.809400000022,4361.305369999959,242.13299999991432,4783.212999999989,60,263.71340000002624,262.7105000001611,13.868147684897144,280.81590000008,288.29675000000935,295.13221000005956,234.92699999990873,297.4810000001453,60,264.71340000002624,263.7105000001611,13.868147684897144,281.81590000008,289.29675000000935,296.13221000005956,235.92699999990873,298.4810000001453,0,85.0,2.0,118.0,95.0,0.9770114942528736,0.4187192118226601,0.5862068965517241,0.020618556701030927,0.5812807881773399,0.9666666666666667,53,2,5,0.9636363636363636,0.9137931034482759,0.9380530973451328,0.9636363636363636,0.8188775862068967,0.14386371358094246,0.0678,0.0,1.0,,,not_computed_no_bbox_data,0,0,0.0,0,0,0,0.0,0,0,0,0,0,0,0,,,0,,,,,,,0.0,0,0,0,0,0,0,27.0,60,0.6800166666666667,0.64925,0.13508190129139128,0.88117,0.950605,0.970921,0.5003,0.9757,60,0.0,0.0,0.0,0.0,0.0,0.0,0.0,0.0,60,0,0,0,0,0.0,0.0,3599659.199,215979.551933,300.0,27.0,0.0,0.0,40.801,3.468094,3584257.08,28674.056637,180.0,27.0,8407.284,3531.059298,6686.136,2808.177275,469.5,140.85,0.0,0.0,216010.02002700002,35181.14321,251191.163237,4186.519387283333,837.3038774566667,4186.519387283333,4567.1120588545455,4739.455910132076,0.0,251191.163237,3600000.0,3600000.0,noisy__s05__event_no_early_exit,event_no_early_exit,main,,,True,,0.0
fixed_threshold,noisy,5,3600.0,3279409aaaf24204,True,synthetic_distribution,False,,300,300,203,0,29588.465,0.008219018055555555,113,1.8833333333333333,113,1.8833333333333333,93,88,113,73,60,0.821917808219178,0.17808219178082196,0.43349753694581283,60,473.66608333333147,264.29550000012387,565.4719356181342,1280.5898000001675,1683.8377499999701,2677.204519999977,242.13299999991432,2889.1159999999218,113,263.1843893805445,262.50600000005215,13.474190000462196,280.3504000000656,286.4748000000138,297.00328000012786,238.26100000017323,304.86000000001513,113,264.1843893805445,263.50600000005215,13.474190000462196,281.3504000000656,287.4748000000138,298.00328000012786,239.26100000017323,305.86000000001513,0,184.0,15.0,19.0,82.0,0.9246231155778895,0.9064039408866995,0.9154228855721394,0.15463917525773196,0.09359605911330049,0.8938053097345132,88,5,13,0.946236559139785,0.8712871287128713,0.9072164948453608,0.946236559139785,0.7717237623762374,0.1609850074687173,0.1471333333333333,0.0,1.0,,,not_computed_no_bbox_data,0,0,0.0,0,0,0,0.0,0,0,0,0,0,0,0,,,0,,,,,,,0.0,0,0,0,0,0,0,83.0,113,0.6849424778761061,0.6503,0.13221338732012902,0.87862,0.95204,1.0269159999999997,0.5025,1.0391,113,0.0,0.0,0.0,0.0,0.0,0.0,0.0,0.0,113,0,0,0,0,0.0,0.0,3599622.601,215977.35609,300.0,27.0,0.0,0.0,77.399,6.578873,3570411.535,28563.292284,339.0,50.85,15900.926,6678.389097,12486.038,5244.136006,862.5,258.75,0.0,0.0,216010.93496299998,40795.417387,256806.35234999997,4280.105872499999,856.0211744999999,2272.6225871681413,2761.3586274193544,2918.2540039772725,0.0,256806.352349,3600000.0,3599999.9990000003,noisy__s05__fixed_threshold,fixed_threshold,main,,,True,,0.0
motion_only,noisy,5,3600.0,3279409aaaf24204,True,synthetic_distribution,False,,300,300,203,0,26688.263,0.007413406388888889,102,1.7,102,1.7,81,78,102,73,55,0.7534246575342466,0.2465753424657534,0.3842364532019704,55,552.0179090909021,267.22099999990314,712.1703162317333,1288.6216000000773,2131.8860999998424,3281.5426000000543,242.13299999991432,3828.1630000000587,102,262.9811666666699,262.5605000000214,13.264499646546184,280.46950000008803,285.2724000000162,293.46141,238.26100000017323,297.4810000001453,102,263.9811666666699,263.5605000000214,13.264499646546184,281.46950000008803,286.2724000000162,294.46141,239.26100000017323,298.4810000001453,0,152.0,23.0,51.0,74.0,0.8685714285714285,0.7487684729064039,0.8042328042328042,0.23711340206185566,0.2512315270935961,0.8529411764705882,78,3,9,0.9629629629629629,0.896551724137931,0.9285714285714286,0.9629629629629629,0.785683908045977,0.15591847890362243,0.1607466666666667,0.0,1.0,,,not_computed_no_bbox_data,0,0,0.0,0,0,0,0.0,0,0,0,0,0,0,0,,,0,,,,,,,0.0,0,0,0,0,0,0,65.0,102,0.6848235294117646,0.64975,0.12935772196882747,0.8689400000000002,0.9405249999999999,0.9755729999999999,0.5003,1.0391,102,0.0,0.0,0.0,0.0,0.0,0.0,0.0,0.0,102,0,0,0,0,0.0,0.0,3599630.148,215977.808871,300.0,27.0,0.0,0.0,69.852,5.937433,3573311.738,28586.493903,306.0,45.9,14322.863,6015.602477,11285.399,4739.86759,774.0,232.2,0.0,0.0,216010.746304,39620.063969999996,255630.81027400002,4260.513504566667,852.1027009133334,2506.1844144509805,3155.9359293086422,3277.3180804358976,0.0,255630.810274,3600000.0,3600000.0,noisy__s05__motion_only,motion_only,main,,,True,,0.0
secure,noisy,5,3600.0,3279409aaaf24204,True,synthetic_distribution,False,,300,300,203,0,11484.487000000001,0.003190135277777778,55,0.9166666666666666,55,0.9166666666666666,50,48,60,73,42,0.5753424657534246,0.4246575342465754,0.23645320197044334,42,758.7009999999782,264.8105000000214,996.5488721307112,1481.9459000000263,2859.209399999929,4361.705369999934,144.74399999994785,4783.613000000012,55,210.54754545455464,238.6610000000801,56.91822354725858,274.1959999999963,276.2852000000421,290.56292000022717,131.3939999998547,297.88100000005215,55,211.54754545455464,239.6610000000801,56.91822354725858,275.1959999999963,277.2852000000421,291.56292000022717,132.3939999998547,298.88100000005215,0,85.0,2.0,118.0,95.0,0.9770114942528736,0.4187192118226601,0.5862068965517241,0.020618556701030927,0.5812807881773399,0.9666666666666667,48,2,5,0.96,0.9056603773584906,0.9320388349514563,0.96,0.8110943396226415,0.13508456812037065,0.0963,0.4727272727272727,0.5272727272727272,,,not_computed_no_bbox_data,0,0,0.0,0,0,0,0.0,0,0,0,60,5,55,5,,,0,0.08333333333333333,0.08620689655172414,0.08333333333333333,0.0,,,0.4,0,0,5,0,0,0,27.0,55,0.6876527272727272,0.6587,0.1362644349873592,0.88502,0.95163,0.971326,0.5003,0.9757,55,0.0,0.0,0.0,0.0,0.0,0.0,0.0,0.0,55,0,0,0,0,0.0,0.0,3599638.179,215978.290741,300.0,27.0,24.0,2.28,37.821,3.214783,3588515.515,28708.124121,165.0,24.75,7694.611,3231.736439,3192.874,1341.007191,432.0,129.6,0.0,0.0,216010.785524,33435.217751,249446.00327500002,4157.433387916667,831.4866775833334,4535.381877727274,4988.9200655,5196.7917348958335,2.28,249446.003276,3600000.0,3600000.0,noisy__s05__secure,secure,main,,,True,,0.0
always_on,noisy,6,3600.0,9656c1251ac725db,True,synthetic_distribution,False,,238,238,162,0,3600000.0,1.0,1,0.016666666666666666,236,3.933333333333333,146,127,0,54,52,0.9629629629629629,0.03703703703703709,0.7839506172839507,52,548.9247884615278,367.2564999999013,486.8529575800783,1266.029200000083,1432.6543000000177,2251.057799999862,159.39300000015646,2524.835999999894,0,,,,,,,,,236,348.43547881356875,345.295999999973,92.77151898487207,468.37000000002445,499.2100000000355,572.1462499999677,145.97399999998743,649.5349999999162,0,,,,,,,,,,,127,23,35,0.8466666666666667,0.7839506172839507,0.8141025641025642,0.8698630136986302,0.7502067901234568,0.15830513468581353,0.19009864864864864,0.3050847457627119,0.6949152542372882,,,not_computed_no_bbox_data,4,0,4.0,16840,355,0,,0,0,0,0,0,0,0,,,0,,,,,,,0.0,0,0,0,0,0,0,,0,,,,,,,,,0,,,,,,,,,0,0,0,0,0,3600000.0,18000.0,0.0,0.0,0.0,0.0,0.0,0.0,0.0,0.0,0.0,0.0,0.0,0.0,2398765.115,1007481.348249,1097674.885,461023.451751,103560.0,31068.0,0.0,0.0,18000.0,1499572.8,1517572.8,25292.88,6376.356302521009,,10394.334246575343,11949.392125984252,0.0,1517572.8,3600000.0,3600000.0,noisy__s06__always_on,always_on,main,,,True,,
event,noisy,6,3600.0,9656c1251ac725db,True,synthetic_distribution,False,,238,238,162,0,8299.260000000002,0.0023053500000000007,36,0.6,36,0.6,33,28,36,54,24,0.4444444444444444,0.5555555555555556,0.1728395061728395,24,1188.0514583333418,847.5650000000605,1223.411387313932,3125.4039000000216,3624.4378000001825,3975.477570000032,128.6019999999553,4067.164999999979,36,231.84750000001927,254.57400000002235,51.48170005659216,277.47099999990314,278.1442500000212,285.2098000000016,127.6019999999553,288.224000000002,36,232.84750000001927,255.57400000002235,51.48170005659216,278.47099999990314,279.1442500000212,286.2098000000016,128.6019999999553,289.224000000002,0,61.0,0.0,101.0,76.0,1.0,0.3765432098765432,0.547085201793722,0.0,0.6234567901234568,1.0,28,5,8,0.8484848484848485,0.7777777777777778,0.8115942028985507,0.8484848484848485,0.7559694444444446,0.15624624122463038,,0.3055555555555556,0.6944444444444444,,,not_computed_no_bbox_data,0,0,0.0,0,0,0,0.0,0,0,0,0,0,0,0,,,0,,,,,,,0.0,0,0,0,0,0,0,25.0,36,0.6620805555555556,0.6324000000000001,0.13243814042670088,0.84895,0.8858,0.9269049999999999,0.5024,0.9429,36,0.0,0.0,0.0,0.0,0.0,0.0,0.0,0.0,36,0,0,0,0,0.0,0.0,3599738.165,215984.289901,238.0,21.42,0.0,0.0,23.835,2.025973,3591700.74,28733.605921,108.0,16.2,5095.52,2140.118532,2809.24,1179.880625,286.5,85.95,0.0,0.0,216007.73587400003,32155.755078000002,248163.49095200002,4136.058182533334,1042.7037434957983,6893.430304222223,7520.105786424243,8862.981819714287,0.0,248163.490952,3600000.0,3600000.0000000005,noisy__s06__event,event,main,,,True,,0.0
event_no_early_exit,noisy,6,3600.0,9656c1251ac725db,True,synthetic_distribution,False,,238,238,162,0,9545.319000000001,0.0026514775000000003,36,0.6,36,0.6,33,29,36,54,24,0.4444444444444444,0.5555555555555556,0.17901234567901234,24,1225.5498333333264,847.5650000000605,1207.0581990538876,3196.7380999999928,3639.7237000001764,3975.477570000032,243.94399999990128,4067.164999999979,36,266.46030555556877,267.3430000000517,12.501507947459519,280.57200000000375,287.31649999997535,291.8016000000025,242.8859999999986,293.7280000000028,36,267.46030555556877,268.3430000000517,12.501507947459519,281.57200000000375,288.31649999997535,292.8016000000025,243.8859999999986,294.7280000000028,0,61.0,0.0,101.0,76.0,1.0,0.3765432098765432,0.547085201793722,0.0,0.6234567901234568,1.0,29,4,7,0.8787878787878788,0.8055555555555556,0.8405797101449276,0.8787878787878788,0.7675861111111111,0.16578733047022756,,0.0,1.0,,,not_computed_no_bbox_data,0,0,0.0,0,0,0,0.0,0,0,0,0,0,0,0,,,0,,,,,,,0.0,0,0,0,0,0,0,25.0,36,0.6620805555555556,0.6324000000000001,0.13243814042670088,0.84895,0.8858,0.9269049999999999,0.5024,0.9429,36,0.0,0.0,0.0,0.0,0.0,0.0,0.0,0.0,36,0,0,0,0,0.0,0.0,3599738.165,215984.289901,238.0,21.42,0.0,0.0,23.835,2.025973,3590454.679,28723.637431,108.0,16.2,5095.52,2140.118532,4061.301,1705.746317,280.5,84.15,0.0,0.0,216007.73587400003,32669.852280000003,248677.58815400003,4144.626469233333,1044.8638157731093,6907.710782055557,7535.684489515153,8575.089246689657,0.0,248677.588155,3600000.0,3600000.0,noisy__s06__event_no_early_exit,event_no_early_exit,main,,,True,,0.0
fixed_threshold,noisy,6,3600.0,9656c1251ac725db,True,synthetic_distribution,False,,238,238,162,0,19262.682,0.0053507450000000005,73,1.2166666666666666,73,1.2166666666666666,59,56,73,54,42,0.7777777777777778,0.2222222222222222,0.345679012345679,42,840.8989761904724,277.1245000001509,1058.3437797032623,2185.4000000000347,2674.8976499998575,4315.54606999998,243.94399999990128,5206.300999999978,73,265.1769452055017,262.79000000003725,13.402948634825053,279.8839999998527,285.79040000000384,299.7659199999645,234.3420000001788,308.8300000000745,73,266.1769452055017,263.79000000003725,13.402948634825053,280.8839999998527,286.79040000000384,300.7659199999645,235.3420000001788,309.8300000000745,0,131.0,7.0,31.0,69.0,0.9492753623188406,0.808641975308642,0.8733333333333333,0.09210526315789473,0.19135802469135801,0.9178082191780822,56,3,11,0.9491525423728814,0.835820895522388,0.888888888888889,0.9491525423728814,0.754102985074627,0.18593644887772098,0.08961666666666668,0.0,1.0,,,not_computed_no_bbox_data,0,0,0.0,0,0,0,0.0,0,0,0,0,0,0,0,,,0,,,,,,,0.0,0,0,0,0,0,0,64.0,73,0.6628684931506851,0.6335,0.1390525938436328,0.8831,0.9258399999999999,1.0337280000000002,0.5024,1.1958,73,0.0,0.0,0.0,0.0,0.0,0.0,0.0,0.0,73,0,0,0,0,0.0,0.0,3599713.611,215982.816636,238.0,21.42,0.0,0.0,48.389,4.113098,3580737.312,28645.898499,219.0,32.85,10325.57,4336.739331,8161.618,3427.879469,556.5,166.95,0.0,0.0,216008.34973400002,36610.317298999995,252618.66703300003,4210.311117216667,1061.422970726891,3460.529685383562,4281.672322593221,4511.047625589286,0.0,252618.667033,3600000.0,3599999.9999999995,noisy__s06__fixed_threshold,fixed_threshold,main,,,True,,0.0
motion_only,noisy,6,3600.0,9656c1251ac725db,True,synthetic_distribution,False,,238,238,162,0,20650.693,0.005736303611111111,79,1.3166666666666667,79,1.3166666666666667,52,48,79,54,38,0.7037037037037037,0.2962962962962963,0.2962962962962963,38,1064.1711842105415,299.52700000003824,1183.3633226583747,2586.4882999999454,3188.743549999998,4784.820679999981,226.82499999995343,5206.300999999978,79,262.7054303797664,262.4710000003688,14.18987535560059,277.69540000001433,281.66030000005264,297.05044000001857,225.82499999995343,308.8300000000745,79,263.7054303797664,263.4710000003688,14.18987535560059,278.69540000001433,282.66030000005264,298.05044000001857,226.82499999995343,309.8300000000745,0,109.0,22.0,53.0,54.0,0.8320610687022901,0.6728395061728395,0.7440273037542663,0.2894736842105263,0.3271604938271605,0.7468354430379747,48,5,11,0.9056603773584906,0.8135593220338984,0.8571428571428572,0.9230769230769231,0.7339271186440679,0.1839144992788848,0.10368500000000003,0.0,1.0,,,not_computed_no_bbox_data,1,0,1.0,0,0,0,0.0,0,0,0,0,0,0,0,,,0,,,,,,,0.0,0,0,0,0,0,0,50.0,79,0.6393050632911395,0.6202,0.1134376649098008,0.7912800000000001,0.8996099999999999,0.933384,0.5024,0.9429,79,0.0,0.0,0.0,0.0,0.0,0.0,0.0,0.0,79,0,0,0,0,0.0,0.0,3599711.495,215982.689693,238.0,21.42,0.0,0.0,50.505,4.292934,3579349.302,28634.794413,237.0,35.55,11175.17,4693.571543,8662.528,3638.261795,576.0,172.8,0.0,0.0,216008.402627,37174.977751,253183.380378,4219.7230063,1063.7957158739496,3204.8529161772153,4868.911161115385,5274.653757875,0.0,253183.380379,3600000.0,3600000.0,noisy__s06__motion_only,motion_only,main,,,True,,0.0
secure,noisy,6,3600.0,9656c1251ac725db,True,synthetic_distribution,False,,238,238,162,0,7338.326,0.002038423888888889,32,0.5333333333333333,32,0.5333333333333333,31,27,36,54,24,0.4444444444444444,0.5555555555555556,0.16666666666666666,24,1188.4514583333096,847.9649999999674,1223.4113873139108,3125.8038999999285,3624.8378000000894,3975.8775700000283,129.00199999997858,4067.5650000000023,32,231.0185312499916,254.44550000004165,52.779632331919096,277.8853999999352,278.9356499999652,285.95428000000317,128.00199999997858,288.62400000000343,32,232.0185312499916,255.44550000004165,52.779632331919096,278.8853999999352,279.9356499999652,286.95428000000317,129.00199999997858,289.62400000000343,0,61.0,0.0,101.0,76.0,1.0,0.3765432098765432,0.547085201793722,0.0,0.6234567901234568,1.0,27,4,5,0.8709677419354839,0.84375,0.8571428571428571,0.8709677419354839,0.7714531250000001,0.14647454470993884,,0.3125,0.6875,,,not_computed_no_bbox_data,0,0,0.0,0,0,0,0.0,0,0,0,36,4,32,4,,,0,0.1111111111111111,0.1111111111111111,0.1111111111111111,0.0,,,0.4,0,0,4,0,0,0,25.0,32,0.655925,0.623,0.1332622081800848,0.83329,0.878885,0.928733,0.5024,0.9429,32,0.0,0.0,0.0,0.0,0.0,0.0,0.0,0.0,32,0,0,0,0,0.0,0.0,3599726.61,215983.596622,238.0,21.42,14.4,1.368,20.99,1.784119,3592661.674,28741.293394,96.0,14.4,4525.749,1900.81464,2458.577,1032.602161,258.0,77.4,0.0,0.0,216008.168741,31766.510195000003,247774.67893599998,4129.577982266666,1041.070079563025,7742.958716749999,7992.731578580645,9176.839960592592,1.368,247774.678937,3600000.0,3600000.0,noisy__s06__secure,secure,main,,,True,,0.0
always_on,noisy,7,3600.0,f76d8a8123f67131,True,synthetic_distribution,False,,449,449,298,0,3600000.0,1.0,1,0.016666666666666666,438,7.3,262,239,0,96,96,1.0,0.0,0.802013422818792,96,590.0845833333141,404.20949999998265,500.2918174904364,1339.9409999998752,1566.057249999969,2348.373849999739,131.39500000001863,3227.6719999997877,0,,,,,,,,,438,380.4657899543282,348.03700000000026,152.81982422423252,537.0129000000496,693.1724499999718,995.4895999999745,131.39500000001863,1123.933000000001,0,,,,,,,,,,,239,30,55,0.8884758364312267,0.8129251700680272,0.8490230905861457,0.9122137404580153,0.7356721088435374,0.1668183239713265,0.18928819444444445,0.2808219178082192,0.7191780821917808,,,not_computed_no_bbox_data,7,0,7.0,16600,400,0,,0,0,0,0,0,0,0,,,0,,,,,,,0.0,0,0,0,0,0,0,,0,,,,,,,,,0,,,,,,,,,0,0,0,0,0,3600000.0,18000.0,0.0,0.0,0.0,0.0,0.0,0.0,0.0,0.0,0.0,0.0,0.0,0.0,2395120.747,1005950.713881,1101247.253,462523.846119,103632.0,31089.6,0.0,0.0,18000.0,1499564.1600000001,1517564.1600000001,25292.736,3379.8756347438757,,5792.229618320611,6349.640836820085,0.0,1517564.16,3600000.0,3600000.0,noisy__s07__always_on,always_on,main,,,True,,
event,noisy,7,3600.0,f76d8a8123f67131,True,synthetic_distribution,False,,449,449,298,0,14676.922,0.004076922777777778,63,1.05,63,1.05,57,51,63,96,45,0.46875,0.53125,0.17114093959731544,45,1218.6233111111121,761.0219999998808,1142.3619801215086,2874.0618000001646,3044.2041999999433,3802.712319999982,134.35800000000745,3860.7029999999995,63,234.27334920634755,255.82700000004843,53.13410159065427,283.07999999999305,288.5680000001099,300.05005999999156,132.06000000005588,302.80099999997765,63,235.27334920634755,256.82700000004843,53.13410159065427,284.07999999999305,289.5680000001099,301.05005999999156,133.06000000005588,303.80099999997765,0,96.0,2.0,202.0,149.0,0.9795918367346939,0.3221476510067114,0.4848484848484848,0.013245033112582781,0.6778523489932886,0.9841269841269841,51,6,11,0.8947368421052632,0.8225806451612904,0.8571428571428571,0.8947368421052632,0.7687290322580645,0.15365218481169987,0.0618,0.2698412698412698,0.7301587301587301,,,not_computed_no_bbox_data,0,0,0.0,0,0,0,0.0,0,0,0,0,0,0,0,,,0,,,,,,,0.0,0,0,0,0,0,0,34.0,63,0.6557730158730158,0.6273,0.11473424722339491,0.8086400000000001,0.8974,0.9516580000000001,0.501,0.9666,63,0.0,0.0,0.0,0.0,0.0,0.0,0.0,0.0,63,0,0,0,0,0.0,0.0,3599509.686,215970.58118,449.0,40.41,0.0,0.0,41.314,3.511661,3585323.081,28682.584648,189.0,28.35,8849.276,3716.695761,5133.143,2155.920218,505.5,151.65,0.0,0.0,216014.502841,34735.200627,250749.70346800002,4179.161724466667,558.4625912427617,3980.1540233015876,4399.117604701754,4916.660852313726,0.0,250749.703468,3600000.0,3600000.0,noisy__s07__event,event,main,,,True,,0.0
event_no_early_exit,noisy,7,3600.0,f76d8a8123f67131,True,synthetic_distribution,False,,449,449,298,0,16587.803,0.004607723055555555,63,1.05,63,1.05,57,54,63,96,45,0.46875,0.53125,0.18120805369127516,45,1220.5027111111062,303.80099999997765,1187.8008808519426,2961.6633999999613,3541.436199999878,3802.712319999982,240.06400000001304,3860.7029999999995,63,264.604825396828,264.7140000000363,14.98226659556104,284.2553999999771,288.5680000001099,300.05005999999156,238.62699999999313,302.80099999997765,63,265.604825396828,265.7140000000363,14.98226659556104,285.2553999999771,289.5680000001099,301.05005999999156,239.62699999999313,303.80099999997765,0,96.0,2.0,202.0,149.0,0.9795918367346939,0.3221476510067114,0.4848484848484848,0.013245033112582781,0.6778523489932886,0.9841269841269841,54,3,8,0.9473684210526315,0.8709677419354839,0.9075630252100839,0.9473684210526315,0.7802129032258064,0.16330346836977172,0.0618,0.0,1.0,,,not_computed_no_bbox_data,0,0,0.0,0,0,0,0.0,0,0,0,0,0,0,0,,,0,,,,,,,0.0,0,0,0,0,0,0,34.0,63,0.6557730158730158,0.6273,0.11473424722339491,0.8086400000000001,0.8974,0.9516580000000001,0.501,0.9666,63,0.0,0.0,0.0,0.0,0.0,0.0,0.0,0.0,63,0,0,0,0,0.0,0.0,3599509.686,215970.58118,449.0,40.41,0.0,0.0,41.314,3.511661,3583412.199,28667.29759,189.0,28.35,8849.276,3716.695761,7056.026,2963.530741,493.5,148.05,0.0,0.0,216014.502841,35523.924092,251538.426933,4192.30711555,560.2192136592428,3992.6734433809524,4412.954858473684,4658.119017277778,0.0,251538.426934,3600000.0,3600000.001,noisy__s07__event_no_early_exit,event_no_early_exit,main,,,True,,0.0
fixed_threshold,noisy,7,3600.0,f76d8a8123f67131,True,synthetic_distribution,False,,449,449,298,0,36311.074,0.010086409444444444,138,2.3,138,2.3,108,103,138,96,71,0.7395833333333334,0.26041666666666663,0.34563758389261745,71,696.2141971830773,273.88400000007823,862.9633000818453,2117.779000000097,2526.8569999999727,3400.3664999998105,235.38600000017323,4400.502000000008,138,264.43218840580414,262.917500000156,16.289642742109308,285.77309999993304,288.9275000001304,302.99630000001287,226.32400000002235,316.02700000000186,138,265.43218840580414,263.917500000156,16.289642742109308,286.77309999993304,289.9275000001304,303.99630000001287,227.32400000002235,317.02700000000186,0,235.0,28.0,63.0,123.0,0.8935361216730038,0.7885906040268457,0.8377896613190732,0.18543046357615894,0.21140939597315436,0.8478260869565217,103,6,14,0.944954128440367,0.8803418803418803,0.911504424778761,0.9537037037037037,0.7781068376068379,0.15254836865869886,0.19481904761904761,0.0,1.0,,,not_computed_no_bbox_data,1,0,1.0,0,0,0,0.0,0,0,0,0,0,0,0,,,0,,,,,,,0.0,0,0,0,0,0,0,118.0,138,0.6522398550724637,0.6225499999999999,0.11946077543332843,0.85519,0.88255,0.974286,0.501,1.0055,138,0.0,0.0,0.0,0.0,0.0,0.0,0.0,0.0,138,0,0,0,0,0.0,0.0,3599460.991,215967.65945,449.0,40.41,0.0,0.0,90.009,7.65078,3563688.924,28509.511389,414.0,62.1,19501.882,8190.790473,15354.194,6448.761626,1041.0,312.3,0.0,0.0,216015.72023,43523.463488,259539.183718,4325.653061966666,578.0382710868597,1880.7187225942027,2403.1405899814813,2519.797900174757,0.0,259539.183717,3600000.0,3600000.0000000005,noisy__s07__fixed_threshold,fixed_threshold,main,,,True,,0.0
motion_only,noisy,7,3600.0,f76d8a8123f67131,True,synthetic_distribution,False,,449,449,298,0,37478.69899999999,0.01041074972222222,143,2.3833333333333333,143,2.3833333333333333,96,91,143,96,66,0.6875,0.3125,0.3053691275167785,66,796.8630909090762,276.86799999978393,980.9392714905742,2339.464500000002,2897.7394999997923,3963.964599999972,235.38600000017323,4400.502000000008,143,263.39660139861104,262.1389999999665,15.944589648050417,285.0708000000101,288.4263999998569,302.98080000001005,226.32400000002235,316.02700000000186,143,264.4020629370739,263.1389999999665,15.95025269050355,286.0708000000101,289.4263999998569,303.98080000001005,227.32400000002235,317.02700000000186,0,195.0,57.0,103.0,94.0,0.7738095238095238,0.6543624161073825,0.7090909090909091,0.37748344370860926,0.34563758389261745,0.7272727272727273,91,7,13,0.9285714285714286,0.875,0.900990099009901,0.9479166666666666,0.7573798076923075,0.1641250372147387,0.20603846153846156,0.0,1.0,,,not_computed_no_bbox_data,2,0,2.0,0,0,0,0.0,0,0,0,0,0,0,0,,,0,,,,,,,0.0,0,0,0,0,0,0,91.0,143,0.647453846153846,0.6269,0.11246945987296733,0.79268,0.8701300000000001,0.9605100000000002,0.501,0.9788,143,0.0,0.0,0.0,0.0,0.0,0.0,0.0,0.0,143,0,0,0,0,0.0,0.0,3599458.414,215967.504851,449.0,40.41,0.0,0.0,92.586,7.869794,3562521.3,28500.170402,429.0,64.35,20163.123,8468.511743,15833.577,6650.102147,1053.0,315.9,0.0,0.0,216015.784645,43999.034292,260014.818937,4333.580315616667,579.0975922873051,1818.285447111888,2708.4876972604166,2857.3057026043957,0.0,260014.818937,3600000.0,3600000.0,noisy__s07__motion_only,motion_only,main,,,True,,0.0
secure,noisy,7,3600.0,f76d8a8123f67131,True,synthetic_distribution,False,,449,449,298,0,13880.25,0.003855625,60,1.0,60,1.0,55,49,63,96,44,0.4583333333333333,0.5416666666666667,0.1644295302013423,44,1226.3550681818022,727.8259999998845,1154.4974250310493,2880.592100000056,3049.1333999999333,3804.430290000043,134.75799999991432,3861.103000000001,60,233.03903333333662,252.13799999991897,53.91263269559667,284.51329999998853,289.12050000000744,300.58317000004814,132.45999999996275,303.20100000011735,60,234.03903333333662,253.13799999991897,53.91263269559667,285.51329999998853,290.12050000000744,301.58317000004814,133.45999999996275,304.20100000011735,0,96.0,2.0,202.0,149.0,0.9795918367346939,0.3221476510067114,0.4848484848484848,0.013245033112582781,0.6778523489932886,0.9841269841269841,49,6,10,0.8909090909090909,0.8305084745762712,0.8596491228070176,0.8909090909090909,0.7745762711864407,0.15158941408198096,0.0618,0.2833333333333333,0.7166666666666667,,,not_computed_no_bbox_data,0,0,0.0,0,0,0,0.0,0,0,0,63,3,60,3,,,0,0.047619047619047616,0.04838709677419355,0.047619047619047616,0.0,,,0.4,0,0,3,0,0,0,34.0,60,0.6495099999999999,0.627,0.1095750693840003,0.79583,0.8659499999999999,0.9281039999999999,0.501,0.9425,60,0.0,0.0,0.0,0.0,0.0,0.0,0.0,0.0,60,0,0,0,0,0.0,0.0,3599486.829,215969.209765,449.0,40.41,25.2,2.394,38.971,3.3125,3586119.753,28688.958023,180.0,27.0,8413.798,3533.795087,4803.449,2017.448705,483.0,144.9,0.0,0.0,216015.326265,34412.101815,250427.42807999998,4173.790468,557.7448286859687,4173.790468,4553.225965090909,5110.763838367347,2.394,250427.428079,3600000.0,3600000.0,noisy__s07__secure,secure,main,,,True,,0.0
always_on,noisy,8,3600.0,b2d3bf4cd6c80ccb,True,synthetic_distribution,False,,280,280,180,0,3600000.0,1.0,1,0.016666666666666666,276,4.6,165,151,0,60,58,0.9666666666666667,0.033333333333333326,0.8388888888888889,58,441.5024137931218,325.8520000001881,351.7722328679606,984.9819999999368,1164.4418499999906,1730.6520900000282,157.09199999994598,1790.5379999999423,0,,,,,,,,,276,338.4919130434701,336.2874999999767,83.94791510406387,453.4670000000042,484.68674999987707,510.35049999991315,152.63199999998324,581.6180000000168,0,,,,,,,,,,,151,18,29,0.893491124260355,0.8388888888888889,0.8653295128939829,0.9151515151515152,0.7547305555555555,0.15153514631768447,0.200284375,0.2536231884057971,0.7463768115942029,,,not_computed_no_bbox_data,4,0,4.0,16784,394,0,,0,0,0,0,0,0,0,,,0,,,,,,,0.0,0,0,0,0,0,0,,0,,,,,,,,,0,,,,,,,,,0,0,0,0,0,3600000.0,18000.0,0.0,0.0,0.0,0.0,0.0,0.0,0.0,0.0,0.0,0.0,0.0,0.0,2396258.878,1006428.728825,1100215.622,462090.561175,103525.5,31057.65,0.0,0.0,18000.0,1499576.94,1517576.94,25292.949,5419.917642857143,,9197.436,10050.178410596027,0.0,1517576.94,3600000.0,3600000.0,noisy__s08__always_on,always_on,main,,,True,,
event,noisy,8,3600.0,b2d3bf4cd6c80ccb,True,synthetic_distribution,False,,280,280,180,0,11522.768,0.003200768888888889,50,0.8333333333333334,50,0.8333333333333334,49,44,50,60,35,0.5833333333333334,0.41666666666666663,0.24444444444444444,35,961.039571428607,274.1060000001453,1299.5165110731118,1969.0630000000822,3450.4213000002246,5499.444179999948,147.33099999977276,5668.652999999933,50,231.74536000000953,254.2215000001015,50.430742129244166,277.37850000000617,281.4598499999731,286.26540000009817,136.4680000001099,286.9220000002533,50,232.74536000000953,255.2215000001015,50.430742129244166,278.37850000000617,282.4598499999731,287.26540000009817,137.4680000001099,287.9220000002533,0,68.0,1.0,112.0,99.0,0.9855072463768116,0.37777777777777777,0.5461847389558233,0.01,0.6222222222222222,0.98,44,5,5,0.8979591836734694,0.8979591836734694,0.8979591836734694,0.8979591836734694,0.7836122448979591,0.11988824941143637,0.1419,0.3,0.7,,,not_computed_no_bbox_data,0,0,0.0,0,0,0,0.0,0,0,0,0,0,0,0,,,0,,,,,,,0.0,0,0,0,0,0,0,19.0,50,0.6670639999999999,0.6452,0.11432158501350477,0.86805,0.903965,0.911256,0.5042,0.914,50,0.0,0.0,0.0,0.0,0.0,0.0,0.0,0.0,50,0,0,0,0,0.0,0.0,3599686.646,215981.198784,280.0,25.2,0.0,0.0,33.354,2.835057,3588477.229,28707.817835,150.0,22.5,7229.879,3036.549213,3740.892,1571.174446,402.0,120.6,0.0,0.0,216009.233841,33458.641493999996,249467.87533500002,4157.797922250001,890.9566976250001,4989.3575067,5091.181129285715,5669.724439431819,0.0,249467.875334,3600000.0,3600000.0,noisy__s08__event,event,main,,,True,,0.0
event_no_early_exit,noisy,8,3600.0,b2d3bf4cd6c80ccb,True,synthetic_distribution,False,,280,280,180,0,13177.646,0.0036604572222222226,50,0.8333333333333334,50,0.8333333333333334,49,45,50,60,37,0.6166666666666667,0.3833333333333333,0.25,37,1107.7234324324468,287.9220000002533,1352.1301985479631,2538.7864000001455,4097.287200000038,5489.490719999951,243.56600000010803,5668.652999999933,50,264.8428999999975,266.6819999999134,12.851368876890206,279.81869999992193,284.9695499999216,289.16243000009564,242.56600000010803,291.3149999999441,50,265.8428999999975,267.6819999999134,12.851368876890206,280.81869999992193,285.9695499999216,290.16243000009564,243.56600000010803,292.3149999999441,0,68.0,1.0,112.0,99.0,0.9855072463768116,0.37777777777777777,0.5461847389558233,0.01,0.6222222222222222,0.98,45,4,4,0.9183673469387755,0.9183673469387755,0.9183673469387755,0.9183673469387755,0.7996795918367346,0.13447226011894275,0.1419,0.0,1.0,,,not_computed_no_bbox_data,0,0,0.0,0,0,0,0.0,0,0,0,0,0,0,0,,,0,,,,,,,0.0,0,0,0,0,0,0,19.0,50,0.6670639999999999,0.6452,0.11432158501350477,0.86805,0.903965,0.911256,0.5042,0.914,50,0.0,0.0,0.0,0.0,0.0,0.0,0.0,0.0,50,0,0,0,0,0.0,0.0,3599686.646,215981.198784,280.0,25.2,0.0,0.0,33.354,2.835057,3586822.351,28694.57881,150.0,22.5,7229.879,3036.549213,5389.77,2263.70324,408.0,122.4,0.0,0.0,216009.233841,34139.731263,250148.965104,4169.1494184,893.3891610857142,5002.97930208,5105.080920489796,5558.8658912,0.0,250148.965104,3600000.0,3600000.0,noisy__s08__event_no_early_exit,event_no_early_exit,main,,,True,,0.0
fixed_threshold,noisy,8,3600.0,b2d3bf4cd6c80ccb,True,synthetic_distribution,False,,280,280,180,0,26577.71,0.007382697222222222,102,1.7,102,1.7,83,77,102,60,52,0.8666666666666667,0.1333333333333333,0.42777777777777776,52,550.8581538461834,264.0605000000214,673.4372911200701,1735.453500000086,2244.9064000000585,2605.6230200001155,237.45999999996275,2645.351000000257,102,261.88413725491625,260.044999999991,14.100615813428002,282.1732000002172,285.78910000026224,291.3076999999443,230.4220000000205,304.1970000001602,102,262.88413725491625,261.044999999991,14.100615813428002,283.1732000002172,286.78910000026224,292.3076999999443,231.4220000000205,305.1970000001602,0,163.0,11.0,17.0,89.0,0.9367816091954023,0.9055555555555556,0.9209039548022598,0.11,0.09444444444444444,0.8921568627450981,77,6,14,0.927710843373494,0.8461538461538461,0.8850574712643677,0.927710843373494,0.7611164835164834,0.1625870319167459,0.19136363636363637,0.0,1.0,,,not_computed_no_bbox_data,0,0,0.0,0,0,0,0.0,0,0,0,0,0,0,0,,,0,,,,,,,0.0,0,0,0,0,0,0,72.0,102,0.6618441176470589,0.6429,0.11276645854586426,0.8253900000000001,0.9020899999999998,0.934097,0.5026,0.9489,102,0.0,0.0,0.0,0.0,0.0,0.0,0.0,0.0,102,0,0,0,0,0.0,0.0,3599652.492,215979.149501,280.0,25.2,0.0,0.0,67.508,5.738207,3573422.284,28587.378273,306.0,45.9,14422.048,6057.260301,11051.668,4641.700371,798.0,239.4,0.0,0.0,216010.087708,39571.638945,255581.72665300002,4259.695444216667,912.7918809035715,2505.7032024803925,3079.297911481928,3319.2432032857146,0.0,255581.726653,3600000.0,3600000.0,noisy__s08__fixed_threshold,fixed_threshold,main,,,True,,0.0
motion_only,noisy,8,3600.0,b2d3bf4cd6c80ccb,True,synthetic_distribution,False,,280,280,180,0,24027.113,0.006674198055555556,92,1.5333333333333334,92,1.5333333333333334,65,60,92,60,44,0.7333333333333333,0.2666666666666667,0.3333333333333333,44,689.0888863636702,273.82700000004843,762.4789782797251,2041.4488000000135,2362.714800000092,2611.8548600001377,237.45999999996275,2645.351000000257,92,262.4850978260925,261.5924999999115,14.352324377413353,282.9116000000155,285.6801000000909,290.6506999999611,230.4220000000205,291.3149999999441,92,263.4850978260925,262.5924999999115,14.352324377413353,283.9116000000155,286.6801000000909,291.6506999999611,231.4220000000205,292.3149999999441,0,114.0,23.0,66.0,77.0,0.8321167883211679,0.6333333333333333,0.7192429022082018,0.23,0.36666666666666664,0.7717391304347826,60,5,11,0.9230769230769231,0.8450704225352113,0.8823529411764706,0.9230769230769231,0.7523070422535211,0.16201083854742881,0.2139333333333333,0.0,1.0,,,not_computed_no_bbox_data,0,0,0.0,0,0,0,0.0,0,0,0,0,0,0,0,,,0,,,,,,,0.0,0,0,0,0,0,0,43.0,92,0.6722597826086956,0.65575,0.1135532397375666,0.8561400000000002,0.903735,0.9356140000000001,0.5026,0.9489,92,0.0,0.0,0.0,0.0,0.0,0.0,0.0,0.0,92,0,0,0,0,0.0,0.0,3599658.152,215979.489093,280.0,25.2,0.0,0.0,61.848,5.257119,3575972.882,28607.783056,276.0,41.4,13037.548,5475.770284,10014.57,4206.119287,699.0,209.7,0.0,0.0,216009.946212,38540.772627,254550.71883900004,4242.511980650001,909.1097101392859,2766.8556395543483,3916.1649052153853,4242.511980650001,0.0,254550.718839,3600000.0,3600000.0,noisy__s08__motion_only,motion_only,main,,,True,,0.0
secure,noisy,8,3600.0,b2d3bf4cd6c80ccb,True,synthetic_distribution,False,,280,280,180,0,11006.291,0.0030573030555555553,48,0.8,48,0.8,47,43,50,60,35,0.5833333333333334,0.41666666666666663,0.2388888888888889,35,961.439571428558,274.50600000005215,1299.516511073103,1969.4630000000823,3450.8213000001315,5499.8441799998545,147.73099999967963,5669.05299999984,48,230.98364583330718,254.62150000000838,51.08419959057505,277.94350000001725,282.224549999967,286.6922000000114,136.86800000001676,287.3220000001602,48,231.98364583330718,255.62150000000838,51.08419959057505,278.94350000001725,283.224549999967,287.6922000000114,137.86800000001676,288.3220000001602,0,68.0,1.0,112.0,99.0,0.9855072463768116,0.37777777777777777,0.5461847389558233,0.01,0.6222222222222222,0.98,43,4,4,0.9148936170212766,0.9148936170212766,0.9148936170212766,0.9148936170212766,0.7911914893617021,0.11491899761549859,0.1419,0.3125,0.6875,,,not_computed_no_bbox_data,0,0,0.0,0,0,0,0.0,0,0,0,50,2,48,2,,,0,0.04,0.04081632653061224,0.04,0.0,,,0.4,0,0,2,0,0,0,19.0,48,0.6624458333333334,0.63765,0.1108729807239344,0.8388300000000002,0.894195,0.906802,0.5042,0.9084,48,0.0,0.0,0.0,0.0,0.0,0.0,0.0,0.0,48,0,0,0,0,0.0,0.0,3599668.202,215980.092135,280.0,25.2,20.0,1.9,31.798,2.702809,3588993.706,28711.949652,144.0,21.6,6942.207,2915.726848,3534.587,1484.526427,385.5,115.65,0.0,0.0,216009.89494400003,33249.452927,249259.347871,4154.3224645166665,890.2119566821428,5192.903080645833,5303.390380234043,5796.729020255814,1.9,249259.34787,3600000.0,3599999.9999999995,noisy__s08__secure,secure,main,,,True,,0.0
always_on,noisy,9,3600.0,99098f19dfebeebc,True,synthetic_distribution,False,,210,210,143,0,3600000.0,1.0,1,0.016666666666666666,208,3.466666666666667,131,113,0,46,45,0.9782608695652174,0.021739130434782594,0.7902097902097902,45,647.6779555555574,385.3599999998696,502.84179248102623,1478.7790000001085,1538.7378000002354,1830.7072399999622,219.85899999993853,1866.777999999933,0,,,,,,,,,208,342.32193749999897,342.5974999999162,90.55831438115803,466.239900000114,491.59164999994766,515.8593199999972,133.6140000000596,538.3859999999404,0,,,,,,,,,,,113,19,30,0.8560606060606061,0.7902097902097902,0.8218181818181818,0.8625954198473282,0.7582566433566432,0.1623040033868979,0.17844615384615384,0.3173076923076923,0.6826923076923077,,,not_computed_no_bbox_data,1,0,1.0,16876,421,0,,0,0,0,0,0,0,0,,,0,,,,,,,0.0,0,0,0,0,0,0,,0,,,,,,,,,0,,,,,,,,,0,0,0,0,0,3600000.0,18000.0,0.0,0.0,0.0,0.0,0.0,0.0,0.0,0.0,0.0,0.0,0.0,0.0,2400333.911,1008140.242729,1095978.589,460311.007271,103687.5,31106.25,0.0,0.0,18000.0,1499557.5,1517557.5,25292.625,7226.464285714285,,11584.408396946565,13429.712389380531,0.0,1517557.5,3600000.0,3600000.0,noisy__s09__always_on,always_on,main,,,True,,
event,noisy,9,3600.0,99098f19dfebeebc,True,synthetic_distribution,False,,210,210,143,0,7863.198000000001,0.002184221666666667,37,0.6166666666666667,37,0.6166666666666667,34,29,37,46,23,0.5,0.5,0.20279720279720279,23,1193.0780000000034,271.2949999999255,1312.6583405306988,2892.5790000000043,4087.3122000001354,4485.422500000026,133.4879999998957,4564.91399999999,37,213.83729729728006,243.22000000000116,58.18062450147764,271.8797999999486,281.631799999997,290.72955999996515,132.4879999998957,290.875,37,214.83729729728006,244.22000000000116,58.18062450147764,272.8797999999486,282.631799999997,291.72955999996515,133.4879999998957,291.875,0,58.0,0.0,85.0,67.0,1.0,0.40559440559440557,0.5771144278606964,0.0,0.5944055944055944,1.0,29,5,8,0.8529411764705882,0.7837837837837838,0.8169014084507041,0.8529411764705882,0.7639432432432431,0.19120357902935192,,0.43243243243243246,0.5675675675675675,,,not_computed_no_bbox_data,0,0,0.0,0,0,0,0.0,0,0,0,0,0,0,0,,,0,,,,,,,0.0,0,0,0,0,0,0,21.0,37,0.6546405405405405,0.6326,0.1227062378643026,0.7948399999999999,0.8939599999999995,0.998456,0.504,1.013,37,0.0,0.0,0.0,0.0,0.0,0.0,0.0,0.0,37,0,0,0,0,0.0,0.0,3599765.778,215985.9467,210.0,18.9,0.0,0.0,24.222,2.058841,3592136.804,28737.094428,111.0,16.65,5145.792,2161.232764,2303.404,967.429741,303.0,90.9,0.0,0.0,216006.905541,31973.306933000003,247980.21247399997,4133.003541233333,1180.8581546380951,6702.167904702702,7293.535660999999,8551.041809448276,0.0,247980.212476,3600000.0,3600000.0,noisy__s09__event,event,main,,,True,,0.0
event_no_early_exit,noisy,9,3600.0,99098f19dfebeebc,True,synthetic_distribution,False,,210,210,143,0,9625.718999999997,0.0026738108333333324,37,0.6166666666666667,37,0.6166666666666667,34,31,37,46,24,0.5217391304347826,0.4782608695652174,0.21678321678321677,24,946.8436249999867,270.9100000000326,1118.0001125857182,2135.7189000000244,3023.680949999693,4239.819119999907,237.00999999977648,4564.91399999999,37,261.4729189189067,262.1099999998696,13.168764418093387,273.51299999998884,281.631799999997,290.72955999996515,234.2719999998808,290.875,37,262.4729189189067,263.1099999998696,13.168764418093387,274.51299999998884,282.631799999997,291.72955999996515,235.2719999998808,291.875,0,58.0,0.0,85.0,67.0,1.0,0.40559440559440557,0.5771144278606964,0.0,0.5944055944055944,1.0,31,3,6,0.9117647058823529,0.8378378378378378,0.8732394366197184,0.9117647058823529,0.7803324324324324,0.19518656467603,,0.0,1.0,,,not_computed_no_bbox_data,0,0,0.0,0,0,0,0.0,0,0,0,0,0,0,0,,,0,,,,,,,0.0,0,0,0,0,0,0,21.0,37,0.6546405405405405,0.6326,0.1227062378643026,0.7948399999999999,0.8939599999999995,0.998456,0.504,1.013,37,0.0,0.0,0.0,0.0,0.0,0.0,0.0,0.0,37,0,0,0,0,0.0,0.0,3599765.778,215985.9467,210.0,18.9,0.0,0.0,24.222,2.058841,3590374.284,28722.99427,111.0,16.65,5145.792,2161.232764,4067.424,1708.318077,301.5,90.45,0.0,0.0,216006.905541,32699.645111,248706.550652,4145.109177533333,1184.3169078666667,6721.798666270271,7314.898548588236,8022.791956516129,0.0,248706.550653,3600000.0,3600000.0,noisy__s09__event_no_early_exit,event_no_early_exit,main,,,True,,0.0
fixed_threshold,noisy,9,3600.0,99098f19dfebeebc,True,synthetic_distribution,False,,210,210,143,0,21321.422,0.005922617222222222,81,1.35,81,1.35,65,58,81,46,41,0.8913043478260869,0.10869565217391308,0.40559440559440557,41,783.7275121950996,270.45400000000063,944.4378245507279,2401.0289999999804,2767.291000000201,3341.0233999999255,234.6549999997951,3718.8349999999627,81,264.5264938271538,265.4619999998249,13.823780074664956,281.0260000000708,290.47099999990314,298.3695999999065,233.6549999997951,300.2600000000093,81,265.5264938271538,266.4619999998249,13.823780074664956,282.0260000000708,291.47099999990314,299.3695999999065,234.6549999997951,301.2600000000093,0,132.0,11.0,11.0,56.0,0.9230769230769231,0.9230769230769231,0.9230769230769231,0.16417910447761194,0.07692307692307693,0.8765432098765432,58,7,13,0.8923076923076924,0.8169014084507042,0.8529411764705882,0.8923076923076924,0.7683704225352112,0.17914392728782247,0.15364,0.0,1.0,,,not_computed_no_bbox_data,0,0,0.0,0,0,0,0.0,0,0,0,0,0,0,0,,,0,,,,,,,0.0,0,0,0,0,0,0,61.0,81,0.6480814814814814,0.6202,0.11324435097512713,0.7748,0.8397,0.9806800000000001,0.504,1.013,81,0.0,0.0,0.0,0.0,0.0,0.0,0.0,0.0,81,0,0,0,0,0.0,0.0,3599737.505,215984.25032,210.0,18.9,0.0,0.0,52.495,4.462047,3578678.583,28629.428665,243.0,36.45,11510.022,4834.209127,8938.395,3754.125978,630.0,189.0,0.0,0.0,216007.612367,37443.21377,253450.826137,4224.180435616667,1206.908695890476,3129.0225449012346,3899.2434790307693,4369.8418299482755,0.0,253450.826136,3600000.0,3600000.0,noisy__s09__fixed_threshold,fixed_threshold,main,,,True,,0.0
motion_only,noisy,9,3600.0,99098f19dfebeebc,True,synthetic_distribution,False,,210,210,143,0,19909.055,0.005530293055555555,76,1.2666666666666666,76,1.2666666666666666,53,49,76,46,37,0.8043478260869565,0.19565217391304346,0.34265734265734266,37,768.5341891891738,267.93699999991804,906.0353717159599,2340.178200000012,2768.694000000134,3015.6832799997183,234.6549999997951,3151.457999999635,76,263.28739473683453,263.37550000002375,13.579560355240952,278.26049999991665,289.6632499998668,295.61375000004773,233.6549999997951,300.2600000000093,76,264.28739473683453,264.37550000002375,13.579560355240952,279.26049999991665,290.6632499998668,296.61375000004773,234.6549999997951,301.2600000000093,0,97.0,21.0,46.0,46.0,0.8220338983050848,0.6783216783216783,0.7432950191570881,0.31343283582089554,0.32167832167832167,0.7763157894736842,49,4,10,0.9245283018867925,0.8305084745762712,0.875,0.9245283018867925,0.760493220338983,0.18599067724541796,0.19272941176470587,0.0,1.0,,,not_computed_no_bbox_data,0,0,0.0,0,0,0,0.0,0,0,0,0,0,0,0,,,0,,,,,,,0.0,0,0,0,0,0,0,38.0,76,0.6586618421052632,0.6407,0.11351698371269414,0.78365,0.8425,1.0168,0.504,1.0282,76,0.0,0.0,0.0,0.0,0.0,0.0,0.0,0.0,76,0,0,0,0,0.0,0.0,3599739.942,215984.396502,210.0,18.9,0.0,0.0,50.058,4.254956,3580090.946,28640.727572,228.0,34.2,10715.205,4500.386003,8395.849,3526.256486,570.0,171.0,0.0,0.0,216007.55145799997,36872.570061,252880.12151899998,4214.668691983333,1204.1910548523808,3327.3700199868417,4771.323047528302,5160.818806510204,0.0,252880.121519,3600000.0,3600000.0,noisy__s09__motion_only,motion_only,main,,,True,,0.0
secure,noisy,9,3600.0,99098f19dfebeebc,True,synthetic_distribution,False,,210,210,143,0,7224.9929999999995,0.0020069425,34,0.5666666666666667,34,0.5666666666666667,31,26,37,46,22,0.4782608695652174,0.5217391304347826,0.18181818181818182,22,1158.777181818177,271.27450000014915,1332.7073044368387,2967.0999999999085,4145.850600000051,4489.435750000022,133.88799999980256,4565.314000000013,34,214.21308823530288,244.4710000001578,58.45553698708867,273.468400000094,283.6891500001249,291.1416800000286,132.88799999980256,291.27499999990687,34,215.21308823530288,245.4710000001578,58.45553698708867,274.468400000094,284.6891500001249,292.1416800000286,133.88799999980256,292.27499999990687,0,58.0,0.0,85.0,67.0,1.0,0.40559440559440557,0.5771144278606964,0.0,0.5944055944055944,1.0,26,5,8,0.8387096774193549,0.7647058823529411,0.7999999999999999,0.8387096774193549,0.7525323529411765,0.19543568843869846,,0.4411764705882353,0.5588235294117647,,,not_computed_no_bbox_data,0,0,0.0,0,0,0,0.0,0,0,0,37,3,34,3,,,0,0.08108108108108109,0.08108108108108109,0.08108108108108109,0.0,,,0.4,0,0,3,0,0,0,21.0,34,0.6531558823529411,0.6334,0.1195615226217118,0.7594099999999999,0.8806899999999998,0.999668,0.504,1.013,34,0.0,0.0,0.0,0.0,0.0,0.0,0.0,0.0,34,0,0,0,0,0.0,0.0,3599752.993,215985.179563,210.0,18.9,14.8,1.406,22.207,1.887619,3592775.009,28742.200069,102.0,15.3,4753.434,1996.442092,2092.058,878.664275,277.5,83.25,0.0,0.0,216007.37318199998,31715.856436,247723.229618,4128.720493633334,1179.634426752381,7285.977341705882,7991.071923161291,9527.816523769232,1.406,247723.229617,3599999.9999999995,3600000.001,noisy__s09__secure,secure,main,,,True,,0.0
always_on,noisy,10,3600.0,4ce776c9e6279305,True,synthetic_distribution,False,,289,289,183,0,3600000.0,1.0,1,0.016666666666666666,284,4.733333333333333,170,153,0,58,56,0.9655172413793104,0.03448275862068961,0.8360655737704918,56,578.7470178571332,403.6994999999879,556.7936025466059,1193.1230000000214,1831.6745000001101,2726.2431499999693,180.21200000005774,2849.622999999963,0,,,,,,,,,284,366.4598732394443,358.47850000002654,107.37827583148422,493.742800000019,535.2646999999356,637.9445100000102,147.31599999999162,752.094000000041,0,,,,,,,,,,,153,23,30,0.8693181818181818,0.8360655737704918,0.8523676880222841,0.9,0.7598524590163934,0.1512387890022433,0.2058841584158416,0.24647887323943662,0.7535211267605634,,,not_computed_no_bbox_data,6,0,6.0,16747,395,0,,0,0,0,0,0,0,0,,,0,,,,,,,0.0,0,0,0,0,0,0,,0,,,,,,,,,0,,,,,,,,,0,0,0,0,0,3600000.0,18000.0,0.0,0.0,0.0,0.0,0.0,0.0,0.0,0.0,0.0,0.0,0.0,0.0,2391492.955,1004427.041262,1105101.545,464142.648738,103405.5,31021.65,0.0,0.0,18000.0,1499591.3399999999,1517591.3399999999,25293.189,5251.181107266436,,8927.00788235294,9918.897647058822,0.0,1517591.34,3600000.0,3600000.0,noisy__s10__always_on,always_on,main,,,True,,
event,noisy,10,3600.0,4ce776c9e6279305,True,synthetic_distribution,False,,289,289,183,0,9445.0,0.0026236111111111113,42,0.7,42,0.7,39,36,42,58,29,0.5,0.5,0.19672131147540983,29,1399.904896551707,1106.6959999999963,1288.8606646996777,3104.9614000000056,3894.4101999998898,4234.843239999997,141.20100000000093,4296.391999999993,42,226.21711904763305,253.23500000010245,51.20494089879856,269.0875999999698,272.9232999997359,287.8650700000789,126.65299999993294,295.15200000000186,42,227.21711904763305,254.23500000010245,51.20494089879856,270.0875999999698,273.9232999997359,288.8650700000789,127.65299999993294,296.15200000000186,0,64.0,2.0,119.0,104.0,0.9696969696969697,0.34972677595628415,0.5140562248995985,0.018867924528301886,0.6502732240437158,0.9523809523809523,36,3,4,0.9230769230769231,0.9,0.9113924050632911,0.9230769230769231,0.7932875000000001,0.13430740321252702,0.2851,0.30952380952380953,0.6904761904761905,,,not_computed_no_bbox_data,0,0,0.0,0,0,0,0.0,0,0,0,0,0,0,0,,,0,,,,,,,0.0,0,0,0,0,0,0,24.0,42,0.6580238095238095,0.6214,0.11240643330587535,0.80804,0.84236,0.9135069999999997,0.5213,0.9411,42,0.0,0.0,0.0,0.0,0.0,0.0,0.0,0.0,42,0,0,0,0,0.0,0.0,3599683.363,215981.001765,289.0,26.01,0.0,0.0,27.637,2.349166,3590554.998,28724.439982,126.0,18.9,5852.567,2458.078181,3134.935,1316.672785,331.5,99.45,0.0,0.0,216009.360931,32617.540948,248626.901879,4143.781697983333,860.3006985432527,5919.6881399761905,6375.048766128205,6906.302829972223,0.0,248626.901879,3600000.0,3600000.0,noisy__s10__event,event,main,,,True,,0.0
event_no_early_exit,noisy,10,3600.0,4ce776c9e6279305,True,synthetic_distribution,False,,289,289,183,0,10882.599999999999,0.003022944444444444,42,0.7,42,0.7,39,37,42,58,29,0.5,0.5,0.20218579234972678,29,1348.5604137930907,934.1090000001714,1268.9855566553724,3129.5668000000524,3943.6209999999837,4234.843239999997,248.34299999999348,4296.391999999993,42,260.44569047619837,260.00599999999395,11.738188896071167,275.8865999999922,279.13839999970514,290.56984000001097,237.58300000010058,295.15200000000186,42,261.44569047619837,261.00599999999395,11.738188896071167,276.8865999999922,280.13839999970514,291.56984000001097,238.58300000010058,296.15200000000186,0,64.0,2.0,119.0,104.0,0.9696969696969697,0.34972677595628415,0.5140562248995985,0.018867924528301886,0.6502732240437158,0.9523809523809523,37,2,3,0.9487179487179487,0.925,0.9367088607594937,0.9487179487179487,0.800895,0.14534592855913767,0.2851,0.0,1.0,,,not_computed_no_bbox_data,0,0,0.0,0,0,0,0.0,0,0,0,0,0,0,0,,,0,,,,,,,0.0,0,0,0,0,0,0,24.0,42,0.6580238095238095,0.6214,0.11240643330587535,0.80804,0.84236,0.9135069999999997,0.5213,0.9411,42,0.0,0.0,0.0,0.0,0.0,0.0,0.0,0.0,42,0,0,0,0,0.0,0.0,3599683.363,215981.001765,289.0,26.01,0.0,0.0,27.637,2.349166,3589117.397,28712.939174,126.0,18.9,5852.567,2458.078181,4575.536,1921.725163,328.5,98.55,0.0,0.0,216009.360931,33210.192518,249219.553449,4153.65922415,862.351396017301,5933.798891642857,6390.244960230769,6735.6636067297295,0.0,249219.55345,3600000.0,3599999.9999999995,noisy__s10__event_no_early_exit,event_no_early_exit,main,,,True,,0.0
fixed_threshold,noisy,10,3600.0,4ce776c9e6279305,True,synthetic_distribution,False,,289,289,183,0,25680.529000000002,0.007133480277777778,98,1.6333333333333333,98,1.6333333333333333,80,73,98,58,47,0.8103448275862069,0.18965517241379315,0.3989071038251366,47,617.695595744653,270.6799999999348,821.028722770019,1791.5091999998315,2231.9010000000235,3474.553679999998,241.22099999990314,4076.5750000000116,98,263.35808163264153,262.252000000095,13.068573423002404,278.3760000001057,284.339449999982,297.7583499996527,221.785000000149,299.93599999998696,98,264.35808163264153,263.252000000095,13.068573423002404,279.3760000001057,285.339449999982,298.7583499996527,222.785000000149,300.93599999998696,0,157.0,17.0,26.0,89.0,0.9022988505747126,0.8579234972677595,0.8795518207282913,0.16037735849056603,0.14207650273224043,0.8775510204081632,73,7,13,0.9125,0.8488372093023255,0.8795180722891567,0.9125,0.7598627906976745,0.1719446416020278,0.11976666666666665,0.0,1.0,,,not_computed_no_bbox_data,0,0,0.0,0,0,0,0.0,0,0,0,0,0,0,0,,,0,,,,,,,0.0,0,0,0,0,0,0,71.0,98,0.6580867346938776,0.6382,0.11251818147492312,0.81065,0.873815,0.9458580000000001,0.5062,0.9639,98,0.0,0.0,0.0,0.0,0.0,0.0,0.0,0.0,98,0,0,0,0,0.0,0.0,3599646.507,215978.790432,289.0,26.01,0.0,0.0,64.493,5.481888,3574319.466,28594.555727,294.0,44.1,13732.866,5767.803531,10888.669,4573.240813,765.0,229.5,0.0,0.0,216010.28232000003,39209.200071,255219.48239100003,4253.65803985,883.1123958166091,2604.2804325612246,3190.2435298875002,3496.157293027398,0.0,255219.482391,3600000.0,3600000.001,noisy__s10__fixed_threshold,fixed_threshold,main,,,True,,0.0
motion_only,noisy,10,3600.0,4ce776c9e6279305,True,synthetic_distribution,False,,289,289,183,0,24162.641,0.006711844722222222,92,1.5333333333333334,92,1.5333333333333334,64,59,92,58,42,0.7241379310344828,0.27586206896551724,0.3224043715846995,42,747.8320238095032,275.233499999973,876.3777755989822,2051.7315999999523,2608.057250000017,3343.883629999957,242.75399999972433,3744.189999999944,92,263.94394565216595,262.4745000001276,12.861043847319861,279.0744000000297,283.2155999999028,297.8930499996734,240.15099999960512,299.93599999998696,92,264.94394565216595,263.4745000001276,12.861043847319861,280.0744000000297,284.2155999999028,298.8930499996734,241.15099999960512,300.93599999998696,0,126.0,29.0,57.0,77.0,0.8129032258064516,0.6885245901639344,0.7455621301775148,0.27358490566037735,0.3114754098360656,0.7608695652173914,59,7,11,0.8939393939393939,0.8428571428571429,0.8676470588235294,0.921875,0.7648985714285713,0.17469882198723238,0.20051363636363637,0.0,1.0,,,not_computed_no_bbox_data,2,0,2.0,0,0,0,0.0,0,0,0,0,0,0,0,,,0,,,,,,,0.0,0,0,0,0,0,0,56.0,92,0.6558315217391304,0.6321,0.11120674334181281,0.8035800000000001,0.842645,0.9469740000000001,0.5059,0.9639,92,0.0,0.0,0.0,0.0,0.0,0.0,0.0,0.0,92,0,0,0,0,0.0,0.0,3599650.664,215979.039811,289.0,26.01,0.0,0.0,60.336,5.128601,3575837.355,28606.69884,276.0,41.4,12965.466,5445.495818,10223.679,4293.945079,697.5,209.25,0.0,0.0,216010.178412,38596.789737,254606.968149,4243.4494691499995,880.9929693737024,2767.467045097826,3978.233877328125,4315.372341508474,0.0,254606.968149,3600000.0,3600000.0,noisy__s10__motion_only,motion_only,main,,,True,,0.0
secure,noisy,10,3600.0,4ce776c9e6279305,True,synthetic_distribution,False,,289,289,183,0,8809.001,0.002446944722222222,39,0.65,39,0.65,36,33,42,58,27,0.46551724137931033,0.5344827586206897,0.18032786885245902,27,1302.4214814814363,934.5090000000782,1257.93038535755,2776.8433999999897,3746.775799999979,4239.639580000092,141.60100000002421,4296.792000000132,39,227.60487179486648,254.2320000003092,50.16957966643443,270.0625999999,273.9054000000935,288.7982600000523,140.60100000002421,295.55200000002515,39,228.60487179486648,255.2320000003092,50.16957966643443,271.0625999999,274.9054000000935,289.7982600000523,141.60100000002421,296.55200000002515,0,64.0,2.0,119.0,104.0,0.9696969696969697,0.34972677595628415,0.5140562248995985,0.018867924528301886,0.6502732240437158,0.9523809523809523,33,3,4,0.9166666666666666,0.8918918918918919,0.9041095890410958,0.9166666666666666,0.7976729729729731,0.13730450273560393,0.2851,0.3076923076923077,0.6923076923076923,,,not_computed_no_bbox_data,0,0,0.0,0,0,0,0.0,0,0,0,42,3,39,3,,,0,0.07142857142857142,0.075,0.07142857142857142,0.0,,,0.4,0,0,3,0,0,0,24.0,39,0.6553333333333333,0.6339,0.10523340057458579,0.80762,0.83828,0.8619439999999999,0.5213,0.8738,39,0.0,0.0,0.0,0.0,0.0,0.0,0.0,0.0,39,0,0,0,0,0.0,0.0,3599668.642,215980.118509,289.0,26.01,16.8,1.596,25.558,2.172445,3591190.997,28729.527973,117.0,17.55,5450.634,2289.266078,2932.37,1231.595318,309.0,92.7,0.0,0.0,216009.896954,32360.639369,248370.536323,4139.508938716667,859.4136204948097,6368.475290333334,6899.181564527778,7526.379888575758,1.596,248370.536324,3600000.0,3600000.001,noisy__s10__secure,secure,main,,,True,,0.0
always_on,normal,1,3600.0,d1d08bf672c85296,True,synthetic_distribution,False,,278,278,218,0,3600000.0,1.0,1,0.016666666666666666,275,4.583333333333333,215,191,0,75,74,0.9866666666666667,0.013333333333333308,0.8761467889908257,74,423.68870270272186,305.0045000000391,362.10911561468106,955.1337000001224,1094.4482499999106,1761.028720000017,163.85800000000745,2436.815999999875,0,,,,,,,,,275,307.6597890909129,297.2129999999888,93.34199308979785,441.2327999999281,471.48409999992145,542.6809999999491,145.54999999993015,640.1450000000186,0,,,,,,,,,,,191,24,26,0.8883720930232558,0.880184331797235,0.8842592592592592,0.8883720930232558,0.8419428571428572,0.10217112078899997,0.19973620689655172,0.5454545454545454,0.45454545454545453,,,not_computed_no_bbox_data,0,0,0.0,17868,207,0,,0,0,0,0,0,0,0,,,0,,,,,,,0.0,0,0,0,0,0,0,,0,,,,,,,,,0,,,,,,,,,0,0,0,0,0,3600000.0,18000.0,0.0,0.0,0.0,0.0,0.0,0.0,0.0,0.0,0.0,0.0,0.0,0.0,2548401.99,1070328.835751,941844.51,395574.694249,109753.5,32926.05,0.0,0.0,18000.0,1498829.58,1516829.58,25280.493000000002,5456.221510791367,,7055.021302325582,7941.516125654451,0.0,1516829.58,3600000.0,3600000.0,normal__s01__always_on,always_on,main,,,True,,
event,normal,1,3600.0,d1d08bf672c85296,True,synthetic_distribution,False,,278,278,218,0,23075.919,0.0064099775000000005,118,1.9666666666666666,118,1.9666666666666666,103,94,118,75,63,0.84,0.16000000000000003,0.43119266055045874,63,499.144730158771,178.78900000010617,673.0207271759446,1701.2169999998532,2247.2080000001465,2483.2387400002035,135.8189999999595,2521.848000000231,118,196.85832203390575,166.3815000000177,53.57642540372836,268.9392999999924,271.0230999999796,281.5180500000372,124.32800000021234,301.04000000003725,118,197.85832203390575,167.3815000000177,53.57642540372836,269.9392999999924,272.0230999999796,282.5180500000372,125.32800000021234,302.04000000003725,0,203.0,15.0,15.0,45.0,0.9311926605504587,0.9311926605504587,0.9311926605504587,0.25,0.06880733944954129,0.8898305084745762,94,9,11,0.912621359223301,0.8952380952380953,0.903846153846154,0.912621359223301,0.8485580952380951,0.10861225474573474,0.2056230769230769,0.5932203389830508,0.4067796610169492,,,not_computed_no_bbox_data,0,0,0.0,0,0,0,0.0,0,0,0,0,0,0,0,,,0,,,,,,,0.0,0,0,0,0,0,0,98.0,118,0.6458347457627117,0.6144499999999999,0.11274601315908311,0.7885,0.9110099999999999,0.964447,0.5024,1.0474,118,0.0,0.0,0.0,0.0,0.0,0.0,0.0,0.0,118,0,0,0,0,0.0,0.0,3599645.791,215978.747469,278.0,25.02,0.0,0.0,76.209,6.477752,3576924.088,28615.3927,354.0,53.1,16477.333,6920.479913,5317.579,2233.383329,927.0,278.1,0.0,0.0,216010.245221,38100.45594199999,254110.701163,4235.178352716666,914.0672703705036,2153.4805183305084,2467.0941860485436,2703.3053315212765,0.0,254110.701163,3600000.0,3600000.0,normal__s01__event,event,main,,,True,,0.0
event_no_early_exit,normal,1,3600.0,d1d08bf672c85296,True,synthetic_distribution,False,,278,278,218,0,30748.155000000002,0.008541154166666667,118,1.9666666666666666,118,1.9666666666666666,103,99,118,75,64,0.8533333333333334,0.1466666666666666,0.4541284403669725,64,493.84407812503116,264.2160000001313,633.2213972227553,1327.710000000004,1837.2822999999269,2887.1066700001543,240.87100000027567,3615.066000000108,118,261.87726271186744,260.45200000004843,13.51284265513786,280.45040000006554,288.9436499999021,292.3572500000149,232.97999999998137,301.04000000003725,118,262.87726271186744,261.45200000004843,13.51284265513786,281.45040000006554,289.9436499999021,293.3572500000149,233.97999999998137,302.04000000003725,0,203.0,15.0,15.0,45.0,0.9311926605504587,0.9311926605504587,0.9311926605504587,0.25,0.06880733944954129,0.8898305084745762,99,4,6,0.9611650485436893,0.9428571428571428,0.951923076923077,0.9611650485436893,0.8742504761904762,0.12031554916120929,0.1980923076923077,0.0,1.0,,,not_computed_no_bbox_data,0,0,0.0,0,0,0,0.0,0,0,0,0,0,0,0,,,0,,,,,,,0.0,0,0,0,0,0,0,98.0,118,0.6458347457627117,0.6144499999999999,0.11274601315908311,0.7885,0.9110099999999999,0.964447,0.5024,1.0474,118,0.0,0.0,0.0,0.0,0.0,0.0,0.0,0.0,118,0,0,0,0,0.0,0.0,3599645.791,215978.747469,278.0,25.02,0.0,0.0,76.209,6.477752,3569251.851,28554.014811,354.0,53.1,16477.333,6920.479913,12985.315,5453.832501,931.5,279.45,0.0,0.0,216010.245221,41260.877225,257271.122446,4287.8520407666665,925.4356922517985,2180.263749542373,2497.7778878252425,2598.6982065252523,0.0,257271.122446,3600000.0,3599999.999,normal__s01__event_no_early_exit,event_no_early_exit,main,,,True,,0.0
fixed_threshold,normal,1,3600.0,d1d08bf672c85296,True,synthetic_distribution,False,,278,278,218,0,30748.155000000002,0.008541154166666667,118,1.9666666666666666,118,1.9666666666666666,103,99,118,75,64,0.8533333333333334,0.1466666666666666,0.4541284403669725,64,493.84407812503116,264.2160000001313,633.2213972227553,1327.710000000004,1837.2822999999269,2887.1066700001543,240.87100000027567,3615.066000000108,118,261.87726271186744,260.45200000004843,13.51284265513786,280.45040000006554,288.9436499999021,292.3572500000149,232.97999999998137,301.04000000003725,118,262.87726271186744,261.45200000004843,13.51284265513786,281.45040000006554,289.9436499999021,293.3572500000149,233.97999999998137,302.04000000003725,0,203.0,15.0,15.0,45.0,0.9311926605504587,0.9311926605504587,0.9311926605504587,0.25,0.06880733944954129,0.8898305084745762,99,4,6,0.9611650485436893,0.9428571428571428,0.951923076923077,0.9611650485436893,0.8742504761904762,0.12031554916120929,0.1980923076923077,0.0,1.0,,,not_computed_no_bbox_data,0,0,0.0,0,0,0,0.0,0,0,0,0,0,0,0,,,0,,,,,,,0.0,0,0,0,0,0,0,98.0,118,0.6458347457627117,0.6144499999999999,0.11274601315908311,0.7885,0.9110099999999999,0.964447,0.5024,1.0474,118,0.0,0.0,0.0,0.0,0.0,0.0,0.0,0.0,118,0,0,0,0,0.0,0.0,3599645.791,215978.747469,278.0,25.02,0.0,0.0,76.209,6.477752,3569251.851,28554.014811,354.0,53.1,16477.333,6920.479913,12985.315,5453.832501,931.5,279.45,0.0,0.0,216010.245221,41260.877225,257271.122446,4287.8520407666665,925.4356922517985,2180.263749542373,2497.7778878252425,2598.6982065252523,0.0,257271.122446,3600000.0,3599999.999,normal__s01__fixed_threshold,fixed_threshold,main,,,True,,0.0
motion_only,normal,1,3600.0,d1d08bf672c85296,True,synthetic_distribution,False,,278,278,218,0,28611.679,0.007947688611111111,110,1.8333333333333333,110,1.8333333333333333,88,84,110,75,63,0.84,0.16000000000000003,0.3853211009174312,63,804.2274285714539,268.58199999993667,920.8824886788417,1909.9772000000821,2552.7996999998577,3922.096500000057,243.58600000001024,4423.040999999968,110,261.41716363635965,259.4930000000313,13.96489692938083,278.2575999998954,286.5909999999916,302.54362999999194,232.97999999998137,305.719000000041,110,262.41716363635965,260.4930000000313,13.96489692938083,279.2575999998954,287.5909999999916,303.54362999999194,233.97999999998137,306.719000000041,0,162.0,24.0,56.0,36.0,0.8709677419354839,0.7431192660550459,0.801980198019802,0.4,0.25688073394495414,0.8181818181818182,84,4,6,0.9545454545454546,0.9333333333333333,0.9438202247191012,0.9545454545454546,0.8773088888888889,0.12088775985143256,0.18546500000000002,0.0,1.0,,,not_computed_no_bbox_data,0,0,0.0,0,0,0,0.0,0,0,0,0,0,0,0,,,0,,,,,,,0.0,0,0,0,0,0,0,72.0,110,0.6580136363636361,0.63195,0.12283749500586576,0.85106,0.9374699999999999,0.980005,0.5041,1.0474,110,0.0,0.0,0.0,0.0,0.0,0.0,0.0,0.0,110,0,0,0,0,0.0,0.0,3599649.618,215978.977087,278.0,25.02,0.0,0.0,72.382,6.15246,3571388.323,28571.106581,330.0,49.5,15315.531,6432.522943,12115.647,5088.571548,850.5,255.15,0.0,0.0,216010.149547,40396.851072000005,256407.000619,4273.4500103166665,922.3273403561151,2330.9727329,2913.715916125,3052.4642930833334,0.0,256407.000619,3600000.0,3600000.0009999997,normal__s01__motion_only,motion_only,main,,,True,,0.0
secure,normal,1,3600.0,d1d08bf672c85296,True,synthetic_distribution,False,,278,278,218,0,22328.697000000004,0.006202415833333334,115,1.9166666666666667,115,1.9166666666666667,100,92,118,75,62,0.8266666666666667,0.17333333333333334,0.42201834862385323,62,489.0154193548677,178.44000000006054,673.2632014884551,1711.1244999999878,2263.964000000064,2484.2614700001104,136.21899999998277,2522.248000000138,115,195.86216521739362,165.76599999982864,53.53309830538544,269.6636000000639,271.85120000005696,281.98510000015887,124.72800000011921,301.4399999999441,115,196.86216521739362,166.76599999982864,53.53309830538544,270.6636000000639,272.85120000005696,282.98510000015887,125.72800000011921,302.4399999999441,0,203.0,15.0,15.0,45.0,0.9311926605504587,0.9311926605504587,0.9311926605504587,0.25,0.06880733944954129,0.8898305084745762,92,8,10,0.92,0.9019607843137255,0.9108910891089109,0.92,0.8535382352941175,0.1048506349637451,0.2056230769230769,0.6086956521739131,0.391304347826087,,,not_computed_no_bbox_data,0,0,0.0,0,0,0,0.0,0,0,0,118,3,115,3,,,0,0.025423728813559324,0.02857142857142857,0.025423728813559324,0.0,,,0.4,0,0,1,2,0,0,98.0,115,0.6460869565217391,0.6144,0.11270975262659046,0.7891000000000001,0.9130199999999999,0.964474,0.5024,1.0474,115,0.0,0.0,0.0,0.0,0.0,0.0,0.0,0.0,115,0,0,0,0,0.0,0.0,3599600.5,215976.029985,278.0,25.02,47.2,4.484,74.3,6.315522,3577671.31,28621.370478,345.0,51.75,16067.545,6748.368993,5013.145,2105.520899,903.0,270.9,0.0,0.0,216011.84950699998,37797.910370000005,253809.75987699997,4230.162664616666,912.9847477589927,2207.0413902347823,2538.09759877,2758.801737793478,4.484,253809.759876,3600000.0,3600000.0,normal__s01__secure,secure,main,,,True,,0.0
always_on,normal,2,3600.0,96d67eb7472f5f82,True,synthetic_distribution,False,,222,222,173,0,3600000.0,1.0,1,0.016666666666666666,222,3.7,168,156,0,52,52,1.0,0.0,0.9017341040462428,52,446.07544230771015,311.68049999999243,473.7693261507017,507.0853999999701,1541.5819499999507,2285.313260000159,136.25800000003073,2780.3060000003316,0,,,,,,,,,222,306.04200900900764,300.0854999999319,90.55769072962129,424.9939999999944,478.2767500001485,504.72021999985424,136.25800000003073,513.3660000001546,0,,,,,,,,,,,156,14,17,0.9176470588235294,0.9017341040462428,0.9096209912536443,0.9285714285714286,0.8295849710982658,0.12501407271771484,0.14528367346938775,0.5630630630630631,0.4369369369369369,,,not_computed_no_bbox_data,2,0,2.0,17934,231,0,,0,0,0,0,0,0,0,,,0,,,,,,,0.0,0,0,0,0,0,0,,0,,,,,,,,,0,,,,,,,,,0,0,0,0,0,3600000.0,18000.0,0.0,0.0,0.0,0.0,0.0,0.0,0.0,0.0,0.0,0.0,0.0,0.0,2551483.017,1071622.867023,938742.483,394271.842977,109774.5,32932.35,0.0,0.0,18000.0,1498827.06,1516827.06,25280.451,6832.554324324325,,9028.7325,9723.250384615385,0.0,1516827.06,3600000.0,3600000.0,normal__s02__always_on,always_on,main,,,True,,
event,normal,2,3600.0,96d67eb7472f5f82,True,synthetic_distribution,False,,222,222,173,0,17775.242,0.004937567222222222,90,1.5,90,1.5,82,76,90,52,47,0.9038461538461539,0.09615384615384615,0.4393063583815029,47,492.0454680851396,252.58600000012666,690.2646185115237,1353.173400000017,2087.9191000000565,2864.1061799999993,133.13800000026822,3274.7330000000075,90,198.82946666665532,165.99650000000838,57.37978835464058,273.8168000002514,276.66739999996935,282.46570999999665,130.4450000000652,287.6819999999998,90,199.82946666665532,166.99650000000838,57.37978835464058,274.8168000002514,277.66739999996935,283.46570999999665,131.4450000000652,288.6819999999998,0,150.0,10.0,23.0,39.0,0.9375,0.8670520231213873,0.900900900900901,0.20408163265306123,0.1329479768786127,0.9111111111111111,76,7,6,0.9156626506024096,0.926829268292683,0.9212121212121213,0.926829268292683,0.8431426829268294,0.09726345542193261,0.1976,0.5777777777777777,0.4222222222222222,,,not_computed_no_bbox_data,1,0,1.0,0,0,0,0.0,0,0,0,0,0,0,0,,,0,,,,,,,0.0,0,0,0,0,0,0,68.0,90,0.6638888888888889,0.64295,0.1241771753841744,0.8085000000000001,0.88389,0.9826819999999998,0.5037,1.2463,90,0.0,0.0,0.0,0.0,0.0,0.0,0.0,0.0,90,0,0,0,0,0.0,0.0,3599718.25,215983.094984,222.0,19.98,0.0,0.0,59.75,5.078772,3582224.761,28657.798089,270.0,40.5,12491.858,5246.580368,4290.381,1801.959956,723.0,216.9,0.0,0.0,216008.153756,35963.738413,251971.892169,4199.53153615,1135.0085232837837,2799.6876907666665,3072.8279532804877,3315.419633802632,0.0,251971.89217,3600000.0,3600000.0,normal__s02__event,event,main,,,True,,0.0
event_no_early_exit,normal,2,3600.0,96d67eb7472f5f82,True,synthetic_distribution,False,,222,222,173,0,23501.052,0.0065280699999999995,90,1.5,90,1.5,82,76,90,52,48,0.9230769230769231,0.07692307692307687,0.4393063583815029,48,625.2374583333618,269.0795000002254,814.8707085574005,1956.4363000000133,2337.4186000000277,3421.304829999998,241.03600000000006,3698.657000000123,90,262.4496222222143,262.31850000005943,12.62403304080067,278.43589999993566,284.4045999999624,288.09637000000066,239.90100000007078,291.4490000000078,90,263.4496222222143,263.31850000005943,12.62403304080067,279.43589999993566,285.4045999999624,289.09637000000066,240.90100000007078,292.4490000000078,0,150.0,10.0,23.0,39.0,0.9375,0.8670520231213873,0.900900900900901,0.20408163265306123,0.1329479768786127,0.9111111111111111,76,7,6,0.9156626506024096,0.926829268292683,0.9212121212121213,0.926829268292683,0.8690853658536586,0.11133348760462944,0.187325,0.0,1.0,,,not_computed_no_bbox_data,1,0,1.0,0,0,0,0.0,0,0,0,0,0,0,0,,,0,,,,,,,0.0,0,0,0,0,0,0,68.0,90,0.6638888888888889,0.64295,0.1241771753841744,0.8085000000000001,0.88389,0.9826819999999998,0.5037,1.2463,90,0.0,0.0,0.0,0.0,0.0,0.0,0.0,0.0,90,0,0,0,0,0.0,0.0,3599718.25,215983.094984,222.0,19.98,0.0,0.0,59.75,5.078772,3576498.95,28611.991602,270.0,40.5,12491.858,5246.580368,10026.692,4211.210553,712.5,213.75,0.0,0.0,216008.153756,38324.032522999994,254332.18627900002,4238.869771316667,1145.6404787342342,2825.913180877778,3101.612027792683,3346.4761352500004,0.0,254332.186279,3600000.0,3600000.0,normal__s02__event_no_early_exit,event_no_early_exit,main,,,True,,0.0
fixed_threshold,normal,2,3600.0,96d67eb7472f5f82,True,synthetic_distribution,False,,222,222,173,0,23501.052,0.0065280699999999995,90,1.5,90,1.5,82,76,90,52,48,0.9230769230769231,0.07692307692307687,0.4393063583815029,48,625.2374583333618,269.0795000002254,814.8707085574005,1956.4363000000133,2337.4186000000277,3421.304829999998,241.03600000000006,3698.657000000123,90,262.4496222222143,262.31850000005943,12.62403304080067,278.43589999993566,284.4045999999624,288.09637000000066,239.90100000007078,291.4490000000078,90,263.4496222222143,263.31850000005943,12.62403304080067,279.43589999993566,285.4045999999624,289.09637000000066,240.90100000007078,292.4490000000078,0,150.0,10.0,23.0,39.0,0.9375,0.8670520231213873,0.900900900900901,0.20408163265306123,0.1329479768786127,0.9111111111111111,76,7,6,0.9156626506024096,0.926829268292683,0.9212121212121213,0.926829268292683,0.8690853658536586,0.11133348760462944,0.187325,0.0,1.0,,,not_computed_no_bbox_data,1,0,1.0,0,0,0,0.0,0,0,0,0,0,0,0,,,0,,,,,,,0.0,0,0,0,0,0,0,68.0,90,0.6638888888888889,0.64295,0.1241771753841744,0.8085000000000001,0.88389,0.9826819999999998,0.5037,1.2463,90,0.0,0.0,0.0,0.0,0.0,0.0,0.0,0.0,90,0,0,0,0,0.0,0.0,3599718.25,215983.094984,222.0,19.98,0.0,0.0,59.75,5.078772,3576498.95,28611.991602,270.0,40.5,12491.858,5246.580368,10026.692,4211.210553,712.5,213.75,0.0,0.0,216008.153756,38324.032522999994,254332.18627900002,4238.869771316667,1145.6404787342342,2825.913180877778,3101.612027792683,3346.4761352500004,0.0,254332.186279,3600000.0,3600000.0,normal__s02__fixed_threshold,fixed_threshold,main,,,True,,0.0
motion_only,normal,2,3600.0,96d67eb7472f5f82,True,synthetic_distribution,False,,222,222,173,0,21574.328,0.005992868888888889,83,1.3833333333333333,83,1.3833333333333333,69,63,83,52,43,0.8269230769230769,0.17307692307692313,0.36416184971098264,43,919.7090697674557,277.42699999990873,930.0883201818317,2205.2966000000492,3035.897999999869,3530.14964000008,241.03600000000006,3698.657000000123,83,261.2562771084136,259.3079999999609,12.843288855170039,278.4744000001694,283.02160000002476,287.0382999999022,239.90100000007078,287.6819999999998,83,262.2562771084136,260.3079999999609,12.843288855170039,279.4744000001694,284.02160000002476,288.0382999999022,240.90100000007078,288.6819999999998,0,114.0,18.0,59.0,31.0,0.8636363636363636,0.6589595375722543,0.7475409836065575,0.3673469387755102,0.34104046242774566,0.8313253012048193,63,7,6,0.9,0.9130434782608695,0.9064748201438848,0.9130434782608695,0.8602768115942028,0.1194918692101334,0.14772857142857143,0.0,1.0,,,not_computed_no_bbox_data,1,0,1.0,0,0,0,0.0,0,0,0,0,0,0,0,,,0,,,,,,,0.0,0,0,0,0,0,0,45.0,83,0.6570879518072289,0.6399,0.11885424605074203,0.8069000000000001,0.8335999999999998,0.9531499999999974,0.5017,1.2463,83,0.0,0.0,0.0,0.0,0.0,0.0,0.0,0.0,83,0,0,0,0,0.0,0.0,3599723.462,215983.407696,222.0,19.98,0.0,0.0,54.538,4.635764,3578425.672,28627.405375,249.0,37.35,11542.707,4847.936823,9142.121,3839.690977,640.5,192.15,0.0,0.0,216008.02346000003,37544.533175,253552.55663500002,4225.875943916667,1142.128633490991,3054.8500799397593,3674.67473384058,4024.6437561111115,0.0,253552.556635,3600000.0,3599999.9999999995,normal__s02__motion_only,motion_only,main,,,True,,0.0
secure,normal,2,3600.0,96d67eb7472f5f82,True,synthetic_distribution,False,,222,222,173,0,16394.555999999997,0.004554043333333332,84,1.4,84,1.4,76,70,90,52,45,0.8653846153846154,0.13461538461538458,0.4046242774566474,45,423.47057777781714,248.78000000002794,619.0567405573015,1081.437000000058,1434.9937999999145,2882.3595200002087,133.5380000001751,3275.13300000038,84,196.90941666666617,164.3114999999525,57.25995022644143,274.31760000005613,277.327800000034,283.21737000001616,130.84499999997206,288.0819999999994,84,197.90941666666617,165.3114999999525,57.25995022644143,275.31760000005613,278.327800000034,284.21737000001616,131.84499999997206,289.0819999999994,0,150.0,10.0,23.0,39.0,0.9375,0.8670520231213873,0.900900900900901,0.20408163265306123,0.1329479768786127,0.9111111111111111,70,7,6,0.9090909090909091,0.9210526315789473,0.915032679738562,0.9210526315789473,0.8444236842105263,0.10017245778279385,0.1976,0.5952380952380952,0.40476190476190477,,,not_computed_no_bbox_data,1,0,1.0,0,0,0,0.0,0,0,0,90,6,84,6,,,0,0.06666666666666667,0.07317073170731707,0.06666666666666667,0.0,,,0.4,0,0,4,2,0,0,68.0,84,0.6662333333333333,0.6461,0.12390632911023673,0.8082,0.87767,1.0004540000000004,0.5037,1.2463,84,0.0,0.0,0.0,0.0,0.0,0.0,0.0,0.0,84,0,0,0,0,0.0,0.0,3599686.036,215981.162169,222.0,19.98,36.0,3.42,55.964,4.756928,3583605.447,28668.843576,252.0,37.8,11635.761,4887.019686,3830.292,1608.722593,676.5,202.95,0.0,0.0,216009.319097,35405.335855,251414.654952,4190.2442492,1132.4984457297298,2993.0316065714287,3308.087565157895,3591.6379278857144,3.42,251414.654952,3600000.0,3600000.0,normal__s02__secure,secure,main,,,True,,0.0
always_on,normal,3,3600.0,7ad9e6f4631091be,True,synthetic_distribution,False,,363,363,265,0,3600000.0,1.0,1,0.016666666666666666,361,6.016666666666667,261,231,0,99,96,0.9696969696969697,0.030303030303030276,0.8716981132075472,96,425.56986458333967,305.6645000000717,392.76877575031057,754.887500000099,1434.2982499999925,1877.252750000334,133.3870000001043,2002.7620000001043,0,,,,,,,,,361,316.453542936284,301.6049999999814,104.88298126622546,447.95200000004843,484.56300000008196,589.5682000000467,133.3870000001043,1074.7609999999404,0,,,,,,,,,,,231,31,33,0.8816793893129771,0.875,0.8783269961977187,0.8850574712643678,0.8351295454545454,0.10423001343995761,0.1539340206185567,0.5124653739612188,0.48753462603878117,,,not_computed_no_bbox_data,1,0,1.0,17854,241,0,,0,0,0,0,0,0,0,,,0,,,,,,,0.0,0,0,0,0,0,0,,0,,,,,,,,,0,,,,,,,,,0,0,0,0,0,3600000.0,18000.0,0.0,0.0,0.0,0.0,0.0,0.0,0.0,0.0,0.0,0.0,0.0,0.0,2556147.542,1073581.967684,933509.458,392073.972316,110343.0,33102.9,0.0,0.0,18000.0,1498758.8399999999,1516758.8399999999,25279.314,4178.399008264462,,5811.336551724137,6566.055584415583,0.0,1516758.84,3600000.0,3600000.0,normal__s03__always_on,always_on,main,,,True,,
event,normal,3,3600.0,7ad9e6f4631091be,True,synthetic_distribution,False,,363,363,265,0,30547.692999999996,0.008485470277777777,151,2.5166666666666666,151,2.5166666666666666,128,116,151,99,81,0.8181818181818182,0.18181818181818177,0.4377358490566038,81,509.7361604938212,254.18500000005588,693.9912478362825,1584.6439999998547,2393.850000000093,2587.6998000000613,134.18700000015087,2900.1669999998994,151,203.60424503311273,166.98800000036135,56.32620263155188,274.7620000001043,281.6494999999413,289.4035000001313,133.18700000015087,299.71200000005774,151,204.60424503311273,167.98800000036135,56.32620263155188,275.7620000001043,282.6494999999413,290.4035000001313,134.18700000015087,300.71200000005774,0,241.0,27.0,24.0,71.0,0.8992537313432836,0.909433962264151,0.9043151969981239,0.2755102040816326,0.09056603773584905,0.847682119205298,116,13,12,0.8992248062015504,0.90625,0.9027237354085603,0.90625,0.8467375,0.08398341699828998,0.1736739130434783,0.5364238410596026,0.46357615894039733,,,not_computed_no_bbox_data,1,0,1.0,0,0,0,0.0,0,0,0,0,0,0,0,,,0,,,,,,,0.0,0,0,0,0,0,0,113.0,151,0.6544264900662251,0.63,0.11575303578566842,0.8274,0.8894,0.9385,0.5006,0.9664,151,0.0,0.0,0.0,0.0,0.0,0.0,0.0,0.0,151,0,0,0,0,0.0,0.0,3599538.182,215972.290892,363.0,32.67,0.0,0.0,98.818,8.39957,3569452.309,28555.618472,453.0,67.95,21227.163,8915.408608,7696.028,3232.3316,1171.5,351.45,0.0,0.0,216013.360462,41122.75867999999,257136.119142,4285.6019857,708.3639645785124,1702.8882062384107,2008.875930796875,2216.6906822586207,0.0,257136.119142,3600000.0,3600000.0,normal__s03__event,event,main,,,True,,0.0
event_no_early_exit,normal,3,3600.0,7ad9e6f4631091be,True,synthetic_distribution,False,,363,363,265,0,39565.017,0.0109902825,151,2.5166666666666666,151,2.5166666666666666,128,124,151,99,83,0.8383838383838383,0.16161616161616166,0.4679245283018868,83,481.20330120482186,265.9499999997206,569.9681557216917,1260.7841999997381,1742.1394999999538,2574.048080000083,235.29899999988265,2900.1669999998994,151,263.32159602649125,262.66099999984726,14.938428637215384,283.0109999999404,287.3959999999497,302.1645000000717,225.59799999999814,306.68800000008196,151,264.32159602649125,263.66099999984726,14.938428637215384,284.0109999999404,288.3959999999497,303.1645000000717,226.59799999999814,307.68800000008196,0,241.0,27.0,24.0,71.0,0.8992537313432836,0.909433962264151,0.9043151969981239,0.2755102040816326,0.09056603773584905,0.847682119205298,124,5,4,0.9612403100775194,0.96875,0.9649805447470817,0.96875,0.869140625,0.09493908734087404,0.16857391304347827,0.0,1.0,,,not_computed_no_bbox_data,1,0,1.0,0,0,0,0.0,0,0,0,0,0,0,0,,,0,,,,,,,0.0,0,0,0,0,0,0,113.0,151,0.6544264900662251,0.63,0.11575303578566842,0.8274,0.8894,0.9385,0.5006,0.9664,151,0.0,0.0,0.0,0.0,0.0,0.0,0.0,0.0,151,0,0,0,0,0.0,0.0,3599538.182,215972.290892,363.0,32.67,0.0,0.0,98.818,8.39957,3560434.988,28483.479906,453.0,67.95,21227.163,8915.408608,16710.348,7018.34632,1174.5,352.35,0.0,0.0,216013.360462,44837.534834,260850.89529600003,4347.514921600001,718.5975077024794,1727.4893728211923,2037.8976195000002,2103.636252387097,0.0,260850.895296,3600000.0,3599999.9990000003,normal__s03__event_no_early_exit,event_no_early_exit,main,,,True,,0.0
fixed_threshold,normal,3,3600.0,7ad9e6f4631091be,True,synthetic_distribution,False,,363,363,265,0,39565.017,0.0109902825,151,2.5166666666666666,151,2.5166666666666666,128,124,151,99,83,0.8383838383838383,0.16161616161616166,0.4679245283018868,83,481.20330120482186,265.9499999997206,569.9681557216917,1260.7841999997381,1742.1394999999538,2574.048080000083,235.29899999988265,2900.1669999998994,151,263.32159602649125,262.66099999984726,14.938428637215384,283.0109999999404,287.3959999999497,302.1645000000717,225.59799999999814,306.68800000008196,151,264.32159602649125,263.66099999984726,14.938428637215384,284.0109999999404,288.3959999999497,303.1645000000717,226.59799999999814,307.68800000008196,0,241.0,28.0,24.0,70.0,0.895910780669145,0.909433962264151,0.9026217228464418,0.2857142857142857,0.09056603773584905,0.847682119205298,124,5,4,0.9612403100775194,0.96875,0.9649805447470817,0.96875,0.869140625,0.09493908734087404,0.16857391304347827,0.0,1.0,,,not_computed_no_bbox_data,1,0,1.0,0,0,0,0.0,0,0,0,0,0,0,0,,,0,,,,,,,0.0,0,0,0,0,0,0,113.0,151,0.6544264900662251,0.63,0.11575303578566842,0.8274,0.8894,0.9385,0.5006,0.9664,151,0.0,0.0,0.0,0.0,0.0,0.0,0.0,0.0,151,0,0,0,0,0.0,0.0,3599538.182,215972.290892,363.0,32.67,0.0,0.0,98.818,8.39957,3560434.988,28483.479906,453.0,67.95,21227.163,8915.408608,16710.348,7018.34632,1174.5,352.35,0.0,0.0,216013.360462,44837.534834,260850.89529600003,4347.514921600001,718.5975077024794,1727.4893728211923,2037.8976195000002,2103.636252387097,0.0,260850.895296,3600000.0,3599999.9990000003,normal__s03__fixed_threshold,fixed_threshold,main,,,True,,0.0
motion_only,normal,3,3600.0,7ad9e6f4631091be,True,synthetic_distribution,False,,363,363,265,0,35972.678,0.009992410555555555,138,2.3,138,2.3,105,100,138,99,74,0.7474747474747475,0.2525252525252525,0.37735849056603776,74,714.9707297297148,270.7780000001658,830.2666946487695,2085.0500999997384,2624.644799999798,3252.1543999997693,235.29899999988265,3582.712999999989,138,261.9638550724642,260.4615000002086,15.069659972515087,281.13630000003616,285.5707999999868,302.8021500000753,225.59799999999814,306.68800000008196,138,262.9638550724642,261.4615000002086,15.069659972515087,282.13630000003616,286.5707999999868,303.8021500000753,226.59799999999814,307.68800000008196,0,187.0,40.0,78.0,58.0,0.8237885462555066,0.7056603773584905,0.7601626016260162,0.40816326530612246,0.2943396226415094,0.7608695652173914,100,6,5,0.9433962264150944,0.9523809523809523,0.9478672985781991,0.9523809523809523,0.8751276190476189,0.09217403532202431,0.16485151515151514,0.0,1.0,,,not_computed_no_bbox_data,1,0,1.0,0,0,0,0.0,0,0,0,0,0,0,0,,,0,,,,,,,0.0,0,0,0,0,0,0,82.0,138,0.6471355072463768,0.62555,0.11062980934374901,0.81521,0.8594950000000001,0.9530059999999999,0.5022,1.006,138,0.0,0.0,0.0,0.0,0.0,0.0,0.0,0.0,138,0,0,0,0,0.0,0.0,3599547.695,215972.861705,363.0,32.67,0.0,0.0,89.305,7.590918,3564027.326,28512.218609,414.0,62.1,19381.321,8140.154812,15133.353,6356.008223,1044.0,313.2,0.0,0.0,216013.122623,43383.68164399999,259396.80426700003,4323.280071116667,714.5917472920111,1879.6869874420292,2470.44575492381,2593.96804267,0.0,259396.804267,3600000.0,3600000.0,normal__s03__motion_only,motion_only,main,,,True,,0.0
secure,normal,3,3600.0,7ad9e6f4631091be,True,synthetic_distribution,False,,363,363,265,0,28864.070999999996,0.008017797499999998,143,2.3833333333333333,143,2.3833333333333333,120,109,151,99,80,0.8080808080808081,0.19191919191919193,0.41132075471698115,80,480.2557749999936,254.53549999999814,643.8051593419433,1559.4102000003684,2299.2253000000433,2480.966300000022,134.58700000005774,2509.9830000000075,143,203.555223776215,167.25900000002002,56.3863272990107,275.650800000038,282.2242999997223,290.00870000010127,133.58700000005774,300.1119999999646,143,204.555223776215,168.25900000002002,56.3863272990107,276.650800000038,283.2242999997223,291.00870000010127,134.58700000005774,301.1119999999646,0,241.0,27.0,24.0,71.0,0.8992537313432836,0.909433962264151,0.9043151969981239,0.2755102040816326,0.09056603773584905,0.847682119205298,109,12,11,0.9008264462809917,0.9083333333333333,0.904564315352697,0.9083333333333333,0.8459333333333333,0.0850029869305476,0.1736739130434783,0.5454545454545454,0.45454545454545453,,,not_computed_no_bbox_data,1,0,1.0,0,0,0,0.0,0,0,0,151,8,143,8,,,0,0.052980132450331126,0.0625,0.052980132450331126,0.0,,,0.4,0,0,8,0,0,0,113.0,143,0.6596748251748252,0.6338,0.11562030529092981,0.82996,0.8961200000000001,0.9397320000000002,0.5006,0.9664,143,0.0,0.0,0.0,0.0,0.0,0.0,0.0,0.0,143,0,0,0,0,0.0,0.0,3599482.267,215968.935992,363.0,32.67,60.4,5.738,94.333,8.018344,3571135.931,28569.087452,429.0,64.35,20146.871,8461.685667,7178.198,3014.843126,1110.0,333.0,0.0,0.0,216015.36233600005,40442.966244999996,256458.328581,4274.30547635,706.4967729504133,1793.4148851818181,2137.152738175,2352.828702577982,5.738,256458.328581,3600000.0,3599999.9999999995,normal__s03__secure,secure,main,,,True,,0.0
always_on,normal,4,3600.0,815045d7f8be93e5,True,synthetic_distribution,False,,301,301,231,0,3600000.0,1.0,1,0.016666666666666666,298,4.966666666666667,224,203,0,68,68,1.0,0.0,0.8787878787878788,68,422.38126470588514,317.2410000000382,384.2728701575054,667.5975000000094,1217.1013000001078,2061.1492099999514,150.07800000021234,2285.4899999999907,0,,,,,,,,,298,328.4176040268509,305.3834999999963,120.7885369425567,481.04669999990153,530.8889499999581,693.4456799999205,144.5219999999972,748.1439999998547,0,,,,,,,,,,,203,21,28,0.90625,0.8787878787878788,0.8923076923076922,0.90625,0.8360255411255411,0.11208647281582584,0.16916716417910446,0.5302013422818792,0.4697986577181208,,,not_computed_no_bbox_data,0,0,0.0,17885,250,0,,0,0,0,0,0,0,0,,,0,,,,,,,0.0,0,0,0,0,0,0,,0,,,,,,,,,0,,,,,,,,,0,0,0,0,0,3600000.0,18000.0,0.0,0.0,0.0,0.0,0.0,0.0,0.0,0.0,0.0,0.0,0.0,0.0,2552788.934,1072171.352249,937111.066,393586.647751,110100.0,33030.0,0.0,0.0,18000.0,1498788.0,1516788.0,25279.8,5039.162790697675,,6771.375,7471.862068965517,0.0,1516788.0,3600000.0,3600000.0,normal__s04__always_on,always_on,main,,,True,,
event,normal,4,3600.0,815045d7f8be93e5,True,synthetic_distribution,False,,301,301,231,0,22137.076,0.006149187777777778,111,1.85,111,1.85,96,84,111,68,57,0.8382352941176471,0.16176470588235292,0.36363636363636365,57,593.1536666666715,240.12999999988824,919.3913949081419,2112.0899999999965,2566.2247999999195,3702.6868000000486,134.29300000006333,4738.93600000022,111,200.7586846846725,167.1640000000043,56.50906437410481,271.01500000001397,280.57400000008056,285.52869999997785,133.02699999976903,296.2639999999665,111,201.7586846846725,168.1640000000043,56.50906437410481,272.01500000001397,281.57400000008056,286.52869999997785,134.02699999976903,297.2639999999665,0,219.0,13.0,12.0,57.0,0.9439655172413793,0.948051948051948,0.9460043196544276,0.18571428571428572,0.05194805194805195,0.9009009009009009,84,12,16,0.875,0.84,0.8571428571428572,0.875,0.840916,0.11407284994664373,0.17544545454545454,0.5585585585585585,0.44144144144144143,,,not_computed_no_bbox_data,0,0,0.0,0,0,0,0.0,0,0,0,0,0,0,0,,,0,,,,,,,0.0,0,0,0,0,0,0,119.0,111,0.6558315315315315,0.6445,0.11781343647863692,0.8187,0.8835500000000001,1.0200200000000006,0.5027,1.0924,111,0.0,0.0,0.0,0.0,0.0,0.0,0.0,0.0,111,0,0,0,0,0.0,0.0,3599626.203,215977.572178,301.0,27.09,0.0,0.0,72.797,6.187748,3577862.927,28622.90342,333.0,49.95,15489.641,6505.649242,5448.931,2288.55121,865.5,259.65,0.0,0.0,216010.849926,37726.703872,253737.553798,4228.9592299666665,842.9819063056478,2285.92390809009,2643.099518729167,3020.685164261905,0.0,253737.553797,3600000.0,3599999.999,normal__s04__event,event,main,,,True,,0.0
event_no_early_exit,normal,4,3600.0,815045d7f8be93e5,True,synthetic_distribution,False,,301,301,231,0,29078.101999999995,0.008077250555555554,111,1.85,111,1.85,96,88,111,68,60,0.8823529411764706,0.11764705882352944,0.38095238095238093,60,685.8014500000157,266.0910000000149,942.9361090358976,2265.8052000000375,2889.280649999925,3666.6481700001245,233.0800000000745,4738.93600000022,111,263.29054954955194,260.9290000000037,16.22759296032109,282.5540000000037,293.64199999987613,304.93169999991954,232.0800000000745,328.43399999989197,111,264.29054954955194,261.9290000000037,16.22759296032109,283.5540000000037,294.64199999987613,305.93169999991954,233.0800000000745,329.43399999989197,0,219.0,13.0,12.0,57.0,0.9439655172413793,0.948051948051948,0.9460043196544276,0.18571428571428572,0.05194805194805195,0.9009009009009009,88,8,12,0.9166666666666666,0.88,0.8979591836734694,0.9166666666666666,0.8622,0.12391796243540085,0.16061818181818183,0.0,1.0,,,not_computed_no_bbox_data,0,0,0.0,0,0,0,0.0,0,0,0,0,0,0,0,,,0,,,,,,,0.0,0,0,0,0,0,0,119.0,111,0.6558315315315315,0.6445,0.11781343647863692,0.8187,0.8835500000000001,1.0200200000000006,0.5027,1.0924,111,0.0,0.0,0.0,0.0,0.0,0.0,0.0,0.0,111,0,0,0,0,0.0,0.0,3599626.203,215977.572178,301.0,27.09,0.0,0.0,72.797,6.187748,3570921.895,28567.375163,333.0,49.95,15489.641,6505.649242,12398.964,5207.564708,856.5,256.95,0.0,0.0,216010.849926,40587.489112999996,256598.33903899998,4276.638983983333,852.4861762093022,2311.696748099099,2672.8993649895833,2915.8902163522725,0.0,256598.339039,3600000.0,3600000.0,normal__s04__event_no_early_exit,event_no_early_exit,main,,,True,,0.0
fixed_threshold,normal,4,3600.0,815045d7f8be93e5,True,synthetic_distribution,False,,301,301,231,0,29078.101999999995,0.008077250555555554,111,1.85,111,1.85,96,88,111,68,60,0.8823529411764706,0.11764705882352944,0.38095238095238093,60,685.8014500000157,266.0910000000149,942.9361090358976,2265.8052000000375,2889.280649999925,3666.6481700001245,233.0800000000745,4738.93600000022,111,263.29054954955194,260.9290000000037,16.22759296032109,282.5540000000037,293.64199999987613,304.93169999991954,232.0800000000745,328.43399999989197,111,264.29054954955194,261.9290000000037,16.22759296032109,283.5540000000037,294.64199999987613,305.93169999991954,233.0800000000745,329.43399999989197,0,220.0,13.0,11.0,57.0,0.944206008583691,0.9523809523809523,0.9482758620689655,0.18571428571428572,0.047619047619047616,0.9009009009009009,88,8,12,0.9166666666666666,0.88,0.8979591836734694,0.9166666666666666,0.8622,0.12391796243540085,0.16061818181818183,0.0,1.0,,,not_computed_no_bbox_data,0,0,0.0,0,0,0,0.0,0,0,0,0,0,0,0,,,0,,,,,,,0.0,0,0,0,0,0,0,120.0,111,0.6558315315315315,0.6445,0.11781343647863692,0.8187,0.8835500000000001,1.0200200000000006,0.5027,1.0924,111,0.0,0.0,0.0,0.0,0.0,0.0,0.0,0.0,111,0,0,0,0,0.0,0.0,3599626.203,215977.572178,301.0,27.09,0.0,0.0,72.797,6.187748,3570921.895,28567.375163,333.0,49.95,15489.641,6505.649242,12398.964,5207.564708,856.5,256.95,0.0,0.0,216010.849926,40587.489112999996,256598.33903899998,4276.638983983333,852.4861762093022,2311.696748099099,2672.8993649895833,2915.8902163522725,0.0,256598.339039,3600000.0,3600000.0,normal__s04__fixed_threshold,fixed_threshold,main,,,True,,0.0
motion_only,normal,4,3600.0,815045d7f8be93e5,True,synthetic_distribution,False,,301,301,231,0,27637.838,0.007677177222222222,105,1.75,105,1.75,84,77,105,68,55,0.8088235294117647,0.19117647058823528,0.3333333333333333,55,756.1636363636541,270.48700000019744,958.3557253742871,2153.6716000000956,2909.44850000001,3880.7955400001083,235.34700000006706,4738.93600000022,105,264.55401904761965,262.0669999998063,16.033752581531605,283.4648000000976,291.5292000000365,305.0200799999142,234.34700000006706,328.43399999989197,105,265.55401904761965,263.0669999998063,16.033752581531605,284.4648000000976,292.5292000000365,306.0200799999142,235.34700000006706,329.43399999989197,0,165.0,25.0,66.0,45.0,0.868421052631579,0.7142857142857143,0.7838479809976248,0.35714285714285715,0.2857142857142857,0.8285714285714286,77,7,10,0.9166666666666666,0.8850574712643678,0.9005847953216374,0.9166666666666666,0.8620091954022988,0.11972729636911009,0.13497222222222222,0.0,1.0,,,not_computed_no_bbox_data,0,0,0.0,0,0,0,0.0,0,0,0,0,0,0,0,,,0,,,,,,,0.0,0,0,0,0,0,0,78.0,105,0.6659419047619048,0.6506,0.12594632157952815,0.8529800000000001,0.8871,0.9466279999999999,0.5022,1.0924,105,0.0,0.0,0.0,0.0,0.0,0.0,0.0,0.0,105,0,0,0,0,0.0,0.0,3599629.077,215977.744591,301.0,27.09,0.0,0.0,69.923,5.943496,3572362.159,28578.897272,315.0,47.25,14838.701,6232.25453,11681.64,4906.288668,802.5,240.75,0.0,0.0,216010.77808699998,40005.44047,256016.218557,4266.93697595,850.5522211196013,2438.249700542857,3047.812125678571,3324.8859552857143,0.0,256016.218557,3600000.0,3600000.0,normal__s04__motion_only,motion_only,main,,,True,,0.0
secure,normal,4,3600.0,815045d7f8be93e5,True,synthetic_distribution,False,,301,301,231,0,20515.016,0.005698615555555555,103,1.7166666666666666,103,1.7166666666666666,88,78,111,68,54,0.7941176470588235,0.20588235294117652,0.33766233766233766,54,474.3889444444902,207.7729999999865,706.4371951633614,1438.4355000000114,2293.107050000071,2834.0810500000416,134.6929999999702,2888.8910000000615,103,200.90221359225646,167.5639999999985,56.526128893641,271.1716000000946,280.4424000000348,286.00654000007546,133.42700000014156,296.66400000010617,103,201.90221359225646,168.5639999999985,56.526128893641,272.1716000000946,281.4424000000348,287.00654000007546,134.42700000014156,297.66400000010617,0,219.0,13.0,12.0,57.0,0.9439655172413793,0.948051948051948,0.9460043196544276,0.18571428571428572,0.05194805194805195,0.9009009009009009,78,10,14,0.8863636363636364,0.8478260869565217,0.8666666666666666,0.8863636363636364,0.8455554347826085,0.11428519499180279,0.17544545454545454,0.5631067961165048,0.4368932038834951,,,not_computed_no_bbox_data,0,0,0.0,0,0,0,0.0,0,0,0,111,8,103,8,,,0,0.07207207207207207,0.08,0.07207207207207207,0.0,,,0.4,0,0,7,1,0,0,119.0,103,0.6596116504854369,0.6489,0.11971777948859794,0.83158,0.8873499999999999,1.0284040000000003,0.5027,1.0924,103,0.0,0.0,0.0,0.0,0.0,0.0,0.0,0.0,103,0,0,0,0,0.0,0.0,3599586.66,215975.199607,301.0,27.09,44.4,4.218,67.94,5.77489,3579484.987,28635.879897,309.0,46.35,14399.499,6047.789748,5007.013,2102.945656,799.5,239.85,0.0,0.0,216012.28249699998,37072.815301,253085.09779799997,4218.0849633,840.814278398671,2457.1368718252425,2875.9670204318177,3244.6807409999997,4.218,253085.097798,3600000.0,3599999.999,normal__s04__secure,secure,main,,,True,,0.0
always_on,normal,5,3600.0,cabbfa5428d22c29,True,synthetic_distribution,False,,392,392,298,0,3600000.0,1.0,1,0.016666666666666666,389,6.483333333333333,292,276,0,98,95,0.9693877551020408,0.030612244897959218,0.9261744966442953,95,396.8183894736951,306.3259999998845,333.585160514974,484.0498000000138,1150.3109999999865,1810.1761799999238,129.35900000017136,1999.1189999999478,0,,,,,,,,,389,318.4455655526987,309.2600000000093,96.6106259182143,451.0878000000492,485.19440000005994,556.8538399999964,129.35900000017136,666.3099999995902,0,,,,,,,,,,,276,18,21,0.9387755102040817,0.9292929292929293,0.934010152284264,0.9452054794520548,0.8424875420875422,0.10061186734691316,0.15592934782608697,0.5449871465295629,0.455012853470437,,,not_computed_no_bbox_data,2,0,2.0,17731,213,0,,0,0,0,0,0,0,0,,,0,,,,,,,0.0,0,0,0,0,0,0,,0,,,,,,,,,0,,,,,,,,,0,0,0,0,0,3600000.0,18000.0,0.0,0.0,0.0,0.0,0.0,0.0,0.0,0.0,0.0,0.0,0.0,0.0,2543735.566,1068368.937908,946480.934,397521.992092,109783.5,32935.05,0.0,0.0,18000.0,1498825.9800000002,1516825.9800000002,25280.433000000005,3869.4540306122453,,5194.609520547946,5495.7463043478265,0.0,1516825.98,3600000.0,3600000.0,normal__s05__always_on,always_on,main,,,True,,
event,normal,5,3600.0,cabbfa5428d22c29,True,synthetic_distribution,False,,392,392,298,0,29099.623,0.008083228611111111,149,2.4833333333333334,149,2.4833333333333334,137,127,149,98,78,0.7959183673469388,0.20408163265306123,0.4261744966442953,78,515.9673205127986,204.44149999995716,803.6412990646115,1501.0436999999686,2157.5045999998792,3131.3284300002047,120.11299999989569,5121.194000000134,149,196.6296979865593,163.90000000037253,54.06434885201535,266.2802000001073,271.4687999999616,297.7301999999211,119.11299999989569,303.6269999999786,149,197.6296979865593,164.90000000037253,54.06434885201535,267.2802000001073,272.4687999999616,298.7301999999211,120.11299999989569,304.6269999999786,0,275.0,15.0,23.0,79.0,0.9482758620689655,0.9228187919463087,0.935374149659864,0.1595744680851064,0.07718120805369127,0.9328859060402684,127,11,12,0.9202898550724637,0.9136690647482014,0.9169675090252708,0.927007299270073,0.8450942446043165,0.09890875664241479,0.19140999999999997,0.5906040268456376,0.40939597315436244,,,not_computed_no_bbox_data,1,0,1.0,0,0,0,0.0,0,0,0,0,0,0,0,,,0,,,,,,,0.0,0,0,0,0,0,0,136.0,149,0.6632718120805369,0.6385,0.12688857427346892,0.8407800000000001,0.90318,0.9950560000000005,0.5007,1.0391,149,0.0,0.0,0.0,0.0,0.0,0.0,0.0,0.0,149,0,0,0,0,0.0,0.0,3599509.173,215970.550396,392.0,35.28,0.0,0.0,98.827,8.400273,3570900.38,28567.203037,447.0,67.05,20798.788,8735.491042,6658.332,2796.499511,1195.5,358.65,0.0,0.0,216014.230669,40524.89359,256539.124259,4275.652070983333,654.4365414770408,1721.7390889865771,1872.5483522554746,2019.9931044015748,0.0,256539.124258,3600000.0,3600000.0,normal__s05__event,event,main,,,True,,0.0
event_no_early_exit,normal,5,3600.0,cabbfa5428d22c29,True,synthetic_distribution,False,,392,392,298,0,38729.103,0.010758084166666668,149,2.4833333333333334,149,2.4833333333333334,137,130,149,98,78,0.7959183673469388,0.20408163265306123,0.436241610738255,78,580.446551282034,264.87099999981,791.163000727956,1530.1259999999656,2157.5045999998792,3173.796239999794,223.21999999997206,5121.194000000134,149,261.25712080535504,261.0,15.374433005971404,278.82779999990015,288.18960000000953,304.04144000004976,222.21999999997206,304.86000000001513,149,262.25712080535504,262.0,15.374433005971404,279.82779999990015,289.18960000000953,305.04144000004976,223.21999999997206,305.86000000001513,0,275.0,15.0,23.0,79.0,0.9482758620689655,0.9228187919463087,0.935374149659864,0.1595744680851064,0.07718120805369127,0.9328859060402684,130,8,9,0.9420289855072463,0.935251798561151,0.9386281588447652,0.948905109489051,0.8658151079136691,0.11039230039947656,0.17976999999999999,0.0,1.0,,,not_computed_no_bbox_data,1,0,1.0,0,0,0,0.0,0,0,0,0,0,0,0,,,0,,,,,,,0.0,0,0,0,0,0,0,136.0,149,0.6632718120805369,0.6385,0.12688857427346892,0.8407800000000001,0.90318,0.9950560000000005,0.5007,1.0391,149,0.0,0.0,0.0,0.0,0.0,0.0,0.0,0.0,149,0,0,0,0,0.0,0.0,3599509.173,215970.550396,392.0,35.28,0.0,0.0,98.827,8.400273,3561270.898,28490.167187,447.0,67.05,20798.788,8735.491042,16301.313,6846.551654,1182.0,354.6,0.0,0.0,216014.230669,44493.859883,260508.090552,4341.8015092000005,664.5614554897959,1748.3764466577181,1901.5189091386862,2003.9083888615385,0.0,260508.090551,3600000.0,3599999.9990000003,normal__s05__event_no_early_exit,event_no_early_exit,main,,,True,,0.0
fixed_threshold,normal,5,3600.0,cabbfa5428d22c29,True,synthetic_distribution,False,,392,392,298,0,39015.35,0.010837597222222222,150,2.5,150,2.5,138,131,150,98,78,0.7959183673469388,0.20408163265306123,0.4395973154362416,78,564.7634999999835,264.87099999981,784.7238175971818,1518.7566000000688,2157.5045999998792,3173.796239999794,223.21999999997206,5121.194000000134,150,261.43503333331864,261.08049999992363,15.484772857058543,279.35209999999495,288.1850500000095,304.0334700000484,222.21999999997206,304.86000000001513,150,262.43503333331864,262.08049999992363,15.484772857058543,280.35209999999495,289.1850500000095,305.0334700000484,223.21999999997206,305.86000000001513,0,276.0,15.0,22.0,79.0,0.9484536082474226,0.9261744966442953,0.9371816638370118,0.1595744680851064,0.0738255033557047,0.9333333333333333,131,8,9,0.9424460431654677,0.9357142857142857,0.9390681003584229,0.9492753623188406,0.8674692857142857,0.11039075846031207,0.17976999999999999,0.0,1.0,,,not_computed_no_bbox_data,1,0,1.0,0,0,0,0.0,0,0,0,0,0,0,0,,,0,,,,,,,0.0,0,0,0,0,0,0,136.0,150,0.6676806666666666,0.6393500000000001,0.1287933007640546,0.8459599999999999,0.9068549999999999,0.9945279999999995,0.5007,1.0391,150,0.0,0.0,0.0,0.0,0.0,0.0,0.0,0.0,150,0,0,0,0,0.0,0.0,3599507.849,215970.470922,392.0,35.28,0.0,0.0,100.151,8.512861,3560984.651,28487.877208,450.0,67.5,20953.032,8800.273342,16424.317,6898.213246,1188.0,356.4,0.0,0.0,216014.263783,44610.26379600001,260624.52757900002,4343.742126316667,664.8584887219388,1737.4968505266668,1888.5835331811595,1989.5002105267176,0.0,260624.527578,3600000.0,3600000.0,normal__s05__fixed_threshold,fixed_threshold,main,,,True,,0.0
motion_only,normal,5,3600.0,cabbfa5428d22c29,True,synthetic_distribution,False,,392,392,298,0,36346.003,0.010096111944444444,139,2.316666666666667,139,2.316666666666667,112,106,139,98,74,0.7551020408163265,0.24489795918367352,0.35570469798657717,74,799.2122972972919,270.3719999998575,945.184372880311,2337.8571999998762,2552.918600000103,3714.6300000002625,223.21999999997206,5121.194000000134,139,262.8076330935136,262.0260000000708,15.927340011064139,282.0909999998286,289.88720000001484,303.32147999993293,222.21999999997206,304.4240000001155,139,263.8076330935136,263.0260000000708,15.927340011064139,283.0909999998286,290.88720000001484,304.32147999993293,223.21999999997206,305.4240000001155,0,197.0,32.0,101.0,62.0,0.8602620087336245,0.6610738255033557,0.747628083491461,0.3404255319148936,0.3389261744966443,0.8273381294964028,106,7,9,0.9380530973451328,0.9217391304347826,0.9298245614035088,0.9464285714285714,0.8525860869565217,0.11801908772688895,0.14950833333333333,0.0,1.0,,,not_computed_no_bbox_data,1,0,1.0,0,0,0,0.0,0,0,0,0,0,0,0,,,0,,,,,,,0.0,0,0,0,0,0,0,82.0,139,0.6686841726618705,0.6453,0.12575305698822203,0.82886,0.9033899999999999,0.95977,0.5003,1.0391,139,0.0,0.0,0.0,0.0,0.0,0.0,0.0,0.0,139,0,0,0,0,0.0,0.0,3599515.053,215970.903206,392.0,35.28,0.0,0.0,92.947,7.900458,3563654.002,28509.232013,417.0,62.55,19372.368,8136.394374,15487.131,6504.594967,1069.5,320.85,0.0,0.0,216014.08366399998,43533.621353999995,259547.705018,4325.795083633334,662.1114923928571,1867.2496763884892,2317.390223375,2448.5632548867925,0.0,259547.705017,3600000.0,3600000.0009999997,normal__s05__motion_only,motion_only,main,,,True,,0.0
secure,normal,5,3600.0,cabbfa5428d22c29,True,synthetic_distribution,False,,392,392,298,0,26707.0,0.007418611111111111,137,2.283333333333333,137,2.283333333333333,125,115,149,98,77,0.7857142857142857,0.2142857142857143,0.3859060402684564,77,573.4112077922291,236.35200000018813,912.5880943392427,1756.06180000012,2496.370600000024,3847.0557600000507,120.51300000003539,5121.594000000041,137,196.6772627737311,165.35399999981746,53.47637375394148,266.16060000001454,270.88539999998176,289.7596400000713,119.51300000003539,303.2229999997653,137,197.6772627737311,166.35399999981746,53.47637375394148,267.16060000001454,271.88539999998176,290.7596400000713,120.51300000003539,304.2229999997653,0,275.0,15.0,23.0,79.0,0.9482758620689655,0.9228187919463087,0.935374149659864,0.1595744680851064,0.07718120805369127,0.9328859060402684,115,11,12,0.9126984126984127,0.905511811023622,0.909090909090909,0.92,0.8423637795275591,0.10179716579246978,0.19140999999999997,0.5912408759124088,0.40875912408759124,,,not_computed_no_bbox_data,1,0,1.0,0,0,0,0.0,0,0,0,149,12,137,12,,,0,0.08053691275167785,0.08633093525179857,0.08053691275167785,0.0,,,0.4,0,0,10,2,0,0,136.0,137,0.6688919708029196,0.6399,0.12902903803270874,0.84614,0.9047199999999999,1.0013919999999992,0.5007,1.0391,137,0.0,0.0,0.0,0.0,0.0,0.0,0.0,0.0,137,0,0,0,0,0.0,0.0,3599456.762,215967.405747,392.0,35.28,59.6,5.662,91.638,7.789192,3573293.002,28586.34402,411.0,61.65,19134.322,8036.415097,6065.176,2547.373864,1096.5,328.95,0.0,0.0,216016.13693900002,39560.732981,255576.86992000003,4259.614498666667,651.9818110204083,1865.5245979562046,2044.6149593600003,2222.4075645217395,5.662,255576.86992,3600000.0,3600000.0,normal__s05__secure,secure,main,,,True,,0.0
always_on,normal,6,3600.0,47f426e17d969614,True,synthetic_distribution,False,,365,365,286,0,3600000.0,1.0,1,0.016666666666666666,362,6.033333333333333,282,256,0,98,94,0.9591836734693877,0.04081632653061229,0.8951048951048951,94,444.2550319148701,342.86349999997765,395.52068259375824,860.3872999999734,1370.9057000000255,1861.005479999943,149.26500000013039,2579.3040000000037,0,,,,,,,,,362,314.4768839778963,310.5485000000335,98.242775517047,446.53949999999617,486.56350000000094,543.4956399999754,130.1490000000922,644.4249999998137,0,,,,,,,,,,,256,30,30,0.8951048951048951,0.8951048951048951,0.8951048951048951,0.9078014184397163,0.8422772727272728,0.10422696728644112,0.18018684210526317,0.56353591160221,0.43646408839779005,,,not_computed_no_bbox_data,4,0,4.0,17763,205,0,,0,0,0,0,0,0,0,,,0,,,,,,,0.0,0,0,0,0,0,0,,0,,,,,,,,,0,,,,,,,,,0,0,0,0,0,3600000.0,18000.0,0.0,0.0,0.0,0.0,0.0,0.0,0.0,0.0,0.0,0.0,0.0,0.0,2546035.996,1069335.118397,944149.004,396542.581603,109815.0,32944.5,0.0,0.0,18000.0,1498822.2,1516822.2,25280.37,4155.677260273972,,5378.802127659575,5925.08671875,0.0,1516822.2,3600000.0,3600000.0,normal__s06__always_on,always_on,main,,,True,,
event,normal,6,3600.0,47f426e17d969614,True,synthetic_distribution,False,,365,365,286,0,29717.953,0.008254986944444445,152,2.533333333333333,152,2.533333333333333,137,124,152,98,82,0.8367346938775511,0.16326530612244894,0.43356643356643354,82,433.12797560973206,165.64450000002398,714.9717014462918,1343.1107000001496,1947.9686500000046,3052.3618699999574,130.85499999998137,4422.616999999969,152,196.84390789471988,164.07650000002468,56.65580929869322,277.0773000000336,281.62064999999126,288.28671999999864,126.45300000021234,289.00899999961257,152,197.84390789471988,165.07650000002468,56.65580929869322,278.0773000000336,282.62064999999126,289.28671999999864,127.45300000021234,290.00899999961257,0,267.0,14.0,19.0,65.0,0.9501779359430605,0.9335664335664335,0.9417989417989417,0.17721518987341772,0.06643356643356643,0.9276315789473685,124,14,17,0.8985507246376812,0.8794326241134752,0.888888888888889,0.9051094890510949,0.8409602836879433,0.11919711458602189,0.2456818181818182,0.5986842105263158,0.40131578947368424,,,not_computed_no_bbox_data,1,0,1.0,0,0,0,0.0,0,0,0,0,0,0,0,,,0,,,,,,,0.0,0,0,0,0,0,0,126.0,152,0.6589973684210526,0.6321,0.13221425164255096,0.8670300000000001,0.9063299999999997,1.062245000000001,0.5001,1.1958,152,0.0,0.0,0.0,0.0,0.0,0.0,0.0,0.0,152,0,0,0,0,0.0,0.0,3599534.833,215972.089983,365.0,32.85,0.0,0.0,100.167,8.51419,3570282.045,28562.256362,456.0,68.4,21285.477,8939.900397,6764.478,2841.080608,1212.0,363.6,0.0,0.0,216013.454173,40775.237367,256788.69154,4279.811525666667,703.5306617534246,1689.3992864473685,1874.370011240876,2070.876544677419,0.0,256788.69154,3600000.0,3600000.0,normal__s06__event,event,main,,,True,,0.0
event_no_early_exit,normal,6,3600.0,47f426e17d969614,True,synthetic_distribution,False,,365,365,286,0,39812.426,0.011059007222222222,152,2.533333333333333,152,2.533333333333333,137,128,152,98,82,0.8367346938775511,0.16326530612244894,0.44755244755244755,82,505.3036951219376,263.15500000002794,701.1453124669346,1459.6441000001762,1773.0460999997683,3154.390989999972,232.92099999985658,4525.170999999973,152,263.25489473683535,262.7014999999665,15.203354162924036,282.601000000129,287.4314499999969,300.66871999993924,229.42700000014156,308.8299999998417,152,264.25489473683535,263.7014999999665,15.203354162924036,283.601000000129,288.4314499999969,301.66871999993924,230.42700000014156,309.8299999998417,0,267.0,14.0,19.0,65.0,0.9501779359430605,0.9335664335664335,0.9417989417989417,0.17721518987341772,0.06643356643356643,0.9276315789473685,128,10,13,0.927536231884058,0.9078014184397163,0.9175627240143368,0.9343065693430657,0.8638687943262411,0.13036218948691253,0.24114545454545455,0.0,1.0,,,not_computed_no_bbox_data,1,0,1.0,0,0,0,0.0,0,0,0,0,0,0,0,,,0,,,,,,,0.0,0,0,0,0,0,0,126.0,152,0.6589973684210526,0.6321,0.13221425164255096,0.8670300000000001,0.9063299999999997,1.062245000000001,0.5001,1.1958,152,0.0,0.0,0.0,0.0,0.0,0.0,0.0,0.0,152,0,0,0,0,0.0,0.0,3599534.833,215972.089983,365.0,32.85,0.0,0.0,100.167,8.51419,3560187.575,28481.500604,456.0,68.4,21285.477,8939.900397,16875.447,7087.687907,1195.5,358.65,0.0,0.0,216013.454173,44936.138908,260949.59308100003,4349.159884683334,714.9303920027398,1716.7736386907898,1904.7415553357666,2038.6686959453127,0.0,260949.593081,3600000.0,3599999.9990000003,normal__s06__event_no_early_exit,event_no_early_exit,main,,,True,,0.0
fixed_threshold,normal,6,3600.0,47f426e17d969614,True,synthetic_distribution,False,,365,365,286,0,39812.426,0.011059007222222222,152,2.533333333333333,152,2.533333333333333,137,128,152,98,82,0.8367346938775511,0.16326530612244894,0.44755244755244755,82,505.3036951219376,263.15500000002794,701.1453124669346,1459.6441000001762,1773.0460999997683,3154.390989999972,232.92099999985658,4525.170999999973,152,263.25489473683535,262.7014999999665,15.203354162924036,282.601000000129,287.4314499999969,300.66871999993924,229.42700000014156,308.8299999998417,152,264.25489473683535,263.7014999999665,15.203354162924036,283.601000000129,288.4314499999969,301.66871999993924,230.42700000014156,309.8299999998417,0,267.0,14.0,19.0,65.0,0.9501779359430605,0.9335664335664335,0.9417989417989417,0.17721518987341772,0.06643356643356643,0.9276315789473685,128,10,13,0.927536231884058,0.9078014184397163,0.9175627240143368,0.9343065693430657,0.8638687943262411,0.13036218948691253,0.24114545454545455,0.0,1.0,,,not_computed_no_bbox_data,1,0,1.0,0,0,0,0.0,0,0,0,0,0,0,0,,,0,,,,,,,0.0,0,0,0,0,0,0,126.0,152,0.6589973684210526,0.6321,0.13221425164255096,0.8670300000000001,0.9063299999999997,1.062245000000001,0.5001,1.1958,152,0.0,0.0,0.0,0.0,0.0,0.0,0.0,0.0,152,0,0,0,0,0.0,0.0,3599534.833,215972.089983,365.0,32.85,0.0,0.0,100.167,8.51419,3560187.575,28481.500604,456.0,68.4,21285.477,8939.900397,16875.447,7087.687907,1195.5,358.65,0.0,0.0,216013.454173,44936.138908,260949.59308100003,4349.159884683334,714.9303920027398,1716.7736386907898,1904.7415553357666,2038.6686959453127,0.0,260949.593081,3600000.0,3599999.9990000003,normal__s06__fixed_threshold,fixed_threshold,main,,,True,,0.0
motion_only,normal,6,3600.0,47f426e17d969614,True,synthetic_distribution,False,,365,365,286,0,35233.828,0.009787174444444444,135,2.25,135,2.25,106,99,135,98,74,0.7551020408163265,0.24489795918367352,0.34615384615384615,74,822.9718648648548,271.00350000007893,914.2863334839633,2016.3577999998352,2675.0156499999925,3617.626970000003,235.34199999994598,4525.170999999973,135,262.3146666666609,262.14300000015646,15.683611378293186,282.9066000000574,288.549099999883,300.56399999995244,229.42700000014156,308.8299999998417,135,263.3146666666609,263.14300000015646,15.683611378293186,283.9066000000574,289.549099999883,301.56399999995244,230.42700000014156,309.8299999998417,0,191.0,29.0,95.0,50.0,0.8681818181818182,0.6678321678321678,0.7549407114624506,0.3670886075949367,0.3321678321678322,0.8148148148148148,99,7,11,0.9339622641509434,0.9,0.9166666666666666,0.9339622641509434,0.8582481818181819,0.13408687703498118,0.13263599999999998,0.0,1.0,,,not_computed_no_bbox_data,0,0,0.0,0,0,0,0.0,0,0,0,0,0,0,0,,,0,,,,,,,0.0,0,0,0,0,0,0,81.0,135,0.6607674074074074,0.6307,0.13783278742013608,0.8753600000000002,0.9235899999999999,1.0816479999999997,0.5001,1.1186,135,0.0,0.0,0.0,0.0,0.0,0.0,0.0,0.0,135,0,0,0,0,0.0,0.0,3599545.797,215972.747793,365.0,32.85,0.0,0.0,89.203,7.582293,3564766.176,28518.129406,405.0,60.75,18895.296,7936.024249,14910.528,6262.421915,1023.0,306.9,0.0,0.0,216013.180086,43084.22557,259097.405656,4318.2900942666665,709.8559059068493,1919.2400418962961,2444.315147698113,2617.1455116767675,0.0,259097.405656,3600000.0,3600000.0,normal__s06__motion_only,motion_only,main,,,True,,0.0
secure,normal,6,3600.0,47f426e17d969614,True,synthetic_distribution,False,,365,365,286,0,27926.477,0.007757354722222222,143,2.3833333333333333,143,2.3833333333333333,128,116,152,98,81,0.826530612244898,0.173469387755102,0.40559440559440557,81,405.1598765431775,165.53300000005402,671.3866628928388,985.775999999838,1743.9599999999627,2939.929000000102,131.25499999988824,4423.016999999993,143,197.01966433564718,163.62100000004284,57.06991674622358,273.59699999997395,280.49709999997975,288.6982399999959,126.85300000011921,289.4089999999851,143,198.01966433564718,164.62100000004284,57.06991674622358,274.59699999997395,281.49709999997975,289.6982399999959,127.85300000011921,290.4089999999851,0,267.0,14.0,19.0,65.0,0.9501779359430605,0.9335664335664335,0.9417989417989417,0.17721518987341772,0.06643356643356643,0.9276315789473685,116,13,16,0.8992248062015504,0.8787878787878788,0.888888888888889,0.90625,0.8424469696969696,0.12142052685560298,0.2456818181818182,0.5944055944055944,0.40559440559440557,,,not_computed_no_bbox_data,1,0,1.0,0,0,0,0.0,0,0,0,152,9,143,9,,,0,0.05921052631578947,0.06382978723404255,0.05921052631578947,0.0,,,0.4,0,0,8,1,0,0,126.0,143,0.6590902097902097,0.6307,0.13331243632206521,0.87496,0.9168600000000001,1.0721900000000013,0.5001,1.1958,143,0.0,0.0,0.0,0.0,0.0,0.0,0.0,0.0,143,0,0,0,0,0.0,0.0,3599479.951,215968.797047,365.0,32.85,60.8,5.776,94.249,8.011184,3572073.52,28576.588164,429.0,64.35,19901.863,8358.782298,6458.617,2712.619098,1137.0,341.1,0.0,0.0,216015.43423100002,40053.43956,256068.873791,4267.814563183333,701.5585583315068,1790.691425111888,2000.5380764921874,2207.490291301724,5.776,256068.873791,3599999.9999999995,3600000.0,normal__s06__secure,secure,main,,,True,,0.0
always_on,normal,7,3600.0,4ce3a93a66928742,True,synthetic_distribution,False,,392,392,277,0,3600000.0,1.0,1,0.016666666666666666,383,6.383333333333334,264,237,0,93,91,0.978494623655914,0.021505376344086002,0.855595667870036,91,475.38313186813355,334.4279999998398,414.89771373079174,919.1180000000022,1520.1134999999776,1994.7750999999946,145.14500000001863,2242.878999999957,0,,,,,,,,,383,356.73303133160016,328.3029999998398,163.682298748757,533.7763999999967,706.0392000000038,913.1183999999196,133.77700000000186,1188.9569999999367,0,,,,,,,,,,,237,28,36,0.8943396226415095,0.8681318681318682,0.8810408921933086,0.8977272727272727,0.8210311355311356,0.123518952542955,0.16630727272727266,0.4960835509138381,0.5039164490861618,,,not_computed_no_bbox_data,1,0,1.0,17735,228,0,,0,0,0,0,0,0,0,,,0,,,,,,,0.0,0,0,0,0,0,0,,0,,,,,,,,,0,,,,,,,,,0,0,0,0,0,3600000.0,18000.0,0.0,0.0,0.0,0.0,0.0,0.0,0.0,0.0,0.0,0.0,0.0,0.0,2546446.222,1069507.413032,943819.778,396404.306968,109734.0,32920.2,0.0,0.0,18000.0,1498831.92,1516831.92,25280.532,3869.469183673469,,5745.575454545455,6400.134683544304,0.0,1516831.92,3600000.0,3600000.0,normal__s07__always_on,always_on,main,,,True,,
event,normal,7,3600.0,4ce3a93a66928742,True,synthetic_distribution,False,,392,392,277,0,26162.928,0.00726748,131,2.183333333333333,131,2.183333333333333,109,104,131,93,73,0.7849462365591398,0.21505376344086025,0.37545126353790614,73,596.4889041095752,248.66599999996834,928.7388632298696,1617.580199999851,2765.4561999998027,4103.016360000002,130.90299999993294,4383.987000000008,131,201.0224961832022,171.47399999992922,55.664511400599864,272.76599999994505,278.93250000011176,292.19299999994394,123.61299999989569,296.969000000041,131,202.0224961832022,172.47399999992922,55.664511400599864,273.76599999994505,279.93250000011176,293.19299999994394,124.61299999989569,297.969000000041,0,253.0,27.0,24.0,88.0,0.9035714285714286,0.9133574007220217,0.9084380610412927,0.23478260869565218,0.08664259927797834,0.8549618320610687,104,6,8,0.9454545454545454,0.9285714285714286,0.9369369369369368,0.9541284403669725,0.82048125,0.11308489558395601,0.16179999999999997,0.5648854961832062,0.4351145038167939,,,not_computed_no_bbox_data,1,0,1.0,0,0,0,0.0,0,0,0,0,0,0,0,,,0,,,,,,,0.0,0,0,0,0,0,0,141.0,131,0.6544900763358779,0.6208,0.11952713168337833,0.8344,0.897,0.9600799999999998,0.5008,0.979,131,0.0,0.0,0.0,0.0,0.0,0.0,0.0,0.0,131,0,0,0,0,0.0,0.0,3599522.262,215971.335728,392.0,35.28,0.0,0.0,85.738,7.287718,3573837.071,28590.696568,393.0,58.95,18555.251,7793.205519,6206.678,2606.804677,1008.0,302.4,0.0,0.0,216013.903446,39352.056764,255365.96021,4256.099336833333,651.4437760459183,1949.3584748854962,2342.8069744036698,2455.4419250961537,0.0,255365.96021,3600000.0,3600000.0,normal__s07__event,event,main,,,True,,0.0
event_no_early_exit,normal,7,3600.0,4ce3a93a66928742,True,synthetic_distribution,False,,392,392,277,0,34305.549,0.009529319166666666,131,2.183333333333333,131,2.183333333333333,109,106,131,93,74,0.7956989247311828,0.20430107526881724,0.38267148014440433,74,708.4044189189212,270.6575000000885,1008.644675155264,2305.999400000007,3127.0300999999254,4182.774910000038,233.07499999995343,4383.987000000008,131,263.17992366412534,263.1549999997951,16.240066425410287,282.43499999982305,290.63300000003073,302.4553999999771,217.12899999995716,306.5800000000745,131,264.17992366412534,264.1549999997951,16.240066425410287,283.43499999982305,291.63300000003073,303.4553999999771,218.12899999995716,307.5800000000745,0,253.0,27.0,24.0,88.0,0.9035714285714286,0.9133574007220217,0.9084380610412927,0.23478260869565218,0.08664259927797834,0.8549618320610687,106,4,6,0.9636363636363636,0.9464285714285714,0.9549549549549549,0.9724770642201835,0.8392928571428572,0.12538743396835506,0.14688947368421054,0.0,1.0,,,not_computed_no_bbox_data,1,0,1.0,0,0,0,0.0,0,0,0,0,0,0,0,,,0,,,,,,,0.0,0,0,0,0,0,0,141.0,131,0.6544900763358779,0.6208,0.11952713168337833,0.8344,0.897,0.9600799999999998,0.5008,0.979,131,0.0,0.0,0.0,0.0,0.0,0.0,0.0,0.0,131,0,0,0,0,0.0,0.0,3599522.262,215971.335728,392.0,35.28,0.0,0.0,85.738,7.287718,3565694.45,28525.5556,393.0,58.95,18555.251,7793.205519,14356.799,6029.855493,1000.5,300.15,0.0,0.0,216013.903446,42707.716612000004,258721.620058,4312.0270009666665,660.0041328010204,1974.9741989160304,2373.5928445688073,2440.7700005471697,0.0,258721.620058,3600000.0,3600000.0000000005,normal__s07__event_no_early_exit,event_no_early_exit,main,,,True,,0.0
fixed_threshold,normal,7,3600.0,4ce3a93a66928742,True,synthetic_distribution,False,,392,392,277,0,34552.122,0.009597811666666668,132,2.2,132,2.2,109,106,132,93,74,0.7956989247311828,0.20430107526881724,0.38267148014440433,74,708.4044189189212,270.6575000000885,1008.644675155264,2305.999400000007,3127.0300999999254,4182.774910000038,233.07499999995343,4383.987000000008,132,263.06467424242703,262.8619999999646,16.23205956016548,282.4261999998242,290.5911000000429,302.44387999997707,217.12899999995716,306.5800000000745,132,264.06467424242703,263.8619999999646,16.23205956016548,283.4261999998242,291.5911000000429,303.44387999997707,218.12899999995716,307.5800000000745,0,253.0,28.0,24.0,87.0,0.900355871886121,0.9133574007220217,0.9068100358422939,0.24347826086956523,0.08664259927797834,0.8484848484848485,106,4,6,0.9636363636363636,0.9464285714285714,0.9549549549549549,0.9724770642201835,0.8392928571428572,0.12538743396835506,0.14127499999999998,0.0,1.0,,,not_computed_no_bbox_data,1,0,1.0,0,0,0,0.0,0,0,0,0,0,0,0,,,0,,,,,,,0.0,0,0,0,0,0,0,141.0,132,0.6560666666666666,0.6214999999999999,0.12043994459668655,0.8488900000000001,0.8961899999999998,0.959966,0.5008,0.979,132,0.0,0.0,0.0,0.0,0.0,0.0,0.0,0.0,132,0,0,0,0,0.0,0.0,3599521.4,215971.283974,392.0,35.28,0.0,0.0,86.6,7.361037,3565447.877,28523.583019,396.0,59.4,18675.322,7843.635379,14474.3,6079.206146,1006.5,301.95,0.0,0.0,216013.92501099998,42807.774544,258821.699555,4313.694992583333,660.2594376403061,1960.7704511742425,2374.5110050917433,2441.714146745283,0.0,258821.699555,3600000.0,3599999.999,normal__s07__fixed_threshold,fixed_threshold,main,,,True,,0.0
motion_only,normal,7,3600.0,4ce3a93a66928742,True,synthetic_distribution,False,,392,392,277,0,31851.266,0.008847573888888889,122,2.033333333333333,122,2.033333333333333,87,84,122,93,62,0.6666666666666666,0.33333333333333337,0.30324909747292417,62,824.5376935483949,272.53399999975227,1091.8405323895809,2757.739199999976,3381.493700000013,4215.850870000034,233.07499999995343,4383.987000000008,122,262.3774672131117,261.6885000001639,16.059470942771824,281.575399999955,290.11625000013737,305.78641000005416,217.12899999995716,316.02700000000186,122,263.38386885245757,262.6885000001639,16.060971154602036,282.575399999955,291.11625000013737,306.78641000005416,218.12899999995716,317.02700000000186,0,181.0,44.0,96.0,71.0,0.8044444444444444,0.6534296028880866,0.7211155378486055,0.3826086956521739,0.34657039711191334,0.7377049180327869,84,4,6,0.9545454545454546,0.9333333333333333,0.9438202247191012,0.9655172413793104,0.8408511111111112,0.12617860112068938,0.16310312500000002,0.0,1.0,,,not_computed_no_bbox_data,1,0,1.0,0,0,0,0.0,0,0,0,0,0,0,0,,,0,,,,,,,0.0,0,0,0,0,0,0,91.0,122,0.658883606557377,0.62415,0.12985468315505017,0.85901,0.922755,0.9755869999999999,0.5008,0.979,122,0.0,0.0,0.0,0.0,0.0,0.0,0.0,0.0,122,0,0,0,0,0.0,0.0,3599527.616,215971.656978,392.0,35.28,0.0,0.0,80.384,6.832614,3568148.736,28545.189887,366.0,54.9,17310.755,7270.517028,13264.009,5570.883913,910.5,273.15,0.0,0.0,216013.76959200003,41714.640828,257728.41042,4295.473507,657.470434744898,2112.527954262295,2962.3955220689654,3068.195362142857,0.0,257728.410421,3600000.0,3600000.0,normal__s07__motion_only,motion_only,main,,,True,,0.0
secure,normal,7,3600.0,4ce3a93a66928742,True,synthetic_distribution,False,,392,392,277,0,23881.646999999997,0.0066337908333333325,120,2.0,120,2.0,98,94,131,93,67,0.7204301075268817,0.27956989247311825,0.33935018050541516,67,460.9415970149205,183.6799999999348,790.1016356754249,1078.311399999959,1612.1287999998076,4126.830580000094,131.30300000007264,4384.387000000002,120,200.72266666667144,165.57099999999718,56.117670133823296,273.17779999997003,280.1866500001168,293.2112000000049,125.84499999997206,297.36900000006426,120,201.72266666667144,166.57099999999718,56.117670133823296,274.17779999997003,281.1866500001168,294.2112000000049,126.84499999997206,298.36900000006426,0,253.0,27.0,24.0,88.0,0.9035714285714286,0.9133574007220217,0.9084380610412927,0.23478260869565218,0.08664259927797834,0.8549618320610687,94,5,7,0.9494949494949495,0.9306930693069307,0.9400000000000001,0.9591836734693877,0.8217801980198021,0.1158466978552276,0.16179999999999997,0.5666666666666667,0.43333333333333335,,,not_computed_no_bbox_data,1,0,1.0,0,0,0,0.0,0,0,0,131,11,120,11,,,0,0.08396946564885496,0.09821428571428571,0.08396946564885496,0.0,,,0.4,0,0,8,3,0,0,141.0,120,0.6542475000000001,0.61995,0.1207183728349416,0.8360100000000001,0.88971,0.961334,0.5008,0.979,120,0.0,0.0,0.0,0.0,0.0,0.0,0.0,0.0,120,0,0,0,0,0.0,0.0,3599477.091,215968.625438,392.0,35.28,52.4,4.978,78.509,6.673296,3576118.352,28608.946812,360.0,54.0,16930.318,7110.733373,5671.831,2382.168982,919.5,275.85,0.0,0.0,216015.55673399998,38431.699167,254447.255901,4240.78759835,649.1001426045918,2120.393799175,2596.4005704183674,2706.885701074468,4.978,254447.255901,3600000.0,3600000.0009999997,normal__s07__secure,secure,main,,,True,,0.0
always_on,normal,8,3600.0,3f9fc7b26892d480,True,synthetic_distribution,False,,337,337,262,0,3600000.0,1.0,1,0.016666666666666666,337,5.616666666666666,259,240,0,92,90,0.9782608695652174,0.021739130434782594,0.916030534351145,90,365.7827444444506,288.26150000013877,281.0527990817847,496.2009999999967,921.4230999999621,1384.617799999902,131.02399999997579,2007.6000000000931,0,,,,,,,,,337,306.29567655787116,294.14199999999255,95.2968751149377,436.69580000001014,485.1829999999259,544.6200000000931,126.0109999999404,651.1190000000643,0,,,,,,,,,,,240,20,22,0.9230769230769231,0.916030534351145,0.9195402298850576,0.9266409266409267,0.8328209923664122,0.10523316047415497,0.18013866666666664,0.5370919881305638,0.4629080118694362,,,not_computed_no_bbox_data,1,0,1.0,17768,228,0,,0,0,0,0,0,0,0,,,0,,,,,,,0.0,0,0,0,0,0,0,,0,,,,,,,,,0,,,,,,,,,0,0,0,0,0,3600000.0,18000.0,0.0,0.0,0.0,0.0,0.0,0.0,0.0,0.0,0.0,0.0,0.0,0.0,2542567.965,1067878.545113,947789.535,398071.604887,109642.5,32892.75,0.0,0.0,18000.0,1498842.9000000001,1516842.9000000001,25280.715000000004,4501.017507418398,,5856.536293436294,6320.178750000001,0.0,1516842.9,3600000.0,3600000.0,normal__s08__always_on,always_on,main,,,True,,
event,normal,8,3600.0,3f9fc7b26892d480,True,synthetic_distribution,False,,337,337,262,0,30112.033000000003,0.008364453611111112,153,2.55,153,2.55,140,128,153,92,82,0.8913043478260869,0.10869565217391308,0.48854961832061067,82,395.55656097560717,175.18399999989197,583.8005476207045,1108.5776000003573,1753.431900000069,2691.5808699999625,134.95599999977276,2997.4150000000373,153,198.12903921569057,164.1309999995865,54.42797384540745,271.0200000000186,275.84360000006853,285.609160000002,125.91499999992084,291.3489999999292,153,199.12903921569057,165.1309999995865,54.42797384540745,272.0200000000186,276.84360000006853,286.609160000002,126.91499999992084,292.3489999999292,0,251.0,13.0,11.0,62.0,0.9507575757575758,0.9580152671755725,0.9543726235741445,0.17333333333333334,0.04198473282442748,0.9150326797385621,128,12,12,0.9142857142857143,0.9142857142857143,0.9142857142857143,0.9142857142857143,0.8368099999999999,0.09571384532579578,0.17668461538461538,0.5816993464052288,0.41830065359477125,,,not_computed_no_bbox_data,0,0,0.0,0,0,0,0.0,0,0,0,0,0,0,0,,,0,,,,,,,0.0,0,0,0,0,0,0,111.0,153,0.6594496732026144,0.6377,0.12472941456787624,0.84416,0.90322,1.0325719999999994,0.5054,1.1319,153,0.0,0.0,0.0,0.0,0.0,0.0,0.0,0.0,153,0,0,0,0,0.0,0.0,3599562.104,215973.726234,337.0,30.33,0.0,0.0,100.896,8.576169,3569887.972,28559.103777,459.0,68.85,21510.016,9034.206666,6929.512,2910.395029,1213.5,364.05,0.0,0.0,216012.632403,40936.605472,256949.237875,4282.487297916667,762.4606465133531,1679.406783496732,1835.3516991071428,2007.4159208984374,0.0,256949.237875,3600000.0,3600000.0,normal__s08__event,event,main,,,True,,0.0
event_no_early_exit,normal,8,3600.0,3f9fc7b26892d480,True,synthetic_distribution,False,,337,337,262,0,39798.675,0.0110551875,153,2.55,153,2.55,140,131,153,92,84,0.9130434782608695,0.08695652173913049,0.5,84,445.04182142856286,261.2929999999469,540.2601598425119,1176.0991000001789,1800.8911000001265,2684.0294099999624,224.04200000013225,2997.4150000000373,153,261.4404313725415,259.7720000001136,14.429639529719065,279.8077999999747,285.6691999999806,294.5341200001538,223.04200000013225,300.2720000001136,153,262.4404313725415,260.7720000001136,14.429639529719065,280.8077999999747,286.6691999999806,295.5341200001538,224.04200000013225,301.2720000001136,0,251.0,13.0,11.0,62.0,0.9507575757575758,0.9580152671755725,0.9543726235741445,0.17333333333333334,0.04198473282442748,0.9150326797385621,131,9,9,0.9357142857142857,0.9357142857142857,0.9357142857142857,0.9357142857142857,0.8661914285714285,0.11033962513821743,0.1703153846153846,0.0,1.0,,,not_computed_no_bbox_data,0,0,0.0,0,0,0,0.0,0,0,0,0,0,0,0,,,0,,,,,,,0.0,0,0,0,0,0,0,111.0,153,0.6594496732026144,0.6377,0.12472941456787624,0.84416,0.90322,1.0325719999999994,0.5054,1.1319,153,0.0,0.0,0.0,0.0,0.0,0.0,0.0,0.0,153,0,0,0,0,0.0,0.0,3599562.104,215973.726234,337.0,30.33,0.0,0.0,100.896,8.576169,3560201.327,28481.610616,459.0,68.85,21510.016,9034.206666,16616.157,6978.786017,1213.5,364.05,0.0,0.0,216012.632403,44927.503299,260940.13570199997,4349.0022616999995,774.3030732997032,1705.4910830196077,1863.8581121571426,1991.9094328396943,0.0,260940.135701,3600000.0,3600000.0,normal__s08__event_no_early_exit,event_no_early_exit,main,,,True,,0.0
fixed_threshold,normal,8,3600.0,3f9fc7b26892d480,True,synthetic_distribution,False,,337,337,262,0,39798.675,0.0110551875,153,2.55,153,2.55,140,131,153,92,84,0.9130434782608695,0.08695652173913049,0.5,84,445.04182142856286,261.2929999999469,540.2601598425119,1176.0991000001789,1800.8911000001265,2684.0294099999624,224.04200000013225,2997.4150000000373,153,261.4404313725415,259.7720000001136,14.429639529719065,279.8077999999747,285.6691999999806,294.5341200001538,223.04200000013225,300.2720000001136,153,262.4404313725415,260.7720000001136,14.429639529719065,280.8077999999747,286.6691999999806,295.5341200001538,224.04200000013225,301.2720000001136,0,251.0,13.0,11.0,62.0,0.9507575757575758,0.9580152671755725,0.9543726235741445,0.17333333333333334,0.04198473282442748,0.9150326797385621,131,9,9,0.9357142857142857,0.9357142857142857,0.9357142857142857,0.9357142857142857,0.8661914285714285,0.11033962513821743,0.1703153846153846,0.0,1.0,,,not_computed_no_bbox_data,0,0,0.0,0,0,0,0.0,0,0,0,0,0,0,0,,,0,,,,,,,0.0,0,0,0,0,0,0,111.0,153,0.6594496732026144,0.6377,0.12472941456787624,0.84416,0.90322,1.0325719999999994,0.5054,1.1319,153,0.0,0.0,0.0,0.0,0.0,0.0,0.0,0.0,153,0,0,0,0,0.0,0.0,3599562.104,215973.726234,337.0,30.33,0.0,0.0,100.896,8.576169,3560201.327,28481.610616,459.0,68.85,21510.016,9034.206666,16616.157,6978.786017,1213.5,364.05,0.0,0.0,216012.632403,44927.503299,260940.13570199997,4349.0022616999995,774.3030732997032,1705.4910830196077,1863.8581121571426,1991.9094328396943,0.0,260940.135701,3600000.0,3600000.0,normal__s08__fixed_threshold,fixed_threshold,main,,,True,,0.0
motion_only,normal,8,3600.0,3f9fc7b26892d480,True,synthetic_distribution,False,,337,337,262,0,36412.454,0.010114570555555554,140,2.3333333333333335,140,2.3333333333333335,118,111,140,92,77,0.8369565217391305,0.1630434782608695,0.42366412213740456,77,528.9118701298555,264.36000000004424,606.6375569983327,1613.0209999999734,1874.5976000000257,2481.8750800002517,224.04200000013225,2997.4150000000373,140,261.4103428571336,259.9869999998482,14.09644687962453,278.9484000000637,285.4404499999597,294.55609000013794,223.04200000013225,300.2720000001136,140,262.4103428571336,260.9869999998482,14.09644687962453,279.9484000000637,286.4404499999597,295.55609000013794,224.04200000013225,301.2720000001136,0,193.0,28.0,69.0,47.0,0.8733031674208145,0.7366412213740458,0.7991718426501034,0.37333333333333335,0.2633587786259542,0.8428571428571429,111,7,7,0.940677966101695,0.940677966101695,0.940677966101695,0.940677966101695,0.8676220338983052,0.10660496864319995,0.17709545454545453,0.0,1.0,,,not_computed_no_bbox_data,0,0,0.0,0,0,0,0.0,0,0,0,0,0,0,0,,,0,,,,,,,0.0,0,0,0,0,0,0,75.0,140,0.660527142857143,0.6405000000000001,0.12509978684249226,0.8446900000000002,0.9042199999999999,1.0392539999999992,0.5047,1.1319,140,0.0,0.0,0.0,0.0,0.0,0.0,0.0,0.0,140,0,0,0,0,0.0,0.0,3599570.525,215974.231528,337.0,30.33,0.0,0.0,92.475,7.860335,3563587.543,28508.700345,420.0,63.0,19685.902,8268.078907,15222.055,6393.262978,1084.5,325.35,0.0,0.0,216012.421863,43558.39223,259570.81409300002,4326.1802348833335,770.2398044302671,1854.0772435214287,2199.752661805085,2338.47580263964,0.0,259570.814094,3600000.0,3600000.0,normal__s08__motion_only,motion_only,main,,,True,,0.0
secure,normal,8,3600.0,3f9fc7b26892d480,True,synthetic_distribution,False,,337,337,262,0,28683.364,0.007967601111111111,146,2.433333333333333,146,2.433333333333333,133,122,153,92,82,0.8913043478260869,0.10869565217391308,0.46564885496183206,82,395.9565609756194,175.58399999991525,583.8005476207024,1108.9776000002873,1753.831900000202,2691.9808699998803,135.35599999967963,2997.8150000000023,146,198.18158219179307,163.6054999998305,54.487825020309096,271.13649999990594,275.5882499999716,285.104899999965,126.31499999994412,291.7489999998361,146,199.18158219179307,164.6054999998305,54.487825020309096,272.13649999990594,276.5882499999716,286.104899999965,127.31499999994412,292.7489999998361,0,251.0,13.0,11.0,62.0,0.9507575757575758,0.9580152671755725,0.9543726235741445,0.17333333333333334,0.04198473282442748,0.9150326797385621,122,11,11,0.9172932330827067,0.9172932330827067,0.9172932330827067,0.9172932330827067,0.8379157894736843,0.09655808492278285,0.17668461538461538,0.5821917808219178,0.4178082191780822,,,not_computed_no_bbox_data,0,0,0.0,0,0,0,0.0,0,0,0,153,7,146,7,,,0,0.0457516339869281,0.05,0.0457516339869281,0.0,,,0.4,0,0,7,0,0,0,111.0,146,0.6595739726027396,0.6365000000000001,0.12661104982817395,0.853,0.903675,1.0361700000000005,0.5054,1.1319,146,0.0,0.0,0.0,0.0,0.0,0.0,0.0,0.0,146,0,0,0,0,0.0,0.0,3599505.502,215970.330112,337.0,30.33,61.2,5.814,96.298,8.185342,3571316.642,28570.533136,438.0,65.7,20505.066,8612.12767,6579.292,2763.302666,1161.0,348.3,0.0,0.0,216014.659454,40359.963472,256374.62292599998,4272.9103821,760.7555576439169,1755.9905679863014,1927.628743804511,2101.4313354590163,5.814,256374.622926,3600000.0,3600000.0,normal__s08__secure,secure,main,,,True,,0.0
always_on,normal,9,3600.0,f0835d6b2ef77a36,True,synthetic_distribution,False,,236,236,169,0,3600000.0,1.0,1,0.016666666666666666,234,3.9,166,149,0,50,49,0.98,0.020000000000000018,0.8816568047337278,49,389.2332653061039,288.7689999998547,326.339235091499,494.5997999999993,1124.3606000000607,1675.884319999907,147.94000000017695,1714.9520000000484,0,,,,,,,,,234,307.8472307692175,300.29349999985425,96.4537334403869,445.9302999999957,480.44920000003185,524.247840000058,147.94000000017695,612.2020000000484,0,,,,,,,,,,,149,17,20,0.8975903614457831,0.8816568047337278,0.88955223880597,0.8975903614457831,0.8263124260355029,0.11974542599638413,0.16025230769230772,0.5512820512820513,0.44871794871794873,,,not_computed_no_bbox_data,0,0,0.0,17907,248,0,,0,0,0,0,0,0,0,,,0,,,,,,,0.0,0,0,0,0,0,0,,0,,,,,,,,,0,,,,,,,,,0,0,0,0,0,3600000.0,18000.0,0.0,0.0,0.0,0.0,0.0,0.0,0.0,0.0,0.0,0.0,0.0,0.0,2547690.548,1070030.030262,942584.452,395885.469738,109725.0,32917.5,0.0,0.0,18000.0,1498833.0,1516833.0,25280.55,6427.2584745762715,,9137.548192771084,10180.087248322148,0.0,1516833.0,3600000.0,3600000.0,normal__s09__always_on,always_on,main,,,True,,
event,normal,9,3600.0,f0835d6b2ef77a36,True,synthetic_distribution,False,,236,236,169,0,18921.583,0.005255995277777778,96,1.6,96,1.6,79,73,96,50,45,0.9,0.09999999999999998,0.4319526627218935,45,500.66519999999826,169.84299999999348,995.9846927498616,1352.6011999999928,2031.8543999999279,4450.802999999904,142.7960000000894,6091.29899999965,96,198.41883333332132,164.80899999989197,55.501807690748066,270.78899999983514,276.44149999995716,291.22610000000566,132.56800000020303,297.8970000001136,96,199.41883333332132,165.80899999989197,55.501807690748066,271.78899999983514,277.44149999995716,292.22610000000566,133.56800000020303,298.8970000001136,0,153.0,18.0,16.0,49.0,0.8947368421052632,0.9053254437869822,0.8999999999999999,0.26865671641791045,0.09467455621301775,0.8333333333333334,73,6,7,0.9240506329113924,0.9125,0.9182389937106918,0.9240506329113924,0.82750375,0.11423660594423413,0.1640375,0.59375,0.40625,,,not_computed_no_bbox_data,0,0,0.0,0,0,0,0.0,0,0,0,0,0,0,0,,,0,,,,,,,0.0,0,0,0,0,0,0,73.0,96,0.662490625,0.6345000000000001,0.13099620330225323,0.82325,0.9278249999999999,1.0334899999999998,0.504,1.134,96,0.0,0.0,0.0,0.0,0.0,0.0,0.0,0.0,96,0,0,0,0,0.0,0.0,3599700.401,215982.024056,236.0,21.24,0.0,0.0,63.599,5.405921,3581078.416,28648.627328,288.0,43.2,13551.441,5691.605429,4320.142,1814.459826,762.0,228.6,0.0,0.0,216008.66997699998,36426.492583,252435.16256,4207.252709333333,1069.640519322034,2629.532943333333,3195.381804556962,3458.015925479452,0.0,252435.16256,3600000.0,3599999.9990000003,normal__s09__event,event,main,,,True,,0.0
event_no_early_exit,normal,9,3600.0,f0835d6b2ef77a36,True,synthetic_distribution,False,,236,236,169,0,25217.32,0.007004811111111111,96,1.6,96,1.6,79,76,96,50,46,0.92,0.07999999999999996,0.44970414201183434,46,534.6988695652325,270.67149999993853,943.4868867431626,1150.5495000000228,1590.539000000003,4413.518999999891,241.7640000001993,6091.29899999965,96,263.99939583333725,264.07600000000093,13.407561745830874,279.9185000001453,286.24575000000186,291.22610000000566,230.27899999986403,297.8970000001136,96,264.99939583333725,265.07600000000093,13.407561745830874,280.9185000001453,287.24575000000186,292.22610000000566,231.27899999986403,298.8970000001136,0,153.0,18.0,16.0,49.0,0.8947368421052632,0.9053254437869822,0.8999999999999999,0.26865671641791045,0.09467455621301775,0.8333333333333334,76,3,4,0.9620253164556962,0.95,0.9559748427672956,0.9620253164556962,0.85021,0.12782756343873392,0.15533750000000002,0.0,1.0,,,not_computed_no_bbox_data,0,0,0.0,0,0,0,0.0,0,0,0,0,0,0,0,,,0,,,,,,,0.0,0,0,0,0,0,0,73.0,96,0.662490625,0.6345000000000001,0.13099620330225323,0.82325,0.9278249999999999,1.0334899999999998,0.504,1.134,96,0.0,0.0,0.0,0.0,0.0,0.0,0.0,0.0,96,0,0,0,0,0.0,0.0,3599700.401,215982.024056,236.0,21.24,0.0,0.0,63.599,5.405921,3574782.68,28598.26144,288.0,43.2,13551.441,5691.605429,10620.378,4460.558953,757.5,227.25,0.0,0.0,216008.66997699998,39020.875822,255029.54579899998,4250.492429983333,1080.6336686398304,2656.557768739583,3228.2220987215187,3355.6519184078948,0.0,255029.545799,3600000.0,3599999.9990000003,normal__s09__event_no_early_exit,event_no_early_exit,main,,,True,,0.0
fixed_threshold,normal,9,3600.0,f0835d6b2ef77a36,True,synthetic_distribution,False,,236,236,169,0,25217.32,0.007004811111111111,96,1.6,96,1.6,79,76,96,50,46,0.92,0.07999999999999996,0.44970414201183434,46,534.6988695652325,270.67149999993853,943.4868867431626,1150.5495000000228,1590.539000000003,4413.518999999891,241.7640000001993,6091.29899999965,96,263.99939583333725,264.07600000000093,13.407561745830874,279.9185000001453,286.24575000000186,291.22610000000566,230.27899999986403,297.8970000001136,96,264.99939583333725,265.07600000000093,13.407561745830874,280.9185000001453,287.24575000000186,292.22610000000566,231.27899999986403,298.8970000001136,0,153.0,18.0,16.0,49.0,0.8947368421052632,0.9053254437869822,0.8999999999999999,0.26865671641791045,0.09467455621301775,0.8333333333333334,76,3,4,0.9620253164556962,0.95,0.9559748427672956,0.9620253164556962,0.85021,0.12782756343873392,0.15533750000000002,0.0,1.0,,,not_computed_no_bbox_data,0,0,0.0,0,0,0,0.0,0,0,0,0,0,0,0,,,0,,,,,,,0.0,0,0,0,0,0,0,73.0,96,0.662490625,0.6345000000000001,0.13099620330225323,0.82325,0.9278249999999999,1.0334899999999998,0.504,1.134,96,0.0,0.0,0.0,0.0,0.0,0.0,0.0,0.0,96,0,0,0,0,0.0,0.0,3599700.401,215982.024056,236.0,21.24,0.0,0.0,63.599,5.405921,3574782.68,28598.26144,288.0,43.2,13551.441,5691.605429,10620.378,4460.558953,757.5,227.25,0.0,0.0,216008.66997699998,39020.875822,255029.54579899998,4250.492429983333,1080.6336686398304,2656.557768739583,3228.2220987215187,3355.6519184078948,0.0,255029.545799,3600000.0,3599999.9990000003,normal__s09__fixed_threshold,fixed_threshold,main,,,True,,0.0
motion_only,normal,9,3600.0,f0835d6b2ef77a36,True,synthetic_distribution,False,,236,236,169,0,22847.699999999997,0.0063465833333333325,87,1.45,87,1.45,65,61,87,50,39,0.78,0.21999999999999997,0.3609467455621302,39,686.0480256410357,275.0510000004433,811.4099846727677,1590.939199999883,2005.5458999999921,3440.3350000000887,249.17399999988265,4100.699000000022,87,263.9118505747159,264.2390000000596,14.42915662297357,281.41080000000073,286.3353000000119,291.51064000013287,230.27899999986403,297.8970000001136,87,264.9118505747159,265.2390000000596,14.42915662297357,282.41080000000073,287.3353000000119,292.51064000013287,231.27899999986403,298.8970000001136,0,118.0,23.0,51.0,44.0,0.8368794326241135,0.6982248520710059,0.7612903225806451,0.34328358208955223,0.30177514792899407,0.7701149425287356,61,4,6,0.9384615384615385,0.9104477611940298,0.9242424242424243,0.9384615384615385,0.836376119402985,0.14194247990962613,0.12699000000000002,0.0,1.0,,,not_computed_no_bbox_data,0,0,0.0,0,0,0,0.0,0,0,0,0,0,0,0,,,0,,,,,,,0.0,0,0,0,0,0,0,51.0,87,0.6444367816091955,0.6326,0.09643420713523072,0.77228,0.8004700000000001,0.9120320000000001,0.504,0.9669,87,0.0,0.0,0.0,0.0,0.0,0.0,0.0,0.0,87,0,0,0,0,0.0,0.0,3599707.934,215982.476038,236.0,21.24,0.0,0.0,56.066,4.765613,3577152.298,28617.218382,261.0,39.15,12202.251,5124.945283,9706.452,4076.709657,678.0,203.4,0.0,0.0,216008.48165099998,38061.423322,254069.90497299997,4234.498416216667,1076.5673939533897,2920.3437353218387,3908.767768815384,4165.080409393442,0.0,254069.904973,3600000.0,3600000.001,normal__s09__motion_only,motion_only,main,,,True,,0.0
secure,normal,9,3600.0,f0835d6b2ef77a36,True,synthetic_distribution,False,,236,236,169,0,17892.943,0.004970261944444445,90,1.5,90,1.5,73,67,96,50,45,0.9,0.09999999999999998,0.39644970414201186,45,501.0651999999885,170.24299999998766,995.9846927499133,1353.0012000000017,2032.254400000021,4451.203000000072,143.19599999999627,6091.699000000022,90,200.52701111110537,166.4409999998752,55.60456087519381,270.9130000000365,276.87839999990535,292.0474199999194,132.9680000001099,298.2970000000205,90,201.52701111110537,167.4409999998752,55.60456087519381,271.9130000000365,277.87839999990535,293.0474199999194,133.9680000001099,299.2970000000205,0,153.0,18.0,16.0,49.0,0.8947368421052632,0.9053254437869822,0.8999999999999999,0.26865671641791045,0.09467455621301775,0.8333333333333334,67,6,7,0.9178082191780822,0.9054054054054054,0.9115646258503401,0.9178082191780822,0.8229527027027027,0.11714146139986774,0.1640375,0.5777777777777777,0.4222222222222222,,,not_computed_no_bbox_data,0,0,0.0,0,0,0,0.0,0,0,0,96,6,90,6,,,0,0.0625,0.075,0.0625,0.0,,,0.4,0,0,6,0,0,0,73.0,90,0.6621644444444444,0.6345000000000001,0.13289341873873933,0.8309700000000001,0.9434549999999998,1.039838,0.504,1.134,90,0.0,0.0,0.0,0.0,0.0,0.0,0.0,0.0,90,0,0,0,0,0.0,0.0,3599666.005,215979.960311,236.0,21.24,38.4,3.648,59.595,5.065559,3582107.056,28656.856448,270.0,40.5,12699.948,5333.978274,4208.996,1767.778197,714.0,214.2,0.0,0.0,216009.91387,36013.312918999996,252023.226789,4200.38711315,1067.8950287669493,2800.2580754333335,3452.372969712329,3761.5406983432836,3.648,252023.22679,3600000.0,3599999.9999999995,normal__s09__secure,secure,main,,,True,,0.0
always_on,normal,10,3600.0,220e83a8abd0d618,True,synthetic_distribution,False,,249,249,166,0,3600000.0,1.0,1,0.016666666666666666,247,4.116666666666666,164,147,0,56,55,0.9821428571428571,0.017857142857142905,0.8855421686746988,55,462.88067272727176,340.47199999995064,374.8406091979558,954.5984,1359.3444000000018,1727.391120000007,191.06099999998696,1981.3919999999925,0,,,,,,,,,247,322.685226720645,309.7600000000093,113.09621079113785,464.74079999998213,517.3949999999487,725.0772400000608,146.40500000002794,828.8499999999767,0,,,,,,,,,,,147,18,19,0.8909090909090909,0.8855421686746988,0.8882175226586103,0.8963414634146342,0.8552885542168673,0.08814750476033227,0.16431111111111113,0.5546558704453441,0.44534412955465585,,,not_computed_no_bbox_data,1,0,1.0,17863,252,0,,0,0,0,0,0,0,0,,,0,,,,,,,0.0,0,0,0,0,0,0,,0,,,,,,,,,0,,,,,,,,,0,0,0,0,0,3600000.0,18000.0,0.0,0.0,0.0,0.0,0.0,0.0,0.0,0.0,0.0,0.0,0.0,0.0,2543066.49,1068087.925705,947376.51,397898.134295,109557.0,32867.1,0.0,0.0,18000.0,1498853.1600000001,1516853.1600000001,25280.886000000002,6091.779759036145,,9249.104634146343,10318.728979591839,0.0,1516853.16,3600000.0,3600000.0,normal__s10__always_on,always_on,main,,,True,,
event,normal,10,3600.0,220e83a8abd0d618,True,synthetic_distribution,False,,249,249,166,0,19301.988999999998,0.0053616636111111105,96,1.6,96,1.6,77,70,96,56,47,0.8392857142857143,0.1607142857142857,0.42168674698795183,47,467.63325531915467,177.20899999997346,744.2817061083373,1312.8378000000607,1929.9139999999652,3282.337999999977,127.65299999993294,4052.170999999973,96,202.36997916667528,165.51049999997485,57.30963332138023,273.7530000000843,277.5397500000545,285.88914999999105,126.65299999993294,288.5329999998212,96,203.36997916667528,166.51049999997485,57.30963332138023,274.7530000000843,278.5397500000545,286.88914999999105,127.65299999993294,289.5329999998212,0,153.0,21.0,13.0,62.0,0.8793103448275862,0.9216867469879518,0.9,0.25301204819277107,0.0783132530120482,0.8125,70,7,8,0.9090909090909091,0.8974358974358975,0.9032258064516129,0.9090909090909091,0.847898717948718,0.09649473506072181,0.17322777777777779,0.5416666666666666,0.4583333333333333,,,not_computed_no_bbox_data,0,0,0.0,0,0,0,0.0,0,0,0,0,0,0,0,,,0,,,,,,,0.0,0,0,0,0,0,0,75.0,96,0.6482312499999999,0.6254,0.11328164928967742,0.7948500000000001,0.857975,0.9697649999999997,0.5002,1.0812,96,0.0,0.0,0.0,0.0,0.0,0.0,0.0,0.0,96,0,0,0,0,0.0,0.0,3599688.77,215981.326195,249.0,22.41,0.0,0.0,62.23,5.289557,3580698.012,28645.584098,288.0,43.2,13435.551,5642.93148,4828.437,2027.943382,750.0,225.0,0.0,0.0,216009.02575200002,36584.65896,252593.684712,4209.8947452,1014.4324687228915,2631.18421575,3280.437463792208,3608.4812101714283,0.0,252593.684712,3600000.0,3600000.0,normal__s10__event,event,main,,,True,,0.0
event_no_early_exit,normal,10,3600.0,220e83a8abd0d618,True,synthetic_distribution,False,,249,249,166,0,25074.877,0.006965243611111111,96,1.6,96,1.6,77,70,96,56,49,0.875,0.125,0.42168674698795183,49,523.782469387728,269.34999999962747,722.9709460123073,1416.9033999999986,1946.8899999999433,3294.815959999979,242.04000000003725,4052.170999999973,96,262.5042395833307,262.46750000014435,12.956139471907788,278.73100000002887,282.63749999998254,288.8395499998296,228.5100000000093,294.66399999998976,96,263.5042395833307,263.46750000014435,12.956139471907788,279.73100000002887,283.63749999998254,289.8395499998296,229.5100000000093,295.66399999998976,0,153.0,21.0,13.0,62.0,0.8793103448275862,0.9216867469879518,0.9,0.25301204819277107,0.0783132530120482,0.8125,70,7,8,0.9090909090909091,0.8974358974358975,0.9032258064516129,0.9090909090909091,0.8654307692307694,0.10744380870004573,0.17280555555555555,0.0,1.0,,,not_computed_no_bbox_data,0,0,0.0,0,0,0,0.0,0,0,0,0,0,0,0,,,0,,,,,,,0.0,0,0,0,0,0,0,75.0,96,0.6482312499999999,0.6254,0.11328164928967742,0.7948500000000001,0.857975,0.9697649999999997,0.5002,1.0812,96,0.0,0.0,0.0,0.0,0.0,0.0,0.0,0.0,96,0,0,0,0,0.0,0.0,3599688.77,215981.326195,249.0,22.41,0.0,0.0,62.23,5.289557,3574925.125,28599.400997,288.0,43.2,13435.551,5642.93148,10608.824,4455.706199,742.5,222.75,0.0,0.0,216009.02575200002,38963.988676,254973.01442800002,4249.550240466667,1023.9880097510041,2655.968900291667,3311.337849714286,3642.4716346857144,0.0,254973.014427,3600000.0,3600000.0,normal__s10__event_no_early_exit,event_no_early_exit,main,,,True,,0.0
fixed_threshold,normal,10,3600.0,220e83a8abd0d618,True,synthetic_distribution,False,,249,249,166,0,25623.162999999997,0.007117545277777777,98,1.6333333333333333,98,1.6333333333333333,79,72,98,56,50,0.8928571428571429,0.1071428571428571,0.43373493975903615,50,536.2546799999743,269.08749999990687,750.9502196066286,1450.8291999999556,2200.5117999999834,3279.0377299999823,242.04000000003725,4052.170999999973,98,262.7670816326516,262.46750000014435,12.600824217566206,278.63940000005533,282.44770000001296,288.7169299998263,228.5100000000093,294.66399999998976,98,263.7670816326516,263.46750000014435,12.600824217566206,279.63940000005533,283.44770000001296,289.7169299998263,229.5100000000093,295.66399999998976,0,156.0,21.0,10.0,62.0,0.8813559322033898,0.9397590361445783,0.9096209912536444,0.25301204819277107,0.060240963855421686,0.8163265306122449,72,7,8,0.9113924050632911,0.9,0.9056603773584907,0.9113924050632911,0.8656175000000002,0.10585537993897767,0.17280555555555555,0.0,1.0,,,not_computed_no_bbox_data,0,0,0.0,0,0,0,0.0,0,0,0,0,0,0,0,,,0,,,,,,,0.0,0,0,0,0,0,0,76.0,98,0.6470224489795919,0.61895,0.11257326185494636,0.79383,0.8578250000000001,0.9674190000000001,0.5002,1.0812,98,0.0,0.0,0.0,0.0,0.0,0.0,0.0,0.0,98,0,0,0,0,0.0,0.0,3599687.592,215981.255516,249.0,22.41,0.0,0.0,63.408,5.389686,3574376.838,28595.014705,294.0,44.1,13748.926,5774.549013,10824.236,4546.178955,756.0,226.8,0.0,0.0,216009.05520200002,39186.642673,255195.697875,4253.26163125,1024.8823207831326,2604.0377334183677,3230.325289556962,3544.3846927083337,0.0,255195.697875,3600000.0,3600000.0,normal__s10__fixed_threshold,fixed_threshold,main,,,True,,0.0
motion_only,normal,10,3600.0,220e83a8abd0d618,True,synthetic_distribution,False,,249,249,166,0,23599.093,0.0065553036111111115,90,1.5,90,1.5,63,56,90,56,45,0.8035714285714286,0.1964285714285714,0.3373493975903614,45,627.3483777777667,271.12699999986216,662.0618981676826,1599.6121999999975,2148.3524000000198,2496.014120000024,249.73499999998603,2638.838999999978,90,263.50757777777716,263.0764999999665,12.657988795962636,279.5464000001084,283.20689999989116,294.7176799999911,234.089999999851,295.15200000000186,90,264.50757777777716,264.0764999999665,12.657988795962636,280.5464000001084,284.20689999989116,295.7176799999911,235.089999999851,296.15200000000186,0,120.0,30.0,46.0,53.0,0.8,0.7228915662650602,0.759493670886076,0.3614457831325301,0.27710843373493976,0.7111111111111111,56,7,8,0.8888888888888888,0.875,0.8818897637795274,0.8888888888888888,0.86714375,0.11297910731846036,0.17601923076923073,0.0,1.0,,,not_computed_no_bbox_data,0,0,0.0,0,0,0,0.0,0,0,0,0,0,0,0,,,0,,,,,,,0.0,0,0,0,0,0,0,56.0,90,0.6393377777777778,0.62445,0.10462806203783362,0.78829,0.82102,0.9559789999999999,0.5002,0.9639,90,0.0,0.0,0.0,0.0,0.0,0.0,0.0,0.0,90,0,0,0,0,0.0,0.0,3599693.46,215981.60758,249.0,22.41,0.0,0.0,57.54,4.890928,3576400.909,28611.207273,270.0,40.5,12701.162,5334.487948,9955.929,4181.490244,672.0,201.6,0.0,0.0,216008.90850800002,38369.285465,254378.19397300002,4239.636566216667,1021.5991725823294,2826.424377477778,4037.74911068254,4542.467749517858,0.0,254378.193972,3600000.0,3600000.0,normal__s10__motion_only,motion_only,main,,,True,,0.0
secure,normal,10,3600.0,220e83a8abd0d618,True,synthetic_distribution,False,,249,249,166,0,18158.348,0.005043985555555556,90,1.5,90,1.5,71,64,96,56,45,0.8035714285714286,0.1964285714285714,0.3855421686746988,45,370.20655555552804,165.00600000005215,511.98819642778705,829.2247999999686,1659.436199999879,2218.2964799999268,128.0529999998398,2379.0209999999497,90,203.4633222222134,165.57600000000093,57.886179134229124,274.3113999999943,278.32464999997757,286.4561299998872,127.05299999983981,288.93299999972805,90,204.4633222222134,166.57600000000093,57.886179134229124,275.3113999999943,279.32464999997757,287.4561299998872,128.0529999998398,289.93299999972805,0,153.0,21.0,13.0,62.0,0.8793103448275862,0.9216867469879518,0.9,0.25301204819277107,0.0783132530120482,0.8125,64,7,8,0.9014084507042254,0.8888888888888888,0.8951048951048951,0.9014084507042254,0.8522027777777778,0.08563164804618005,0.17322777777777779,0.5333333333333333,0.4666666666666667,,,not_computed_no_bbox_data,0,0,0.0,0,0,0,0.0,0,0,0,96,6,90,6,,,0,0.0625,0.07692307692307693,0.0625,0.0,,,0.4,0,0,3,3,0,0,75.0,90,0.6428022222222224,0.61895,0.10400550436792501,0.7902300000000001,0.838395,0.947346,0.5002,0.9639,90,0.0,0.0,0.0,0.0,0.0,0.0,0.0,0.0,90,0,0,0,0,0.0,0.0,3599654.748,215979.284872,249.0,22.41,38.4,3.648,57.852,4.917432,3581841.653,28654.733227,270.0,40.5,12574.274,5281.194916,4613.573,1937.700674,700.5,210.15,0.0,0.0,216010.26030399997,36124.278817,252134.53912099998,4202.242318683333,1012.5885105261043,2801.494879122222,3551.19069184507,3939.6021737656247,3.648,252134.539121,3600000.0,3600000.0,normal__s10__secure,secure,main,,,True,,0.0
always_on,quiet,1,3600.0,e16044798e8896ae,True,synthetic_distribution,False,,88,88,66,0,3600000.0,1.0,1,0.016666666666666666,88,1.4666666666666666,65,57,0,22,21,0.9545454545454546,0.045454545454545414,0.8636363636363636,21,361.1423333333916,282.0380000001751,343.98610663533424,435.9089999999851,458.40700000012293,1543.0534000000926,163.3410000000149,1814.2150000000838,0,,,,,,,,,88,286.1526704545494,284.9099999999162,90.57257138112695,402.6021000001579,450.5327000000745,524.9901800000526,142.91500000003725,562.2139999999199,0,,,,,,,,,,,57,9,9,0.8636363636363636,0.8636363636363636,0.8636363636363636,0.8769230769230769,0.8589712121212121,0.08455604016117908,0.17919545454545452,0.6590909090909091,0.3409090909090909,,,not_computed_no_bbox_data,1,0,1.0,18061,209,0,,0,0,0,0,0,0,0,,,0,,,,,,,0.0,0,0,0,0,0,0,,0,,,,,,,,,0,,,,,,,,,0,0,0,0,0,3600000.0,18000.0,0.0,0.0,0.0,0.0,0.0,0.0,0.0,0.0,0.0,0.0,0.0,0.0,2549531.614,1070803.277764,940999.886,395219.952236,109468.5,32840.55,0.0,0.0,18000.0,1498863.78,1516863.78,25281.063000000002,17237.08840909091,,23336.365846153847,26611.645263157894,0.0,1516863.78,3600000.0,3600000.0,quiet__s01__always_on,always_on,main,,,True,,
event,quiet,1,3600.0,e16044798e8896ae,True,synthetic_distribution,False,,88,88,66,0,7782.569,0.0021618247222222223,42,0.7,42,0.7,33,31,42,22,19,0.8636363636363636,0.13636363636363635,0.4696969696969697,19,300.1772631579416,160.1840000001248,338.71098924742836,466.29900000006825,1235.4081999999935,1261.308040000042,127.74200000008568,1267.783000000054,42,186.61542857146455,156.82700000001932,52.72520075484196,260.42130000006875,264.91715000002876,277.3087800000369,126.74200000008568,279.66300000000047,42,187.61542857146455,157.82700000001932,52.72520075484196,261.42130000006875,265.91715000002876,278.3087800000369,127.74200000008568,280.66300000000047,0,61.0,9.0,5.0,13.0,0.8714285714285714,0.9242424242424242,0.8970588235294117,0.4090909090909091,0.07575757575757576,0.8095238095238095,31,2,3,0.9393939393939394,0.9117647058823529,0.9253731343283583,0.9393939393939394,0.8500735294117647,0.08978289743606105,0.1714375,0.6666666666666666,0.3333333333333333,,,not_computed_no_bbox_data,0,0,0.0,0,0,0,0.0,0,0,0,0,0,0,0,,,0,,,,,,,0.0,0,0,0,0,0,0,27.0,42,0.6689857142857142,0.6585000000000001,0.10689634042294814,0.8170099999999999,0.8614949999999998,0.9561149999999999,0.5145,0.9637,42,0.0,0.0,0.0,0.0,0.0,0.0,0.0,0.0,42,0,0,0,0,0.0,0.0,3599883.903,215993.034158,88.0,7.92,0.0,0.0,28.097,2.388276,3592217.43,28737.739437,126.0,18.9,5776.419,2426.095962,1562.151,656.103594,318.0,95.4,0.0,0.0,216003.34243400002,31934.238993000003,247937.581427,4132.293023783333,2817.472516215909,5903.2757482619045,7513.260043242424,7997.986497645161,0.0,247937.581428,3600000.0,3600000.0000000005,quiet__s01__event,event,main,,,True,,0.0
event_no_early_exit,quiet,1,3600.0,e16044798e8896ae,True,synthetic_distribution,False,,88,88,66,0,10888.748,0.003024652222222222,42,0.7,42,0.7,33,32,42,22,21,0.9545454545454546,0.045454545454545414,0.48484848484848486,21,403.13014285715985,261.5360000000801,361.5750663192903,1184.8219999996945,1231.810999999987,1346.5806000000332,243.86700000008568,1375.2730000000447,42,260.57200000002024,260.0790000001434,10.943087623312634,274.6545000000391,279.424199999994,290.08714999999614,240.48500000010245,296.51799999992363,42,261.57200000002024,261.0790000001434,10.943087623312634,275.6545000000391,280.424199999994,291.08714999999614,241.48500000010245,297.51799999992363,0,61.0,9.0,5.0,13.0,0.8714285714285714,0.9242424242424242,0.8970588235294117,0.4090909090909091,0.07575757575757576,0.8095238095238095,32,1,2,0.9696969696969697,0.9411764705882353,0.955223880597015,0.9696969696969697,0.8856264705882354,0.1128576048613675,0.15993749999999998,0.0,1.0,,,not_computed_no_bbox_data,0,0,0.0,0,0,0,0.0,0,0,0,0,0,0,0,,,0,,,,,,,0.0,0,0,0,0,0,0,27.0,42,0.6689857142857142,0.6585000000000001,0.10689634042294814,0.8170099999999999,0.8614949999999998,0.9561149999999999,0.5145,0.9637,42,0.0,0.0,0.0,0.0,0.0,0.0,0.0,0.0,42,0,0,0,0,0.0,0.0,3599883.903,215993.034158,88.0,7.92,0.0,0.0,28.097,2.388276,3589111.253,28712.890024,126.0,18.9,5776.419,2426.095962,4674.328,1963.217757,312.0,93.6,0.0,0.0,216003.34243400002,33214.703743,249218.046177,4153.63410295,2832.0232520113636,5933.763004214286,7552.062005363637,7788.06394303125,0.0,249218.046178,3600000.0,3600000.0000000005,quiet__s01__event_no_early_exit,event_no_early_exit,main,,,True,,0.0
fixed_threshold,quiet,1,3600.0,e16044798e8896ae,True,synthetic_distribution,False,,88,88,66,0,10888.748,0.003024652222222222,42,0.7,42,0.7,33,32,42,22,21,0.9545454545454546,0.045454545454545414,0.48484848484848486,21,403.13014285715985,261.5360000000801,361.5750663192903,1184.8219999996945,1231.810999999987,1346.5806000000332,243.86700000008568,1375.2730000000447,42,260.57200000002024,260.0790000001434,10.943087623312634,274.6545000000391,279.424199999994,290.08714999999614,240.48500000010245,296.51799999992363,42,261.57200000002024,261.0790000001434,10.943087623312634,275.6545000000391,280.424199999994,291.08714999999614,241.48500000010245,297.51799999992363,0,61.0,9.0,5.0,13.0,0.8714285714285714,0.9242424242424242,0.8970588235294117,0.4090909090909091,0.07575757575757576,0.8095238095238095,32,1,2,0.9696969696969697,0.9411764705882353,0.955223880597015,0.9696969696969697,0.8856264705882354,0.1128576048613675,0.15993749999999998,0.0,1.0,,,not_computed_no_bbox_data,0,0,0.0,0,0,0,0.0,0,0,0,0,0,0,0,,,0,,,,,,,0.0,0,0,0,0,0,0,27.0,42,0.6689857142857142,0.6585000000000001,0.10689634042294814,0.8170099999999999,0.8614949999999998,0.9561149999999999,0.5145,0.9637,42,0.0,0.0,0.0,0.0,0.0,0.0,0.0,0.0,42,0,0,0,0,0.0,0.0,3599883.903,215993.034158,88.0,7.92,0.0,0.0,28.097,2.388276,3589111.253,28712.890024,126.0,18.9,5776.419,2426.095962,4674.328,1963.217757,312.0,93.6,0.0,0.0,216003.34243400002,33214.703743,249218.046177,4153.63410295,2832.0232520113636,5933.763004214286,7552.062005363637,7788.06394303125,0.0,249218.046178,3600000.0,3600000.0000000005,quiet__s01__fixed_threshold,fixed_threshold,main,,,True,,0.0
motion_only,quiet,1,3600.0,e16044798e8896ae,True,synthetic_distribution,False,,88,88,66,0,10172.203000000001,0.002825611944444445,39,0.65,39,0.65,26,25,39,22,18,0.8181818181818182,0.18181818181818177,0.3787878787878788,18,966.706055555567,519.3800000000047,940.1894693519782,1973.9395999999717,2334.2595000000065,3430.7118999999616,243.86700000008568,3704.8249999999534,39,262.16443589746723,259.68000000016764,14.013733770807955,277.75620000017807,283.443699999922,299.3216399998497,232.94999999995343,301.0399999998044,39,263.16443589746723,260.68000000016764,14.013733770807955,278.75620000017807,284.443699999922,300.3216399998497,233.94999999995343,302.0399999998044,0,44.0,13.0,22.0,9.0,0.7719298245614035,0.6666666666666666,0.7154471544715446,0.5909090909090909,0.3333333333333333,0.6923076923076923,25,1,2,0.9615384615384616,0.9259259259259259,0.9433962264150944,0.9615384615384616,0.889862962962963,0.1239530747071033,0.1652833333333333,0.0,1.0,,,not_computed_no_bbox_data,0,0,0.0,0,0,0,0.0,0,0,0,0,0,0,0,,,0,,,,,,,0.0,0,0,0,0,0,0,17.0,39,0.7056307692307691,0.6998,0.1265774303359226,0.86366,0.9470500000000001,0.970706,0.5011,0.975,39,0.0,0.0,0.0,0.0,0.0,0.0,0.0,0.0,39,0,0,0,0,0.0,0.0,3599884.481,215993.068832,88.0,7.92,0.0,0.0,27.519,2.339154,3589827.797,28718.622379,117.0,17.55,5397.293,2266.862944,4368.41,1834.732173,289.5,86.85,0.0,0.0,216003.327986,32924.617496,248927.945482,4148.799091366667,2828.7266532045455,6382.767832871795,9574.151749307694,9957.11781928,0.0,248927.945483,3600000.0,3600000.0,quiet__s01__motion_only,motion_only,main,,,True,,0.0
secure,quiet,1,3600.0,e16044798e8896ae,True,synthetic_distribution,False,,88,88,66,0,7485.835999999999,0.002079398888888889,40,0.6666666666666666,40,0.6666666666666666,31,29,42,22,19,0.8636363636363636,0.13636363636363635,0.4393939393939394,19,300.5772631579281,160.58400000003166,338.71098924744626,466.6989999999751,1235.8081999999238,1261.7080400001398,128.14199999999255,1268.1830000001937,40,188.86802500000485,157.2269999999844,53.331840589291915,261.21100000001024,265.84889999993607,277.8236199999775,127.14199999999255,280.06299999996554,40,189.86802500000485,158.2269999999844,53.331840589291915,262.21100000001024,266.84889999993607,278.8236199999775,128.14199999999255,281.06299999996554,0,61.0,9.0,5.0,13.0,0.8714285714285714,0.9242424242424242,0.8970588235294117,0.4090909090909091,0.07575757575757576,0.8095238095238095,29,2,3,0.9354838709677419,0.90625,0.9206349206349206,0.9354838709677419,0.8497875,0.09207418730427075,0.1714375,0.65,0.35,,,not_computed_no_bbox_data,0,0,0.0,0,0,0,0.0,0,0,0,42,2,40,2,,,0,0.047619047619047616,0.058823529411764705,0.047619047619047616,0.0,,,0.4,0,0,2,0,0,0,27.0,40,0.6716875,0.6698,0.10855262504355274,0.81945,0.8674899999999998,0.956485,0.5145,0.9637,40,0.0,0.0,0.0,0.0,0.0,0.0,0.0,0.0,40,0,0,0,0,0.0,0.0,3599868.332,215992.09995,88.0,7.92,16.8,1.596,26.868,2.283738,3592514.163,28740.113301,120.0,18.0,5500.686,2310.288128,1562.151,656.103594,303.0,90.9,0.0,0.0,216003.899688,31815.405023000003,247819.30471099998,4130.3217451833325,2816.128462625,6195.482617774999,7994.1711197096765,8545.493265896552,1.596,247819.30471,3599999.9999999995,3600000.0000000005,quiet__s01__secure,secure,main,,,True,,0.0
always_on,quiet,2,3600.0,567a568553115cdd,True,synthetic_distribution,False,,60,60,51,0,3600000.0,1.0,1,0.016666666666666666,60,1.0,49,44,0,18,17,0.9444444444444444,0.05555555555555558,0.8627450980392157,17,544.1818823528743,309.54899999988265,510.1875861444606,1369.8681999999565,1501.2211999999822,1746.4026400000694,161.66799999959767,1807.6980000000913,0,,,,,,,,,60,300.4840833332933,288.7399999999998,88.81859486662684,419.09530000005617,444.9782999997376,494.0275399999366,150.29799999995157,508.714999999851,0,,,,,,,,,,,44,5,7,0.8979591836734694,0.8627450980392157,0.8799999999999999,0.8979591836734694,0.8284039215686275,0.1343801219835498,0.12418888888888888,0.65,0.35,,,not_computed_no_bbox_data,0,0,0.0,18099,233,0,,0,0,0,0,0,0,0,,,0,,,,,,,0.0,0,0,0,0,0,0,,0,,,,,,,,,0,,,,,,,,,0,0,0,0,0,3600000.0,18000.0,0.0,0.0,0.0,0.0,0.0,0.0,0.0,0.0,0.0,0.0,0.0,0.0,2552149.435,1071902.762766,938308.565,394089.597234,109542.0,32862.6,0.0,0.0,18000.0,1498854.9600000002,1516854.9600000002,25280.916000000005,25280.916000000005,,30956.22367346939,34473.97636363637,0.0,1516854.96,3600000.0,3600000.0,quiet__s02__always_on,always_on,main,,,True,,
event,quiet,2,3600.0,567a568553115cdd,True,synthetic_distribution,False,,60,60,51,0,5410.152999999999,0.0015028202777777775,29,0.48333333333333334,29,0.48333333333333334,26,22,29,18,15,0.8333333333333334,0.16666666666666663,0.43137254901960786,15,464.46739999994253,158.6839999999993,760.0481183874765,1367.10660000001,2230.236199999856,2484.489639999843,139.37699999986216,2548.05299999984,29,187.93048275857302,157.6839999999993,55.46771829027324,273.86719999977066,275.0210000001389,284.33348000006384,135.8289999999106,287.6819999999989,29,188.93048275857302,158.6839999999993,55.46771829027324,274.86719999977066,276.0210000001389,285.33348000006384,136.8289999999106,288.6819999999989,0,47.0,1.0,4.0,8.0,0.9791666666666666,0.9215686274509803,0.9494949494949494,0.1111111111111111,0.0784313725490196,0.9655172413793104,22,4,6,0.8461538461538461,0.7857142857142857,0.8148148148148148,0.8461538461538461,0.8316928571428571,0.1481413562398138,0.1353,0.6896551724137931,0.3103448275862069,,,not_computed_no_bbox_data,0,0,0.0,0,0,0,0.0,0,0,0,0,0,0,0,,,0,,,,,,,0.0,0,0,0,0,0,0,19.0,29,0.6746137931034482,0.6668,0.10582992327361161,0.79818,0.8538599999999997,0.907812,0.5082,0.9161,29,0.0,0.0,0.0,0.0,0.0,0.0,0.0,0.0,29,0,0,0,0,0.0,0.0,3599920.436,215995.226179,60.0,5.4,0.0,0.0,19.564,1.662913,3594589.848,28756.718786,87.0,13.05,4080.727,1713.905272,1015.925,426.688437,226.5,67.95,0.0,0.0,216002.289092,30978.312495000002,246980.601587,4116.343359783334,4116.343359783334,8516.572468517243,9499.253907192307,11226.390981227274,0.0,246980.601588,3600000.0,3600000.0,quiet__s02__event,event,main,,,True,,0.0
event_no_early_exit,quiet,2,3600.0,567a568553115cdd,True,synthetic_distribution,False,,60,60,51,0,7677.206999999999,0.0021325575,29,0.48333333333333334,29,0.48333333333333334,26,26,29,18,17,0.9444444444444444,0.05555555555555558,0.5098039215686274,17,404.2761764705984,258.7939999999944,583.5279564592087,295.2256000001915,772.0706000002084,2288.6741200001907,241.03599999999278,2667.8250000001863,29,266.10462068965154,262.1909999998752,16.854242031591525,290.11200000001116,293.3662000000695,296.2788400001553,238.31999999983236,297.13200000021607,29,267.10462068965154,263.1909999998752,16.854242031591525,291.11200000001116,294.3662000000695,297.2788400001553,239.31999999983236,298.13200000021607,0,47.0,1.0,4.0,8.0,0.9791666666666666,0.9215686274509803,0.9494949494949494,0.1111111111111111,0.0784313725490196,0.9655172413793104,26,0,2,1.0,0.9285714285714286,0.962962962962963,1.0,0.8592750000000001,0.15806814195150137,0.1591,0.0,1.0,,,not_computed_no_bbox_data,0,0,0.0,0,0,0,0.0,0,0,0,0,0,0,0,,,0,,,,,,,0.0,0,0,0,0,0,0,19.0,29,0.6746137931034482,0.6668,0.10582992327361161,0.79818,0.8538599999999997,0.907812,0.5082,0.9161,29,0.0,0.0,0.0,0.0,0.0,0.0,0.0,0.0,29,0,0,0,0,0.0,0.0,3599920.436,215995.226179,60.0,5.4,0.0,0.0,19.564,1.662913,3592322.796,28738.58237,87.0,13.05,4080.727,1713.905272,3281.477,1378.220282,228.0,68.4,0.0,0.0,216002.289092,31912.157924,247914.44701599996,4131.907450266666,4131.907450266666,8548.774035034481,9535.171039076922,9535.171039076922,0.0,247914.447017,3600000.0,3600000.0,quiet__s02__event_no_early_exit,event_no_early_exit,main,,,True,,0.0
fixed_threshold,quiet,2,3600.0,567a568553115cdd,True,synthetic_distribution,False,,60,60,51,0,7677.206999999999,0.0021325575,29,0.48333333333333334,29,0.48333333333333334,26,26,29,18,17,0.9444444444444444,0.05555555555555558,0.5098039215686274,17,404.2761764705984,258.7939999999944,583.5279564592087,295.2256000001915,772.0706000002084,2288.6741200001907,241.03599999999278,2667.8250000001863,29,266.10462068965154,262.1909999998752,16.854242031591525,290.11200000001116,293.3662000000695,296.2788400001553,238.31999999983236,297.13200000021607,29,267.10462068965154,263.1909999998752,16.854242031591525,291.11200000001116,294.3662000000695,297.2788400001553,239.31999999983236,298.13200000021607,0,47.0,1.0,4.0,8.0,0.9791666666666666,0.9215686274509803,0.9494949494949494,0.1111111111111111,0.0784313725490196,0.9655172413793104,26,0,2,1.0,0.9285714285714286,0.962962962962963,1.0,0.8592750000000001,0.15806814195150137,0.1591,0.0,1.0,,,not_computed_no_bbox_data,0,0,0.0,0,0,0,0.0,0,0,0,0,0,0,0,,,0,,,,,,,0.0,0,0,0,0,0,0,19.0,29,0.6746137931034482,0.6668,0.10582992327361161,0.79818,0.8538599999999997,0.907812,0.5082,0.9161,29,0.0,0.0,0.0,0.0,0.0,0.0,0.0,0.0,29,0,0,0,0,0.0,0.0,3599920.436,215995.226179,60.0,5.4,0.0,0.0,19.564,1.662913,3592322.796,28738.58237,87.0,13.05,4080.727,1713.905272,3281.477,1378.220282,228.0,68.4,0.0,0.0,216002.289092,31912.157924,247914.44701599996,4131.907450266666,4131.907450266666,8548.774035034481,9535.171039076922,9535.171039076922,0.0,247914.447017,3600000.0,3600000.0,quiet__s02__fixed_threshold,fixed_threshold,main,,,True,,0.0
motion_only,quiet,2,3600.0,567a568553115cdd,True,synthetic_distribution,False,,60,60,51,0,7118.4619999999995,0.0019773505555555552,27,0.45,27,0.45,22,22,27,18,16,0.8888888888888888,0.11111111111111116,0.43137254901960786,16,483.62043750003374,260.9924999999348,647.337218980678,845.6650000000955,1711.8547500000277,2476.630950000154,241.03599999999278,2667.8250000001863,27,265.01233333334665,262.1909999998752,16.873567116415817,290.6560000000522,293.5459000000519,296.33978000015964,238.31999999983236,297.13200000021607,27,266.01233333334665,263.1909999998752,16.873567116415817,291.6560000000522,294.5459000000519,297.33978000015964,239.31999999983236,298.13200000021607,0,39.0,3.0,12.0,6.0,0.9285714285714286,0.7647058823529411,0.8387096774193549,0.3333333333333333,0.23529411764705882,0.8888888888888888,22,0,2,1.0,0.9166666666666666,0.9565217391304348,1.0,0.8624541666666666,0.1681396158454832,0.1880666666666667,0.0,1.0,,,not_computed_no_bbox_data,0,0,0.0,0,0,0,0.0,0,0,0,0,0,0,0,,,0,,,,,,,0.0,0,0,0,0,0,0,15.0,27,0.6695037037037037,0.6668,0.11009226368921898,0.79986,0.8620199999999999,0.908404,0.5082,0.9161,27,0.0,0.0,0.0,0.0,0.0,0.0,0.0,0.0,27,0,0,0,0,0.0,0.0,3599921.923,215995.315403,60.0,5.4,0.0,0.0,18.077,1.536512,3592881.54,28743.052323,81.0,12.15,3799.625,1595.842463,3029.335,1272.320561,208.5,62.55,0.0,0.0,216002.25191499997,31685.915347000002,247688.16726199997,4128.1361210333325,4128.1361210333325,9173.635824518518,11258.553057363635,11258.553057363635,0.0,247688.167263,3600000.0,3600000.0,quiet__s02__motion_only,motion_only,main,,,True,,0.0
secure,quiet,2,3600.0,567a568553115cdd,True,synthetic_distribution,False,,60,60,51,0,5243.264,0.0014564622222222223,28,0.4666666666666667,28,0.4666666666666667,25,21,29,18,15,0.8333333333333334,0.16666666666666663,0.4117647058823529,15,464.86740000003266,159.08399999999892,760.048118387551,1367.5066000000568,2230.636200000066,2484.8896400001827,139.77699999976903,2548.4530000002123,28,189.0368928571583,155.66000000001623,56.352559921058464,274.2798000000606,275.50875000009034,284.85307000003615,136.22900000028312,288.0819999999985,28,190.0368928571583,156.66000000001623,56.352559921058464,275.2798000000606,276.50875000009034,285.85307000003615,137.22900000028312,289.0819999999985,0,47.0,1.0,4.0,8.0,0.9791666666666666,0.9215686274509803,0.9494949494949494,0.1111111111111111,0.0784313725490196,0.9655172413793104,21,4,6,0.84,0.7777777777777778,0.8076923076923077,0.84,0.8295111111111111,0.15050424050589542,0.1353,0.6785714285714286,0.32142857142857145,,,not_computed_no_bbox_data,0,0,0.0,0,0,0,0.0,0,0,0,29,1,28,1,,,0,0.034482758620689655,0.03571428571428571,0.034482758620689655,0.0,,,0.4,0,0,1,0,0,0,19.0,28,0.6743607142857142,0.66415,0.10776298182271477,0.79902,0.8579399999999998,0.908108,0.5082,0.9161,28,0.0,0.0,0.0,0.0,0.0,0.0,0.0,0.0,28,0,0,0,0,0.0,0.0,3599909.518,215994.571081,60.0,5.4,11.6,1.102,18.882,1.604969,3594756.737,28758.0539,84.0,12.6,3924.338,1648.221817,1015.925,426.688437,219.0,65.7,0.0,0.0,216002.67805000002,30911.264154,246913.94220400002,4115.232370066667,4115.232370066667,8818.355078714287,9876.55768816,11757.806771619049,1.102,246913.942204,3600000.0000000005,3600000.0,quiet__s02__secure,secure,main,,,True,,0.0
always_on,quiet,3,3600.0,68cbf7507eada73f,True,synthetic_distribution,False,,72,72,48,0,3600000.0,1.0,1,0.016666666666666666,71,1.1833333333333333,48,46,0,16,16,1.0,0.0,0.9583333333333334,16,306.7866249999879,304.33049999992363,97.23455318822768,431.16950000007637,476.88825000001816,480.77205000001703,152.4250000002794,481.74300000001676,0,,,,,,,,,71,311.7209859154811,319.0419999998994,97.0430220112142,449.29999999981374,482.14850000001024,522.232399999979,146.3859999999404,526.7249999998603,0,,,,,,,,,,,46,2,2,0.9583333333333334,0.9583333333333334,0.9583333333333334,0.9583333333333334,0.8552,0.07678948287917468,0.16072173913043478,0.6197183098591549,0.38028169014084506,,,not_computed_no_bbox_data,0,0,0.0,18158,247,0,,0,0,0,0,0,0,0,,,0,,,,,,,0.0,0,0,0,0,0,0,,0,,,,,,,,,0,,,,,,,,,0,0,0,0,0,3600000.0,18000.0,0.0,0.0,0.0,0.0,0.0,0.0,0.0,0.0,0.0,0.0,0.0,0.0,2558232.007,1074457.443068,931783.493,391349.066932,109984.5,32995.35,0.0,0.0,18000.0,1498801.86,1516801.86,25280.031000000003,21066.6925,,31600.038750000003,32973.953478260875,0.0,1516801.86,3600000.0,3600000.0,quiet__s03__always_on,always_on,main,,,True,,
event,quiet,3,3600.0,68cbf7507eada73f,True,synthetic_distribution,False,,72,72,48,0,5600.631,0.0015557308333333335,29,0.48333333333333334,29,0.48333333333333334,25,24,29,16,16,1.0,0.0,0.5,16,425.6936250000181,175.14850000012666,902.8392947163042,280.68800000008196,1165.059750000015,3277.1959499999866,143.01399999996647,3805.2299999999814,29,194.4593448275881,158.97500000009313,56.69299004872458,277.0990000001155,288.0128000001423,303.4156000000052,135.29599999962375,308.36599999992177,29,195.4593448275881,159.97500000009313,56.69299004872458,278.0990000001155,289.0128000001423,304.4156000000052,136.29599999962375,309.36599999992177,0,44.0,4.0,4.0,20.0,0.9166666666666666,0.9166666666666666,0.9166666666666666,0.16666666666666666,0.08333333333333333,0.8620689655172413,24,1,1,0.96,0.96,0.96,0.96,0.8496079999999999,0.06478886169705406,0.198975,0.6551724137931034,0.3448275862068966,,,not_computed_no_bbox_data,0,0,0.0,0,0,0,0.0,0,0,0,0,0,0,0,,,0,,,,,,,0.0,0,0,0,0,0,0,19.0,29,0.6909275862068968,0.6319,0.15482872540915224,0.9119799999999999,0.96332,1.068496,0.509,1.1082,29,0.0,0.0,0.0,0.0,0.0,0.0,0.0,0.0,29,0,0,0,0,0.0,0.0,3599907.963,215994.477787,72.0,6.48,0.0,0.0,20.037,1.703135,3594399.37,28755.194958,87.0,13.05,4180.296,1755.724446,1109.834,466.130278,223.5,67.05,0.0,0.0,216002.660922,31057.149682,247059.810604,4117.663510066666,3431.386258388889,8519.303813931034,9882.39242416,10294.158775166667,0.0,247059.810604,3600000.0,3600000.0,quiet__s03__event,event,main,,,True,,0.0
event_no_early_exit,quiet,3,3600.0,68cbf7507eada73f,True,synthetic_distribution,False,,72,72,48,0,7659.9929999999995,0.002127775833333333,29,0.48333333333333334,29,0.48333333333333334,25,24,29,16,15,0.9375,0.0625,0.5,15,509.49446666665415,263.4449999999488,942.7037935198895,297.01740000001155,1388.5402999999662,3411.0984599999083,245.0800000000745,3916.7379999998957,29,265.4718620689668,262.4449999999488,18.31877479672342,291.9630000001751,301.2445999999996,307.1510799999442,237.70799999986775,308.36599999992177,29,266.4718620689668,263.4449999999488,18.31877479672342,292.9630000001751,302.2445999999996,308.1510799999442,238.70799999986775,309.36599999992177,0,44.0,4.0,4.0,20.0,0.9166666666666666,0.9166666666666666,0.9166666666666666,0.16666666666666666,0.08333333333333333,0.8620689655172413,24,1,1,0.96,0.96,0.96,0.96,0.87482,0.07312925771080499,0.16362500000000002,0.0,1.0,,,not_computed_no_bbox_data,0,0,0.0,0,0,0,0.0,0,0,0,0,0,0,0,,,0,,,,,,,0.0,0,0,0,0,0,0,19.0,29,0.6909275862068968,0.6319,0.15482872540915224,0.9119799999999999,0.96332,1.068496,0.509,1.1082,29,0.0,0.0,0.0,0.0,0.0,0.0,0.0,0.0,29,0,0,0,0,0.0,0.0,3599907.963,215994.477787,72.0,6.48,0.0,0.0,20.037,1.703135,3592340.006,28738.720051,87.0,13.05,4180.296,1755.724446,3167.697,1330.432863,225.0,67.5,0.0,0.0,216002.660922,31905.42736,247908.088282,4131.801471366667,3443.1678928055558,8548.554768344828,9916.32353128,10329.503678416668,0.0,247908.088282,3600000.0,3599999.9990000003,quiet__s03__event_no_early_exit,event_no_early_exit,main,,,True,,0.0
fixed_threshold,quiet,3,3600.0,68cbf7507eada73f,True,synthetic_distribution,False,,72,72,48,0,7659.9929999999995,0.002127775833333333,29,0.48333333333333334,29,0.48333333333333334,25,24,29,16,15,0.9375,0.0625,0.5,15,509.49446666665415,263.4449999999488,942.7037935198895,297.01740000001155,1388.5402999999662,3411.0984599999083,245.0800000000745,3916.7379999998957,29,265.4718620689668,262.4449999999488,18.31877479672342,291.9630000001751,301.2445999999996,307.1510799999442,237.70799999986775,308.36599999992177,29,266.4718620689668,263.4449999999488,18.31877479672342,292.9630000001751,302.2445999999996,308.1510799999442,238.70799999986775,309.36599999992177,0,44.0,4.0,4.0,20.0,0.9166666666666666,0.9166666666666666,0.9166666666666666,0.16666666666666666,0.08333333333333333,0.8620689655172413,24,1,1,0.96,0.96,0.96,0.96,0.87482,0.07312925771080499,0.16362500000000002,0.0,1.0,,,not_computed_no_bbox_data,0,0,0.0,0,0,0,0.0,0,0,0,0,0,0,0,,,0,,,,,,,0.0,0,0,0,0,0,0,19.0,29,0.6909275862068968,0.6319,0.15482872540915224,0.9119799999999999,0.96332,1.068496,0.509,1.1082,29,0.0,0.0,0.0,0.0,0.0,0.0,0.0,0.0,29,0,0,0,0,0.0,0.0,3599907.963,215994.477787,72.0,6.48,0.0,0.0,20.037,1.703135,3592340.006,28738.720051,87.0,13.05,4180.296,1755.724446,3167.697,1330.432863,225.0,67.5,0.0,0.0,216002.660922,31905.42736,247908.088282,4131.801471366667,3443.1678928055558,8548.554768344828,9916.32353128,10329.503678416668,0.0,247908.088282,3600000.0,3599999.9990000003,quiet__s03__fixed_threshold,fixed_threshold,main,,,True,,0.0
motion_only,quiet,3,3600.0,68cbf7507eada73f,True,synthetic_distribution,False,,72,72,48,0,5988.343999999998,0.0016634288888888885,23,0.38333333333333336,23,0.38333333333333336,15,14,23,16,11,0.6875,0.3125,0.2916666666666667,11,792.8519090909659,265.3600000003353,1139.0083368800028,1764.2299999999814,2840.4839999999385,3701.487199999905,245.0800000000745,3916.7379999998957,23,261.676565217411,259.45799999986775,14.572556242459493,283.5834000000265,284.8112000000663,286.6911000000127,237.70799999986775,287.1959999999963,23,262.676565217411,260.45799999986775,14.572556242459493,284.5834000000265,285.8112000000663,287.6911000000127,238.70799999986775,288.1959999999963,0,27.0,8.0,21.0,16.0,0.7714285714285715,0.5625,0.6506024096385543,0.3333333333333333,0.4375,0.6521739130434783,14,1,1,0.9333333333333333,0.9333333333333333,0.9333333333333333,0.9333333333333333,0.8691666666666666,0.09191816753944523,0.128025,0.0,1.0,,,not_computed_no_bbox_data,0,0,0.0,0,0,0,0.0,0,0,0,0,0,0,0,,,0,,,,,,,0.0,0,0,0,0,0,0,12.0,23,0.6897695652173913,0.6459,0.15403721343405835,0.9356000000000001,0.96563,1.0770040000000003,0.5331,1.1082,23,0.0,0.0,0.0,0.0,0.0,0.0,0.0,0.0,23,0,0,0,0,0.0,0.0,3599912.135,215994.728114,72.0,6.48,0.0,0.0,15.865,1.348505,3594011.655,28752.09324,69.0,10.35,3237.502,1359.750652,2509.343,1053.924264,172.5,51.75,0.0,0.0,216002.556619,31227.868155999997,247230.42477500002,4120.5070795833335,3433.755899652778,10749.14890326087,16482.028318333334,17659.316055357143,0.0,247230.424774,3600000.0,3599999.9999999995,quiet__s03__motion_only,motion_only,main,,,True,,0.0
secure,quiet,3,3600.0,68cbf7507eada73f,True,synthetic_distribution,False,,72,72,48,0,5600.631,0.0015557308333333335,29,0.48333333333333334,29,0.48333333333333334,25,24,29,16,16,1.0,0.0,0.5,16,426.09362500003226,175.54850000003353,902.8392947162739,281.0879999999888,1165.4597499999218,3277.5959499998935,143.414000000339,3805.6299999998882,29,194.85934482757824,159.375,56.692990048693396,277.49900000002236,288.4128000000492,303.8155999999121,135.69599999999627,308.76599999982864,29,195.85934482757824,160.375,56.692990048693396,278.49900000002236,289.4128000000492,304.8155999999121,136.69599999999627,309.76599999982864,0,44.0,4.0,4.0,20.0,0.9166666666666666,0.9166666666666666,0.9166666666666666,0.16666666666666666,0.08333333333333333,0.8620689655172413,24,1,1,0.96,0.96,0.96,0.96,0.8496079999999999,0.06478886169705406,0.198975,0.6551724137931034,0.3448275862068966,,,not_computed_no_bbox_data,0,0,0.0,0,0,0,0.0,0,0,0,29,0,29,0,,,0,0.0,0.0,0.0,,,,0.4,0,0,0,0,0,0,19.0,29,0.6909275862068968,0.6319,0.15482872540915224,0.9119799999999999,0.96332,1.068496,0.509,1.1082,29,0.0,0.0,0.0,0.0,0.0,0.0,0.0,0.0,29,0,0,0,0,0.0,0.0,3599896.363,215993.781787,72.0,6.48,11.6,1.102,20.037,1.703135,3594399.37,28755.194958,87.0,13.05,4180.296,1755.724446,1109.834,466.130278,223.5,67.05,0.0,0.0,216003.06692200003,31057.149682,247060.216604,4117.670276733333,3431.3918972777774,8519.317813931035,9882.408664159999,10294.175691833332,1.102,247060.216604,3600000.0,3600000.0,quiet__s03__secure,secure,main,,,True,,0.0
always_on,quiet,4,3600.0,182a8cac328d4025,True,synthetic_distribution,False,,31,31,19,0,3600000.0,1.0,1,0.016666666666666666,31,0.5166666666666667,19,15,0,7,7,1.0,0.0,0.7894736842105263,7,631.6438571428464,326.82399999996414,794.9709662522979,1263.4736000000507,1844.4112999999882,2309.1614599999402,240.13899999996647,2425.348999999929,0,,,,,,,,,31,336.5496451612764,326.82399999996414,89.25307491714484,458.8429999999935,488.7885000000606,493.78790000011213,157.98300000000745,495.8870000001043,0,,,,,,,,,,,15,5,4,0.75,0.7894736842105263,0.7692307692307692,0.7894736842105263,0.8477736842105263,0.08054348612951102,0.22629166666666664,0.22580645161290322,0.7741935483870968,,,not_computed_no_bbox_data,1,0,1.0,18149,251,0,,0,0,0,0,0,0,0,,,0,,,,,,,0.0,0,0,0,0,0,0,,0,,,,,,,,,0,,,,,,,,,0,0,0,0,0,3600000.0,18000.0,0.0,0.0,0.0,0.0,0.0,0.0,0.0,0.0,0.0,0.0,0.0,0.0,2552658.574,1072116.60109,937677.926,393824.72891,109663.5,32899.05,0.0,0.0,18000.0,1498840.3800000001,1516840.3800000001,25280.673000000003,48930.334838709685,,79833.70421052632,101122.69200000001,0.0,1516840.38,3600000.0,3600000.0,quiet__s04__always_on,always_on,main,,,True,,
event,quiet,4,3600.0,182a8cac328d4025,True,synthetic_distribution,False,,31,31,19,0,3575.074000000001,0.0009930761111111115,15,0.25,15,0.25,10,9,15,7,7,1.0,0.0,0.47368421052631576,7,738.0712857144119,261.98999999975786,869.7721075124373,1918.7132000001616,2107.2536000001937,2258.0859200002205,144.04500000039116,2295.7940000002272,15,239.68766666675413,257.77899999998044,52.37322901414758,277.15240000020714,279.2270000002376,279.24380000004135,125.53600000031292,279.2479999999923,15,240.68766666675413,258.77899999998044,52.37322901414758,278.15240000020714,280.2270000002376,280.24380000004135,126.53600000031292,280.2479999999923,0,18.0,5.0,1.0,7.0,0.782608695652174,0.9473684210526315,0.8571428571428571,0.4166666666666667,0.05263157894736842,0.6666666666666666,9,1,1,0.9,0.9,0.9,0.9,0.85649,0.09761052368127798,0.16748000000000002,0.2,0.8,,,not_computed_no_bbox_data,0,0,0.0,0,0,0,0.0,0,0,0,0,0,0,0,,,0,,,,,,,0.0,0,0,0,0,0,0,8.0,15,0.6173533333333333,0.5937,0.11171163046412122,0.7608,0.8344199999999999,0.8777639999999999,0.5083,0.8886,15,0.0,0.0,0.0,0.0,0.0,0.0,0.0,0.0,15,0,0,0,0,0.0,0.0,3599959.74,215997.584392,31.0,2.79,0.0,0.0,9.26,0.787112,3596424.926,28771.399404,45.0,6.75,2067.538,868.366026,1353.036,568.275257,109.5,32.85,0.0,0.0,216001.161504,30247.640687,246248.802191,4104.146703183334,7943.509748096774,16416.586812733334,24624.8802191,27360.97802122222,0.0,246248.802191,3600000.0,3600000.0,quiet__s04__event,event,main,,,True,,0.0
event_no_early_exit,quiet,4,3600.0,182a8cac328d4025,True,synthetic_distribution,False,,31,31,19,0,3924.392000000001,0.0010901088888888891,15,0.25,15,0.25,10,10,15,7,7,1.0,0.0,0.5263157894736842,7,460.161285714396,261.23700000019744,532.4862588291905,835.061200000253,1251.193600000184,1584.0995200001303,233.2320000003092,1667.3260000001173,15,262.97560000006536,260.23700000019744,12.300904320986257,278.5176000002772,279.2270000002376,279.24380000004135,232.2320000003092,279.2479999999923,15,263.97560000006536,261.23700000019744,12.300904320986257,279.5176000002772,280.2270000002376,280.24380000004135,233.2320000003092,280.2479999999923,0,18.0,5.0,1.0,7.0,0.782608695652174,0.9473684210526315,0.8571428571428571,0.4166666666666667,0.05263157894736842,0.6666666666666666,10,0,0,1.0,1.0,1.0,1.0,0.86462,0.1056293393585955,0.16748000000000002,0.0,1.0,,,not_computed_no_bbox_data,0,0,0.0,0,0,0,0.0,0,0,0,0,0,0,0,,,0,,,,,,,0.0,0,0,0,0,0,0,8.0,15,0.6173533333333333,0.5937,0.11171163046412122,0.7608,0.8344199999999999,0.8777639999999999,0.5083,0.8886,15,0.0,0.0,0.0,0.0,0.0,0.0,0.0,0.0,15,0,0,0,0,0.0,0.0,3599959.74,215997.584392,31.0,2.79,0.0,0.0,9.26,0.787112,3596075.607,28768.604855,45.0,6.75,2067.538,868.366026,1702.355,714.989067,109.5,32.85,0.0,0.0,216001.161504,30391.559948,246392.721452,4106.545357533333,7948.152304903226,16426.181430133332,24639.2721452,24639.2721452,0.0,246392.721452,3600000.0,3600000.0,quiet__s04__event_no_early_exit,event_no_early_exit,main,,,True,,0.0
fixed_threshold,quiet,4,3600.0,182a8cac328d4025,True,synthetic_distribution,False,,31,31,19,0,3924.392000000001,0.0010901088888888891,15,0.25,15,0.25,10,10,15,7,7,1.0,0.0,0.5263157894736842,7,460.161285714396,261.23700000019744,532.4862588291905,835.061200000253,1251.193600000184,1584.0995200001303,233.2320000003092,1667.3260000001173,15,262.97560000006536,260.23700000019744,12.300904320986257,278.5176000002772,279.2270000002376,279.24380000004135,232.2320000003092,279.2479999999923,15,263.97560000006536,261.23700000019744,12.300904320986257,279.5176000002772,280.2270000002376,280.24380000004135,233.2320000003092,280.2479999999923,0,18.0,5.0,1.0,7.0,0.782608695652174,0.9473684210526315,0.8571428571428571,0.4166666666666667,0.05263157894736842,0.6666666666666666,10,0,0,1.0,1.0,1.0,1.0,0.86462,0.1056293393585955,0.16748000000000002,0.0,1.0,,,not_computed_no_bbox_data,0,0,0.0,0,0,0,0.0,0,0,0,0,0,0,0,,,0,,,,,,,0.0,0,0,0,0,0,0,8.0,15,0.6173533333333333,0.5937,0.11171163046412122,0.7608,0.8344199999999999,0.8777639999999999,0.5083,0.8886,15,0.0,0.0,0.0,0.0,0.0,0.0,0.0,0.0,15,0,0,0,0,0.0,0.0,3599959.74,215997.584392,31.0,2.79,0.0,0.0,9.26,0.787112,3596075.607,28768.604855,45.0,6.75,2067.538,868.366026,1702.355,714.989067,109.5,32.85,0.0,0.0,216001.161504,30391.559948,246392.721452,4106.545357533333,7948.152304903226,16426.181430133332,24639.2721452,24639.2721452,0.0,246392.721452,3600000.0,3600000.0,quiet__s04__fixed_threshold,fixed_threshold,main,,,True,,0.0
motion_only,quiet,4,3600.0,182a8cac328d4025,True,synthetic_distribution,False,,31,31,19,0,4421.933,0.0012283147222222222,17,0.2833333333333333,17,0.2833333333333333,10,10,17,7,7,1.0,0.0,0.5263157894736842,7,460.161285714396,261.23700000019744,532.4862588291905,835.061200000253,1251.193600000184,1584.0995200001303,233.2320000003092,1667.3260000001173,17,261.45100000004715,260.23700000019744,13.14791955502904,278.16740000024436,279.22400000027267,279.2432000000484,232.2320000003092,279.2479999999923,17,262.45100000004715,261.23700000019744,13.14791955502904,279.16740000024436,280.22400000027267,280.2432000000484,233.2320000003092,280.2479999999923,0,14.0,7.0,5.0,5.0,0.6666666666666666,0.7368421052631579,0.7,0.5833333333333334,0.2631578947368421,0.5882352941176471,10,1,0,0.9090909090909091,1.0,0.9523809523809523,1.0,0.86462,0.1056293393585955,0.26687142857142854,0.0,1.0,,,not_computed_no_bbox_data,1,0,1.0,0,0,0,0.0,0,0,0,0,0,0,0,,,0,,,,,,,0.0,0,0,0,0,0,0,4.0,17,0.6287470588235293,0.6074,0.11105643901664966,0.78606,0.82668,0.876216,0.5083,0.8886,17,0.0,0.0,0.0,0.0,0.0,0.0,0.0,0.0,17,0,0,0,0,0.0,0.0,3599958.311,215997.498685,31.0,2.79,0.0,0.0,10.689,0.908529,3595578.066,28764.624527,51.0,7.65,2311.621,970.880857,1936.313,813.251449,123.0,36.9,0.0,0.0,216001.197214,30593.306833000002,246594.504047,4109.9084007833335,7954.661420870968,14505.559061588236,24659.4504047,24659.4504047,0.0,246594.504049,3600000.0,3600000.0,quiet__s04__motion_only,motion_only,main,,,True,,0.0
secure,quiet,4,3600.0,182a8cac328d4025,True,synthetic_distribution,False,,31,31,19,0,3575.074000000001,0.0009930761111111115,15,0.25,15,0.25,10,9,15,7,7,1.0,0.0,0.47368421052631576,7,738.4712857143271,262.3899999996647,869.772107512432,1919.1132000000684,2107.6536000001006,2258.4859200001274,144.44500000029802,2296.194000000134,15,240.08766666668234,258.1789999999455,52.373229014160614,277.552400000114,279.62700000017065,279.6438000000233,125.93600000021979,279.6479999999865,15,241.08766666668234,259.1789999999455,52.373229014160614,278.552400000114,280.62700000017065,280.6438000000233,126.93600000021979,280.6479999999865,0,18.0,5.0,1.0,7.0,0.782608695652174,0.9473684210526315,0.8571428571428571,0.4166666666666667,0.05263157894736842,0.6666666666666666,9,1,1,0.9,0.9,0.9,0.9,0.85649,0.09761052368127798,0.16748000000000002,0.2,0.8,,,not_computed_no_bbox_data,0,0,0.0,0,0,0,0.0,0,0,0,15,0,15,0,,,0,0.0,0.0,0.0,,,,0.4,0,0,0,0,0,0,8.0,15,0.6173533333333333,0.5937,0.11171163046412122,0.7608,0.8344199999999999,0.8777639999999999,0.5083,0.8886,15,0.0,0.0,0.0,0.0,0.0,0.0,0.0,0.0,15,0,0,0,0,0.0,0.0,3599953.74,215997.224392,31.0,2.79,6.0,0.57,9.26,0.787112,3596424.926,28771.399404,45.0,6.75,2067.538,868.366026,1353.036,568.275257,109.5,32.85,0.0,0.0,216001.371504,30247.640687,246249.012191,4104.150203183333,7943.516522290322,16416.600812733333,24624.9012191,27361.001354555556,0.57,246249.012191,3600000.0,3600000.0,quiet__s04__secure,secure,main,,,True,,0.0
always_on,quiet,5,3600.0,bd0f68cac56a0886,True,synthetic_distribution,False,,78,78,59,0,3600000.0,1.0,1,0.016666666666666666,78,1.3,59,56,0,17,16,0.9411764705882353,0.05882352941176472,0.9491525423728814,16,378.7172500000602,323.0054999999702,263.09504038583844,419.6250000001164,650.6437499999884,1190.2207499998037,163.31499999994412,1325.1149999997579,0,,,,,,,,,78,303.1386666666801,306.44550000003073,92.78645737823946,408.2345999999903,484.0368500001611,521.2768100001873,138.17900000000373,522.1599999999162,0,,,,,,,,,,,56,3,3,0.9491525423728814,0.9491525423728814,0.9491525423728814,0.9491525423728814,0.8558050847457627,0.09019576108957214,0.1542842105263158,0.6153846153846154,0.38461538461538464,,,not_computed_no_bbox_data,0,0,0.0,18045,219,0,,0,0,0,0,0,0,0,,,0,,,,,,,0.0,0,0,0,0,0,0,,0,,,,,,,,,0,,,,,,,,,0,0,0,0,0,3600000.0,18000.0,0.0,0.0,0.0,0.0,0.0,0.0,0.0,0.0,0.0,0.0,0.0,0.0,2544462.854,1068674.398589,946220.146,397412.461411,109317.0,32795.1,0.0,0.0,18000.0,1498881.9600000002,1516881.9600000002,25281.366,19447.204615384617,,25709.86372881356,27087.177857142862,0.0,1516881.96,3600000.0,3600000.0,quiet__s05__always_on,always_on,main,,,True,,
event,quiet,5,3600.0,bd0f68cac56a0886,True,synthetic_distribution,False,,78,78,59,0,7408.637000000001,0.0020579547222222224,38,0.6333333333333333,38,0.6333333333333333,33,30,38,17,15,0.8823529411764706,0.11764705882352944,0.5084745762711864,15,216.41573333336225,241.00699999998324,51.506485366170956,262.88279999999503,269.82349999998695,281.3622999999765,143.08400000003166,284.2469999999739,38,196.3008421052714,165.34599999990314,48.95662277900201,260.14340000028386,261.08820000020785,275.62314999998085,142.08400000003166,283.2469999999739,38,197.3008421052714,166.34599999990314,48.95662277900201,261.14340000028386,262.08820000020785,276.62314999998085,143.08400000003166,284.2469999999739,0,58.0,5.0,1.0,14.0,0.9206349206349206,0.9830508474576272,0.9508196721311476,0.2631578947368421,0.01694915254237288,0.868421052631579,30,3,3,0.9090909090909091,0.9090909090909091,0.9090909090909091,0.9090909090909091,0.8490757575757576,0.09839494407203751,0.12947999999999998,0.6052631578947368,0.39473684210526316,,,not_computed_no_bbox_data,0,0,0.0,0,0,0,0.0,0,0,0,0,0,0,0,,,0,,,,,,,0.0,0,0,0,0,0,0,25.0,38,0.648936842105263,0.62905,0.13190206526886003,0.81218,0.939795,0.9627530000000001,0.5045,0.9676,38,0.0,0.0,0.0,0.0,0.0,0.0,0.0,0.0,38,0,0,0,0,0.0,0.0,3599897.341,215993.840439,78.0,7.02,0.0,0.0,24.659,2.096044,3592591.363,28740.730902,114.0,17.1,5357.328,2250.077738,1643.309,690.189893,294.0,88.2,0.0,0.0,216002.956483,31786.298532999997,247789.255016,4129.820916933333,3176.7853207179487,6520.769868842105,7508.765303515152,8259.641833866666,0.0,247789.255017,3600000.0,3600000.0,quiet__s05__event,event,main,,,True,,0.0
event_no_early_exit,quiet,5,3600.0,bd0f68cac56a0886,True,synthetic_distribution,False,,78,78,59,0,10027.106999999998,0.0027853074999999996,38,0.6333333333333333,38,0.6333333333333333,33,32,38,17,17,1.0,0.0,0.5423728813559322,17,265.1089411764983,261.7439999999988,16.538152993477556,287.8388000002131,289.4771999999881,290.28103999987246,236.31599999964237,290.48199999984354,38,265.2079210526752,262.54349999997066,15.389932411899844,286.3826000003144,288.4143999999971,299.1701399999333,235.31599999964237,304.85999999998603,38,266.2079210526752,263.54349999997066,15.389932411899844,287.3826000003144,289.4143999999971,300.1701399999333,236.31599999964237,305.85999999998603,0,58.0,5.0,1.0,14.0,0.9206349206349206,0.9830508474576272,0.9508196721311476,0.2631578947368421,0.01694915254237288,0.868421052631579,32,1,1,0.9696969696969697,0.9696969696969697,0.9696969696969697,0.9696969696969697,0.866369696969697,0.10815000429047751,0.12813999999999998,0.0,1.0,,,not_computed_no_bbox_data,0,0,0.0,0,0,0,0.0,0,0,0,0,0,0,0,,,0,,,,,,,0.0,0,0,0,0,0,0,25.0,38,0.648936842105263,0.62905,0.13190206526886003,0.81218,0.939795,0.9627530000000001,0.5045,0.9676,38,0.0,0.0,0.0,0.0,0.0,0.0,0.0,0.0,38,0,0,0,0,0.0,0.0,3599897.341,215993.840439,78.0,7.02,0.0,0.0,24.659,2.096044,3589972.891,28719.783132,114.0,17.1,5357.328,2250.077738,4264.781,1791.207845,291.0,87.3,0.0,0.0,216002.956483,32865.468715,248868.42519799995,4147.807086633333,3190.6208358717945,6549.169084157894,7541.467430242423,7777.138287437499,0.0,248868.425198,3600000.0,3600000.0,quiet__s05__event_no_early_exit,event_no_early_exit,main,,,True,,0.0
fixed_threshold,quiet,5,3600.0,bd0f68cac56a0886,True,synthetic_distribution,False,,78,78,59,0,10027.106999999998,0.0027853074999999996,38,0.6333333333333333,38,0.6333333333333333,33,32,38,17,17,1.0,0.0,0.5423728813559322,17,265.1089411764983,261.7439999999988,16.538152993477556,287.8388000002131,289.4771999999881,290.28103999987246,236.31599999964237,290.48199999984354,38,265.2079210526752,262.54349999997066,15.389932411899844,286.3826000003144,288.4143999999971,299.1701399999333,235.31599999964237,304.85999999998603,38,266.2079210526752,263.54349999997066,15.389932411899844,287.3826000003144,289.4143999999971,300.1701399999333,236.31599999964237,305.85999999998603,0,58.0,5.0,1.0,14.0,0.9206349206349206,0.9830508474576272,0.9508196721311476,0.2631578947368421,0.01694915254237288,0.868421052631579,32,1,1,0.9696969696969697,0.9696969696969697,0.9696969696969697,0.9696969696969697,0.866369696969697,0.10815000429047751,0.12813999999999998,0.0,1.0,,,not_computed_no_bbox_data,0,0,0.0,0,0,0,0.0,0,0,0,0,0,0,0,,,0,,,,,,,0.0,0,0,0,0,0,0,25.0,38,0.648936842105263,0.62905,0.13190206526886003,0.81218,0.939795,0.9627530000000001,0.5045,0.9676,38,0.0,0.0,0.0,0.0,0.0,0.0,0.0,0.0,38,0,0,0,0,0.0,0.0,3599897.341,215993.840439,78.0,7.02,0.0,0.0,24.659,2.096044,3589972.891,28719.783132,114.0,17.1,5357.328,2250.077738,4264.781,1791.207845,291.0,87.3,0.0,0.0,216002.956483,32865.468715,248868.42519799995,4147.807086633333,3190.6208358717945,6549.169084157894,7541.467430242423,7777.138287437499,0.0,248868.425198,3600000.0,3600000.0,quiet__s05__fixed_threshold,fixed_threshold,main,,,True,,0.0
motion_only,quiet,5,3600.0,bd0f68cac56a0886,True,synthetic_distribution,False,,78,78,59,0,8953.144,0.0024869844444444446,34,0.5666666666666667,34,0.5666666666666667,27,26,34,17,16,0.9411764705882353,0.05882352941176472,0.4406779661016949,16,960.4759999999619,599.4134999999078,978.8281683934172,1980.9580000000678,2717.8532499999947,3568.3682499999777,236.31599999964237,3780.996999999974,34,264.683264705877,264.6040000000212,15.189884703024179,282.473600000015,288.665599999961,289.58852999991154,235.31599999964237,289.64099999994505,34,265.683264705877,265.6040000000212,15.189884703024179,283.473600000015,289.665599999961,290.58852999991154,236.31599999964237,290.64099999994505,0,39.0,8.0,20.0,11.0,0.8297872340425532,0.6610169491525424,0.7358490566037736,0.42105263157894735,0.3389830508474576,0.7941176470588235,26,1,1,0.9629629629629629,0.9629629629629629,0.9629629629629629,0.9629629629629629,0.8682370370370369,0.1165962070505533,0.1398857142857143,0.0,1.0,,,not_computed_no_bbox_data,0,0,0.0,0,0,0,0.0,0,0,0,0,0,0,0,,,0,,,,,,,0.0,0,0,0,0,0,0,12.0,34,0.6777411764705883,0.6551,0.12787803402638298,0.81242,0.9132799999999999,0.948791,0.5053,0.9545,34,0.0,0.0,0.0,0.0,0.0,0.0,0.0,0.0,34,0,0,0,0,0.0,0.0,3599898.957,215993.937409,78.0,7.02,0.0,0.0,23.043,1.95867,3591046.855,28728.374844,102.0,15.3,4739.381,1990.539823,3852.264,1617.950888,259.5,77.85,0.0,0.0,216002.916079,32430.015554999998,248432.93163399998,4140.548860566666,3185.037585051282,7306.850930411764,9201.219690148147,9555.112755153845,0.0,248432.931634,3600000.0,3600000.0,quiet__s05__motion_only,motion_only,main,,,True,,0.0
secure,quiet,5,3600.0,bd0f68cac56a0886,True,synthetic_distribution,False,,78,78,59,0,6988.333,0.001941203611111111,36,0.6,36,0.6,31,28,38,17,15,0.8823529411764706,0.11764705882352944,0.4745762711864407,15,216.81573333335885,241.40700000012293,51.50648536617469,263.28279999993975,270.2234999998938,281.7622999998834,143.48400000017136,284.6469999998808,36,195.86444444449464,165.74600000004284,48.841130868764395,259.91450000002806,261.6710000000894,276.4352499998873,142.48400000017136,283.6469999998808,36,196.86444444449464,166.74600000004284,48.841130868764395,260.91450000002806,262.6710000000894,277.4352499998873,143.48400000017136,284.6469999998808,0,58.0,5.0,1.0,14.0,0.9206349206349206,0.9830508474576272,0.9508196721311476,0.2631578947368421,0.01694915254237288,0.868421052631579,28,3,3,0.9032258064516129,0.9032258064516129,0.9032258064516129,0.9032258064516129,0.8470483870967741,0.10096172169348058,0.12947999999999998,0.6111111111111112,0.3888888888888889,,,not_computed_no_bbox_data,0,0,0.0,0,0,0,0.0,0,0,0,38,2,36,2,,,0,0.05263157894736842,0.06060606060606061,0.05263157894736842,0.0,,,0.4,0,0,2,0,0,0,25.0,36,0.6558694444444444,0.6349,0.13204501141535996,0.8123,0.9415250000000001,0.963015,0.5045,0.9676,36,0.0,0.0,0.0,0.0,0.0,0.0,0.0,0.0,36,0,0,0,0,0.0,0.0,3599883.189,215992.991337,78.0,7.02,15.2,1.444,23.611,2.00694,3593011.667,28744.093332,108.0,16.2,5065.9,2127.678131,1535.433,644.881939,279.0,83.7,0.0,0.0,216003.46227699998,31616.553402,247620.01567900003,4127.000261316667,3174.6155856282057,6878.333768861112,7987.742441258066,8843.571988535716,1.444,247620.015678,3600000.0,3600000.0,quiet__s05__secure,secure,main,,,True,,0.0
always_on,quiet,6,3600.0,bc5d1504b8f47dfa,True,synthetic_distribution,False,,69,69,47,0,3600000.0,1.0,1,0.016666666666666666,69,1.15,44,39,0,17,17,1.0,0.0,0.8297872340425532,17,464.9066470588505,356.3760000001639,431.3569082782735,858.2939999999948,1509.3308000001123,1652.027760000061,161.3980000000156,1687.7020000000484,0,,,,,,,,,69,316.79572463766954,324.7859999999637,91.31674164667014,426.3658000000578,451.2739999999292,500.2587999999919,145.35999999998603,504.0089999999618,0,,,,,,,,,,,39,5,8,0.8863636363636364,0.8297872340425532,0.8571428571428571,0.8863636363636364,0.8114106382978722,0.1606960285135215,0.1492909090909091,0.5652173913043478,0.43478260869565216,,,not_computed_no_bbox_data,0,0,0.0,18050,208,0,,0,0,0,0,0,0,0,,,0,,,,,,,0.0,0,0,0,0,0,0,,0,,,,,,,,,0,,,,,,,,,0,0,0,0,0,3600000.0,18000.0,0.0,0.0,0.0,0.0,0.0,0.0,0.0,0.0,0.0,0.0,0.0,0.0,2544942.235,1068875.738833,945788.765,397231.281167,109269.0,32780.7,0.0,0.0,18000.0,1498887.72,1516887.72,25281.462,21983.88,,34474.72090909091,38894.556923076925,0.0,1516887.72,3600000.0,3600000.0,quiet__s06__always_on,always_on,main,,,True,,
event,quiet,6,3600.0,bc5d1504b8f47dfa,True,synthetic_distribution,False,,69,69,47,0,6230.653000000001,0.0017307369444444448,31,0.5166666666666667,31,0.5166666666666667,22,19,31,17,14,0.8235294117647058,0.17647058823529416,0.40425531914893614,14,200.93807142856323,155.93249999996624,64.02933637552653,272.5867000001075,278.46260000000404,287.07172000000236,138.6640000000043,289.224000000002,31,202.26493548385136,164.02000000001863,61.095744829980404,271.6680000000051,280.43250000001717,286.1327000000092,133.07199999992736,288.224000000002,31,203.26493548385136,165.02000000001863,61.095744829980404,272.6680000000051,281.43250000001717,287.1327000000092,134.07199999992736,289.224000000002,0,44.0,7.0,3.0,15.0,0.8627450980392157,0.9361702127659575,0.8979591836734694,0.3181818181818182,0.06382978723404255,0.8064516129032258,19,3,6,0.8636363636363636,0.76,0.8085106382978724,0.8636363636363636,0.7814,0.19605826302403068,0.18116666666666667,0.5483870967741935,0.45161290322580644,,,not_computed_no_bbox_data,0,0,0.0,0,0,0,0.0,0,0,0,0,0,0,0,,,0,,,,,,,0.0,0,0,0,0,0,0,19.0,31,0.6352354838709677,0.6288,0.10349374714892068,0.7957,0.8398,0.8722,0.5007,0.8836,31,0.0,0.0,0.0,0.0,0.0,0.0,0.0,0.0,31,0,0,0,0,0.0,0.0,3599911.308,215994.678475,69.0,6.21,0.0,0.0,19.692,1.673827,3593769.344,28750.154756,93.0,13.95,4307.42,1809.116247,1593.236,669.159069,237.0,71.1,0.0,0.0,216002.56230199998,31313.480072,247316.04237399998,4121.934039566667,3584.2904691884055,7977.936850774193,11241.638289727272,13016.633809157895,0.0,247316.042374,3600000.0,3600000.0,quiet__s06__event,event,main,,,True,,0.0
event_no_early_exit,quiet,6,3600.0,bc5d1504b8f47dfa,True,synthetic_distribution,False,,69,69,47,0,8120.663000000001,0.0022557397222222227,31,0.5166666666666667,31,0.5166666666666667,22,21,31,17,16,0.9411764705882353,0.05882352941176472,0.44680851063829785,16,413.90318749999824,269.4684999999881,593.6128076386022,288.28049999997165,876.7480000000178,2286.8056000000547,238.29099999999744,2639.320000000065,31,263.232935483858,263.5439999999944,12.843617345955188,279.61200000000827,283.7949999999837,287.6578999999838,237.29099999999744,288.224000000002,31,264.232935483858,264.5439999999944,12.843617345955188,280.61200000000827,284.7949999999837,288.6578999999838,238.29099999999744,289.224000000002,0,44.0,7.0,3.0,15.0,0.8627450980392157,0.9361702127659575,0.8979591836734694,0.3181818181818182,0.06382978723404255,0.8064516129032258,21,1,4,0.9545454545454546,0.84,0.8936170212765958,0.9545454545454546,0.799284,0.20761801198354637,0.16505,0.0,1.0,,,not_computed_no_bbox_data,0,0,0.0,0,0,0,0.0,0,0,0,0,0,0,0,,,0,,,,,,,0.0,0,0,0,0,0,0,19.0,31,0.6352354838709677,0.6288,0.10349374714892068,0.7957,0.8398,0.8722,0.5007,0.8836,31,0.0,0.0,0.0,0.0,0.0,0.0,0.0,0.0,31,0,0,0,0,0.0,0.0,3599911.308,215994.678475,69.0,6.21,0.0,0.0,19.692,1.673827,3591879.337,28735.034697,93.0,13.95,4307.42,1809.116247,3493.743,1467.372152,226.5,67.95,0.0,0.0,216002.56230199998,32093.423096,248095.985398,4134.933089966667,3595.593991275362,8003.09630316129,11277.090245363635,11814.094542761904,0.0,248095.985399,3600000.0,3599999.9999999995,quiet__s06__event_no_early_exit,event_no_early_exit,main,,,True,,0.0
fixed_threshold,quiet,6,3600.0,bc5d1504b8f47dfa,True,synthetic_distribution,False,,69,69,47,0,8120.663000000001,0.0022557397222222227,31,0.5166666666666667,31,0.5166666666666667,22,21,31,17,16,0.9411764705882353,0.05882352941176472,0.44680851063829785,16,413.90318749999824,269.4684999999881,593.6128076386022,288.28049999997165,876.7480000000178,2286.8056000000547,238.29099999999744,2639.320000000065,31,263.232935483858,263.5439999999944,12.843617345955188,279.61200000000827,283.7949999999837,287.6578999999838,237.29099999999744,288.224000000002,31,264.232935483858,264.5439999999944,12.843617345955188,280.61200000000827,284.7949999999837,288.6578999999838,238.29099999999744,289.224000000002,0,44.0,7.0,3.0,15.0,0.8627450980392157,0.9361702127659575,0.8979591836734694,0.3181818181818182,0.06382978723404255,0.8064516129032258,21,1,4,0.9545454545454546,0.84,0.8936170212765958,0.9545454545454546,0.799284,0.20761801198354637,0.16505,0.0,1.0,,,not_computed_no_bbox_data,0,0,0.0,0,0,0,0.0,0,0,0,0,0,0,0,,,0,,,,,,,0.0,0,0,0,0,0,0,19.0,31,0.6352354838709677,0.6288,0.10349374714892068,0.7957,0.8398,0.8722,0.5007,0.8836,31,0.0,0.0,0.0,0.0,0.0,0.0,0.0,0.0,31,0,0,0,0,0.0,0.0,3599911.308,215994.678475,69.0,6.21,0.0,0.0,19.692,1.673827,3591879.337,28735.034697,93.0,13.95,4307.42,1809.116247,3493.743,1467.372152,226.5,67.95,0.0,0.0,216002.56230199998,32093.423096,248095.985398,4134.933089966667,3595.593991275362,8003.09630316129,11277.090245363635,11814.094542761904,0.0,248095.985399,3600000.0,3599999.9999999995,quiet__s06__fixed_threshold,fixed_threshold,main,,,True,,0.0
motion_only,quiet,6,3600.0,bc5d1504b8f47dfa,True,synthetic_distribution,False,,69,69,47,0,7901.79,0.0021949416666666665,30,0.5,30,0.5,18,17,30,17,14,0.8235294117647058,0.17647058823529416,0.3617021276595745,14,535.4290000000141,271.4615000000049,658.4308582892734,1011.5145999999253,1619.2593999998987,2435.3078800000308,238.29099999999744,2639.320000000065,30,264.6556666666664,266.56799999998475,13.021763354133679,279.66000000004425,282.2082500000717,287.04776000001976,237.29099999999744,288.224000000002,30,265.6556666666664,267.56799999998475,13.021763354133679,280.66000000004425,283.2082500000717,288.04776000001976,238.29099999999744,289.224000000002,0,36.0,11.0,11.0,11.0,0.7659574468085106,0.7659574468085106,0.7659574468085105,0.5,0.23404255319148937,0.7,17,1,4,0.9444444444444444,0.8095238095238095,0.8717948717948718,0.9444444444444444,0.7811190476190475,0.2259721545214092,0.1122777777777778,0.0,1.0,,,not_computed_no_bbox_data,0,0,0.0,0,0,0,0.0,0,0,0,0,0,0,0,,,0,,,,,,,0.0,0,0,0,0,0,0,15.0,30,0.6277933333333333,0.62475,0.08830699169153705,0.76124,0.7811649999999999,0.822893,0.5007,0.834,30,0.0,0.0,0.0,0.0,0.0,0.0,0.0,0.0,30,0,0,0,0,0.0,0.0,3599912.166,215994.72998,69.0,6.21,0.0,0.0,18.834,1.600862,3592098.211,28736.785688,90.0,13.5,4223.375,1773.817392,3372.414,1416.413982,216.0,64.8,0.0,0.0,216002.540842,32005.317062,248007.85790399997,4133.464298399999,3594.316781217391,8266.928596799999,13778.214327999998,14588.697523764704,0.0,248007.857904,3600000.0,3600000.0,quiet__s06__motion_only,motion_only,main,,,True,,0.0
secure,quiet,6,3600.0,bc5d1504b8f47dfa,True,synthetic_distribution,False,,69,69,47,0,5821.517000000001,0.0016170880555555558,29,0.48333333333333334,29,0.48333333333333334,20,18,31,17,14,0.8235294117647058,0.17647058823529416,0.3829787234042553,14,201.3380714285595,156.33249999996042,64.02933637549722,272.9867000000959,278.8626000000171,287.47172000000035,139.0639999999985,289.62399999999616,29,202.4191034482526,164.4199999999255,61.887725253265316,273.6568000000232,280.9965999999607,286.67211999997846,133.47199999995064,288.62399999999616,29,203.4191034482526,165.4199999999255,61.887725253265316,274.6568000000232,281.9965999999607,287.67211999997846,134.47199999995064,289.62399999999616,0,44.0,7.0,3.0,15.0,0.8627450980392157,0.9361702127659575,0.8979591836734694,0.3181818181818182,0.06382978723404255,0.8064516129032258,18,2,5,0.9,0.782608695652174,0.8372093023255814,0.9,0.7767173913043478,0.20359211150143477,0.18116666666666667,0.5517241379310345,0.4482758620689655,,,not_computed_no_bbox_data,0,0,0.0,0,0,0,0.0,0,0,0,31,2,29,2,,,0,0.06451612903225806,0.08,0.06451612903225806,0.0,,,0.4,0,0,2,0,0,0,19.0,29,0.6387827586206897,0.6307,0.10589200384274777,0.80336,0.8409599999999999,0.87296,0.5007,0.8836,29,0.0,0.0,0.0,0.0,0.0,0.0,0.0,0.0,29,0,0,0,0,0.0,0.0,3599900.076,215994.004532,69.0,6.21,12.4,1.178,18.524,1.574579,3594178.481,28753.427849,87.0,13.05,4021.611,1689.076824,1492.407,626.811107,220.5,66.15,0.0,0.0,216002.967111,31148.51578,247151.48289099996,4119.191381516666,3581.905549144927,8522.464927275862,12357.574144549999,13730.637938388887,1.178,247151.482892,3600000.0,3599999.9990000003,quiet__s06__secure,secure,main,,,True,,0.0
always_on,quiet,7,3600.0,0f3445b7b1629abb,True,synthetic_distribution,False,,60,60,45,0,3600000.0,1.0,1,0.016666666666666666,60,1.0,45,39,0,17,16,0.9411764705882353,0.05882352941176472,0.8666666666666667,16,366.3821875000046,306.0529999998107,223.27914974674246,484.3640000000596,678.8490000000165,1037.5793999999935,194.47299999999814,1127.261999999988,0,,,,,,,,,60,305.3004500000109,297.84699999995064,89.37149825163375,440.7286000000839,465.18920000004863,516.3944600001327,169.3089999999993,529.3780000000261,0,,,,,,,,,,,39,6,6,0.8666666666666667,0.8666666666666667,0.8666666666666667,0.8666666666666667,0.830728888888889,0.10688161169813973,0.17426,0.5666666666666667,0.43333333333333335,,,not_computed_no_bbox_data,0,0,0.0,18076,233,0,,0,0,0,0,0,0,0,,,0,,,,,,,0.0,0,0,0,0,0,0,,0,,,,,,,,,0,,,,,,,,,0,0,0,0,0,3600000.0,18000.0,0.0,0.0,0.0,0.0,0.0,0.0,0.0,0.0,0.0,0.0,0.0,0.0,2549125.108,1070632.545281,941478.392,395420.924719,109396.5,32818.95,0.0,0.0,18000.0,1498872.42,1516872.42,25281.207,25281.207,,33708.276,38894.164615384616,0.0,1516872.42,3600000.0,3600000.0,quiet__s07__always_on,always_on,main,,,True,,
event,quiet,7,3600.0,0f3445b7b1629abb,True,synthetic_distribution,False,,60,60,45,0,5597.755999999999,0.0015549322222222221,30,0.5,30,0.5,25,22,30,17,15,0.8823529411764706,0.11764705882352944,0.4888888888888889,15,466.33146666661463,167.34700000006706,1052.4475089173347,282.6887999998871,1481.3186999999584,3708.4101400000054,135.75699999998324,4265.183000000019,30,187.93059999997985,157.09849999987637,53.848768629699364,267.86209999988785,271.98184999988877,283.21372999990126,132.0960000003688,287.23399999993853,30,188.93059999997985,158.09849999987637,53.848768629699364,268.86209999988785,272.98184999988877,284.21372999990126,133.0960000003688,288.23399999993853,0,41.0,5.0,4.0,10.0,0.8913043478260869,0.9111111111111111,0.9010989010989011,0.3333333333333333,0.08888888888888889,0.8333333333333334,22,3,3,0.88,0.88,0.88,0.88,0.8358960000000001,0.10605582837983649,0.16468,0.6666666666666666,0.3333333333333333,,,not_computed_no_bbox_data,0,0,0.0,0,0,0,0.0,0,0,0,0,0,0,0,,,0,,,,,,,0.0,0,0,0,0,0,0,16.0,30,0.6805,0.647,0.13782949736840652,0.85103,0.9364399999999996,1.014685,0.5008,1.0215,30,0.0,0.0,0.0,0.0,0.0,0.0,0.0,0.0,30,0,0,0,0,0.0,0.0,3599919.585,215995.175103,60.0,5.4,0.0,0.0,20.415,1.735271,3594402.245,28755.217958,90.0,13.5,4214.383,1770.040968,1062.372,446.196259,231.0,69.3,0.0,0.0,216002.310374,31054.255185,247056.56555899995,4117.609425983333,4117.609425983333,8235.218851966665,9882.262622359998,11229.843889045453,0.0,247056.565559,3600000.0,3600000.0,quiet__s07__event,event,main,,,True,,0.0
event_no_early_exit,quiet,7,3600.0,0f3445b7b1629abb,True,synthetic_distribution,False,,60,60,45,0,7839.614999999999,0.002177670833333333,30,0.5,30,0.5,25,23,30,17,15,0.8823529411764706,0.11764705882352944,0.5111111111111111,15,326.1349333332913,271.2839999999851,235.00689710806915,285.7163999999408,553.9871999999673,1050.0598400000233,242.4519999998156,1174.0780000000377,30,262.65926666666536,265.13649999999325,12.81204420397053,279.36140000019225,281.685800000024,285.8019799999823,241.4519999998156,287.23399999993853,30,263.65926666666536,266.13649999999325,12.81204420397053,280.36140000019225,282.685800000024,286.8019799999823,242.4519999998156,288.23399999993853,0,41.0,5.0,4.0,10.0,0.8913043478260869,0.9111111111111111,0.9010989010989011,0.3333333333333333,0.08888888888888889,0.8333333333333334,23,2,2,0.92,0.92,0.92,0.92,0.8670680000000001,0.12320623536710036,0.14734,0.0,1.0,,,not_computed_no_bbox_data,0,0,0.0,0,0,0,0.0,0,0,0,0,0,0,0,,,0,,,,,,,0.0,0,0,0,0,0,0,16.0,30,0.6805,0.647,0.13782949736840652,0.85103,0.9364399999999996,1.014685,0.5008,1.0215,30,0.0,0.0,0.0,0.0,0.0,0.0,0.0,0.0,30,0,0,0,0,0.0,0.0,3599919.585,215995.175103,60.0,5.4,0.0,0.0,20.415,1.735271,3592160.388,28737.283101,90.0,13.5,4214.383,1770.040968,3299.729,1385.886217,235.5,70.65,0.0,0.0,216002.310374,31977.360286000003,247979.67065999997,4132.994511,4132.994511,8265.989022,9919.186826399999,10781.724811304346,0.0,247979.67066,3600000.0,3599999.9999999995,quiet__s07__event_no_early_exit,event_no_early_exit,main,,,True,,0.0
fixed_threshold,quiet,7,3600.0,0f3445b7b1629abb,True,synthetic_distribution,False,,60,60,45,0,7839.614999999999,0.002177670833333333,30,0.5,30,0.5,25,23,30,17,15,0.8823529411764706,0.11764705882352944,0.5111111111111111,15,326.1349333332913,271.2839999999851,235.00689710806915,285.7163999999408,553.9871999999673,1050.0598400000233,242.4519999998156,1174.0780000000377,30,262.65926666666536,265.13649999999325,12.81204420397053,279.36140000019225,281.685800000024,285.8019799999823,241.4519999998156,287.23399999993853,30,263.65926666666536,266.13649999999325,12.81204420397053,280.36140000019225,282.685800000024,286.8019799999823,242.4519999998156,288.23399999993853,0,41.0,5.0,4.0,10.0,0.8913043478260869,0.9111111111111111,0.9010989010989011,0.3333333333333333,0.08888888888888889,0.8333333333333334,23,2,2,0.92,0.92,0.92,0.92,0.8670680000000001,0.12320623536710036,0.14734,0.0,1.0,,,not_computed_no_bbox_data,0,0,0.0,0,0,0,0.0,0,0,0,0,0,0,0,,,0,,,,,,,0.0,0,0,0,0,0,0,16.0,30,0.6805,0.647,0.13782949736840652,0.85103,0.9364399999999996,1.014685,0.5008,1.0215,30,0.0,0.0,0.0,0.0,0.0,0.0,0.0,0.0,30,0,0,0,0,0.0,0.0,3599919.585,215995.175103,60.0,5.4,0.0,0.0,20.415,1.735271,3592160.388,28737.283101,90.0,13.5,4214.383,1770.040968,3299.729,1385.886217,235.5,70.65,0.0,0.0,216002.310374,31977.360286000003,247979.67065999997,4132.994511,4132.994511,8265.989022,9919.186826399999,10781.724811304346,0.0,247979.67066,3600000.0,3599999.9999999995,quiet__s07__fixed_threshold,fixed_threshold,main,,,True,,0.0
motion_only,quiet,7,3600.0,0f3445b7b1629abb,True,synthetic_distribution,False,,60,60,45,0,7069.378,0.001963716111111111,27,0.45,27,0.45,21,18,27,17,13,0.7647058823529411,0.23529411764705888,0.4,13,525.2609230768632,274.37099999981,499.9330547859665,1330.3276000000071,1469.0080000000216,1588.549600000049,242.4519999998156,1618.4350000000559,27,263.1340740740538,264.8330000000424,13.509122139997167,276.4729999997653,285.3457999999402,295.47019999998366,241.4519999998156,298.3639999999996,27,264.1340740740538,265.8330000000424,13.509122139997167,277.4729999997653,286.3457999999402,296.47019999998366,242.4519999998156,299.3639999999996,0,29.0,7.0,16.0,8.0,0.8055555555555556,0.6444444444444445,0.7160493827160493,0.4666666666666667,0.35555555555555557,0.7777777777777778,18,3,3,0.8571428571428571,0.8571428571428571,0.8571428571428571,0.8571428571428571,0.8255095238095239,0.14324800139883942,0.15136666666666668,0.0,1.0,,,not_computed_no_bbox_data,0,0,0.0,0,0,0,0.0,0,0,0,0,0,0,0,,,0,,,,,,,0.0,0,0,0,0,0,0,8.0,27,0.6430037037037036,0.6136,0.12459358386209597,0.7903800000000002,0.8598399999999999,0.9805759999999998,0.5008,1.0215,27,0.0,0.0,0.0,0.0,0.0,0.0,0.0,0.0,27,0,0,0,0,0.0,0.0,3599922.639,215995.358326,60.0,5.4,0.0,0.0,17.361,1.475705,3592930.624,28743.444992,81.0,12.15,3798.572,1595.400412,2981.304,1252.147514,208.5,62.55,0.0,0.0,216002.23403099997,31665.692918,247667.926949,4127.7987824833335,4127.7987824833335,9172.886183296296,11793.710807095238,13759.329274944444,0.0,247667.926949,3600000.0,3600000.0,quiet__s07__motion_only,motion_only,main,,,True,,0.0
secure,quiet,7,3600.0,0f3445b7b1629abb,True,synthetic_distribution,False,,60,60,45,0,5459.339999999999,0.001516483333333333,29,0.48333333333333334,29,0.48333333333333334,24,21,30,17,15,0.8823529411764706,0.11764705882352944,0.4666666666666667,15,466.7314666666363,167.74699999997392,1052.4475089173366,283.0887999999337,1481.7187000000633,3708.810140000045,136.1569999998901,4265.583000000042,29,189.9800689655274,158.88699999963865,54.02511187263823,268.5311999999918,272.5361999997869,283.75235999997705,132.49600000027567,287.63400000007823,29,190.9800689655274,159.88699999963865,54.02511187263823,269.5311999999918,273.5361999997869,284.75235999997705,133.49600000027567,288.63400000007823,0,41.0,5.0,4.0,10.0,0.8913043478260869,0.9111111111111111,0.9010989010989011,0.3333333333333333,0.08888888888888889,0.8333333333333334,21,3,3,0.875,0.875,0.875,0.875,0.8348125,0.10819542428844446,0.16468,0.6551724137931034,0.3448275862068966,,,not_computed_no_bbox_data,0,0,0.0,0,0,0,0.0,0,0,0,30,1,29,1,,,0,0.03333333333333333,0.04,0.03333333333333333,0.0,,,0.4,0,0,1,0,0,0,16.0,29,0.6755275862068966,0.6423,0.13750343864934464,0.85216,0.9432799999999997,1.01492,0.5008,1.0215,29,0.0,0.0,0.0,0.0,0.0,0.0,0.0,0.0,29,0,0,0,0,0.0,0.0,3599908.41,215994.504583,60.0,5.4,12.0,1.14,19.59,1.665174,3594540.66,28756.325282,87.0,13.05,4087.968,1716.946426,1062.372,446.196259,222.0,66.6,0.0,0.0,216002.709757,30999.117967,247001.827724,4116.697128733334,4116.697128733334,8517.304404275863,10291.742821833333,11761.991796380953,1.14,247001.827724,3600000.0,3600000.0,quiet__s07__secure,secure,main,,,True,,0.0
always_on,quiet,8,3600.0,0cd0f09ea7a9bc78,True,synthetic_distribution,False,,44,44,38,0,3600000.0,1.0,1,0.016666666666666666,44,0.7333333333333333,38,32,0,10,10,1.0,0.0,0.8421052631578947,10,312.940399999966,282.50449999999546,201.27981512767195,402.9151999999418,628.2895999999653,808.5891199999851,159.9769999999553,853.6639999999898,0,,,,,,,,,44,288.4446590908992,282.0689999999886,83.06442212422144,401.32239999973683,439.2240999998525,492.6956400001282,159.32500000018626,522.7320000003092,0,,,,,,,,,,,32,6,6,0.8421052631578947,0.8421052631578947,0.8421052631578947,0.8421052631578947,0.8500999999999999,0.0673204518942293,0.1798166666666667,0.5454545454545454,0.45454545454545453,,,not_computed_no_bbox_data,0,0,0.0,18066,229,0,,0,0,0,0,0,0,0,,,0,,,,,,,0.0,0,0,0,0,0,0,,0,,,,,,,,,0,,,,,,,,,0,0,0,0,0,3600000.0,18000.0,0.0,0.0,0.0,0.0,0.0,0.0,0.0,0.0,0.0,0.0,0.0,0.0,2543669.572,1068341.220389,947130.428,397794.779611,109200.0,32760.0,0.0,0.0,18000.0,1498896.0,1516896.0,25281.6,34474.90909090909,,39918.31578947369,47403.0,0.0,1516896.0,3600000.0,3600000.0,quiet__s08__always_on,always_on,main,,,True,,
event,quiet,8,3600.0,0cd0f09ea7a9bc78,True,synthetic_distribution,False,,44,44,38,0,4077.5119999999997,0.001132642222222222,21,0.35,21,0.35,20,16,21,10,9,0.9,0.09999999999999998,0.42105263157894735,9,358.4037777777218,166.63999999989755,489.7196664628362,554.4179999999938,1105.2739999999985,1545.9588000000035,144.8029999998398,1656.1300000000047,21,195.46376190478,165.63999999989755,55.33539692173913,276.25099999969825,277.9440000000177,277.98079999999607,141.160000000149,277.9899999999907,21,196.46376190478,166.63999999989755,55.33539692173913,277.25099999969825,278.9440000000177,278.98079999999607,142.160000000149,278.9899999999907,0,35.0,1.0,3.0,5.0,0.9722222222222222,0.9210526315789473,0.9459459459459458,0.16666666666666666,0.07894736842105263,0.9523809523809523,16,4,4,0.8,0.8,0.8000000000000002,0.8,0.8448800000000001,0.06794437818036007,0.2594,0.6190476190476191,0.38095238095238093,,,not_computed_no_bbox_data,0,0,0.0,0,0,0,0.0,0,0,0,0,0,0,0,,,0,,,,,,,0.0,0,0,0,0,0,0,15.0,21,0.6462428571428571,0.6024,0.1187763258037079,0.8301,0.871,0.8963599999999999,0.51,0.9027,21,0.0,0.0,0.0,0.0,0.0,0.0,0.0,0.0,21,0,0,0,0,0.0,0.0,3599942.429,215996.545739,44.0,3.96,0.0,0.0,13.571,1.153537,3595922.488,28767.379905,63.0,9.45,2988.579,1255.202986,854.933,359.07199,171.0,51.3,0.0,0.0,216001.659276,30442.404881000002,246444.06415699996,4107.401069283333,5601.001458113636,11735.431626523807,12322.203207849998,15402.754009812497,0.0,246444.064156,3600000.0,3600000.0,quiet__s08__event,event,main,,,True,,0.0
event_no_early_exit,quiet,8,3600.0,0cd0f09ea7a9bc78,True,synthetic_distribution,False,,44,44,38,0,5504.2170000000015,0.0015289491666666672,21,0.35,21,0.35,20,17,21,10,9,0.9,0.09999999999999998,0.4473684210526316,9,614.2956666666238,262.1370000001043,705.1631265011,1732.3086000000128,1884.6658000000286,2006.5515600000415,245.98199999995995,2037.0230000000447,21,263.40209523807806,261.1370000001043,14.907563499479993,277.9899999999907,290.85100000025705,293.9101999999024,239.72099999990314,294.67499999981374,21,264.40209523807806,262.1370000001043,14.907563499479993,278.9899999999907,291.85100000025705,294.9101999999024,240.72099999990314,295.67499999981374,0,35.0,1.0,3.0,5.0,0.9722222222222222,0.9210526315789473,0.9459459459459458,0.16666666666666666,0.07894736842105263,0.9523809523809523,17,3,3,0.85,0.85,0.85,0.85,0.86654,0.08039090941014086,0.2594,0.0,1.0,,,not_computed_no_bbox_data,0,0,0.0,0,0,0,0.0,0,0,0,0,0,0,0,,,0,,,,,,,0.0,0,0,0,0,0,0,15.0,21,0.6462428571428571,0.6024,0.1187763258037079,0.8301,0.871,0.8963599999999999,0.51,0.9027,21,0.0,0.0,0.0,0.0,0.0,0.0,0.0,0.0,21,0,0,0,0,0.0,0.0,3599942.429,215996.545739,44.0,3.96,0.0,0.0,13.571,1.153537,3594495.783,28755.966263,63.0,9.45,2988.579,1255.202986,2275.639,955.768196,177.0,53.1,0.0,0.0,216001.659276,31029.487445,247031.14672099997,4117.1857786833325,5614.34424365909,11763.387939095237,12351.557336049998,14531.243924764703,0.0,247031.146721,3600000.0,3600000.0009999997,quiet__s08__event_no_early_exit,event_no_early_exit,main,,,True,,0.0
fixed_threshold,quiet,8,3600.0,0cd0f09ea7a9bc78,True,synthetic_distribution,False,,44,44,38,0,5504.2170000000015,0.0015289491666666672,21,0.35,21,0.35,20,17,21,10,9,0.9,0.09999999999999998,0.4473684210526316,9,614.2956666666238,262.1370000001043,705.1631265011,1732.3086000000128,1884.6658000000286,2006.5515600000415,245.98199999995995,2037.0230000000447,21,263.40209523807806,261.1370000001043,14.907563499479993,277.9899999999907,290.85100000025705,293.9101999999024,239.72099999990314,294.67499999981374,21,264.40209523807806,262.1370000001043,14.907563499479993,278.9899999999907,291.85100000025705,294.9101999999024,240.72099999990314,295.67499999981374,0,35.0,1.0,3.0,5.0,0.9722222222222222,0.9210526315789473,0.9459459459459458,0.16666666666666666,0.07894736842105263,0.9523809523809523,17,3,3,0.85,0.85,0.85,0.85,0.86654,0.08039090941014086,0.2594,0.0,1.0,,,not_computed_no_bbox_data,0,0,0.0,0,0,0,0.0,0,0,0,0,0,0,0,,,0,,,,,,,0.0,0,0,0,0,0,0,15.0,21,0.6462428571428571,0.6024,0.1187763258037079,0.8301,0.871,0.8963599999999999,0.51,0.9027,21,0.0,0.0,0.0,0.0,0.0,0.0,0.0,0.0,21,0,0,0,0,0.0,0.0,3599942.429,215996.545739,44.0,3.96,0.0,0.0,13.571,1.153537,3594495.783,28755.966263,63.0,9.45,2988.579,1255.202986,2275.639,955.768196,177.0,53.1,0.0,0.0,216001.659276,31029.487445,247031.14672099997,4117.1857786833325,5614.34424365909,11763.387939095237,12351.557336049998,14531.243924764703,0.0,247031.146721,3600000.0,3600000.0009999997,quiet__s08__fixed_threshold,fixed_threshold,main,,,True,,0.0
motion_only,quiet,8,3600.0,0cd0f09ea7a9bc78,True,synthetic_distribution,False,,44,44,38,0,4714.4220000000005,0.0013095616666666669,18,0.3,18,0.3,17,15,18,10,9,0.9,0.09999999999999998,0.39473684210526316,9,541.0099999999576,262.1370000001043,557.6689994363078,1433.1876000000398,1544.658800000022,1633.8357600000081,245.98199999995995,1656.1300000000047,18,263.219222222201,260.21349999983795,15.41714650700617,281.8483000000706,291.42460000019054,294.0249199998891,239.72099999990314,294.67499999981374,18,264.219222222201,261.21349999983795,15.41714650700617,282.8483000000706,292.42460000019054,295.0249199998891,240.72099999990314,295.67499999981374,0,30.0,1.0,8.0,5.0,0.967741935483871,0.7894736842105263,0.8695652173913043,0.16666666666666666,0.21052631578947367,0.9444444444444444,15,2,2,0.8823529411764706,0.8823529411764706,0.8823529411764706,0.8823529411764706,0.8577529411764706,0.08173963326966192,0.2594,0.0,1.0,,,not_computed_no_bbox_data,0,0,0.0,0,0,0,0.0,0,0,0,0,0,0,0,,,0,,,,,,,0.0,0,0,0,0,0,0,13.0,18,0.6531055555555556,0.6365000000000001,0.10662979096041328,0.7888700000000001,0.8409899999999998,0.8903579999999999,0.5142,0.9027,18,0.0,0.0,0.0,0.0,0.0,0.0,0.0,0.0,18,0,0,0,0,0.0,0.0,3599944.244,215996.654653,44.0,3.96,0.0,0.0,11.756,0.999242,3595285.578,28762.284626,54.0,8.1,2572.283,1080.358828,1935.139,812.758297,153.0,45.9,0.0,0.0,216001.613895,30709.401751,246711.01564599999,4111.850260766666,5607.068537409091,13706.167535888888,14512.412685058822,16447.401043066664,0.0,246711.015646,3600000.0,3600000.0,quiet__s08__motion_only,motion_only,main,,,True,,0.0
secure,quiet,8,3600.0,0cd0f09ea7a9bc78,True,synthetic_distribution,False,,44,44,38,0,3926.513,0.0010906980555555556,20,0.3333333333333333,20,0.3333333333333333,19,15,21,10,9,0.9,0.09999999999999998,0.39473684210526316,9,358.80377777769013,167.04000000003725,489.7196664628491,554.8180000001043,1105.674000000051,1546.3588000000093,145.20299999974668,1656.5299999999988,20,198.02274999996007,167.89850000012666,55.858093990019356,276.8202999996487,278.34630000004546,278.3812600001134,141.56000000005588,278.3900000001304,20,199.02274999996007,168.89850000012666,55.858093990019356,277.8202999996487,279.34630000004546,279.3812600001134,142.56000000005588,279.3900000001304,0,35.0,1.0,3.0,5.0,0.9722222222222222,0.9210526315789473,0.9459459459459458,0.16666666666666666,0.07894736842105263,0.9523809523809523,15,4,4,0.7894736842105263,0.7894736842105263,0.7894736842105263,0.7894736842105263,0.8460894736842106,0.06958466381751435,0.2594,0.6,0.4,,,not_computed_no_bbox_data,0,0,0.0,0,0,0,0.0,0,0,0,21,1,20,1,,,0,0.047619047619047616,0.05,0.047619047619047616,0.0,,,0.4,0,0,1,0,0,0,15.0,20,0.6423949999999999,0.5978,0.12051158264926892,0.83419,0.872585,0.896677,0.51,0.9027,20,0.0,0.0,0.0,0.0,0.0,0.0,0.0,0.0,20,0,0,0,0,0.0,0.0,3599934.752,215996.085129,44.0,3.96,8.4,0.798,12.848,1.092067,3596073.488,28768.587901,60.0,9.0,2848.079,1196.193233,854.933,359.07199,163.5,49.05,0.0,0.0,216001.935196,30381.903123999997,246383.83832,4106.397305333334,5599.6326890909095,12319.191916,12967.570437894738,16425.589221333335,0.798,246383.838319,3600000.0,3600000.0,quiet__s08__secure,secure,main,,,True,,0.0
always_on,quiet,9,3600.0,1136ebb9f7c55055,True,synthetic_distribution,False,,41,41,30,0,3600000.0,1.0,1,0.016666666666666666,40,0.6666666666666666,29,27,0,8,8,1.0,0.0,0.9,8,368.09449999996286,334.54350000002887,107.67553676273306,500.7049999999581,508.4329999999027,514.6153999998584,259.655999999959,516.1609999998473,0,,,,,,,,,40,308.75980000002016,294.19150000001537,94.76010982668977,455.2294000000111,490.59449999996576,507.549799999909,171.66700000036508,516.1609999998473,0,,,,,,,,,,,27,2,3,0.9310344827586207,0.9,0.9152542372881356,0.9310344827586207,0.8021366666666666,0.12113830933484976,0.16948000000000002,0.45,0.55,,,not_computed_no_bbox_data,0,0,0.0,18093,251,0,,0,0,0,0,0,0,0,,,0,,,,,,,0.0,0,0,0,0,0,0,,0,,,,,,,,,0,,,,,,,,,0,0,0,0,0,3600000.0,18000.0,0.0,0.0,0.0,0.0,0.0,0.0,0.0,0.0,0.0,0.0,0.0,0.0,2546981.945,1069732.417045,943645.555,396331.132955,109372.5,32811.75,0.0,0.0,18000.0,1498875.3,1516875.3,25281.255,36996.95853658536,,52306.04482758621,56180.566666666666,0.0,1516875.3,3600000.0,3600000.0,quiet__s09__always_on,always_on,main,,,True,,
event,quiet,9,3600.0,1136ebb9f7c55055,True,synthetic_distribution,False,,41,41,30,0,3970.001,0.0011027780555555556,19,0.31666666666666665,19,0.31666666666666665,15,15,19,8,7,0.875,0.125,0.5,7,213.51885714283395,244.21999999997206,60.622073184165416,270.6912000000069,270.8691000000137,271.01142000001914,144.5889999999199,271.0470000000205,19,210.31931578948647,232.95999999996275,55.17665417150982,269.5726000000024,271.55300000002603,282.3962000000663,143.5889999999199,285.10700000007637,19,211.31931578948647,233.95999999996275,55.17665417150982,270.5726000000024,272.55300000002603,283.3962000000663,144.5889999999199,286.10700000007637,0,27.0,3.0,3.0,8.0,0.9,0.9,0.9,0.2727272727272727,0.1,0.8421052631578947,15,0,1,1.0,0.9375,0.967741935483871,1.0,0.7830625,0.11893720401960017,0.23053333333333334,0.47368421052631576,0.5263157894736842,,,not_computed_no_bbox_data,0,0,0.0,0,0,0,0.0,0,0,0,0,0,0,0,,,0,,,,,,,0.0,0,0,0,0,0,0,11.0,19,0.6976368421052632,0.6962,0.13767042049170392,0.8630399999999999,0.9205799999999998,0.962196,0.5081,0.9726,19,0.0,0.0,0.0,0.0,0.0,0.0,0.0,0.0,19,0,0,0,0,0.0,0.0,3599945.745,215996.744691,41.0,3.69,0.0,0.0,13.255,1.126688,3596029.997,28768.23998,57.0,8.55,2693.869,1131.424811,1078.134,452.816251,141.0,42.3,0.0,0.0,216001.561379,30403.331041999998,246404.892421,4106.748207016667,6009.875424902439,12968.678548473685,16426.992828066668,16426.992828066668,0.0,246404.89242,3600000.0,3600000.0,quiet__s09__event,event,main,,,True,,0.0
event_no_early_exit,quiet,9,3600.0,1136ebb9f7c55055,True,synthetic_distribution,False,,41,41,30,0,4997.182,0.001388106111111111,19,0.31666666666666665,19,0.31666666666666665,15,15,19,8,7,0.875,0.125,0.5,7,265.4967142857204,268.7490000000689,13.522148198606741,277.5066000000108,282.3513000000035,286.2270599999977,244.21999999997206,287.1959999999963,19,264.3813684210871,266.39000000001397,13.28691623455089,280.3950000000186,285.21590000006836,285.9999800000107,232.95999999996275,286.1959999999963,19,265.3813684210871,267.39000000001397,13.28691623455089,281.3950000000186,286.21590000006836,286.9999800000107,233.95999999996275,287.1959999999963,0,27.0,3.0,3.0,8.0,0.9,0.9,0.9,0.2727272727272727,0.1,0.8421052631578947,15,0,1,1.0,0.9375,0.967741935483871,1.0,0.80903125,0.13463812099476133,0.21433333333333335,0.0,1.0,,,not_computed_no_bbox_data,0,0,0.0,0,0,0,0.0,0,0,0,0,0,0,0,,,0,,,,,,,0.0,0,0,0,0,0,0,11.0,19,0.6976368421052632,0.6962,0.13767042049170392,0.8630399999999999,0.9205799999999998,0.962196,0.5081,0.9726,19,0.0,0.0,0.0,0.0,0.0,0.0,0.0,0.0,19,0,0,0,0,0.0,0.0,3599945.745,215996.744691,41.0,3.69,0.0,0.0,13.255,1.126688,3595002.816,28760.02253,57.0,8.55,2693.869,1131.424811,2105.315,884.232358,141.0,42.3,0.0,0.0,216001.561379,30826.529699,246828.091078,4113.801517966666,6020.197343365853,12990.952162,16455.206071866665,16455.206071866665,0.0,246828.091078,3600000.0,3600000.0,quiet__s09__event_no_early_exit,event_no_early_exit,main,,,True,,0.0
fixed_threshold,quiet,9,3600.0,1136ebb9f7c55055,True,synthetic_distribution,False,,41,41,30,0,4997.182,0.001388106111111111,19,0.31666666666666665,19,0.31666666666666665,15,15,19,8,7,0.875,0.125,0.5,7,265.4967142857204,268.7490000000689,13.522148198606741,277.5066000000108,282.3513000000035,286.2270599999977,244.21999999997206,287.1959999999963,19,264.3813684210871,266.39000000001397,13.28691623455089,280.3950000000186,285.21590000006836,285.9999800000107,232.95999999996275,286.1959999999963,19,265.3813684210871,267.39000000001397,13.28691623455089,281.3950000000186,286.21590000006836,286.9999800000107,233.95999999996275,287.1959999999963,0,27.0,3.0,3.0,8.0,0.9,0.9,0.9,0.2727272727272727,0.1,0.8421052631578947,15,0,1,1.0,0.9375,0.967741935483871,1.0,0.80903125,0.13463812099476133,0.21433333333333335,0.0,1.0,,,not_computed_no_bbox_data,0,0,0.0,0,0,0,0.0,0,0,0,0,0,0,0,,,0,,,,,,,0.0,0,0,0,0,0,0,11.0,19,0.6976368421052632,0.6962,0.13767042049170392,0.8630399999999999,0.9205799999999998,0.962196,0.5081,0.9726,19,0.0,0.0,0.0,0.0,0.0,0.0,0.0,0.0,19,0,0,0,0,0.0,0.0,3599945.745,215996.744691,41.0,3.69,0.0,0.0,13.255,1.126688,3595002.816,28760.02253,57.0,8.55,2693.869,1131.424811,2105.315,884.232358,141.0,42.3,0.0,0.0,216001.561379,30826.529699,246828.091078,4113.801517966666,6020.197343365853,12990.952162,16455.206071866665,16455.206071866665,0.0,246828.091078,3600000.0,3600000.0,quiet__s09__fixed_threshold,fixed_threshold,main,,,True,,0.0
motion_only,quiet,9,3600.0,1136ebb9f7c55055,True,synthetic_distribution,False,,41,41,30,0,4216.117,0.001171143611111111,16,0.26666666666666666,16,0.26666666666666666,13,13,16,8,6,0.75,0.25,0.43333333333333335,6,631.726,269.6015000000334,595.9820307150085,1367.170999999973,1505.554999999993,1616.2622000000092,256.5339999999851,1643.939000000013,16,264.87037500006227,265.29950000019744,10.853374663360146,279.08050000001094,280.68950000002224,284.22350000006554,238.7170000000624,285.10700000007637,16,265.87037500006227,266.29950000019744,10.853374663360146,280.08050000001094,281.68950000002224,285.22350000006554,239.7170000000624,286.10700000007637,0,20.0,5.0,10.0,6.0,0.8,0.6666666666666666,0.7272727272727272,0.45454545454545453,0.3333333333333333,0.8125,13,0,0,1.0,1.0,1.0,1.0,0.833223076923077,0.09612574363688214,0.29646666666666666,0.0,1.0,,,not_computed_no_bbox_data,0,0,0.0,0,0,0,0.0,0,0,0,0,0,0,0,,,0,,,,,,,0.0,0,0,0,0,0,0,7.0,16,0.71214375,0.6950000000000001,0.15475739710376799,0.91135,0.9865,1.01986,0.548,1.0282,16,0.0,0.0,0.0,0.0,0.0,0.0,0.0,0.0,16,0,0,0,0,0.0,0.0,3599947.606,215996.856348,41.0,3.69,0.0,0.0,11.394,0.968508,3595783.882,28766.271056,48.0,7.2,2292.385,962.80164,1755.733,737.407939,120.0,36.0,0.0,0.0,216001.514856,30509.680635000004,246511.195491,4108.51992485,6012.468182707317,15406.9497181875,18962.399653153847,18962.399653153847,0.0,246511.19549,3600000.0,3600000.0,quiet__s09__motion_only,motion_only,main,,,True,,0.0
secure,quiet,9,3600.0,1136ebb9f7c55055,True,synthetic_distribution,False,,41,41,30,0,3814.78,0.0010596611111111111,18,0.3,18,0.3,14,14,19,8,7,0.875,0.125,0.4666666666666667,7,213.91885714279488,244.61999999987893,60.62207318414416,271.0911999999895,271.26909999998753,271.411419999986,144.9890000000596,271.44699999998556,18,213.69577777775703,238.48999999987427,55.184422087440076,270.0318999999901,272.7059999999852,282.9467999999836,143.9890000000596,285.50699999998324,18,214.69577777775703,239.48999999987427,55.184422087440076,271.0318999999901,273.7059999999852,283.9467999999836,144.9890000000596,286.50699999998324,0,27.0,3.0,3.0,8.0,0.9,0.9,0.9,0.2727272727272727,0.1,0.8421052631578947,14,0,1,1.0,0.9333333333333333,0.9655172413793104,1.0,0.7775666666666666,0.12099051714120092,0.23053333333333334,0.4444444444444444,0.5555555555555556,,,not_computed_no_bbox_data,0,0,0.0,0,0,0,0.0,0,0,0,19,1,18,1,,,0,0.05263157894736842,0.0625,0.05263157894736842,0.0,,,0.4,0,0,1,0,0,0,11.0,18,0.6891666666666667,0.6950000000000001,0.1364724061745041,0.84879,0.9234699999999999,0.9627739999999999,0.5081,0.9726,18,0.0,0.0,0.0,0.0,0.0,0.0,0.0,0.0,18,0,0,0,0,0.0,0.0,3599938.995,215996.339699,41.0,3.69,7.6,0.722,12.405,1.054426,3596185.219,28769.48175,54.0,8.1,2549.147,1070.641895,1078.134,452.816251,133.5,40.05,0.0,0.0,216001.806125,30341.089895999998,246342.89602100002,4105.714933683334,6008.3633175853665,13685.716445611113,17595.921144357144,17595.921144357144,0.722,246342.896021,3600000.0,3600000.0,quiet__s09__secure,secure,main,,,True,,0.0
always_on,quiet,10,3600.0,bcb7bc2475fcdf1d,True,synthetic_distribution,False,,43,43,29,0,3600000.0,1.0,1,0.016666666666666666,42,0.7,29,24,0,13,12,0.9230769230769231,0.07692307692307687,0.8275862068965517,12,338.449999999968,283.8639999999432,230.3008602497396,451.3969999998808,709.8658999997419,955.9939799996329,175.91800000006333,1017.5259999996051,0,,,,,,,,,42,286.5434761904374,282.4144999999553,86.10391895964327,401.7781999996863,416.7311500001233,449.2748799999092,157.62799999996787,458.1439999998547,0,,,,,,,,,,,24,5,5,0.8275862068965517,0.8275862068965517,0.8275862068965517,0.8275862068965517,0.8547862068965518,0.1057530706212014,0.12488461538461536,0.5952380952380952,0.40476190476190477,,,not_computed_no_bbox_data,0,0,0.0,18066,255,0,,0,0,0,0,0,0,0,,,0,,,,,,,0.0,0,0,0,0,0,0,,0,,,,,,,,,0,,,,,,,,,0,0,0,0,0,3600000.0,18000.0,0.0,0.0,0.0,0.0,0.0,0.0,0.0,0.0,0.0,0.0,0.0,0.0,2543134.363,1068116.432579,947619.137,398000.037421,109246.5,32773.95,0.0,0.0,18000.0,1498890.42,1516890.42,25281.506999999998,35276.521395348835,,52306.56620689655,63203.767499999994,0.0,1516890.42,3600000.0,3600000.0,quiet__s10__always_on,always_on,main,,,True,,
event,quiet,10,3600.0,bcb7bc2475fcdf1d,True,synthetic_distribution,False,,43,43,29,0,3811.3619999999996,0.0010587116666666665,19,0.31666666666666665,19,0.31666666666666665,17,14,19,13,11,0.8461538461538461,0.15384615384615385,0.4827586206896552,11,310.4067272727685,246.6370000001043,325.9993758976227,279.3189999999595,780.3780000000552,1181.2252000001322,149.28200000012293,1281.4370000001509,19,201.8962631579274,166.58499999996275,54.23415731581679,272.64979999996723,277.9608000000764,278.24735999998285,141.59000000008382,278.3189999999595,19,202.8962631579274,167.58499999996275,54.23415731581679,273.64979999996723,278.9608000000764,279.24735999998285,142.59000000008382,279.3189999999595,0,29.0,2.0,0.0,12.0,0.9354838709677419,1.0,0.9666666666666666,0.14285714285714285,0.0,0.8947368421052632,14,3,3,0.8235294117647058,0.8235294117647058,0.8235294117647058,0.8235294117647058,0.8464588235294117,0.11783904307796042,0.11069999999999999,0.5789473684210527,0.42105263157894735,,,not_computed_no_bbox_data,0,0,0.0,0,0,0,0.0,0,0,0,0,0,0,0,,,0,,,,,,,0.0,0,0,0,0,0,0,12.0,19,0.6890000000000001,0.7019,0.16249384261838629,0.8751399999999999,0.9588899999999997,1.056738,0.5147,1.0812,19,0.0,0.0,0.0,0.0,0.0,0.0,0.0,0.0,19,0,0,0,0,0.0,0.0,3599943.909,215996.634537,43.0,3.87,0.0,0.0,13.091,1.112739,3596188.64,28769.50912,57.0,8.55,2684.743,1127.591964,915.117,384.349259,154.5,46.35,0.0,0.0,216001.617276,30336.350342999995,246337.967619,4105.63279365,5728.789944627907,12965.156190473685,14490.468683470588,17595.56911564286,0.0,246337.96762,3600000.0,3600000.0,quiet__s10__event,event,main,,,True,,0.0
event_no_early_exit,quiet,10,3600.0,bcb7bc2475fcdf1d,True,synthetic_distribution,False,,43,43,29,0,5078.068,0.0014105744444444445,19,0.31666666666666665,19,0.31666666666666665,17,15,19,13,12,0.9230769230769231,0.07692307692307687,0.5172413793103449,12,366.79591666668904,278.8549999999814,326.64439266172405,294.86229999989735,793.9318999999196,1281.1271799999668,246.6370000001043,1402.9259999999776,19,268.56510526314685,266.5130000000354,14.608215431708603,286.9324000000488,288.73299999979787,293.47779999985823,244.9279999998398,294.66399999987334,19,269.56510526314685,267.5130000000354,14.608215431708603,287.9324000000488,289.73299999979787,294.47779999985823,245.9279999998398,295.66399999987334,0,29.0,2.0,0.0,12.0,0.9354838709677419,1.0,0.9666666666666666,0.14285714285714285,0.0,0.8947368421052632,15,2,2,0.8823529411764706,0.8823529411764706,0.8823529411764706,0.8823529411764706,0.8621588235294118,0.12766012522917802,0.0789,0.0,1.0,,,not_computed_no_bbox_data,0,0,0.0,0,0,0,0.0,0,0,0,0,0,0,0,,,0,,,,,,,0.0,0,0,0,0,0,0,12.0,19,0.6890000000000001,0.7019,0.16249384261838629,0.8751399999999999,0.9588899999999997,1.056738,0.5147,1.0812,19,0.0,0.0,0.0,0.0,0.0,0.0,0.0,0.0,19,0,0,0,0,0.0,0.0,3599943.909,215996.634537,43.0,3.87,0.0,0.0,13.091,1.112739,3594921.933,28759.375467,57.0,8.55,2684.743,1127.591964,2184.824,917.626021,151.5,45.45,0.0,0.0,216001.617276,30858.593452,246860.210728,4114.336845466667,5740.935133209303,12992.642669894738,14521.18886635294,16457.347381866668,0.0,246860.210729,3600000.0,3600000.0,quiet__s10__event_no_early_exit,event_no_early_exit,main,,,True,,0.0
fixed_threshold,quiet,10,3600.0,bcb7bc2475fcdf1d,True,synthetic_distribution,False,,43,43,29,0,5078.068,0.0014105744444444445,19,0.31666666666666665,19,0.31666666666666665,17,15,19,13,12,0.9230769230769231,0.07692307692307687,0.5172413793103449,12,366.79591666668904,278.8549999999814,326.64439266172405,294.86229999989735,793.9318999999196,1281.1271799999668,246.6370000001043,1402.9259999999776,19,268.56510526314685,266.5130000000354,14.608215431708603,286.9324000000488,288.73299999979787,293.47779999985823,244.9279999998398,294.66399999987334,19,269.56510526314685,267.5130000000354,14.608215431708603,287.9324000000488,289.73299999979787,294.47779999985823,245.9279999998398,295.66399999987334,0,29.0,2.0,0.0,12.0,0.9354838709677419,1.0,0.9666666666666666,0.14285714285714285,0.0,0.8947368421052632,15,2,2,0.8823529411764706,0.8823529411764706,0.8823529411764706,0.8823529411764706,0.8621588235294118,0.12766012522917802,0.0789,0.0,1.0,,,not_computed_no_bbox_data,0,0,0.0,0,0,0,0.0,0,0,0,0,0,0,0,,,0,,,,,,,0.0,0,0,0,0,0,0,12.0,19,0.6890000000000001,0.7019,0.16249384261838629,0.8751399999999999,0.9588899999999997,1.056738,0.5147,1.0812,19,0.0,0.0,0.0,0.0,0.0,0.0,0.0,0.0,19,0,0,0,0,0.0,0.0,3599943.909,215996.634537,43.0,3.87,0.0,0.0,13.091,1.112739,3594921.933,28759.375467,57.0,8.55,2684.743,1127.591964,2184.824,917.626021,151.5,45.45,0.0,0.0,216001.617276,30858.593452,246860.210728,4114.336845466667,5740.935133209303,12992.642669894738,14521.18886635294,16457.347381866668,0.0,246860.210729,3600000.0,3600000.0,quiet__s10__fixed_threshold,fixed_threshold,main,,,True,,0.0
motion_only,quiet,10,3600.0,bcb7bc2475fcdf1d,True,synthetic_distribution,False,,43,43,29,0,4510.155,0.0012528208333333333,17,0.2833333333333333,17,0.2833333333333333,13,12,17,13,11,0.8461538461538461,0.15384615384615385,0.41379310344827586,11,599.2852727272813,279.3189999999595,785.9341865608972,1402.9259999999776,2069.71399999992,2603.144399999874,246.6370000001043,2736.501999999862,17,266.6293529411538,266.0419999998994,16.165527933474728,287.217799999984,289.3919999998063,293.60959999985994,244.9279999998398,294.66399999987334,17,267.6293529411538,267.0419999998994,16.165527933474728,288.217799999984,290.3919999998063,294.60959999985994,245.9279999998398,295.66399999987334,0,23.0,6.0,6.0,8.0,0.7931034482758621,0.7931034482758621,0.7931034482758621,0.42857142857142855,0.20689655172413793,0.7647058823529411,12,1,1,0.9230769230769231,0.9230769230769231,0.9230769230769231,0.9230769230769231,0.8624230769230768,0.13639387910170406,0.146725,0.0,1.0,,,not_computed_no_bbox_data,0,0,0.0,0,0,0,0.0,0,0,0,0,0,0,0,,,0,,,,,,,0.0,0,0,0,0,0,0,10.0,17,0.6988411764705883,0.7081,0.16548986396009094,0.89268,0.9724799999999999,1.059456,0.5147,1.0812,17,0.0,0.0,0.0,0.0,0.0,0.0,0.0,0.0,17,0,0,0,0,0.0,0.0,3599945.12,215996.707179,43.0,3.87,0.0,0.0,11.88,1.009829,3595489.846,28763.918768,51.0,7.65,2384.182,1001.356526,1947.472,817.938159,127.5,38.25,0.0,0.0,216001.58700799997,30629.113453,246630.700461,4110.51167435,5735.597685139535,14507.688262411764,18971.592343153847,20552.55837175,0.0,246630.700462,3600000.0,3600000.0,quiet__s10__motion_only,motion_only,main,,,True,,0.0
secure,quiet,10,3600.0,bcb7bc2475fcdf1d,True,synthetic_distribution,False,,43,43,29,0,3546.676,0.0009851877777777777,18,0.3,18,0.3,16,13,19,13,11,0.8461538461538461,0.15384615384615385,0.4482758620689655,11,310.8067272727494,247.03700000001118,325.99937589759685,279.71899999998277,780.7780000000203,1181.6252000000507,149.6820000000298,1281.8370000000577,18,198.73261111110332,166.59949999989476,53.468473456600094,273.70869999988935,278.38069999999425,278.65133999998505,141.9899999999907,278.71899999998277,18,199.73261111110332,167.59949999989476,53.468473456600094,274.70869999988935,279.38069999999425,279.65133999998505,142.9899999999907,279.71899999998277,0,29.0,2.0,0.0,12.0,0.9354838709677419,1.0,0.9666666666666666,0.14285714285714285,0.0,0.8947368421052632,13,3,3,0.8125,0.8125,0.8125,0.8125,0.84439375,0.12138552614843885,0.11069999999999999,0.6111111111111112,0.3888888888888889,,,not_computed_no_bbox_data,0,0,0.0,0,0,0,0.0,0,0,0,19,1,18,1,,,0,0.05263157894736842,0.058823529411764705,0.05263157894736842,0.0,,,0.4,0,0,1,0,0,0,12.0,18,0.6820111111111111,0.65315,0.16424007495803886,0.8839100000000001,0.9656849999999998,1.0580969999999996,0.5147,1.0812,18,0.0,0.0,0.0,0.0,0.0,0.0,0.0,0.0,18,0,0,0,0,0.0,0.0,3599937.124,215996.227424,43.0,3.87,7.6,0.722,12.276,1.043483,3596453.326,28771.626607,54.0,8.1,2559.125,1074.832502,789.549,331.610627,144.0,43.2,0.0,0.0,216001.862907,30229.369735999997,246231.23264300002,4103.853877383333,5726.307735883722,13679.512924611112,15389.452040187502,18940.86404946154,0.722,246231.232642,3600000.0,3600000.0,quiet__s10__secure,secure,main,,,True,,0.0
always_on,replay,1,3600.0,561851b759a2c33d,True,synthetic_distribution,False,,355,278,218,77,3600000.0,1.0,1,0.016666666666666666,354,5.9,213,187,0,75,71,0.9466666666666667,0.053333333333333344,0.8577981651376146,71,421.4908309859266,326.67500000004657,349.2604834420049,662.5679999999702,1222.1584999999031,1761.5817999999913,154.8649999999907,1764.6730000000098,0,,,,,,,,,354,315.3855112994198,310.5964999999851,103.14832829308256,427.797400000086,487.85555000000164,634.4581099999803,131.41599999999744,767.6689999999944,0,,,,,,,,,,,187,28,30,0.8697674418604651,0.8617511520737328,0.8657407407407408,0.8779342723004695,0.8462617511520737,0.10661410364050065,0.16994499999999996,0.5847457627118644,0.4152542372881356,,,not_computed_no_bbox_data,79,77,79.0,17799,204,77,,0,0,0,0,0,0,0,,1.0,77,,,,,,,0.0,0,0,0,0,0,0,,0,,,,,,,,,0,,,,,,,,,0,0,0,0,0,3600000.0,18000.0,0.0,0.0,0.0,0.0,0.0,0.0,0.0,0.0,0.0,0.0,0.0,0.0,2550040.173,1071016.872504,940006.827,394802.867496,109953.0,32985.9,0.0,0.0,18000.0,1498805.6400000001,1516805.6400000001,25280.094,4272.691943661972,,7121.15323943662,8111.260106951872,0.0,1516805.64,3600000.0,3600000.0,replay__s01__always_on,always_on,main,,,True,,
event,replay,1,3600.0,561851b759a2c33d,True,synthetic_distribution,False,,355,278,218,77,30973.784,0.008603828888888889,161,2.683333333333333,161,2.683333333333333,102,90,161,75,57,0.76,0.24,0.41284403669724773,57,428.94573684211036,165.44999999995343,596.916947876746,1294.8031999999803,1991.6004000000648,2428.3139199998227,129.93500000005588,2480.4179999995977,161,193.69881987575747,163.20599999977276,53.34314168779322,266.53000000002794,273.344000000041,285.12539999997244,128.93500000005588,300.1840000000084,161,194.69881987575747,164.20599999977276,53.34314168779322,267.53000000002794,274.344000000041,286.12539999997244,129.93500000005588,301.1840000000084,0,203.0,87.0,15.0,50.0,0.7,0.9311926605504587,0.7992125984251968,0.635036496350365,0.06880733944954129,0.6521739130434783,90,12,15,0.8823529411764706,0.8571428571428571,0.8695652173913043,0.8823529411764706,0.8549723809523809,0.10110026296781414,0.1690076923076923,0.6273291925465838,0.37267080745341613,,,not_computed_no_bbox_data,43,43,43.0,0,0,77,43.0,0,0,0,0,0,0,0,,0.5584415584415584,43,,,,,,,0.0,0,0,0,0,0,0,98.0,161,0.6589850931677018,0.64,0.11034820354857398,0.8009,0.8508,0.9526000000000001,0.5011,1.0059,161,0.0,0.0,0.0,0.0,0.0,0.0,0.0,0.0,161,0,0,0,0,0.0,0.0,3599538.903,215972.334203,355.0,31.95,0.0,0.0,106.097,9.018213,3569026.214,28552.209714,483.0,72.45,22546.09,9469.35783,6669.696,2801.272207,1275.0,382.5,0.0,0.0,216013.30241600002,41277.789751000004,257291.09216700002,4288.18486945,724.7636399070424,1598.0813178074536,2522.461687911765,2858.789912966667,0.0,257291.092166,3600000.0,3600000.0,replay__s01__event,event,main,,,True,,72.0
event_no_early_exit,replay,1,3600.0,561851b759a2c33d,True,synthetic_distribution,False,,355,278,218,77,42241.374,0.011733715,161,2.683333333333333,161,2.683333333333333,102,98,161,75,62,0.8266666666666667,0.17333333333333334,0.44954128440366975,62,472.1127741935668,270.43149999994785,524.1707401941228,1359.417999999999,1755.2289999999452,2185.988640000031,241.40700000012293,2478.712999999989,161,263.6838012422354,262.7440000001807,13.807026960398062,282.8979999999283,287.9860000000335,294.7018000000157,230.7960000000894,304.7299999999814,161,264.6838012422354,263.7440000001807,13.807026960398062,283.8979999999283,288.9860000000335,295.7018000000157,231.7960000000894,305.7299999999814,0,203.0,87.0,15.0,50.0,0.7,0.9311926605504587,0.7992125984251968,0.635036496350365,0.06880733944954129,0.6521739130434783,98,4,7,0.9607843137254902,0.9333333333333333,0.9468599033816426,0.9607843137254902,0.8806047619047619,0.11170862801619252,0.14728461538461537,0.0,1.0,,,not_computed_no_bbox_data,43,43,43.0,0,0,77,43.0,0,0,0,0,0,0,0,,0.5584415584415584,43,,,,,,,0.0,0,0,0,0,0,0,98.0,161,0.6589850931677018,0.64,0.11034820354857398,0.8009,0.8508,0.9526000000000001,0.5011,1.0059,161,0.0,0.0,0.0,0.0,0.0,0.0,0.0,0.0,161,0,0,0,0,0.0,0.0,3599538.903,215972.334203,355.0,31.95,0.0,0.0,106.097,9.018213,3557758.632,28462.069055,483.0,72.45,22546.09,9469.35783,17905.778,7520.426769,1306.5,391.95,0.0,0.0,216013.30241600002,45916.253654,261929.55607000005,4365.492601166668,737.8297354084508,1626.891652608696,2567.9368242156866,2672.7505721428574,0.0,261929.55607,3600000.0,3600000.0,replay__s01__event_no_early_exit,event_no_early_exit,main,,,True,,72.0
fixed_threshold,replay,1,3600.0,561851b759a2c33d,True,synthetic_distribution,False,,355,278,218,77,42241.374,0.011733715,161,2.683333333333333,161,2.683333333333333,102,98,161,75,62,0.8266666666666667,0.17333333333333334,0.44954128440366975,62,472.1127741935668,270.43149999994785,524.1707401941228,1359.417999999999,1755.2289999999452,2185.988640000031,241.40700000012293,2478.712999999989,161,263.6838012422354,262.7440000001807,13.807026960398062,282.8979999999283,287.9860000000335,294.7018000000157,230.7960000000894,304.7299999999814,161,264.6838012422354,263.7440000001807,13.807026960398062,283.8979999999283,288.9860000000335,295.7018000000157,231.7960000000894,305.7299999999814,0,203.0,87.0,15.0,50.0,0.7,0.9311926605504587,0.7992125984251968,0.635036496350365,0.06880733944954129,0.6521739130434783,98,4,7,0.9607843137254902,0.9333333333333333,0.9468599033816426,0.9607843137254902,0.8806047619047619,0.11170862801619252,0.14728461538461537,0.0,1.0,,,not_computed_no_bbox_data,43,43,43.0,0,0,77,43.0,0,0,0,0,0,0,0,,0.5584415584415584,43,,,,,,,0.0,0,0,0,0,0,0,98.0,161,0.6589850931677018,0.64,0.11034820354857398,0.8009,0.8508,0.9526000000000001,0.5011,1.0059,161,0.0,0.0,0.0,0.0,0.0,0.0,0.0,0.0,161,0,0,0,0,0.0,0.0,3599538.903,215972.334203,355.0,31.95,0.0,0.0,106.097,9.018213,3557758.632,28462.069055,483.0,72.45,22546.09,9469.35783,17905.778,7520.426769,1306.5,391.95,0.0,0.0,216013.30241600002,45916.253654,261929.55607000005,4365.492601166668,737.8297354084508,1626.891652608696,2567.9368242156866,2672.7505721428574,0.0,261929.55607,3600000.0,3600000.0,replay__s01__fixed_threshold,fixed_threshold,main,,,True,,72.0
motion_only,replay,1,3600.0,561851b759a2c33d,True,synthetic_distribution,False,,355,278,218,77,39378.913,0.010938586944444445,150,2.5,150,2.5,87,84,150,75,60,0.8,0.19999999999999996,0.3853211009174312,60,690.5820333333421,273.48199999995995,686.6027102640609,1718.225099999993,1963.836550000036,2667.6516600000355,241.40700000012293,2939.539000000106,150,263.8505666666588,262.86250000004657,13.825799698165342,283.5054000000062,288.19354999989736,300.62055999996375,230.7960000000894,304.7299999999814,150,264.8505666666588,263.86250000004657,13.825799698165342,284.5054000000062,289.19354999989736,301.62055999996375,231.7960000000894,305.7299999999814,0,162.0,82.0,56.0,55.0,0.6639344262295082,0.7431192660550459,0.7012987012987013,0.5985401459854015,0.25688073394495414,0.6,84,3,6,0.9655172413793104,0.9333333333333333,0.9491525423728815,0.9655172413793104,0.8767066666666665,0.1145232568500851,0.147615,0.0,1.0,,,not_computed_no_bbox_data,40,40,40.0,0,0,77,40.0,0,0,0,0,0,0,0,,0.5194805194805194,40,,,,,,,0.0,0,0,0,0,0,0,72.0,150,0.6640886666666667,0.63615,0.1238066394207243,0.83405,0.9047549999999998,0.9694629999999999,0.5011,1.0059,150,0.0,0.0,0.0,0.0,0.0,0.0,0.0,0.0,150,0,0,0,0,0.0,0.0,3599545.387,215972.723206,355.0,31.95,0.0,0.0,99.613,8.467124,3560621.087,28484.968697,450.0,67.5,21095.203,8859.98538,16632.21,6985.528019,1201.5,360.45,0.0,0.0,216013.14033,44758.432096,260771.572426,4346.192873766667,734.5678096507042,1738.4771495066666,2997.3743957011493,3104.4234812619047,0.0,260771.572427,3600000.0,3600000.0,replay__s01__motion_only,motion_only,main,,,True,,58.0
secure,replay,1,3600.0,561851b759a2c33d,True,synthetic_distribution,False,,355,278,218,77,26490.587,0.007358496388888889,135,2.25,135,2.25,98,86,161,75,55,0.7333333333333333,0.2666666666666667,0.3944954128440367,55,396.62561818183667,164.4859999999171,579.0226179064725,1206.0772000000059,2010.256100000068,2430.5747800000618,130.33499999996275,2480.81799999997,135,197.93468148147846,165.32700000004843,53.62331810152846,268.1809999999823,274.5585999999661,285.6361599999666,129.33499999996275,300.58400000003166,135,198.93468148147846,166.32700000004843,53.62331810152846,269.1809999999823,275.5585999999661,286.6361599999666,130.33499999996275,301.58400000003166,0,203.0,87.0,15.0,50.0,0.7,0.9311926605504587,0.7992125984251968,0.635036496350365,0.06880733944954129,0.6521739130434783,86,12,15,0.8775510204081632,0.8514851485148515,0.864321608040201,0.8775510204081632,0.8540346534653466,0.10234245984501598,0.1690076923076923,0.6,0.4,,,not_computed_no_bbox_data,21,21,21.0,0,0,77,43.0,43,22,21,118,4,114,4,0.5116279069767442,0.2727272727272727,21,0.03389830508474576,0.0380952380952381,0.16149068322981366,0.8461538461538461,0.5116279069767442,0.6376811594202898,0.4,0,21,2,3,0,0,98.0,135,0.6511214814814814,0.6341,0.10496335990793153,0.79084,0.8217300000000001,0.940882,0.5011,0.9637,135,0.0,0.0,0.0,0.0,0.0,0.0,0.0,0.0,135,0,0,0,0,0.0,0.0,3599492.699,215969.561912,355.0,31.95,64.4,6.118,87.901,7.471625,3573509.411,28588.075285,405.0,60.75,19005.955,7982.501053,6016.135,2526.776491,1063.5,319.05,0.0,0.0,216015.101537,39477.152829,255492.25436599998,4258.204239433333,719.6964911718309,1892.5352175259259,2607.0638200612243,2970.8401670465114,6.118,255492.254366,3600000.0,3600000.0009999997,replay__s01__secure,secure,main,,,True,,72.0
always_on,replay,2,3600.0,fab1f7b9f41b4eaa,True,synthetic_distribution,False,,354,222,173,132,3600000.0,1.0,1,0.016666666666666666,352,5.866666666666666,169,157,0,52,52,1.0,0.0,0.9075144508670521,52,410.76582692309125,310.50750000000085,357.4694260814403,524.6294000001857,1165.5636999999406,1840.902879999966,152.07700000004843,2003.8029999999562,0,,,,,,,,,352,301.0809204545404,292.0414999999339,87.46439139326509,408.61529999999334,467.54215000010043,512.020219999958,130.7709999999497,543.3959999997169,0,,,,,,,,,,,157,12,16,0.9289940828402367,0.9075144508670521,0.9181286549707602,0.9289940828402367,0.8348763005780347,0.11212546006834057,0.16625106382978724,0.5568181818181818,0.4431818181818182,,,not_computed_no_bbox_data,131,131,131.0,17800,227,132,,0,0,0,0,0,0,0,,1.0,132,,,,,,,0.0,0,0,0,0,0,0,,0,,,,,,,,,0,,,,,,,,,0,0,0,0,0,3600000.0,18000.0,0.0,0.0,0.0,0.0,0.0,0.0,0.0,0.0,0.0,0.0,0.0,0.0,2551021.801,1071429.15651,938980.199,394371.68349,109998.0,32999.4,0.0,0.0,18000.0,1498800.2399999998,1516800.2399999998,25280.003999999997,4284.746440677965,,8975.149349112424,9661.148025477705,0.0,1516800.24,3600000.0,3600000.0,replay__s02__always_on,always_on,main,,,True,,
event,replay,2,3600.0,fab1f7b9f41b4eaa,True,synthetic_distribution,False,,354,222,173,132,28552.005,0.0079311125,149,2.4833333333333334,149,2.4833333333333334,80,75,149,52,49,0.9423076923076923,0.05769230769230771,0.43352601156069365,49,538.3504489796369,248.96100000012666,654.6892962469734,1829.5200000001353,2011.9561999999917,2201.0939599999756,141.88899999996647,2254.228999999992,149,192.93265100671672,163.43799999984913,54.086353787871765,272.9585999999661,277.0383999999729,284.8687199999982,122.95900000003166,290.7280000000028,149,193.93265100671672,164.43799999984913,54.086353787871765,273.9585999999661,278.0383999999729,285.8687199999982,123.95900000003166,291.7280000000028,0,150.0,120.0,23.0,61.0,0.5555555555555556,0.8670520231213873,0.6772009029345372,0.6629834254143646,0.1329479768786127,0.5503355704697986,75,5,7,0.9375,0.9146341463414634,0.925925925925926,0.9375,0.843289024390244,0.10584946917657338,0.1331,0.6308724832214765,0.3691275167785235,,,not_computed_no_bbox_data,59,59,59.0,0,0,132,59.0,0,0,0,0,0,0,0,,0.44696969696969696,59,,,,,,,0.0,0,0,0,0,0,0,68.0,149,0.6559201342281881,0.6312,0.12177688114360188,0.8362200000000001,0.88418,0.9691840000000004,0.5012,1.2463,149,0.0,0.0,0.0,0.0,0.0,0.0,0.0,0.0,149,0,0,0,0,0.0,0.0,3599548.268,215972.896083,354.0,31.86,0.0,0.0,97.732,8.307216,3571447.997,28571.583973,447.0,67.05,20785.451,8729.889374,6146.553,2581.55206,1173.0,351.9,0.0,0.0,216013.06329899997,40301.975407000005,256315.03870599996,4271.917311766666,724.0537816553672,1720.235159100671,3203.9379838249997,3417.533849413333,0.0,256315.038706,3600000.0,3600000.0009999997,replay__s02__event,event,main,,,True,,110.0
event_no_early_exit,replay,2,3600.0,fab1f7b9f41b4eaa,True,synthetic_distribution,False,,354,222,173,132,38831.651,0.010786569722222222,149,2.4833333333333334,149,2.4833333333333334,80,75,149,52,50,0.9615384615384616,0.038461538461538436,0.43352601156069365,50,625.0865200000354,267.9649999999674,943.306282327823,1630.0100000000564,2189.811099999933,4111.303250000119,241.03600000000006,5780.476000000257,149,261.9235369127552,261.6170000000857,14.334749898615634,279.92600000000095,286.50320000010544,294.40416000000675,226.23399999993853,299.7050000000745,149,262.9235369127552,262.6170000000857,14.334749898615634,280.92600000000095,287.50320000010544,295.40416000000675,227.23399999993853,300.7050000000745,0,150.0,120.0,23.0,61.0,0.5555555555555556,0.8670520231213873,0.6772009029345372,0.6629834254143646,0.1329479768786127,0.5503355704697986,75,5,7,0.9375,0.9146341463414634,0.925925925925926,0.9375,0.8666109756097561,0.11866141686899505,0.12744999999999998,0.0,1.0,,,not_computed_no_bbox_data,59,59,59.0,0,0,132,59.0,0,0,0,0,0,0,0,,0.44696969696969696,59,,,,,,,0.0,0,0,0,0,0,0,68.0,149,0.6559201342281881,0.6312,0.12177688114360188,0.8362200000000001,0.88418,0.9691840000000004,0.5012,1.2463,149,0.0,0.0,0.0,0.0,0.0,0.0,0.0,0.0,149,0,0,0,0,0.0,0.0,3599548.268,215972.896083,354.0,31.86,0.0,0.0,97.732,8.307216,3561168.351,28489.346809,447.0,67.05,20785.451,8729.889374,16430.698,6900.893162,1168.5,350.55,0.0,0.0,216013.06329899997,44537.729345,260550.79264399997,4342.513210733333,736.019188259887,1748.6630378791945,3256.8849080499995,3474.010568586666,0.0,260550.792644,3600000.0,3599999.9999999995,replay__s02__event_no_early_exit,event_no_early_exit,main,,,True,,110.0
fixed_threshold,replay,2,3600.0,fab1f7b9f41b4eaa,True,synthetic_distribution,False,,354,222,173,132,38831.651,0.010786569722222222,149,2.4833333333333334,149,2.4833333333333334,80,75,149,52,50,0.9615384615384616,0.038461538461538436,0.43352601156069365,50,625.0865200000354,267.9649999999674,943.306282327823,1630.0100000000564,2189.811099999933,4111.303250000119,241.03600000000006,5780.476000000257,149,261.9235369127552,261.6170000000857,14.334749898615634,279.92600000000095,286.50320000010544,294.40416000000675,226.23399999993853,299.7050000000745,149,262.9235369127552,262.6170000000857,14.334749898615634,280.92600000000095,287.50320000010544,295.40416000000675,227.23399999993853,300.7050000000745,0,150.0,120.0,23.0,61.0,0.5555555555555556,0.8670520231213873,0.6772009029345372,0.6629834254143646,0.1329479768786127,0.5503355704697986,75,5,7,0.9375,0.9146341463414634,0.925925925925926,0.9375,0.8666109756097561,0.11866141686899505,0.12744999999999998,0.0,1.0,,,not_computed_no_bbox_data,59,59,59.0,0,0,132,59.0,0,0,0,0,0,0,0,,0.44696969696969696,59,,,,,,,0.0,0,0,0,0,0,0,68.0,149,0.6559201342281881,0.6312,0.12177688114360188,0.8362200000000001,0.88418,0.9691840000000004,0.5012,1.2463,149,0.0,0.0,0.0,0.0,0.0,0.0,0.0,0.0,149,0,0,0,0,0.0,0.0,3599548.268,215972.896083,354.0,31.86,0.0,0.0,97.732,8.307216,3561168.351,28489.346809,447.0,67.05,20785.451,8729.889374,16430.698,6900.893162,1168.5,350.55,0.0,0.0,216013.06329899997,44537.729345,260550.79264399997,4342.513210733333,736.019188259887,1748.6630378791945,3256.8849080499995,3474.010568586666,0.0,260550.792644,3600000.0,3599999.9999999995,replay__s02__fixed_threshold,fixed_threshold,main,,,True,,110.0
motion_only,replay,2,3600.0,fab1f7b9f41b4eaa,True,synthetic_distribution,False,,354,222,173,132,34923.475,0.009700965277777777,134,2.2333333333333334,134,2.2333333333333334,67,64,134,52,45,0.8653846153846154,0.13461538461538458,0.3699421965317919,45,864.7571555555958,273.03499999999985,1041.7321934529664,1793.4919999999697,2349.0683999999887,4687.817840000154,241.03600000000006,5780.476000000257,134,261.9378283582146,261.5880000000434,14.045367137345716,279.5225999999355,285.72319999998433,291.21107000000126,226.23399999993853,291.67099999962375,134,262.9378283582146,262.5880000000434,14.045367137345716,280.5225999999355,286.72319999998433,292.21107000000126,227.23399999993853,292.67099999962375,0,114.0,103.0,59.0,78.0,0.5253456221198156,0.6589595375722543,0.5846153846153845,0.569060773480663,0.34104046242774566,0.5074626865671642,64,3,4,0.9552238805970149,0.9411764705882353,0.9481481481481482,0.9552238805970149,0.8784352941176471,0.11278215795791259,0.13064285714285712,0.0,1.0,,,not_computed_no_bbox_data,51,51,51.0,0,0,132,52.0,0,0,0,0,0,0,0,,0.3939393939393939,52,,,,,,,0.0,0,0,0,0,0,0,46.0,134,0.6604425373134327,0.63985,0.11328139650231027,0.8116500000000001,0.8526649999999999,0.9122889999999996,0.5009,1.2463,134,0.0,0.0,0.0,0.0,0.0,0.0,0.0,0.0,134,0,0,0,0,0.0,0.0,3599557.501,215973.450034,354.0,31.86,0.0,0.0,88.499,7.522452,3565076.529,28520.612231,402.0,60.3,18685.456,7847.891511,14795.015,6213.906356,1041.0,312.3,0.0,0.0,216012.832486,42955.010098,258967.84258399997,4316.130709733333,731.5475779209039,1932.5958401791042,3865.1916803582085,4046.3725403749995,0.0,258967.842584,3600000.0,3600000.0,replay__s02__motion_only,motion_only,main,,,True,,85.0
secure,replay,2,3600.0,fab1f7b9f41b4eaa,True,synthetic_distribution,False,,354,222,173,132,21983.569999999996,0.006106547222222221,115,1.9166666666666667,115,1.9166666666666667,74,69,149,52,47,0.9038461538461539,0.09615384615384615,0.3988439306358382,47,477.6310638298213,168.03099999995902,593.7191283399718,1387.5224000000392,1980.5567999999269,2145.6172799999376,142.289000000339,2254.6289999999863,115,192.86713913042868,163.29200000001583,54.12015412395801,274.19079999993556,278.07450000000824,282.0088999999926,123.35899999993853,288.0819999999994,115,193.86713913042868,164.29200000001583,54.12015412395801,275.19079999993556,279.07450000000824,283.0088999999926,124.35899999993853,289.0819999999994,0,150.0,120.0,23.0,61.0,0.5555555555555556,0.8670520231213873,0.6772009029345372,0.6629834254143646,0.1329479768786127,0.5503355704697986,69,5,7,0.9324324324324325,0.9078947368421053,0.92,0.9324324324324325,0.8433315789473685,0.10587426405634981,0.1331,0.6347826086956522,0.3652173913043478,,,not_computed_no_bbox_data,31,31,31.0,0,0,132,59.0,59,28,31,90,6,84,6,0.4745762711864407,0.23484848484848486,31,0.06666666666666667,0.07317073170731707,0.22818791946308725,0.8235294117647058,0.4745762711864407,0.6021505376344086,0.4,0,24,8,2,0,0,68.0,115,0.6537686956521739,0.6312,0.11843761209518736,0.81,0.87944,0.9780639999999999,0.5015,1.2463,115,0.0,0.0,0.0,0.0,0.0,0.0,0.0,0.0,115,0,0,0,0,0.0,0.0,3599511.217,215970.673007,354.0,31.86,59.6,5.662,75.183,6.390573,3578016.434,28624.131474,345.0,51.75,16042.301,6737.766296,4694.765,1971.801332,901.5,270.45,0.0,0.0,216014.58558,37655.899102,253670.484682,4227.841411366667,716.583290062147,2205.8303015826086,3427.97952272973,3676.383835971015,5.662,253670.484682,3600000.0000000005,3600000.0,replay__s02__secure,secure,main,,,True,,110.0
always_on,replay,3,3600.0,4d5c9982a6bb9a69,True,synthetic_distribution,False,,420,363,265,57,3600000.0,1.0,1,0.016666666666666666,417,6.95,264,237,0,99,95,0.9595959595959596,0.04040404040404044,0.8943396226415095,95,382.41683157894755,301.3859999999404,301.2288264365935,499.8237999998033,1074.5696000000228,1756.407019999987,145.47500000009313,1936.808999999892,0,,,,,,,,,417,320.8804412470049,308.88699999963865,99.0389416974547,453.6328000000678,484.0987999998964,587.4888799999834,138.22999999998137,907.0700000000652,0,,,,,,,,,,,237,29,28,0.8909774436090225,0.8943396226415095,0.8926553672316385,0.8977272727272727,0.8375520754716981,0.09818697611125964,0.14665157894736844,0.5347721822541966,0.46522781774580335,,,not_computed_no_bbox_data,57,55,57.0,17804,239,57,,0,0,0,0,0,0,0,,1.0,57,,,,,,,0.0,0,0,0,0,0,0,,0,,,,,,,,,0,,,,,,,,,0,0,0,0,0,3600000.0,18000.0,0.0,0.0,0.0,0.0,0.0,0.0,0.0,0.0,0.0,0.0,0.0,0.0,2556755.766,1073837.421688,932749.734,391754.888312,110494.5,33148.35,0.0,0.0,18000.0,1498740.6600000001,1516740.6600000001,25279.011000000002,3611.287285714286,,5745.2297727272735,6399.749620253166,0.0,1516740.66,3600000.0,3600000.0,replay__s03__always_on,always_on,main,,,True,,
event,replay,3,3600.0,4d5c9982a6bb9a69,True,synthetic_distribution,False,,420,363,265,57,35636.899999999994,0.009899138888888888,176,2.933333333333333,176,2.933333333333333,126,112,176,99,77,0.7777777777777778,0.2222222222222222,0.4226415094339623,77,474.02235064936866,254.51699999999255,660.4902479179563,1397.7204000000856,2200.5902000000706,2804.525320000052,127.51799999992363,2895.301999999676,176,203.7951818181787,166.15700000006473,57.6655425213666,277.1300000001211,282.91150000010384,290.26599999977043,126.51799999992363,293.8670000000857,176,204.7951818181787,167.15700000006473,57.6655425213666,278.1300000001211,283.91150000010384,291.26599999977043,127.51799999992363,294.8670000000857,0,241.0,77.0,24.0,78.0,0.7578616352201258,0.909433962264151,0.8267581475128645,0.4967741935483871,0.09056603773584905,0.7215909090909091,112,15,15,0.8818897637795275,0.8818897637795275,0.8818897637795275,0.8888888888888888,0.8368346456692912,0.10742671431669772,0.16885,0.5454545454545454,0.45454545454545453,,,not_computed_no_bbox_data,28,27,28.0,0,0,57,27.0,0,0,0,0,0,0,0,,0.47368421052631576,27,,,,,,,0.0,0,0,0,0,0,0,114.0,176,0.6556085227272728,0.6332,0.12138577693137598,0.83685,0.8994,1.0115,0.5006,1.1082,176,0.0,0.0,0.0,0.0,0.0,0.0,0.0,0.0,176,0,0,0,0,0.0,0.0,3599464.613,215967.876761,420.0,37.8,0.0,0.0,115.387,9.807923,3564363.101,28514.904812,528.0,79.2,24735.698,10388.992998,8993.201,3777.14439,1380.0,414.0,0.0,0.0,216015.48468399997,43174.2422,259189.72688399997,4319.8287814,617.1183973428571,1472.66890275,2057.0613244761903,2314.1939900357143,0.0,259189.726882,3600000.0,3599999.9999999995,replay__s03__event,event,main,,,True,,50.0
event_no_early_exit,replay,3,3600.0,4d5c9982a6bb9a69,True,synthetic_distribution,False,,420,363,265,57,46296.245,0.012860068055555555,176,2.933333333333333,176,2.933333333333333,126,121,176,99,81,0.8181818181818182,0.18181818181818177,0.45660377358490567,81,508.7987283950587,269.78599999984726,606.6369981851559,1294.9799999999814,1750.8319999999367,2849.27799999984,238.98199999984354,2895.301999999676,176,264.35963636362754,263.5364999999292,12.164502336769484,281.15199999988545,285.4629999999888,291.48125000001164,233.1809999998659,293.969000000041,176,265.35963636362754,264.5364999999292,12.164502336769484,282.15199999988545,286.4629999999888,292.48125000001164,234.1809999998659,294.969000000041,0,241.0,77.0,24.0,78.0,0.7578616352201258,0.909433962264151,0.8267581475128645,0.4967741935483871,0.09056603773584905,0.7215909090909091,121,6,6,0.952755905511811,0.952755905511811,0.952755905511811,0.9603174603174603,0.8578181102362205,0.1191187758695262,0.15857727272727273,0.0,1.0,,,not_computed_no_bbox_data,28,27,28.0,0,0,57,27.0,0,0,0,0,0,0,0,,0.47368421052631576,27,,,,,,,0.0,0,0,0,0,0,0,114.0,176,0.6556085227272728,0.6332,0.12138577693137598,0.83685,0.8994,1.0115,0.5006,1.1082,176,0.0,0.0,0.0,0.0,0.0,0.0,0.0,0.0,176,0,0,0,0,0.0,0.0,3599464.613,215967.876761,420.0,37.8,0.0,0.0,115.387,9.807923,3553703.758,28429.630064,528.0,79.2,24735.698,10388.992998,19649.544,8252.80865,1383.0,414.9,0.0,0.0,216015.48468399997,47565.531712,263581.016396,4393.016939933334,627.5738485619047,1497.619411340909,2091.9128285396823,2178.3555074049586,0.0,263581.016395,3600000.0,3600000.0,replay__s03__event_no_early_exit,event_no_early_exit,main,,,True,,50.0
fixed_threshold,replay,3,3600.0,4d5c9982a6bb9a69,True,synthetic_distribution,False,,420,363,265,57,46296.245,0.012860068055555555,176,2.933333333333333,176,2.933333333333333,126,121,176,99,81,0.8181818181818182,0.18181818181818177,0.45660377358490567,81,508.7987283950587,269.78599999984726,606.6369981851559,1294.9799999999814,1750.8319999999367,2849.27799999984,238.98199999984354,2895.301999999676,176,264.35963636362754,263.5364999999292,12.164502336769484,281.15199999988545,285.4629999999888,291.48125000001164,233.1809999998659,293.969000000041,176,265.35963636362754,264.5364999999292,12.164502336769484,282.15199999988545,286.4629999999888,292.48125000001164,234.1809999998659,294.969000000041,0,241.0,78.0,24.0,77.0,0.7554858934169278,0.909433962264151,0.8253424657534247,0.5032258064516129,0.09056603773584905,0.7215909090909091,121,6,6,0.952755905511811,0.952755905511811,0.952755905511811,0.9603174603174603,0.8578181102362205,0.1191187758695262,0.15857727272727273,0.0,1.0,,,not_computed_no_bbox_data,28,27,28.0,0,0,57,27.0,0,0,0,0,0,0,0,,0.47368421052631576,27,,,,,,,0.0,0,0,0,0,0,0,114.0,176,0.6556085227272728,0.6332,0.12138577693137598,0.83685,0.8994,1.0115,0.5006,1.1082,176,0.0,0.0,0.0,0.0,0.0,0.0,0.0,0.0,176,0,0,0,0,0.0,0.0,3599464.613,215967.876761,420.0,37.8,0.0,0.0,115.387,9.807923,3553703.758,28429.630064,528.0,79.2,24735.698,10388.992998,19649.544,8252.80865,1383.0,414.9,0.0,0.0,216015.48468399997,47565.531712,263581.016396,4393.016939933334,627.5738485619047,1497.619411340909,2091.9128285396823,2178.3555074049586,0.0,263581.016395,3600000.0,3600000.0,replay__s03__fixed_threshold,fixed_threshold,main,,,True,,50.0
motion_only,replay,3,3600.0,4d5c9982a6bb9a69,True,synthetic_distribution,False,,420,363,265,57,41487.412000000004,0.011524281111111112,158,2.6333333333333333,158,2.6333333333333333,103,100,158,99,73,0.7373737373737373,0.26262626262626265,0.37735849056603776,73,746.2375890410892,272.0709999999963,853.0900251440258,2121.347199999819,2811.3114000000055,3268.5368000000535,238.98199999984354,3593.5160000002943,158,263.89398734176524,262.8100000000195,13.829165096753211,281.3545999998285,286.56294999975074,298.54764000006026,231.21100000001024,306.68800000008196,158,264.89398734176524,263.8100000000195,13.829165096753211,282.3545999998285,287.56294999975074,299.54764000006026,232.21100000001024,307.68800000008196,0,187.0,76.0,78.0,79.0,0.7110266159695817,0.7056603773584905,0.7083333333333334,0.49032258064516127,0.2943396226415094,0.6582278481012658,100,4,4,0.9615384615384616,0.9615384615384616,0.9615384615384616,0.970873786407767,0.8601692307692309,0.11625515800388961,0.14936060606060608,0.0,1.0,,,not_computed_no_bbox_data,22,21,22.0,0,0,57,21.0,0,0,0,0,0,0,0,,0.3684210526315789,21,,,,,,,0.0,0,0,0,0,0,0,83.0,158,0.6617493670886077,0.6291500000000001,0.12540579063359727,0.8480800000000001,0.9016200000000001,1.004575,0.5006,1.028,158,0.0,0.0,0.0,0.0,0.0,0.0,0.0,0.0,158,0,0,0,0,0.0,0.0,3599475.443,215968.526595,420.0,37.8,0.0,0.0,104.557,8.887324,3558512.587,28468.1007,474.0,71.1,22203.552,9325.491942,17581.36,7384.171311,1228.5,368.55,0.0,0.0,216015.213919,45617.413952999996,261632.62787199998,4360.543797866666,622.9348282666666,1655.9027080506328,2540.122600699029,2616.3262787199997,0.0,261632.627871,3600000.0,3599999.999,replay__s03__motion_only,motion_only,main,,,True,,36.0
secure,replay,3,3600.0,4d5c9982a6bb9a69,True,synthetic_distribution,False,,420,363,265,57,31356.902,0.008710250555555556,154,2.566666666666667,154,2.566666666666667,118,105,176,99,76,0.7676767676767676,0.23232323232323238,0.39622641509433965,76,462.3058815789587,252.02149999997346,697.0395668322332,1282.9594999998808,1758.978500000172,3115.4815000002272,127.91800000006333,4276.687000000384,154,205.33676623378008,167.58950000001641,57.96018787770908,278.57299999988174,283.3269000000786,290.7891999997408,126.91800000006333,294.26699999999255,154,206.33676623378008,168.58950000001641,57.96018787770908,279.57299999988174,284.3269000000786,291.7891999997408,127.91800000006333,295.26699999999255,0,241.0,77.0,24.0,78.0,0.7578616352201258,0.909433962264151,0.8267581475128645,0.4967741935483871,0.09056603773584905,0.7215909090909091,105,14,14,0.8823529411764706,0.8823529411764706,0.8823529411764706,0.8898305084745762,0.8374571428571428,0.10594738906360399,0.16885,0.5324675324675324,0.4675324675324675,,,not_computed_no_bbox_data,14,13,14.0,0,0,57,27.0,27,14,13,149,8,141,8,0.5185185185185185,0.22807017543859648,13,0.053691275167785234,0.06299212598425197,0.125,0.6363636363636364,0.5185185185185185,0.5714285714285714,0.4,0,13,9,0,0,0,114.0,154,0.6605961038961039,0.63605,0.12170695807903457,0.84275,0.89952,1.01634,0.5022,1.1082,154,0.0,0.0,0.0,0.0,0.0,0.0,0.0,0.0,154,0,0,0,0,0.0,0.0,3599407.868,215964.472088,420.0,37.8,70.4,6.688,101.732,8.647209,3568643.097,28549.144777,462.0,69.3,21612.411,9077.212658,8079.492,3393.386542,1203.0,360.9,0.0,0.0,216017.60729699998,41449.943977,257467.551274,4291.125854566667,613.0179792238096,1671.867216064935,2181.9284006271187,2452.0719168952382,6.688,257467.551273,3599999.9999999995,3600000.0,replay__s03__secure,secure,main,,,True,,50.0
always_on,replay,4,3600.0,45e4851a7fdc7b73,True,synthetic_distribution,False,,398,301,231,97,3600000.0,1.0,1,0.016666666666666666,396,6.6,227,204,0,68,66,0.9705882352941176,0.02941176470588236,0.8831168831168831,66,406.079469696983,324.63850000011735,360.1841489420904,502.033000000054,1142.2724999998973,1892.451950000021,152.00300000002608,2076.5430000000633,0,,,,,,,,,396,319.1831969697004,303.9965000000084,108.57561679304649,480.4459999999526,507.287000000244,594.4705999999076,139.35999999986961,730.1540000000095,0,,,,,,,,,,,204,26,27,0.8869565217391304,0.8831168831168831,0.8850325379609544,0.8986784140969163,0.8439030303030303,0.09978552582759877,0.1645955882352941,0.5429292929292929,0.45707070707070707,,,not_computed_no_bbox_data,98,95,98.0,17789,249,97,,0,0,0,0,0,0,0,,1.0,97,,,,,,,0.0,0,0,0,0,0,0,,0,,,,,,,,,0,,,,,,,,,0,0,0,0,0,3600000.0,18000.0,0.0,0.0,0.0,0.0,0.0,0.0,0.0,0.0,0.0,0.0,0.0,0.0,2553407.928,1072431.329731,936283.572,393239.100269,110308.5,33092.55,0.0,0.0,18000.0,1498762.98,1516762.98,25279.382999999998,3810.9622613065326,,6681.775242290749,7435.112647058823,0.0,1516762.98,3600000.0,3600000.0,replay__s04__always_on,always_on,main,,,True,,
event,replay,4,3600.0,45e4851a7fdc7b73,True,synthetic_distribution,False,,398,301,231,97,31123.038,0.008645288333333334,160,2.6666666666666665,160,2.6666666666666665,97,86,160,68,54,0.7941176470588235,0.20588235294117652,0.3722943722943723,54,469.37788888890685,240.76150000013877,662.88118251626,1426.9823999999094,2083.8041000000158,2760.29280000007,134.12900000007357,2771.126000000164,160,195.83998750000313,163.10299999988638,55.51529349466537,272.4980000000563,277.4244000000704,286.64737000011837,125.53600000002189,300.43800000008196,160,196.83998750000313,164.10299999988638,55.51529349466537,273.4980000000563,278.4244000000704,287.64737000011837,126.53600000002189,301.43800000008196,0,219.0,103.0,12.0,64.0,0.6801242236024845,0.948051948051948,0.7920433996383364,0.6167664670658682,0.05194805194805195,0.6125,86,12,12,0.8775510204081632,0.8775510204081632,0.8775510204081631,0.8865979381443299,0.8495714285714286,0.09697077251238893,0.13471818181818182,0.6125,0.3875,,,not_computed_no_bbox_data,50,49,50.0,0,0,97,51.0,0,0,0,0,0,0,0,,0.5257731958762887,51,,,,,,,0.0,0,0,0,0,0,0,121.0,160,0.6621525,0.6537999999999999,0.11747651656138015,0.83532,0.86684,0.9522279999999999,0.5019,1.0924,160,0.0,0.0,0.0,0.0,0.0,0.0,0.0,0.0,160,0,0,0,0,0.0,0.0,3599496.056,215969.763339,398.0,35.82,0.0,0.0,105.944,9.00527,3568876.961,28551.015686,480.0,72.0,22478.628,9441.023578,6895.412,2896.072913,1269.0,380.7,0.0,0.0,216014.588609,41340.812177,257355.400786,4289.256679766667,646.6216100150754,1608.4712549125002,2653.14846171134,2992.5046603023256,0.0,257355.400786,3600000.0,3600000.001,replay__s04__event,event,main,,,True,,90.0
event_no_early_exit,replay,4,3600.0,45e4851a7fdc7b73,True,synthetic_distribution,False,,398,301,231,97,41956.723,0.011654645277777776,160,2.6666666666666665,160,2.6666666666666665,97,92,160,68,59,0.8676470588235294,0.13235294117647056,0.39826839826839827,59,568.887627118663,268.29000000003725,679.2535713007804,1489.250999999885,2250.6565000000287,2863.292660000003,233.23200000001816,2874.935000000056,160,263.55051250001236,262.0764999999665,15.226097678506703,282.3295999999042,288.69120000002437,304.2099299999632,232.23200000001816,310.6219999999739,160,264.55051250001236,263.0764999999665,15.226097678506703,283.3295999999042,289.69120000002437,305.2099299999632,233.23200000001816,311.6219999999739,0,219.0,103.0,12.0,64.0,0.6801242236024845,0.948051948051948,0.7920433996383364,0.6167664670658682,0.05194805194805195,0.6125,92,6,6,0.9387755102040817,0.9387755102040817,0.9387755102040817,0.9484536082474226,0.8707061224489796,0.10795313494091999,0.12226363636363637,0.0,1.0,,,not_computed_no_bbox_data,50,49,50.0,0,0,97,51.0,0,0,0,0,0,0,0,,0.5257731958762887,51,,,,,,,0.0,0,0,0,0,0,0,121.0,160,0.6621525,0.6537999999999999,0.11747651656138015,0.83532,0.86684,0.9522279999999999,0.5019,1.0924,160,0.0,0.0,0.0,0.0,0.0,0.0,0.0,0.0,160,0,0,0,0,0.0,0.0,3599496.056,215969.763339,398.0,35.82,0.0,0.0,105.944,9.00527,3558043.283,28464.346261,480.0,72.0,22478.628,9441.023578,17718.59,7441.807707,1279.5,383.85,0.0,0.0,216014.588609,45803.027546,261817.61615500003,4363.626935916667,657.833206419598,1636.3601009687502,2699.1506820103095,2845.843653858696,0.0,261817.616155,3600000.0,3600000.0009999997,replay__s04__event_no_early_exit,event_no_early_exit,main,,,True,,90.0
fixed_threshold,replay,4,3600.0,45e4851a7fdc7b73,True,synthetic_distribution,False,,398,301,231,97,41956.723,0.011654645277777776,160,2.6666666666666665,160,2.6666666666666665,97,92,160,68,59,0.8676470588235294,0.13235294117647056,0.39826839826839827,59,568.887627118663,268.29000000003725,679.2535713007804,1489.250999999885,2250.6565000000287,2863.292660000003,233.23200000001816,2874.935000000056,160,263.55051250001236,262.0764999999665,15.226097678506703,282.3295999999042,288.69120000002437,304.2099299999632,232.23200000001816,310.6219999999739,160,264.55051250001236,263.0764999999665,15.226097678506703,283.3295999999042,289.69120000002437,305.2099299999632,233.23200000001816,311.6219999999739,0,220.0,103.0,11.0,64.0,0.6811145510835913,0.9523809523809523,0.7942238267148014,0.6167664670658682,0.047619047619047616,0.6125,92,6,6,0.9387755102040817,0.9387755102040817,0.9387755102040817,0.9484536082474226,0.8707061224489796,0.10795313494091999,0.12226363636363637,0.0,1.0,,,not_computed_no_bbox_data,50,49,50.0,0,0,97,51.0,0,0,0,0,0,0,0,,0.5257731958762887,51,,,,,,,0.0,0,0,0,0,0,0,122.0,160,0.6621525,0.6537999999999999,0.11747651656138015,0.83532,0.86684,0.9522279999999999,0.5019,1.0924,160,0.0,0.0,0.0,0.0,0.0,0.0,0.0,0.0,160,0,0,0,0,0.0,0.0,3599496.056,215969.763339,398.0,35.82,0.0,0.0,105.944,9.00527,3558043.283,28464.346261,480.0,72.0,22478.628,9441.023578,17718.59,7441.807707,1279.5,383.85,0.0,0.0,216014.588609,45803.027546,261817.61615500003,4363.626935916667,657.833206419598,1636.3601009687502,2699.1506820103095,2845.843653858696,0.0,261817.616155,3600000.0,3600000.0009999997,replay__s04__fixed_threshold,fixed_threshold,main,,,True,,90.0
motion_only,replay,4,3600.0,45e4851a7fdc7b73,True,synthetic_distribution,False,,398,301,231,97,37435.216,0.010398671111111112,143,2.3833333333333333,143,2.3833333333333333,86,79,143,68,53,0.7794117647058824,0.22058823529411764,0.341991341991342,53,592.6528490566276,270.9429999999702,673.8871733361718,1356.160999999987,2104.234800000022,2864.4970400000084,239.11900000018068,2874.935000000056,143,263.10809790211874,261.6359999999404,15.222442985758043,280.6388000000501,288.234400000023,304.4603399999481,233.48500000010245,328.4340000001248,143,264.10809790211874,262.6359999999404,15.222442985758043,281.6388000000501,289.234400000023,305.4603399999481,234.48500000010245,329.4340000001248,0,165.0,94.0,66.0,73.0,0.637065637065637,0.7142857142857143,0.673469387755102,0.562874251497006,0.2857142857142857,0.6083916083916084,79,8,8,0.9080459770114943,0.9080459770114943,0.9080459770114943,0.9186046511627907,0.8669402298850576,0.10851942539618718,0.10251176470588236,0.0,1.0,,,not_computed_no_bbox_data,38,37,38.0,0,0,97,39.0,0,0,0,0,0,0,0,,0.4020618556701031,39,,,,,,,0.0,0,0,0,0,0,0,78.0,143,0.6646559440559442,0.6533,0.12613250054324865,0.8491599999999999,0.88792,1.0088380000000006,0.5019,1.0924,143,0.0,0.0,0.0,0.0,0.0,0.0,0.0,0.0,143,0,0,0,0,0.0,0.0,3599506.954,215970.417241,398.0,35.82,0.0,0.0,95.046,8.078908,3562564.784,28500.51827,429.0,64.35,20136.512,8457.335077,15755.204,6617.185756,1114.5,334.35,0.0,0.0,216014.316149,43973.739103,259988.055252,4333.1342542,653.2363197286431,1818.0982884755244,3023.1169215348837,3290.9880411645568,0.0,259988.055252,3600000.0,3600000.0,replay__s04__motion_only,motion_only,main,,,True,,69.0
secure,replay,4,3600.0,45e4851a7fdc7b73,True,synthetic_distribution,False,,398,301,231,97,25223.479,0.0070065219444444445,131,2.183333333333333,131,2.183333333333333,89,79,160,68,51,0.75,0.25,0.341991341991342,51,397.5026666666849,180.80000000004657,599.8449145258762,914.9809999999125,1808.097500000018,2761.3060000000987,134.52899999998044,2771.526000000071,131,194.25787786261003,163.0100000000093,54.1293464429193,270.8259999998845,275.7870000000112,287.13229999996247,125.93600000004517,300.8379999999888,131,195.25787786261003,164.0100000000093,54.1293464429193,271.8259999998845,276.7870000000112,288.13229999996247,126.93600000004517,301.8379999999888,0,219.0,103.0,12.0,64.0,0.6801242236024845,0.948051948051948,0.7920433996383364,0.6167664670658682,0.05194805194805195,0.6125,79,11,10,0.8777777777777778,0.8876404494382022,0.88268156424581,0.8876404494382022,0.8531898876404496,0.08814359029569027,0.13471818181818182,0.6335877862595419,0.366412213740458,,,not_computed_no_bbox_data,32,31,32.0,0,0,97,51.0,51,20,31,109,9,100,9,0.39215686274509803,0.31958762886597936,31,0.08256880733944955,0.09183673469387756,0.18125,0.6896551724137931,0.39215686274509803,0.5,0.4,0,16,12,1,0,0,121.0,131,0.6569603053435115,0.6506,0.11846155278881337,0.84,0.8672,0.9640599999999995,0.5019,1.0924,131,0.0,0.0,0.0,0.0,0.0,0.0,0.0,0.0,131,0,0,0,0,0.0,0.0,3599451.938,215967.116282,398.0,35.82,64.0,6.08,86.062,7.315267,3574776.517,28598.212135,393.0,58.95,18459.055,7752.803083,5330.428,2238.779848,1041.0,312.3,0.0,0.0,216016.331549,38961.045066000006,254977.376615,4249.622943583333,640.6466749120602,1946.3921879007632,2864.914343988764,3227.561729303797,6.08,254977.376614,3600000.0,3600000.0,replay__s04__secure,secure,main,,,True,,90.0
always_on,replay,5,3600.0,0c553dfdd89dcbaa,True,synthetic_distribution,False,,469,392,298,77,3600000.0,1.0,1,0.016666666666666666,467,7.783333333333333,295,271,0,98,97,0.9897959183673469,0.010204081632653073,0.9093959731543624,97,359.134649484513,295.17699999990873,242.71011956720395,501.32840000009173,858.9466000001396,1278.3905600000503,163.32499999995343,1776.7879999997094,0,,,,,,,,,467,315.81564882226894,304.3190000001341,102.4895221819978,451.3723999999465,493.62030000002125,654.7586000000124,136.17900000000373,711.3370000002906,0,,,,,,,,,,,271,26,27,0.9124579124579124,0.9093959731543624,0.910924369747899,0.9186440677966101,0.8399325503355703,0.1002193895475588,0.15810978260869563,0.5546038543897216,0.44539614561027835,,,not_computed_no_bbox_data,77,75,77.0,17655,211,77,,0,0,0,0,0,0,0,,1.0,77,,,,,,,0.0,0,0,0,0,0,0,,0,,,,,,,,,0,,,,,,,,,0,0,0,0,0,3600000.0,18000.0,0.0,0.0,0.0,0.0,0.0,0.0,0.0,0.0,0.0,0.0,0.0,0.0,2544081.946,1068514.417168,945989.054,397315.402832,109929.0,32978.7,0.0,0.0,18000.0,1498808.52,1516808.52,25280.142,3234.1333049040513,,5141.723796610169,5597.079409594096,0.0,1516808.52,3600000.0,3600000.0,replay__s05__always_on,always_on,main,,,True,,
event,replay,5,3600.0,0c553dfdd89dcbaa,True,synthetic_distribution,False,,469,392,298,77,38070.402,0.010575111666666668,189,3.15,189,3.15,134,122,189,98,75,0.7653061224489796,0.23469387755102045,0.40939597315436244,75,476.8244399999909,177.02399999997579,721.6847684837206,1446.607600000129,2172.114599999831,3005.6808799999912,130.58899999968708,4137.3910000000615,189,202.75751322750313,168.50900000007823,56.12739789300962,274.21480000000446,281.6829999998328,297.2205200000387,126.19099999999162,302.82299999985844,189,203.75751322750313,169.50900000007823,56.12739789300962,275.21480000000446,282.6829999998328,298.2205200000387,127.19099999999162,303.82299999985844,0,275.0,91.0,23.0,80.0,0.7513661202185792,0.9228187919463087,0.8283132530120482,0.5321637426900585,0.07718120805369127,0.7142857142857143,122,12,13,0.9104477611940298,0.9037037037037037,0.9070631970260223,0.9104477611940298,0.8428629629629629,0.0991721078541238,0.14088,0.5502645502645502,0.4497354497354497,,,not_computed_no_bbox_data,43,43,43.0,0,0,77,44.0,0,0,0,0,0,0,0,,0.5714285714285714,44,,,,,,,0.0,0,0,0,0,0,0,140.0,189,0.681468783068783,0.6574,0.12937378441859,0.8628000000000003,0.9261599999999999,0.9984880000000002,0.501,1.0391,189,0.0,0.0,0.0,0.0,0.0,0.0,0.0,0.0,189,0,0,0,0,0.0,0.0,3599402.203,215964.132155,469.0,42.21,0.0,0.0,128.797,10.947781,3561929.598,28495.43678,567.0,85.05,26630.649,11184.872684,9392.253,3944.746353,1480.5,444.15,0.0,0.0,216017.289936,44154.255817000005,260171.54575299998,4336.192429216667,554.7367713283581,1376.569025148148,1941.5786996492536,2132.5536537131147,0.0,260171.545753,3600000.0,3600000.0000000005,replay__s05__event,event,main,,,True,,76.0
event_no_early_exit,replay,5,3600.0,0c553dfdd89dcbaa,True,synthetic_distribution,False,,469,392,298,77,49629.765999999996,0.01378604611111111,189,3.15,189,3.15,134,124,189,98,77,0.7857142857142857,0.2142857142857143,0.4161073825503356,77,625.0080389610328,265.86200000019744,898.8124443105852,1605.8384000000544,2387.236199999974,4449.128919999949,238.46900000004098,5100.530999999959,189,263.9181534391486,262.67499999981374,15.012594493225563,283.46320000002163,291.18040000000036,300.65644000001254,222.21999999997206,307.8989999999758,189,264.9181534391486,263.67499999981374,15.012594493225563,284.46320000002163,292.18040000000036,301.65644000001254,223.21999999997206,308.8989999999758,0,275.0,91.0,23.0,80.0,0.7513661202185792,0.9228187919463087,0.8283132530120482,0.5321637426900585,0.07718120805369127,0.7142857142857143,124,10,11,0.9253731343283582,0.9185185185185185,0.9219330855018587,0.9253731343283582,0.8655037037037037,0.11038100191244477,0.11473999999999998,0.0,1.0,,,not_computed_no_bbox_data,43,43,43.0,0,0,77,44.0,0,0,0,0,0,0,0,,0.5714285714285714,44,,,,,,,0.0,0,0,0,0,0,0,140.0,189,0.681468783068783,0.6574,0.12937378441859,0.8628000000000003,0.9261599999999999,0.9984880000000002,0.501,1.0391,189,0.0,0.0,0.0,0.0,0.0,0.0,0.0,0.0,189,0,0,0,0,0.0,0.0,3599402.203,215964.132155,469.0,42.21,0.0,0.0,128.797,10.947781,3550370.236,28402.961888,567.0,85.05,26630.649,11184.872684,20944.115,8796.528171,1488.0,446.4,0.0,0.0,216017.289936,48915.812743,264933.102679,4415.551711316667,564.8893447313433,1401.762448037037,1977.1127065597016,2136.557279669355,0.0,264933.102679,3600000.0,3600000.0000000005,replay__s05__event_no_early_exit,event_no_early_exit,main,,,True,,76.0
fixed_threshold,replay,5,3600.0,0c553dfdd89dcbaa,True,synthetic_distribution,False,,469,392,298,77,49870.634999999995,0.013852954166666666,190,3.1666666666666665,190,3.1666666666666665,135,126,190,98,77,0.7857142857142857,0.2142857142857143,0.4228187919463087,77,608.9777012986965,265.6010000000242,894.0296435617589,1605.8384000000544,2387.236199999974,4449.128919999949,238.46900000004098,5100.530999999959,190,263.8028736842064,262.65849999990314,15.001111044391978,283.3550999999978,291.10969999999503,300.6318200000142,222.21999999997206,307.8989999999758,190,264.8028736842064,263.65849999990314,15.001111044391978,284.3550999999978,292.10969999999503,301.6318200000142,223.21999999997206,308.8989999999758,0,276.0,91.0,22.0,80.0,0.7520435967302452,0.9261744966442953,0.8300751879699247,0.5321637426900585,0.0738255033557047,0.7157894736842105,126,9,10,0.9333333333333333,0.9264705882352942,0.929889298892989,0.9333333333333333,0.8608970588235294,0.11444399629330365,0.11473999999999998,0.0,1.0,,,not_computed_no_bbox_data,43,43,43.0,0,0,77,44.0,0,0,0,0,0,0,0,,0.5714285714285714,44,,,,,,,0.0,0,0,0,0,0,0,140.0,190,0.6811163157894736,0.6576,0.12937852383915663,0.8607499999999999,0.9247799999999995,0.9982389999999997,0.501,1.0391,190,0.0,0.0,0.0,0.0,0.0,0.0,0.0,0.0,190,0,0,0,0,0.0,0.0,3599401.588,215964.09528,469.0,42.21,0.0,0.0,129.412,11.00002,3550129.367,28401.034936,570.0,85.5,26753.397,11236.426692,21050.236,8841.099164,1497.0,449.1,0.0,0.0,216017.3053,49013.160791999995,265030.46609199996,4417.174434866666,565.0969426268656,1394.8971899578946,1963.1886377185183,2103.4163975555552,0.0,265030.466092,3600000.0,3600000.0,replay__s05__fixed_threshold,fixed_threshold,main,,,True,,76.0
motion_only,replay,5,3600.0,0c553dfdd89dcbaa,True,synthetic_distribution,False,,469,392,298,77,45348.30799999999,0.012596752222222219,173,2.8833333333333333,173,2.8833333333333333,112,106,173,98,73,0.7448979591836735,0.2551020408163265,0.35570469798657717,73,766.77710958902,271.6389999999665,932.5976331753996,2276.0961999999354,2589.9336000000126,3726.83724000009,238.46900000004098,5100.530999999959,173,263.45372832369276,262.58400000003166,14.938640015901454,283.1701999999583,289.9173999999766,301.62072000002837,234.2060000000056,309.5380000001751,173,264.45372832369276,263.58400000003166,14.938640015901454,284.1701999999583,290.9173999999766,302.62072000002837,235.2060000000056,310.5380000001751,0,197.0,93.0,101.0,78.0,0.6793103448275862,0.6610738255033557,0.6700680272108843,0.543859649122807,0.3389261744966443,0.6473988439306358,106,6,6,0.9464285714285714,0.9464285714285714,0.9464285714285714,0.9464285714285714,0.8674866071428572,0.11402161838289739,0.11903333333333332,0.0,1.0,,,not_computed_no_bbox_data,36,36,36.0,0,0,77,37.0,0,0,0,0,0,0,0,,0.4805194805194805,37,,,,,,,0.0,0,0,0,0,0,0,85.0,173,0.6667225433526012,0.6394,0.12659045121050716,0.8375400000000002,0.90756,1.02418,0.501,1.0391,173,0.0,0.0,0.0,0.0,0.0,0.0,0.0,0.0,173,0,0,0,0,0.0,0.0,3599415.657,215964.939431,469.0,42.21,0.0,0.0,115.343,9.804139,3554651.698,28437.213581,519.0,77.85,24347.374,10225.897097,19142.428,8039.819897,1339.5,401.85,0.0,0.0,216016.95357,47182.630574999996,263199.584145,4386.6597357499995,561.1931431663112,1521.384879450867,2349.9962870089284,2483.0149447641506,0.0,263199.584146,3600000.0,3599999.9999999995,replay__s05__motion_only,motion_only,main,,,True,,61.0
secure,replay,5,3600.0,0c553dfdd89dcbaa,True,synthetic_distribution,False,,469,392,298,77,28966.742,0.008046317222222222,144,2.4,144,2.4,122,113,189,98,73,0.7448979591836735,0.2551020408163265,0.37919463087248323,73,501.3743972602523,177.42399999999907,794.7116261382045,1497.0707999999634,2393.806199999897,3563.366360000028,130.9890000000596,4137.790999999968,144,202.88845138887655,167.99599999981,56.16489085151173,276.0000000000233,282.5054999996733,296.8455600000289,129.9890000000596,303.22300000023097,144,203.88845138887655,168.99599999981,56.16489085151173,277.0000000000233,283.5054999996733,297.8455600000289,130.9890000000596,304.22300000023097,0,275.0,91.0,23.0,80.0,0.7513661202185792,0.9228187919463087,0.8283132530120482,0.5321637426900585,0.07718120805369127,0.7142857142857143,113,9,10,0.9262295081967213,0.9186991869918699,0.9224489795918367,0.9262295081967213,0.8395252032520324,0.1021242818812129,0.14088,0.5555555555555556,0.4444444444444444,,,not_computed_no_bbox_data,10,10,10.0,0,0,77,44.0,44,33,11,145,12,133,12,0.75,0.14285714285714285,11,0.08275862068965517,0.08888888888888889,0.23809523809523808,0.7333333333333333,0.75,0.7415730337078651,0.4,0,27,16,2,0,0,140.0,144,0.6842895833333333,0.6596,0.1279569211373814,0.8730500000000003,0.9330599999999999,0.994253,0.501,1.0204,144,0.0,0.0,0.0,0.0,0.0,0.0,0.0,0.0,144,0,0,0,0,0.0,0.0,3599356.862,215961.41175,469.0,42.21,75.6,7.182,98.538,8.375688,3571033.26,28568.266078,432.0,64.8,20310.186,8530.278072,7096.554,2980.552834,1128.0,338.4,0.0,0.0,216019.179438,40482.296984,256501.47642199998,4275.024607033333,546.9114635863539,1781.2602529305555,2102.4711182131146,2269.9245701061946,7.182,256501.476422,3600000.0000000005,3600000.0,replay__s05__secure,secure,main,,,True,,76.0
always_on,replay,6,3600.0,6837d915c3d0ecf7,True,synthetic_distribution,False,,507,365,286,142,3600000.0,1.0,1,0.016666666666666666,505,8.416666666666666,279,251,0,98,93,0.9489795918367347,0.05102040816326525,0.8776223776223776,93,378.42855913976524,311.86999999999534,278.7966258384613,505.4753999999957,1027.1666000001112,1567.1276399999947,145.23600000003353,1697.8900000001304,0,,,,,,,,,505,308.45116237623057,301.64100000006147,93.05315827955279,425.59740000001625,471.95979999997644,527.3866400000452,143.7839999999851,725.0069999999832,0,,,,,,,,,,,251,29,35,0.8964285714285715,0.8776223776223776,0.8869257950530036,0.899641577060932,0.8375965034965034,0.11462984052422284,0.1730818181818182,0.6079207920792079,0.3920792079207921,,,not_computed_no_bbox_data,139,138,139.0,17638,203,142,,0,0,0,0,0,0,0,,1.0,142,,,,,,,0.0,0,0,0,0,0,0,,0,,,,,,,,,0,,,,,,,,,0,0,0,0,0,3600000.0,18000.0,0.0,0.0,0.0,0.0,0.0,0.0,0.0,0.0,0.0,0.0,0.0,0.0,2548743.903,1070472.439092,941078.097,395252.800908,110178.0,33053.4,0.0,0.0,18000.0,1498778.64,1516778.64,25279.643999999997,2991.673846153846,,5436.482580645161,6042.942788844621,0.0,1516778.64,3600000.0,3600000.0,replay__s06__always_on,always_on,main,,,True,,
event,replay,6,3600.0,6837d915c3d0ecf7,True,synthetic_distribution,False,,507,365,286,142,43520.418000000005,0.012089005000000002,222,3.7,222,3.7,134,120,222,98,81,0.826530612244898,0.173469387755102,0.4195804195804196,81,421.50397530864075,164.9269999996759,631.4070349207173,1545.2670000000508,1915.3730000000214,2744.944599999954,130.97399999998743,2926.7229999997653,222,197.36596846847058,166.0910000000149,54.84339205710353,270.9220999999787,279.52575000000616,288.32511999999883,126.45299999997951,299.26699999999255,222,198.36596846847058,167.0910000000149,54.84339205710353,271.9220999999787,280.52575000000616,289.32511999999883,127.45299999997951,300.26699999999255,0,267.0,155.0,19.0,66.0,0.6327014218009479,0.9335664335664335,0.7542372881355932,0.7013574660633484,0.06643356643356643,0.6261261261261262,120,14,19,0.8955223880597015,0.8633093525179856,0.8791208791208792,0.8955223880597015,0.8305007194244605,0.12954070788550864,0.2079,0.6036036036036037,0.3963963963963964,,,not_computed_no_bbox_data,73,73,73.0,0,0,142,74.0,0,0,0,0,0,0,0,,0.5211267605633803,74,,,,,,,0.0,0,0,0,0,0,0,128.0,222,0.6609261261261261,0.63445,0.12682291584733502,0.8462400000000001,0.901245,1.0321359999999997,0.5007,1.1186,222,0.0,0.0,0.0,0.0,0.0,0.0,0.0,0.0,222,0,0,0,0,0.0,0.0,3599346.274,215960.776457,507.0,45.63,0.0,0.0,146.726,12.471686,3556479.574,28451.836593,666.0,99.9,31508.14,13233.418629,9582.286,4024.560239,1764.0,529.2,0.0,0.0,216018.878143,46338.915461,262357.793604,4372.6298934,517.4709933017751,1181.7918630810811,1957.893982119403,2186.3149467,0.0,262357.793604,3600000.0,3600000.0,replay__s06__event,event,main,,,True,,141.0
event_no_early_exit,replay,6,3600.0,6837d915c3d0ecf7,True,synthetic_distribution,False,,507,365,286,142,58457.77099999999,0.01623826972222222,222,3.7,222,3.7,134,125,222,98,86,0.8775510204081632,0.12244897959183676,0.4370629370629371,86,446.8775581395237,267.4484999999404,565.1256779515624,867.8685000000114,1704.440249999985,2842.847199999935,228.8049999999348,3035.242999999784,222,264.65129729729153,265.2630000000354,14.532224206594442,283.6423000000126,288.8488499999999,298.27604000001446,227.8049999999348,308.8299999999581,222,265.65129729729153,266.2630000000354,14.532224206594442,284.6423000000126,289.8488499999999,299.27604000001446,228.8049999999348,309.8299999999581,0,267.0,155.0,19.0,66.0,0.6327014218009479,0.9335664335664335,0.7542372881355932,0.7013574660633484,0.06643356643356643,0.6261261261261262,125,9,14,0.9328358208955224,0.8992805755395683,0.9157509157509158,0.9328358208955224,0.8587424460431655,0.14273226734624378,0.19472222222222219,0.0,1.0,,,not_computed_no_bbox_data,73,73,73.0,0,0,142,74.0,0,0,0,0,0,0,0,,0.5211267605633803,74,,,,,,,0.0,0,0,0,0,0,0,128.0,222,0.6609261261261261,0.63445,0.12682291584733502,0.8462400000000001,0.901245,1.0321359999999997,0.5007,1.1186,222,0.0,0.0,0.0,0.0,0.0,0.0,0.0,0.0,222,0,0,0,0,0.0,0.0,3599346.274,215960.776457,507.0,45.63,0.0,0.0,146.726,12.471686,3541542.23,28332.337841,666.0,99.9,31508.14,13233.418629,24525.63,10300.764702,1758.0,527.4,0.0,0.0,216018.878143,52493.821172,268512.69931500003,4475.21165525,529.610846775148,1209.5166635810813,2003.826114291045,2148.10159452,0.0,268512.699315,3600000.0,3600000.0,replay__s06__event_no_early_exit,event_no_early_exit,main,,,True,,141.0
fixed_threshold,replay,6,3600.0,6837d915c3d0ecf7,True,synthetic_distribution,False,,507,365,286,142,58457.77099999999,0.01623826972222222,222,3.7,222,3.7,134,125,222,98,86,0.8775510204081632,0.12244897959183676,0.4370629370629371,86,446.8775581395237,267.4484999999404,565.1256779515624,867.8685000000114,1704.440249999985,2842.847199999935,228.8049999999348,3035.242999999784,222,264.65129729729153,265.2630000000354,14.532224206594442,283.6423000000126,288.8488499999999,298.27604000001446,227.8049999999348,308.8299999999581,222,265.65129729729153,266.2630000000354,14.532224206594442,284.6423000000126,289.8488499999999,299.27604000001446,228.8049999999348,309.8299999999581,0,267.0,155.0,19.0,66.0,0.6327014218009479,0.9335664335664335,0.7542372881355932,0.7013574660633484,0.06643356643356643,0.6261261261261262,125,9,14,0.9328358208955224,0.8992805755395683,0.9157509157509158,0.9328358208955224,0.8587424460431655,0.14273226734624378,0.19472222222222219,0.0,1.0,,,not_computed_no_bbox_data,73,73,73.0,0,0,142,74.0,0,0,0,0,0,0,0,,0.5211267605633803,74,,,,,,,0.0,0,0,0,0,0,0,128.0,222,0.6609261261261261,0.63445,0.12682291584733502,0.8462400000000001,0.901245,1.0321359999999997,0.5007,1.1186,222,0.0,0.0,0.0,0.0,0.0,0.0,0.0,0.0,222,0,0,0,0,0.0,0.0,3599346.274,215960.776457,507.0,45.63,0.0,0.0,146.726,12.471686,3541542.23,28332.337841,666.0,99.9,31508.14,13233.418629,24525.63,10300.764702,1758.0,527.4,0.0,0.0,216018.878143,52493.821172,268512.69931500003,4475.21165525,529.610846775148,1209.5166635810813,2003.826114291045,2148.10159452,0.0,268512.699315,3600000.0,3600000.0,replay__s06__fixed_threshold,fixed_threshold,main,,,True,,141.0
motion_only,replay,6,3600.0,6837d915c3d0ecf7,True,synthetic_distribution,False,,507,365,286,142,47442.443,0.013178456388888888,180,3.0,180,3.0,105,93,180,98,72,0.7346938775510204,0.26530612244897955,0.32517482517482516,72,623.4847777777662,270.0635000000184,662.8943698646603,1654.6887000000338,1949.2485500000128,2801.7250299999237,228.8049999999348,3071.24599999981,180,264.9090499999936,265.0655000000552,14.634739796387809,284.1014000000374,290.51629999994475,299.8699099999893,227.8049999999348,303.60899999999674,180,265.9090499999936,266.0655000000552,14.634739796387809,285.1014000000374,291.51629999994475,300.8699099999893,228.8049999999348,304.60899999999674,0,191.0,115.0,95.0,106.0,0.6241830065359477,0.6678321678321678,0.6452702702702702,0.5203619909502263,0.3321678321678322,0.6,93,12,15,0.8857142857142857,0.8611111111111112,0.8732394366197184,0.8857142857142857,0.8628555555555555,0.1350803335460178,0.14374347826086958,0.0,1.0,,,not_computed_no_bbox_data,47,47,47.0,0,0,142,49.0,0,0,0,0,0,0,0,,0.34507042253521125,49,,,,,,,0.0,0,0,0,0,0,0,83.0,180,0.669515,0.6354,0.13628754865722112,0.87964,0.9541799999999998,1.0592710000000007,0.5007,1.1356,180,0.0,0.0,0.0,0.0,0.0,0.0,0.0,0.0,180,0,0,0,0,0.0,0.0,3599372.487,215962.349228,507.0,45.63,0.0,0.0,120.513,10.243594,3552557.558,28420.460467,540.0,81.0,25554.518,10732.897453,19954.424,8380.858028,1393.5,418.05,0.0,0.0,216018.222822,48033.26594800001,264051.48877,4400.858146166666,520.8116149309665,1466.952715388889,2514.7760835238096,2839.263320107527,0.0,264051.48877,3600000.0,3600000.0000000005,replay__s06__motion_only,motion_only,main,,,True,,86.0
secure,replay,6,3600.0,6837d915c3d0ecf7,True,synthetic_distribution,False,,507,365,286,142,34502.331,0.009583980833333334,177,2.95,177,2.95,126,112,222,98,80,0.8163265306122449,0.18367346938775508,0.3916083916083916,80,393.4290249999913,164.8269999998156,580.7007528847812,1028.5899999998908,1712.4236000000174,2663.8618200000683,131.3739999999525,2927.123000000138,177,196.65175706213896,165.91200000001118,55.49338691234411,271.9168000000529,278.37440000006677,289.59607999995995,126.85299999988638,299.66700000013225,177,197.65175706213896,166.91200000001118,55.49338691234411,272.9168000000529,279.37440000006677,290.59607999995995,127.85299999988638,300.66700000013225,0,267.0,155.0,19.0,66.0,0.6327014218009479,0.9335664335664335,0.7542372881355932,0.7013574660633484,0.06643356643356643,0.6261261261261262,112,14,19,0.8888888888888888,0.8549618320610687,0.8715953307392995,0.8888888888888888,0.8322687022900763,0.13058892701554842,0.2079,0.6101694915254238,0.3898305084745763,,,not_computed_no_bbox_data,37,37,37.0,0,0,142,74.0,74,37,37,148,8,140,8,0.5,0.2605633802816901,37,0.05405405405405406,0.05755395683453238,0.20270270270270271,0.8222222222222222,0.5,0.6218487394957983,0.4,0,32,12,1,0,0,128.0,177,0.654980790960452,0.6249,0.12547976418461013,0.83196,0.89456,1.039396,0.5007,1.1186,177,0.0,0.0,0.0,0.0,0.0,0.0,0.0,0.0,177,0,0,0,0,0.0,0.0,3599288.269,215957.296119,507.0,45.63,88.8,8.436,115.931,9.854164,3565497.662,28523.981296,531.0,79.65,25045.989,10519.315358,7530.349,3162.746622,1395.0,418.5,0.0,0.0,216021.216283,42704.193276,258725.409559,4312.090159316666,510.306527729783,1461.7254777344633,2053.37626634127,2310.0482996339283,8.436,258725.409559,3599999.9999999995,3600000.0,replay__s06__secure,secure,main,,,True,,141.0
always_on,replay,7,3600.0,a3f359d7dc635d78,True,synthetic_distribution,False,,468,392,277,76,3600000.0,1.0,1,0.016666666666666666,463,7.716666666666667,270,244,0,93,91,0.978494623655914,0.021505376344086002,0.8808664259927798,91,438.0218131867868,359.0139999999665,351.53806084439293,717.527999999933,1050.692999999963,1883.5034999997715,132.40599999995902,1967.2080000000005,0,,,,,,,,,463,347.27473434124596,324.9499999999971,143.5135623388837,513.3157999999822,630.8682000000003,824.4404599999937,131.2229999997653,1114.9619999999413,0,,,,,,,,,,,244,29,31,0.8937728937728938,0.8872727272727273,0.8905109489051095,0.9037037037037037,0.8262101818181818,0.11684325690545172,0.17389553571428573,0.5075593952483801,0.4924406047516199,,,not_computed_no_bbox_data,77,74,77.0,17658,226,76,,0,0,0,0,0,0,0,,1.0,76,,,,,,,0.0,0,0,0,0,0,0,,0,,,,,,,,,0,,,,,,,,,0,0,0,0,0,3600000.0,18000.0,0.0,0.0,0.0,0.0,0.0,0.0,0.0,0.0,0.0,0.0,0.0,0.0,2546791.44,1069652.404675,943263.06,396170.485325,109945.5,32983.65,0.0,0.0,18000.0,1498806.54,1516806.54,25280.109,3241.0396153846154,,5617.802000000001,6216.42024590164,0.0,1516806.54,3600000.0,3600000.0,replay__s07__always_on,always_on,main,,,True,,
event,replay,7,3600.0,a3f359d7dc635d78,True,synthetic_distribution,False,,468,392,277,76,34333.489,0.009537080277777778,167,2.783333333333333,167,2.783333333333333,110,98,167,93,70,0.7526881720430108,0.24731182795698925,0.35379061371841153,70,584.792585714272,253.4824999999255,893.3087747970407,1821.4402000000937,2414.1941000000566,4098.335280000051,118.38699999998789,4383.987000000008,167,206.8913113772349,179.80899999989197,56.99146371854587,274.2444000000134,280.62910000004337,291.4432800000301,117.38699999998789,295.8959999997169,167,207.8913113772349,180.80899999989197,56.99146371854587,275.2444000000134,281.62910000004337,292.4432800000301,118.38699999998789,296.8959999997169,0,253.0,100.0,24.0,91.0,0.71671388101983,0.9133574007220217,0.8031746031746032,0.5235602094240838,0.08664259927797834,0.6646706586826348,98,13,13,0.8828828828828829,0.8828828828828829,0.8828828828828829,0.8909090909090909,0.8378558558558559,0.10651714815822311,0.20757222222222224,0.5149700598802395,0.48502994011976047,,,not_computed_no_bbox_data,37,36,37.0,0,0,76,38.0,0,0,0,0,0,0,0,,0.5,38,,,,,,,0.0,0,0,0,0,0,0,142.0,167,0.6561359281437126,0.6432,0.11764603958103834,0.8136,0.88289,0.970882,0.5001,1.1767,167,0.0,0.0,0.0,0.0,0.0,0.0,0.0,0.0,167,0,0,0,0,0.0,0.0,3599422.425,215965.345508,468.0,42.12,0.0,0.0,109.575,9.313863,3565666.509,28525.332074,501.0,75.15,23464.533,9855.103706,9028.458,3791.952405,1339.5,401.85,0.0,0.0,216016.77937099998,42649.388184999996,258666.16755599997,4311.1027926,552.7054862307692,1548.8992069221556,2351.5106141454544,2639.4506893469384,0.0,258666.167557,3600000.0,3600000.0,replay__s07__event,event,main,,,True,,73.0
event_no_early_exit,replay,7,3600.0,a3f359d7dc635d78,True,synthetic_distribution,False,,468,392,277,76,43699.046,0.012138623888888889,167,2.783333333333333,167,2.783333333333333,110,105,167,93,73,0.7849462365591398,0.21505376344086025,0.37906137184115524,73,639.3968630136806,271.4200000001583,895.8617119182568,1923.0947999998918,2631.3467999999784,4170.619320000115,222.16499999997905,4383.987000000008,167,262.9725029939972,262.8950000000186,15.240079655372716,281.4580000000075,287.58389999989885,295.82867999990003,210.39199999999255,316.02700000000186,167,263.9725029939972,263.8950000000186,15.240079655372716,282.4580000000075,288.58389999989885,296.82867999990003,211.39199999999255,317.02700000000186,0,253.0,100.0,24.0,91.0,0.71671388101983,0.9133574007220217,0.8031746031746032,0.5235602094240838,0.08664259927797834,0.6646706586826348,105,6,6,0.9459459459459459,0.9459459459459459,0.9459459459459459,0.9545454545454546,0.8584342342342342,0.11686404727132953,0.20072777777777775,0.0,1.0,,,not_computed_no_bbox_data,37,36,37.0,0,0,76,38.0,0,0,0,0,0,0,0,,0.5,38,,,,,,,0.0,0,0,0,0,0,0,142.0,167,0.6561359281437126,0.6432,0.11764603958103834,0.8136,0.88289,0.970882,0.5001,1.1767,167,0.0,0.0,0.0,0.0,0.0,0.0,0.0,0.0,167,0,0,0,0,0.0,0.0,3599422.425,215965.345508,468.0,42.12,0.0,0.0,109.575,9.313863,3556300.952,28450.407619,501.0,75.15,23464.533,9855.103706,18424.015,7738.086308,1309.5,392.85,0.0,0.0,216016.77937099998,46511.597633,262528.377004,4375.472950066667,560.9580705213675,1572.0262096047904,2386.6216091272727,2500.2702571809523,0.0,262528.377005,3600000.0,3600000.0,replay__s07__event_no_early_exit,event_no_early_exit,main,,,True,,73.0
fixed_threshold,replay,7,3600.0,a3f359d7dc635d78,True,synthetic_distribution,False,,468,392,277,76,43985.441999999995,0.012218178333333333,168,2.8,168,2.8,110,105,168,93,73,0.7849462365591398,0.21505376344086025,0.37906137184115524,73,639.3968630136806,271.4200000001583,895.8617119182568,1923.0947999998918,2631.3467999999784,4170.619320000115,222.16499999997905,4383.987000000008,168,263.119535714271,262.92399999999907,15.313431280792074,281.60409999999683,287.70259999991976,295.82765999990283,210.39199999999255,316.02700000000186,168,264.119535714271,263.92399999999907,15.313431280792074,282.60409999999683,288.70259999991976,296.82765999990283,211.39199999999255,317.02700000000186,0,253.0,101.0,24.0,90.0,0.7146892655367232,0.9133574007220217,0.8019017432646592,0.5287958115183246,0.08664259927797834,0.6607142857142857,105,7,6,0.9375,0.9459459459459459,0.9417040358744394,0.9545454545454546,0.8584342342342342,0.11686404727132953,0.2172210526315789,0.0,1.0,,,not_computed_no_bbox_data,38,36,38.0,0,0,76,38.0,0,0,0,0,0,0,0,,0.5,38,,,,,,,0.0,0,0,0,0,0,0,142.0,168,0.6563851190476191,0.64335,0.11733773897093847,0.81335,0.882805,0.9707590000000001,0.5001,1.1767,168,0.0,0.0,0.0,0.0,0.0,0.0,0.0,0.0,168,0,0,0,0,0.0,0.0,3599421.727,215965.303627,468.0,42.12,0.0,0.0,110.273,9.373195,3556014.557,28448.116453,504.0,75.6,23612.362,9917.192231,18550.581,7791.243978,1318.5,395.55,0.0,0.0,216016.79682199997,46627.702661999996,262644.49948399997,4377.408324733333,561.2061954786324,1563.3601159761904,2387.6772680363633,2501.3761855619045,0.0,262644.499485,3600000.0,3600000.0,replay__s07__fixed_threshold,fixed_threshold,main,,,True,,73.0
motion_only,replay,7,3600.0,a3f359d7dc635d78,True,synthetic_distribution,False,,468,392,277,76,39194.054000000004,0.010887237222222223,150,2.5,150,2.5,89,84,150,93,61,0.6559139784946236,0.34408602150537637,0.30324909747292417,61,717.2837540983415,274.37099999998463,951.4371277364759,1987.842999999877,2763.2600000000093,4206.180600000097,222.16499999997905,4383.987000000008,150,262.58971999998863,261.8410000000149,15.340091901451782,284.2571000000462,287.49614999993497,293.52243999981084,210.39199999999255,298.36400000000003,150,263.59985333332367,262.8410000000149,15.345435295475587,285.2571000000462,288.49614999993497,294.52243999981084,211.39199999999255,299.36400000000003,0,181.0,94.0,96.0,97.0,0.6581818181818182,0.6534296028880866,0.6557971014492754,0.49214659685863876,0.34657039711191334,0.5933333333333334,84,6,5,0.9333333333333333,0.9438202247191011,0.9385474860335196,0.9438202247191011,0.8634674157303371,0.10969168027546461,0.15908125,0.0,1.0,,,not_computed_no_bbox_data,29,28,29.0,0,0,76,29.0,0,0,0,0,0,0,0,,0.3815789473684211,29,,,,,,,0.0,0,0,0,0,0,0,92.0,150,0.6496479999999999,0.6222,0.12105299284408488,0.8202999999999999,0.8777299999999998,0.9702289999999998,0.5001,1.1767,150,0.0,0.0,0.0,0.0,0.0,0.0,0.0,0.0,150,0,0,0,0,0.0,0.0,3599434.553,215966.073188,468.0,42.12,0.0,0.0,97.447,8.282984,3560805.946,28486.447567,450.0,67.5,21017.022,8827.149116,16584.032,6965.293602,1143.0,342.9,0.0,0.0,216016.476172,44689.290284999995,260705.766457,4345.096107616667,557.0636035405983,1738.0384430466665,2929.2782747977526,3103.6400768690473,0.0,260705.766457,3600000.0,3600000.0,replay__s07__motion_only,motion_only,main,,,True,,50.0
secure,replay,7,3600.0,a3f359d7dc635d78,True,synthetic_distribution,False,,468,392,277,76,28234.868000000002,0.00784301888888889,139,2.316666666666667,139,2.316666666666667,98,89,167,93,64,0.6881720430107527,0.31182795698924726,0.3212996389891697,64,463.6534531249964,248.71999999997206,798.3174621431338,1147.4102000000653,1767.795750000018,4123.574559999985,118.78699999995297,4384.387000000002,139,204.82366187050175,174.1929999999702,56.30649409897499,270.957399999979,278.61379999998024,293.6890399999218,117.78699999995297,296.2960000000894,139,205.82366187050175,175.1929999999702,56.30649409897499,271.957399999979,279.61379999998024,294.6890399999218,118.78699999995297,297.2960000000894,0,253.0,100.0,24.0,91.0,0.71671388101983,0.9133574007220217,0.8031746031746032,0.5235602094240838,0.08664259927797834,0.6646706586826348,89,10,10,0.898989898989899,0.898989898989899,0.898989898989899,0.9081632653061225,0.8390333333333334,0.1040348842593538,0.20757222222222224,0.5323741007194245,0.4676258992805755,,,not_computed_no_bbox_data,22,21,22.0,0,0,76,38.0,38,16,22,129,12,117,12,0.42105263157894735,0.2894736842105263,22,0.09302325581395349,0.10810810810810811,0.16766467065868262,0.5714285714285714,0.42105263157894735,0.48484848484848486,0.4,0,14,10,4,0,0,142.0,139,0.6468589928057553,0.6359,0.11015210814783796,0.7882199999999999,0.8202999999999999,0.9478760000000002,0.5001,1.1767,139,0.0,0.0,0.0,0.0,0.0,0.0,0.0,0.0,139,0,0,0,0,0.0,0.0,3599375.287,215962.517203,468.0,42.12,66.8,6.346,89.913,7.642629,3571765.13,28574.121039,417.0,62.55,19497.094,8188.779616,7212.276,3029.155831,1108.5,332.55,0.0,0.0,216018.625832,40187.15648600001,256205.78231799998,4270.096371966666,547.4482528162392,1843.207067035971,2614.344717530612,2878.7166552584267,6.346,256205.782319,3600000.0,3600000.0,replay__s07__secure,secure,main,,,True,,73.0
always_on,replay,8,3600.0,510ec4c419dc4faf,True,synthetic_distribution,False,,406,337,262,69,3600000.0,1.0,1,0.016666666666666666,405,6.75,260,246,0,92,91,0.9891304347826086,0.010869565217391353,0.9389312977099237,91,355.8297032967111,276.8019999996759,288.3448923209142,480.0910000000149,1005.2425000001676,1604.5801000000322,131.46699999994598,1666.8159999999916,0,,,,,,,,,405,301.79286172840193,290.7129999999888,92.55742077890315,420.62839999999863,478.20339999999834,524.8807200001366,131.46699999994598,560.6969999999274,0,,,,,,,,,,,246,15,16,0.9425287356321839,0.9389312977099237,0.9407265774378586,0.9461538461538461,0.8353999999999999,0.10185525828275506,0.17091486486486487,0.582716049382716,0.41728395061728396,,,not_computed_no_bbox_data,67,66,67.0,17713,226,69,,0,0,0,0,0,0,0,,1.0,69,,,,,,,0.0,0,0,0,0,0,0,,0,,,,,,,,,0,,,,,,,,,0,0,0,0,0,3600000.0,18000.0,0.0,0.0,0.0,0.0,0.0,0.0,0.0,0.0,0.0,0.0,0.0,0.0,2544391.025,1068644.230505,945751.975,397215.829495,109857.0,32957.1,0.0,0.0,18000.0,1498817.1600000001,1516817.1600000001,25280.286000000004,3736.0028571428575,,5833.912153846154,6165.923414634147,0.0,1516817.16,3600000.0,3600000.0,replay__s08__always_on,always_on,main,,,True,,
event,replay,8,3600.0,510ec4c419dc4faf,True,synthetic_distribution,False,,406,337,262,69,36567.16100000001,0.010157544722222224,188,3.1333333333333333,188,3.1333333333333333,135,125,188,92,83,0.9021739130434783,0.09782608695652173,0.4770992366412214,83,455.3075421686761,171.62699999986216,657.3129751305324,1388.5145999999716,2059.108800000137,2882.977620000008,134.08099999977276,2896.966000000015,188,195.81842553192294,163.13550000003306,55.41356861965823,272.36900000003516,277.75759999997246,288.75009999966477,132.11899999994785,298.0800000000745,188,196.81842553192294,164.13550000003306,55.41356861965823,273.36900000003516,278.75759999997246,289.75009999966477,133.11899999994785,299.0800000000745,0,251.0,77.0,11.0,67.0,0.7652439024390244,0.9580152671755725,0.8508474576271187,0.5347222222222222,0.04198473282442748,0.723404255319149,125,11,11,0.9191176470588235,0.9191176470588235,0.9191176470588235,0.9259259259259259,0.8324205882352942,0.10631102316814953,0.21812307692307692,0.601063829787234,0.39893617021276595,,,not_computed_no_bbox_data,38,37,38.0,0,0,69,39.0,0,0,0,0,0,0,0,,0.5652173913043478,39,,,,,,,0.0,0,0,0,0,0,0,115.0,188,0.6549984042553192,0.63275,0.12157751317028131,0.8247400000000003,0.900565,1.061926,0.502,1.1319,188,0.0,0.0,0.0,0.0,0.0,0.0,0.0,0.0,188,0,0,0,0,0.0,0.0,3599470.861,215968.251646,406.0,36.54,0.0,0.0,123.139,10.466835,3563432.84,28507.462718,564.0,84.6,26251.809,11025.759808,8255.851,3467.457493,1495.5,448.65,0.0,0.0,216015.258481,43533.930019,259549.1885,4325.819808333333,639.2837155172414,1380.580789893617,1922.5865814814813,2076.393508,0.0,259549.1885,3600000.0,3599999.9999999995,replay__s08__event,event,main,,,True,,64.0
event_no_early_exit,replay,8,3600.0,510ec4c419dc4faf,True,synthetic_distribution,False,,406,337,262,69,49080.361000000004,0.013633433611111112,188,3.1333333333333333,188,3.1333333333333333,135,127,188,92,84,0.9130434782608695,0.08695652173913049,0.4847328244274809,84,492.0508809523786,266.35800000000745,606.2412034936333,1433.5355000000447,1943.433049999957,2703.9707200002845,224.22799999988638,3004.8589999999967,188,262.37803191490036,261.3400000000038,13.792212384089275,279.16939999994355,286.64654999978376,295.22320000020784,223.22799999988638,298.0800000000745,188,263.37803191490036,262.3400000000038,13.792212384089275,280.16939999994355,287.64654999978376,296.22320000020784,224.22799999988638,299.0800000000745,0,251.0,77.0,11.0,67.0,0.7652439024390244,0.9580152671755725,0.8508474576271187,0.5347222222222222,0.04198473282442748,0.723404255319149,127,9,9,0.9338235294117647,0.9338235294117647,0.9338235294117647,0.9407407407407408,0.8575426470588235,0.1196954045544761,0.20783846153846156,0.0,1.0,,,not_computed_no_bbox_data,38,37,38.0,0,0,69,39.0,0,0,0,0,0,0,0,,0.5652173913043478,39,,,,,,,0.0,0,0,0,0,0,0,115.0,188,0.6549984042553192,0.63275,0.12157751317028131,0.8247400000000003,0.900565,1.061926,0.502,1.1319,188,0.0,0.0,0.0,0.0,0.0,0.0,0.0,0.0,188,0,0,0,0,0.0,0.0,3599470.861,215968.251646,406.0,36.54,0.0,0.0,123.139,10.466835,3550919.633,28407.357067,564.0,84.6,26251.809,11025.759808,20749.558,8714.814164,1515.0,454.5,0.0,0.0,216015.258481,48687.031038999994,264702.28952,4411.704825333333,651.9760825615763,1407.9909017021275,1960.7577001481482,2084.2699962204724,0.0,264702.28952,3600000.0,3600000.0,replay__s08__event_no_early_exit,event_no_early_exit,main,,,True,,64.0
fixed_threshold,replay,8,3600.0,510ec4c419dc4faf,True,synthetic_distribution,False,,406,337,262,69,49080.361000000004,0.013633433611111112,188,3.1333333333333333,188,3.1333333333333333,135,127,188,92,84,0.9130434782608695,0.08695652173913049,0.4847328244274809,84,492.0508809523786,266.35800000000745,606.2412034936333,1433.5355000000447,1943.433049999957,2703.9707200002845,224.22799999988638,3004.8589999999967,188,262.37803191490036,261.3400000000038,13.792212384089275,279.16939999994355,286.64654999978376,295.22320000020784,223.22799999988638,298.0800000000745,188,263.37803191490036,262.3400000000038,13.792212384089275,280.16939999994355,287.64654999978376,296.22320000020784,224.22799999988638,299.0800000000745,0,251.0,77.0,11.0,67.0,0.7652439024390244,0.9580152671755725,0.8508474576271187,0.5347222222222222,0.04198473282442748,0.723404255319149,127,9,9,0.9338235294117647,0.9338235294117647,0.9338235294117647,0.9407407407407408,0.8575426470588235,0.1196954045544761,0.20783846153846156,0.0,1.0,,,not_computed_no_bbox_data,38,37,38.0,0,0,69,39.0,0,0,0,0,0,0,0,,0.5652173913043478,39,,,,,,,0.0,0,0,0,0,0,0,115.0,188,0.6549984042553192,0.63275,0.12157751317028131,0.8247400000000003,0.900565,1.061926,0.502,1.1319,188,0.0,0.0,0.0,0.0,0.0,0.0,0.0,0.0,188,0,0,0,0,0.0,0.0,3599470.861,215968.251646,406.0,36.54,0.0,0.0,123.139,10.466835,3550919.633,28407.357067,564.0,84.6,26251.809,11025.759808,20749.558,8714.814164,1515.0,454.5,0.0,0.0,216015.258481,48687.031038999994,264702.28952,4411.704825333333,651.9760825615763,1407.9909017021275,1960.7577001481482,2084.2699962204724,0.0,264702.28952,3600000.0,3600000.0,replay__s08__fixed_threshold,fixed_threshold,main,,,True,,64.0
motion_only,replay,8,3600.0,510ec4c419dc4faf,True,synthetic_distribution,False,,406,337,262,69,43218.079,0.012005021944444444,165,2.75,165,2.75,114,108,165,92,77,0.8369565217391305,0.1630434782608695,0.4122137404580153,77,621.5106623376623,268.01699999999255,752.6760463809668,1814.1509999999316,2033.0179999999714,3210.8392400000735,224.22799999988638,3863.1100000003353,165,263.2435151515311,263.76800000015646,13.414348984948498,279.7244000000879,286.0287999998312,295.7614000001736,223.22799999988638,298.0800000000745,165,264.2435151515311,264.76800000015646,13.414348984948498,280.7244000000879,287.0287999998312,296.7614000001736,224.22799999988638,299.0800000000745,0,193.0,68.0,69.0,76.0,0.7394636015325671,0.7366412213740458,0.7380497131931165,0.4722222222222222,0.2633587786259542,0.696969696969697,108,7,7,0.9391304347826087,0.9391304347826087,0.9391304347826087,0.9473684210526315,0.8602226086956521,0.12389222400366216,0.15699545454545455,0.0,1.0,,,not_computed_no_bbox_data,27,26,27.0,0,0,69,28.0,0,0,0,0,0,0,0,,0.4057971014492754,28,,,,,,,0.0,0,0,0,0,0,0,78.0,165,0.6643733333333334,0.6359,0.12830097861599163,0.86474,0.90374,1.0665719999999996,0.502,1.1319,165,0.0,0.0,0.0,0.0,0.0,0.0,0.0,0.0,165,0,0,0,0,0.0,0.0,3599484.379,215969.062714,406.0,36.54,0.0,0.0,109.621,9.317822,3556781.921,28454.255369,495.0,74.25,23130.334,9714.740141,18289.245,7681.482968,1303.5,391.05,0.0,0.0,216014.92053600002,46315.77847800001,262330.699014,4372.1783169,646.134726635468,1589.8830243272728,2301.1464825789476,2428.9879538333334,0.0,262330.699014,3600000.0,3600000.0,replay__s08__motion_only,motion_only,main,,,True,,40.0
secure,replay,8,3600.0,510ec4c419dc4faf,True,synthetic_distribution,False,,406,337,262,69,32051.339,0.008903149722222222,165,2.75,165,2.75,129,120,188,92,83,0.9021739130434783,0.09782608695652173,0.4580152671755725,83,455.7075421686724,172.0270000002347,657.3129751305512,1388.9145999999714,2059.5088000000437,2883.377620000031,134.4810000001453,2897.366000000038,165,195.97026060607,163.16200000001118,55.40023951462452,273.0439999999944,278.963599999994,290.2701999999489,133.34499999973923,298.4799999999814,165,196.97026060607,164.16200000001118,55.40023951462452,274.0439999999944,279.963599999994,291.2701999999489,134.34499999973923,299.4799999999814,0,251.0,77.0,11.0,67.0,0.7652439024390244,0.9580152671755725,0.8508474576271187,0.5347222222222222,0.04198473282442748,0.723404255319149,120,10,10,0.9230769230769231,0.9230769230769231,0.9230769230769231,0.9302325581395349,0.8341746153846153,0.10243059992130536,0.21812307692307692,0.6060606060606061,0.3939393939393939,,,not_computed_no_bbox_data,22,21,22.0,0,0,69,39.0,39,17,22,149,6,143,6,0.4358974358974359,0.3188405797101449,22,0.040268456375838924,0.04411764705882353,0.12234042553191489,0.7391304347826086,0.4358974358974359,0.5483870967741935,0.4,0,16,7,0,0,0,115.0,165,0.6609284848484849,0.6392,0.12399537501507601,0.8455599999999999,0.90374,1.0665719999999996,0.502,1.1319,165,0.0,0.0,0.0,0.0,0.0,0.0,0.0,0.0,165,0,0,0,0,0.0,0.0,3599409.747,215964.584831,406.0,36.54,75.2,7.144,109.053,9.269489,3567948.662,28543.589296,495.0,74.25,23052.653,9682.11427,7197.185,3022.81769,1306.5,391.95,0.0,0.0,216017.53832,41714.72125599999,257732.25957599998,4295.5376596,634.8085211231527,1562.0136943999998,1997.924492837209,2147.7688298,7.144,257732.259576,3600000.0,3600000.0,replay__s08__secure,secure,main,,,True,,64.0
always_on,replay,9,3600.0,6ab8b5bbbecfebbd,True,synthetic_distribution,False,,359,236,169,123,3600000.0,1.0,1,0.016666666666666666,358,5.966666666666667,165,144,0,50,48,0.96,0.040000000000000036,0.8520710059171598,48,517.9226458333233,327.96749999996973,544.2050326313692,1138.7210999999897,1532.668100000021,2626.682689999813,148.66599999996834,2956.092999999877,0,,,,,,,,,358,301.3485335195395,295.49749999982305,93.17530641974021,430.86149999983036,467.0061499999253,511.2773700000369,134.95799999998417,564.0700000000652,0,,,,,,,,,,,144,22,25,0.8674698795180723,0.8520710059171598,0.8597014925373134,0.8727272727272727,0.8385059171597632,0.10942387150551292,0.16303333333333334,0.5698324022346368,0.4301675977653631,,,not_computed_no_bbox_data,123,122,123.0,17786,248,123,,0,0,0,0,0,0,0,,1.0,123,,,,,,,0.0,0,0,0,0,0,0,,0,,,,,,,,,0,,,,,,,,,0,0,0,0,0,3600000.0,18000.0,0.0,0.0,0.0,0.0,0.0,0.0,0.0,0.0,0.0,0.0,0.0,0.0,2548361.267,1070311.732173,941646.733,395491.627827,109992.0,32997.6,0.0,0.0,18000.0,1498800.96,1516800.96,25280.016,4225.072311977716,,9192.73309090909,10533.34,0.0,1516800.96,3600000.0,3600000.0,replay__s09__always_on,always_on,main,,,True,,
event,replay,9,3600.0,6ab8b5bbbecfebbd,True,synthetic_distribution,False,,359,236,169,123,31555.988999999998,0.008765552499999999,157,2.6166666666666667,157,2.6166666666666667,77,69,157,50,43,0.86,0.14,0.40828402366863903,43,685.4193255814221,257.280999999959,1203.4173225154655,1628.2924000000216,2208.804799999762,5533.835720000088,138.85000000009313,5986.504999999888,157,202.3222993630532,163.05400000000373,57.31131701220382,275.66660000002014,280.7467999999877,293.4539600000437,132.75399999972433,299.0590000003576,157,203.3222993630532,164.05400000000373,57.31131701220382,276.66660000002014,281.7467999999877,294.4539600000437,133.75399999972433,300.0590000003576,0,153.0,131.0,16.0,59.0,0.5387323943661971,0.9053254437869822,0.6754966887417219,0.6894736842105263,0.09467455621301775,0.5031847133757962,69,9,10,0.8846153846153846,0.8734177215189873,0.8789808917197452,0.8961038961038961,0.8265151898734178,0.11113153224273178,0.20156,0.5605095541401274,0.4394904458598726,,,not_computed_no_bbox_data,63,62,63.0,0,0,123,63.0,0,0,0,0,0,0,0,,0.5121951219512195,63,,,,,,,0.0,0,0,0,0,0,0,74.0,157,0.6718719745222931,0.642,0.13438434968517368,0.8617600000000001,0.9344599999999997,1.0747519999999997,0.5025,1.209,157,0.0,0.0,0.0,0.0,0.0,0.0,0.0,0.0,157,0,0,0,0,0.0,0.0,3599535.516,215972.130952,359.0,32.31,0.0,0.0,105.484,8.966151,3568444.01,28547.552082,471.0,70.65,22114.397,9288.046913,7722.592,3243.488761,1248.0,374.4,0.0,0.0,216013.407103,41524.137756000004,257537.544859,4292.2924143166665,717.3747767660167,1640.366527764331,3344.6434397272724,3732.4281863623187,0.0,257537.544859,3600000.0,3599999.999,replay__s09__event,event,main,,,True,,113.0
event_no_early_exit,replay,9,3600.0,6ab8b5bbbecfebbd,True,synthetic_distribution,False,,359,236,169,123,41296.787,0.011471329722222222,157,2.6166666666666667,157,2.6166666666666667,77,74,157,50,46,0.92,0.07999999999999996,0.4378698224852071,46,663.2194782608993,266.0579999999609,1149.1180171443345,1573.0130000000054,2079.81125000013,5566.275150000021,244.36700000008568,6104.273999999743,157,264.36555414012724,263.75,12.885404979257409,279.7389999999665,285.8487999999896,298.408280000221,232.96000000002095,301.2870000000112,157,265.36555414012724,264.75,12.885404979257409,280.7389999999665,286.8487999999896,299.408280000221,233.96000000002095,302.2870000000112,0,153.0,131.0,16.0,59.0,0.5387323943661971,0.9053254437869822,0.6754966887417219,0.6894736842105263,0.09467455621301775,0.5031847133757962,74,4,5,0.9487179487179487,0.9367088607594937,0.9426751592356688,0.961038961038961,0.8509177215189873,0.12610110794719925,0.20925333333333332,0.0,1.0,,,not_computed_no_bbox_data,63,62,63.0,0,0,123,63.0,0,0,0,0,0,0,0,,0.5121951219512195,63,,,,,,,0.0,0,0,0,0,0,0,74.0,157,0.6718719745222931,0.642,0.13438434968517368,0.8617600000000001,0.9344599999999997,1.0747519999999997,0.5025,1.209,157,0.0,0.0,0.0,0.0,0.0,0.0,0.0,0.0,157,0,0,0,0,0.0,0.0,3599535.516,215972.130952,359.0,32.31,0.0,0.0,105.484,8.966151,3558703.21,28469.625682,471.0,70.65,22114.397,9288.046913,17454.392,7330.844763,1257.0,377.1,0.0,0.0,216013.407103,45536.267358000005,261549.67446100002,4359.161241016667,728.5506252395544,1665.9214933821656,3396.749018974026,3534.455060283784,0.0,261549.674462,3600000.0,3599999.999,replay__s09__event_no_early_exit,event_no_early_exit,main,,,True,,113.0
fixed_threshold,replay,9,3600.0,6ab8b5bbbecfebbd,True,synthetic_distribution,False,,359,236,169,123,41296.787,0.011471329722222222,157,2.6166666666666667,157,2.6166666666666667,77,74,157,50,46,0.92,0.07999999999999996,0.4378698224852071,46,663.2194782608993,266.0579999999609,1149.1180171443345,1573.0130000000054,2079.81125000013,5566.275150000021,244.36700000008568,6104.273999999743,157,264.36555414012724,263.75,12.885404979257409,279.7389999999665,285.8487999999896,298.408280000221,232.96000000002095,301.2870000000112,157,265.36555414012724,264.75,12.885404979257409,280.7389999999665,286.8487999999896,299.408280000221,233.96000000002095,302.2870000000112,0,153.0,131.0,16.0,59.0,0.5387323943661971,0.9053254437869822,0.6754966887417219,0.6894736842105263,0.09467455621301775,0.5031847133757962,74,4,5,0.9487179487179487,0.9367088607594937,0.9426751592356688,0.961038961038961,0.8509177215189873,0.12610110794719925,0.20925333333333332,0.0,1.0,,,not_computed_no_bbox_data,63,62,63.0,0,0,123,63.0,0,0,0,0,0,0,0,,0.5121951219512195,63,,,,,,,0.0,0,0,0,0,0,0,74.0,157,0.6718719745222931,0.642,0.13438434968517368,0.8617600000000001,0.9344599999999997,1.0747519999999997,0.5025,1.209,157,0.0,0.0,0.0,0.0,0.0,0.0,0.0,0.0,157,0,0,0,0,0.0,0.0,3599535.516,215972.130952,359.0,32.31,0.0,0.0,105.484,8.966151,3558703.21,28469.625682,471.0,70.65,22114.397,9288.046913,17454.392,7330.844763,1257.0,377.1,0.0,0.0,216013.407103,45536.267358000005,261549.67446100002,4359.161241016667,728.5506252395544,1665.9214933821656,3396.749018974026,3534.455060283784,0.0,261549.674462,3600000.0,3599999.999,replay__s09__fixed_threshold,fixed_threshold,main,,,True,,113.0
motion_only,replay,9,3600.0,6ab8b5bbbecfebbd,True,synthetic_distribution,False,,359,236,169,123,35335.443,0.009815400833333333,135,2.25,135,2.25,66,60,135,50,40,0.8,0.19999999999999996,0.35502958579881655,40,837.4501000000257,270.6885000001257,1098.3150057386392,1983.168500000029,2690.410950000172,4676.845720000222,240.15199999976903,4908.721000000369,135,263.0546962962946,263.10299999965355,12.877275228196336,279.30899999989197,285.76129999995464,293.1197799998708,232.96000000002095,299.0590000003576,135,264.0546962962946,264.10299999965355,12.877275228196336,280.30899999989197,286.76129999995464,294.1197799998708,233.96000000002095,300.0590000003576,0,118.0,106.0,51.0,84.0,0.5267857142857143,0.6982248520710059,0.6005089058524173,0.5578947368421052,0.30177514792899407,0.4888888888888889,60,6,6,0.9090909090909091,0.9090909090909091,0.9090909090909091,0.9090909090909091,0.8407151515151515,0.11057581769630943,0.1742052631578947,0.0,1.0,,,not_computed_no_bbox_data,49,49,49.0,0,0,123,50.0,0,0,0,0,0,0,0,,0.4065040650406504,50,,,,,,,0.0,0,0,0,0,0,0,52.0,135,0.6541622222222221,0.6195,0.12340353950429889,0.80432,0.8779899999999999,1.0718139999999994,0.5025,1.209,135,0.0,0.0,0.0,0.0,0.0,0.0,0.0,0.0,135,0,0,0,0,0.0,0.0,3599552.688,215973.161255,359.0,32.31,0.0,0.0,88.312,7.506556,3564664.555,28517.316439,405.0,60.75,18987.878,7974.90874,14870.067,6245.428231,1072.5,321.75,0.0,0.0,216012.97781100002,43120.15341,259133.13122100002,4318.885520350001,721.8193070222842,1919.5046757111113,3926.2595639545457,4318.885520350001,0.0,259133.13122,3600000.0,3600000.0,replay__s09__motion_only,motion_only,main,,,True,,83.0
secure,replay,9,3600.0,6ab8b5bbbecfebbd,True,synthetic_distribution,False,,359,236,169,123,23577.233,0.006549231388888889,117,1.95,117,1.95,71,63,157,50,43,0.86,0.14,0.3727810650887574,43,685.819325581396,257.6809999999823,1203.4173225154525,1628.6924000000404,2209.204799999669,5534.235719999995,139.25,5986.904999999795,117,203.23488034187932,164.87400000006892,56.932265687515695,272.78920000009236,280.0163999998011,297.0275600000378,134.88699999987148,299.4590000002645,117,204.23488034187932,165.87400000006892,56.932265687515695,273.78920000009236,281.0163999998011,298.0275600000378,135.88699999987148,300.4590000002645,0,153.0,131.0,16.0,59.0,0.5387323943661971,0.9053254437869822,0.6754966887417219,0.6894736842105263,0.09467455621301775,0.5031847133757962,63,9,10,0.875,0.863013698630137,0.8689655172413793,0.8873239436619719,0.8238849315068492,0.11329065577731279,0.20156,0.5555555555555556,0.4444444444444444,,,not_computed_no_bbox_data,30,29,30.0,0,0,123,63.0,63,34,29,94,6,88,6,0.5396825396825397,0.23577235772357724,29,0.06382978723404255,0.0759493670886076,0.25477707006369427,0.85,0.5396825396825397,0.6601941747572816,0.4,0,28,12,0,0,0,74.0,117,0.6601794871794873,0.631,0.12283379823725195,0.7980600000000001,0.91528,1.0193040000000002,0.5025,1.209,117,0.0,0.0,0.0,0.0,0.0,0.0,0.0,0.0,117,0,0,0,0,0.0,0.0,3599500.959,215970.057528,359.0,32.31,62.8,5.966,77.241,6.565502,3576422.764,28611.382115,351.0,52.65,16514.168,6935.95067,5786.567,2430.358283,925.5,277.65,0.0,0.0,216014.89903,38307.991068,254322.89009800003,4238.714834966667,708.4203066796658,2173.6999153675215,3582.0125365915496,4036.8712713968257,5.966,254322.890098,3599999.9999999995,3599999.999,replay__s09__secure,secure,main,,,True,,113.0
always_on,replay,10,3600.0,0626109bf9e4a7eb,True,synthetic_distribution,False,,301,249,166,52,3600000.0,1.0,1,0.016666666666666666,299,4.983333333333333,165,143,0,56,55,0.9821428571428571,0.017857142857142905,0.8614457831325302,55,505.076072727303,315.3209999999963,436.1804701390882,1237.149399999995,1428.78329999994,1874.973120000032,159.47500000009313,1981.3919999999925,0,,,,,,,,,299,308.15703344481864,297.87300000013784,114.08037071665431,465.4774000002537,493.486200000008,625.9788600000223,143.27400000020862,828.8499999999767,0,,,,,,,,,,,143,23,23,0.8614457831325302,0.8614457831325302,0.8614457831325302,0.8666666666666667,0.8445427710843373,0.09196971327316009,0.1675506172839506,0.5618729096989966,0.43812709030100333,,,not_computed_no_bbox_data,51,50,51.0,17812,249,52,,0,0,0,0,0,0,0,,1.0,52,,,,,,,0.0,0,0,0,0,0,0,,0,,,,,,,,,0,,,,,,,,,0,0,0,0,0,3600000.0,18000.0,0.0,0.0,0.0,0.0,0.0,0.0,0.0,0.0,0.0,0.0,0.0,0.0,2543173.049,1068132.680469,947167.951,397810.539531,109659.0,32897.7,0.0,0.0,18000.0,1498840.92,1516840.92,25280.681999999997,5039.338604651162,,9192.975272727272,10607.27916083916,0.0,1516840.92,3600000.0,3600000.0,replay__s10__always_on,always_on,main,,,True,,
event,replay,10,3600.0,0626109bf9e4a7eb,True,synthetic_distribution,False,,301,249,166,52,22996.459,0.0063879052777777775,117,1.95,117,1.95,75,63,117,56,44,0.7857142857142857,0.2142857142857143,0.3795180722891566,44,533.7769545454648,172.84950000001118,822.694564152089,1845.2042999999846,2204.795200000034,3332.5444999999786,131.86599999992177,4052.170999999973,117,197.86258974359257,164.0559999998659,56.3973833059846,272.90339999995194,279.6424000000581,288.45088000000453,129.73600000003353,292.9679999999935,117,198.86258974359257,165.0559999998659,56.3973833059846,273.90339999995194,280.6424000000581,289.45088000000453,130.73600000003353,293.9679999999935,0,153.0,69.0,13.0,66.0,0.6891891891891891,0.9216867469879518,0.788659793814433,0.5111111111111111,0.0783132530120482,0.6495726495726496,63,13,13,0.8289473684210527,0.8289473684210527,0.8289473684210527,0.84,0.8369631578947367,0.1035357224563648,0.20074444444444442,0.5811965811965812,0.4188034188034188,,,not_computed_no_bbox_data,24,23,24.0,0,0,52,23.0,0,0,0,0,0,0,0,,0.4423076923076923,23,,,,,,,0.0,0,0,0,0,0,0,77.0,117,0.6568863247863248,0.6504,0.11136704296896917,0.8040200000000001,0.84262,0.958972,0.5002,1.0812,117,0.0,0.0,0.0,0.0,0.0,0.0,0.0,0.0,117,0,0,0,0,0.0,0.0,3599622.144,215977.328642,301.0,27.09,0.0,0.0,76.856,6.532757,3577003.543,28616.028343,351.0,52.65,16301.584,6846.665311,5418.373,2275.716696,925.5,277.65,0.0,0.0,216010.951399,38068.71035000001,254079.661749,4234.66102915,844.1184775714286,2171.6210405897436,3387.7288233199997,4033.010503952381,0.0,254079.661749,3600000.0,3600000.0,replay__s10__event,event,main,,,True,,48.0
event_no_early_exit,replay,10,3600.0,0626109bf9e4a7eb,True,synthetic_distribution,False,,301,249,166,52,30448.316,0.008457865555555555,117,1.95,117,1.95,75,68,117,56,47,0.8392857142857143,0.1607142857142857,0.40963855421686746,47,629.021255319174,270.2719999999972,845.8402083049266,1916.6724000000393,2378.752399999996,3543.3535000000256,235.09000000031665,4052.170999999973,117,261.5536752136792,261.5380000000587,14.66497877413256,279.3316000000341,284.5724000001326,293.75591999996453,221.78499999991618,297.701999999932,117,262.5536752136792,262.5380000000587,14.66497877413256,280.3316000000341,285.5724000001326,294.75591999996453,222.78499999991618,298.701999999932,0,153.0,69.0,13.0,66.0,0.6891891891891891,0.9216867469879518,0.788659793814433,0.5111111111111111,0.0783132530120482,0.6495726495726496,68,8,8,0.8947368421052632,0.8947368421052632,0.8947368421052632,0.9066666666666666,0.8578302631578947,0.1153127781525671,0.19240555555555555,0.0,1.0,,,not_computed_no_bbox_data,24,23,24.0,0,0,52,23.0,0,0,0,0,0,0,0,,0.4423076923076923,23,,,,,,,0.0,0,0,0,0,0,0,77.0,117,0.6568863247863248,0.6504,0.11136704296896917,0.8040200000000001,0.84262,0.958972,0.5002,1.0812,117,0.0,0.0,0.0,0.0,0.0,0.0,0.0,0.0,117,0,0,0,0,0.0,0.0,3599622.144,215977.328642,301.0,27.09,0.0,0.0,76.856,6.532757,3569551.686,28556.413487,351.0,52.65,16301.584,6846.665311,12882.23,5410.53662,913.5,274.05,0.0,0.0,216010.951399,41140.315418000006,257151.266817,4285.85444695,854.3231455714285,2197.8740753589746,3428.68355756,3781.6362767205883,0.0,257151.266817,3600000.0,3600000.0,replay__s10__event_no_early_exit,event_no_early_exit,main,,,True,,48.0
fixed_threshold,replay,10,3600.0,0626109bf9e4a7eb,True,synthetic_distribution,False,,301,249,166,52,30998.629,0.008610730277777779,119,1.9833333333333334,119,1.9833333333333334,77,70,119,56,48,0.8571428571428571,0.1428571428571429,0.42168674698795183,48,640.084708333361,270.4124999999767,866.7376639901714,2052.4130999999825,2432.1050999999916,3532.292250000029,235.09000000031665,4052.170999999973,119,261.81032773109905,262.2339999997057,14.446793752629345,279.26480000000447,284.3167000001762,293.73715999996523,221.78499999991618,297.701999999932,119,262.81032773109905,263.2339999997057,14.446793752629345,280.26480000000447,285.3167000001762,294.73715999996523,222.78499999991618,298.701999999932,0,156.0,69.0,10.0,66.0,0.6933333333333334,0.9397590361445783,0.7979539641943734,0.5111111111111111,0.060240963855421686,0.6554621848739496,70,8,8,0.8974358974358975,0.8974358974358975,0.8974358974358975,0.9090909090909091,0.8637230769230768,0.10880934943962547,0.19240555555555555,0.0,1.0,,,not_computed_no_bbox_data,24,23,24.0,0,0,52,23.0,0,0,0,0,0,0,0,,0.4423076923076923,23,,,,,,,0.0,0,0,0,0,0,0,78.0,119,0.6587084033613446,0.6504,0.11252366649734363,0.80822,0.84297,0.9583559999999998,0.5002,1.0812,119,0.0,0.0,0.0,0.0,0.0,0.0,0.0,0.0,119,0,0,0,0,0.0,0.0,3599620.613,215977.236807,301.0,27.09,0.0,0.0,78.387,6.662857,3569001.372,28552.010977,357.0,53.55,16610.541,6976.427272,13102.587,5503.086415,928.5,278.55,0.0,0.0,216010.989664,41363.624664,257374.614328,4289.576905466666,855.0651638803987,2162.8118851092436,3342.527458805195,3676.780204685714,0.0,257374.614328,3600000.0,3600000.0,replay__s10__fixed_threshold,fixed_threshold,main,,,True,,48.0
motion_only,replay,10,3600.0,0626109bf9e4a7eb,True,synthetic_distribution,False,,301,249,166,52,28139.360999999997,0.007816489166666666,108,1.8,108,1.8,62,55,108,56,44,0.7857142857142857,0.2142857142857143,0.3313253012048193,44,675.5569545454782,274.326999999932,703.9306270870251,1784.7074000000262,2222.8987000000257,2490.3840800000257,235.09000000031665,2638.838999999978,108,261.8557870370469,261.8859999998822,13.358840347194775,277.8533000001218,280.0399999999383,288.4682700000587,229.13299999991432,294.66400000004796,108,262.8557870370469,262.8859999998822,13.358840347194775,278.8533000001218,281.0399999999383,289.4682700000587,230.13299999991432,295.66400000004796,0,120.0,75.0,46.0,60.0,0.6153846153846154,0.7228915662650602,0.6648199445983379,0.5555555555555556,0.27710843373493976,0.5740740740740741,55,8,7,0.873015873015873,0.8870967741935484,0.88,0.8870967741935484,0.8727048387096774,0.10725399213391584,0.18923461538461533,0.0,1.0,,,not_computed_no_bbox_data,21,20,21.0,0,0,52,20.0,0,0,0,0,0,0,0,,0.38461538461538464,20,,,,,,,0.0,0,0,0,0,0,0,58.0,108,0.6490768518518517,0.6306,0.1071060280042928,0.7996599999999999,0.8342999999999999,0.9543209999999999,0.5033,0.9639,108,0.0,0.0,0.0,0.0,0.0,0.0,0.0,0.0,108,0,0,0,0,0.0,0.0,3599628.9,215977.733989,301.0,27.09,0.0,0.0,70.1,5.958515,3571860.641,28574.885125,324.0,48.6,15104.032,6343.693405,11880.328,4989.737557,831.0,249.3,0.0,0.0,216010.782504,40206.216087,256216.99859099998,4270.28330985,851.2192644219268,2372.3796165833332,4132.532235338709,4658.490883472727,0.0,256216.998591,3600000.0,3600000.001,replay__s10__motion_only,motion_only,main,,,True,,45.0
secure,replay,10,3600.0,0626109bf9e4a7eb,True,synthetic_distribution,False,,301,249,166,52,19377.14,0.005382538888888889,96,1.6,96,1.6,69,58,117,56,42,0.75,0.25,0.3493975903614458,42,432.5123333333592,168.4779999999446,619.3142280683049,1425.9570000003553,2034.0631499999552,2320.037169999992,132.2660000002943,2379.0209999999497,96,203.55982291666928,167.4779999999446,56.93338724434676,275.40299999999115,280.04449999998906,287.12709999970974,130.1359999999404,289.20000000006985,96,204.55982291666928,168.4779999999446,56.93338724434676,276.40299999999115,281.04449999998906,288.12709999970974,131.1359999999404,290.20000000006985,0,153.0,69.0,13.0,66.0,0.6891891891891891,0.9216867469879518,0.788659793814433,0.5111111111111111,0.0783132530120482,0.6495726495726496,58,12,12,0.8285714285714286,0.8285714285714286,0.8285714285714286,0.8405797101449275,0.8374685714285715,0.10334644639965541,0.20074444444444442,0.53125,0.46875,,,not_computed_no_bbox_data,9,8,9.0,0,0,52,23.0,23,15,8,94,6,88,6,0.6521739130434783,0.15384615384615385,8,0.06382978723404255,0.07894736842105263,0.1794871794871795,0.7142857142857143,0.6521739130434783,0.6818181818181819,0.4,0,14,4,3,0,0,77.0,96,0.65191875,0.6415500000000001,0.10552320504340065,0.8025,0.839,0.9346399999999999,0.5002,0.9639,96,0.0,0.0,0.0,0.0,0.0,0.0,0.0,0.0,96,0,0,0,0,0.0,0.0,3599589.616,215975.376931,301.0,27.09,46.8,4.446,62.584,5.319682,3580622.86,28644.982877,288.0,43.2,13386.315,5622.252497,4949.825,2078.926456,753.0,225.9,0.0,0.0,216012.232613,36615.26183,252627.49444299997,4210.458240716666,839.2940014717607,2631.5364004479165,3661.2680354057966,4355.646455913793,4.446,252627.494442,3599999.9999999995,3600000.0,replay__s10__secure,secure,main,,,True,,48.0
always_on,trigger_spam,1,3600.0,6a2cfc014a8b9149,True,synthetic_distribution,False,,2136,278,218,1858,3600000.0,1.0,1,0.016666666666666666,1479,24.65,215,196,0,75,72,0.96,0.040000000000000036,0.8990825688073395,72,402.8209722222412,282.9004999999888,428.8015042564731,461.16920000021344,1178.0073500000526,2532.0732300002974,146.83699999994133,2599.371999999974,0,,,,,,,,,1479,321.57129073697837,319.03899999987334,86.05251317155594,430.60779999997465,466.4190999998478,528.5944199999003,131.99399999994785,665.7749999999069,0,,,,,,,,,,,196,19,22,0.9116279069767442,0.8990825688073395,0.9053117782909931,0.9116279069767442,0.8470674311926606,0.10127149845747536,0.1508413793103448,0.3860716700473293,0.6139283299526708,,,not_computed_no_bbox_data,50,50,50.0,16532,186,1858,,0,0,0,0,0,0,0,,0.647470398277718,1203,,,,,,,0.0,0,0,0,0,0,0,,0,,,,,,,,,0,,,,,,,,,0,0,0,0,0,3600000.0,18000.0,0.0,0.0,0.0,0.0,0.0,0.0,0.0,0.0,0.0,0.0,0.0,0.0,2530282.803,1062718.777106,960734.697,403508.572894,108982.5,32694.75,0.0,0.0,18000.0,1498922.1,1516922.1,25282.035,710.1695224719101,,7055.451627906978,7739.3984693877555,0.0,1516922.1,3600000.0,3600000.0,trigger_spam__s01__always_on,always_on,main,,,True,,
event,trigger_spam,1,3600.0,6a2cfc014a8b9149,True,synthetic_distribution,False,,2136,278,218,1858,92683.79999999999,0.025745499999999998,435,7.25,435,7.25,96,89,435,75,60,0.8,0.19999999999999996,0.40825688073394495,60,470.43051666668117,175.90749999997206,630.8064869217524,1643.2111999999734,1863.1861500000282,2448.3439200000626,128.24200000008568,2466.935999999987,435,214.3976000000094,246.0120000001043,54.89979903130523,272.73860000008716,278.43599999996366,287.51570000003085,127.24200000008568,294.1810000000987,435,215.3976000000094,247.0120000001043,54.89979903130523,273.73860000008716,279.43599999996366,288.51570000003085,128.24200000008568,295.1810000000987,0,203.0,1436.0,15.0,482.0,0.12385600976205004,0.9311926605504587,0.21863220247711362,0.748696558915537,0.06880733944954129,0.22758620689655173,89,7,10,0.9270833333333334,0.898989898989899,0.9128205128205129,0.9270833333333334,0.841578787878788,0.1181517186802088,0.13215384615384615,0.42758620689655175,0.5724137931034483,,,not_computed_no_bbox_data,17,17,17.0,0,0,1858,323.0,0,0,0,0,0,0,0,,0.17384284176533907,323,,,,,,,0.0,0,0,0,0,0,0,104.0,435,0.6706885057471265,0.6421,0.1336225870360069,0.8624,0.9200899999999999,1.0397839999999992,0.5,1.2534,435,0.0,0.0,0.0,0.0,0.0,0.0,0.0,0.0,435,0,0,0,0,0.0,0.0,3597572.251,215854.335068,2136.0,192.24,0.0,0.0,291.749,24.798653,3507316.193,28058.529543,1305.0,195.75,61196.534,25702.544435,27347.273,11485.854543,2835.0,850.5,0.0,0.0,216071.37372099998,66293.178521,282364.552242,4706.0758707,132.19314243539327,649.1139132,2941.2974191875,3172.6354184494385,0.0,282364.552243,3600000.0,3600000.0,trigger_spam__s01__event,event,main,,,True,,1421.0
event_no_early_exit,trigger_spam,1,3600.0,6a2cfc014a8b9149,True,synthetic_distribution,False,,2136,278,218,1858,113252.196,0.03145894333333333,435,7.25,435,7.25,96,92,435,75,60,0.8,0.19999999999999996,0.42201834862385323,60,511.3207833333806,274.01050000009127,572.856322140379,1469.374399999972,1894.5923499999392,2341.5385800000204,234.69099999999162,2466.935999999987,435,261.6812597701234,261.3519999999553,14.129327968383167,280.0788000000408,285.84139999998735,295.59455999980673,228.70300000021234,301.2240000003949,435,262.6812597701234,262.3519999999553,14.129327968383167,281.0788000000408,286.84139999998735,296.59455999980673,229.70300000021234,302.2240000003949,0,203.0,1436.0,15.0,482.0,0.12385600976205004,0.9311926605504587,0.21863220247711362,0.748696558915537,0.06880733944954129,0.22758620689655173,92,4,7,0.9583333333333334,0.9292929292929293,0.9435897435897437,0.9583333333333334,0.8657626262626263,0.13172160313254572,0.1335,0.0,1.0,,,not_computed_no_bbox_data,17,17,17.0,0,0,1858,323.0,0,0,0,0,0,0,0,,0.17384284176533907,323,,,,,,,0.0,0,0,0,0,0,0,104.0,435,0.6706885057471265,0.6421,0.1336225870360069,0.8624,0.9200899999999999,1.0397839999999992,0.5,1.2534,435,0.0,0.0,0.0,0.0,0.0,0.0,0.0,0.0,435,0,0,0,0,0.0,0.0,3597572.251,215854.335068,2136.0,192.24,0.0,0.0,291.749,24.798653,3486747.803,27893.982426,1305.0,195.75,61196.534,25702.544435,47909.662,20122.05822,2841.0,852.3,0.0,0.0,216071.37372099998,74766.635081,290838.00880199997,4847.3001466999995,136.16011648033705,668.5931236827586,3029.5625916874997,3161.2827043695647,0.0,290838.008802,3600000.0,3599999.999,trigger_spam__s01__event_no_early_exit,event_no_early_exit,main,,,True,,1421.0
fixed_threshold,trigger_spam,1,3600.0,6a2cfc014a8b9149,True,synthetic_distribution,False,,2136,278,218,1858,113252.196,0.03145894333333333,435,7.25,435,7.25,96,92,435,75,60,0.8,0.19999999999999996,0.42201834862385323,60,511.3207833333806,274.01050000009127,572.856322140379,1469.374399999972,1894.5923499999392,2341.5385800000204,234.69099999999162,2466.935999999987,435,261.6812597701234,261.3519999999553,14.129327968383167,280.0788000000408,285.84139999998735,295.59455999980673,228.70300000021234,301.2240000003949,435,262.6812597701234,262.3519999999553,14.129327968383167,281.0788000000408,286.84139999998735,296.59455999980673,229.70300000021234,302.2240000003949,0,203.0,1436.0,15.0,482.0,0.12385600976205004,0.9311926605504587,0.21863220247711362,0.748696558915537,0.06880733944954129,0.22758620689655173,92,4,7,0.9583333333333334,0.9292929292929293,0.9435897435897437,0.9583333333333334,0.8657626262626263,0.13172160313254572,0.1335,0.0,1.0,,,not_computed_no_bbox_data,17,17,17.0,0,0,1858,323.0,0,0,0,0,0,0,0,,0.17384284176533907,323,,,,,,,0.0,0,0,0,0,0,0,104.0,435,0.6706885057471265,0.6421,0.1336225870360069,0.8624,0.9200899999999999,1.0397839999999992,0.5,1.2534,435,0.0,0.0,0.0,0.0,0.0,0.0,0.0,0.0,435,0,0,0,0,0.0,0.0,3597572.251,215854.335068,2136.0,192.24,0.0,0.0,291.749,24.798653,3486747.803,27893.982426,1305.0,195.75,61196.534,25702.544435,47909.662,20122.05822,2841.0,852.3,0.0,0.0,216071.37372099998,74766.635081,290838.00880199997,4847.3001466999995,136.16011648033705,668.5931236827586,3029.5625916874997,3161.2827043695647,0.0,290838.008802,3600000.0,3599999.999,trigger_spam__s01__fixed_threshold,fixed_threshold,main,,,True,,1421.0
motion_only,trigger_spam,1,3600.0,6a2cfc014a8b9149,True,synthetic_distribution,False,,2136,278,218,1858,116891.628,0.032469896666666664,448,7.466666666666667,448,7.466666666666667,81,76,448,75,57,0.76,0.24,0.3486238532110092,57,828.8418771930184,284.20999999996275,895.4271947940784,2026.7135999999705,2658.9322000000147,3503.6135600001717,234.70900000003166,3973.971000000369,448,262.24962723214736,261.24099999992177,14.191502224055332,280.3478000001516,285.90974999992176,293.90283999984615,220.73500000033528,300.77900000009686,448,263.24962723214736,262.24099999992177,14.191502224055332,281.3478000001516,286.90974999992176,294.90283999984615,221.73500000033528,301.77900000009686,0,162.0,1856.0,56.0,62.0,0.0802775024777007,0.7431192660550459,0.1449016100178891,0.9676746611053181,0.25688073394495414,0.1875,76,5,8,0.9382716049382716,0.9047619047619048,0.9212121212121211,0.9382716049382716,0.865257142857143,0.1262716609457698,0.12265,0.0,1.0,,,not_computed_no_bbox_data,16,16,16.0,0,0,1858,344.0,0,0,0,0,0,0,0,,0.18514531754574812,344,,,,,,,0.0,0,0,0,0,0,0,78.0,448,0.6672236607142857,0.63295,0.13547087908837216,0.8627,0.9282349999999999,1.0516449999999986,0.5,1.2534,448,0.0,0.0,0.0,0.0,0.0,0.0,0.0,0.0,448,0,0,0,0,0.0,0.0,3597565.084,215853.905053,2136.0,192.24,0.0,0.0,298.916,25.407841,3483108.37,27864.866962,1344.0,201.6,63325.305,26596.628144,49324.325,20716.216334,2898.0,869.4,0.0,0.0,216071.552894,76248.71143999998,292320.264334,4872.004405566667,136.85405633614232,652.50059003125,3608.892152271605,3846.3192675526316,0.0,292320.264335,3600000.0,3600000.0000000005,trigger_spam__s01__motion_only,motion_only,main,,,True,,1832.0
secure,trigger_spam,1,3600.0,6a2cfc014a8b9149,True,synthetic_distribution,False,,2136,278,218,1858,33083.611999999994,0.00918989222222222,163,2.716666666666667,163,2.716666666666667,92,85,435,75,58,0.7733333333333333,0.22666666666666668,0.38990825688073394,58,464.182465517275,174.23800000024494,636.529714008574,1663.9115999999228,1891.354450000042,2449.374160000067,128.64199999999255,2467.3360000001267,163,204.69988343558606,174.7600000000093,54.57501681470389,273.84519999986514,280.0494000000159,289.12145999992265,127.64199999999255,294.5810000000056,163,205.69988343558606,175.7600000000093,54.57501681470389,274.84519999986514,281.0494000000159,290.12145999992265,128.64199999999255,295.5810000000056,0,203.0,1436.0,15.0,482.0,0.12385600976205004,0.9311926605504587,0.21863220247711362,0.748696558915537,0.06880733944954129,0.22758620689655173,85,7,10,0.9239130434782609,0.8947368421052632,0.9090909090909092,0.9239130434782609,0.8404157894736842,0.12031730771287377,0.13215384615384615,0.5337423312883436,0.4662576687116564,,,not_computed_no_bbox_data,5,5,5.0,0,0,1858,323.0,323,268,55,112,4,108,4,0.8297213622291022,0.029601722282023683,55,0.03571428571428571,0.04040404040404041,0.6252873563218391,0.9852941176470589,0.8297213622291022,0.9008403361344539,0.4,0,1,1,82,188,0,104.0,163,0.6700638036809816,0.6456,0.1303428867494634,0.84672,0.89849,1.060158,0.5,1.2534,163,0.0,0.0,0.0,0.0,0.0,0.0,0.0,0.0,163,0,0,0,0,0.0,0.0,3597580.78,215854.846817,2136.0,192.24,174.0,16.53,109.22,9.283675,3566916.382,28535.33106,489.0,73.35,23090.45,9697.989006,8332.668,3499.720355,1171.5,351.45,0.0,0.0,216072.90049200002,42157.84042099999,258230.74091300002,4303.845681883334,120.89454162593634,1584.2376743128834,2806.8558794891305,3038.0087166235294,16.53,258230.740913,3600000.0,3600000.0000000005,trigger_spam__s01__secure,secure,main,,,True,,1421.0
always_on,trigger_spam,2,3600.0,fbaac9f8b3ec142d,True,synthetic_distribution,False,,2445,222,173,2223,3600000.0,1.0,1,0.016666666666666666,1688,28.133333333333333,168,147,0,52,52,1.0,0.0,0.8497109826589595,52,558.5362500000413,317.66049999999814,637.8528921959094,1555.4319999998852,1788.8639000000153,2993.2992400000157,136.25800000003073,3113.7999999998137,0,,,,,,,,,1688,328.5868347156412,327.8780000000261,86.9763207530193,445.6163999997545,479.0369000000239,519.6004700001142,126.88400000007823,583.4229999999516,0,,,,,,,,,,,147,22,26,0.8698224852071006,0.8497109826589595,0.8596491228070176,0.875,0.8309052023121387,0.11605754900945016,0.16509375,0.3424170616113744,0.6575829383886256,,,not_computed_no_bbox_data,63,62,63.0,16302,210,2223,,0,0,0,0,0,0,0,,0.659919028340081,1467,,,,,,,0.0,0,0,0,0,0,0,,0,,,,,,,,,0,,,,,,,,,0,0,0,0,0,3600000.0,18000.0,0.0,0.0,0.0,0.0,0.0,0.0,0.0,0.0,0.0,0.0,0.0,0.0,2528007.117,1061762.989286,963146.883,404521.690714,108846.0,32653.8,0.0,0.0,18000.0,1498938.48,1516938.48,25282.308,620.424736196319,,9029.395714285714,10319.309387755102,0.0,1516938.48,3600000.0,3600000.0,trigger_spam__s02__always_on,always_on,main,,,True,,
event,trigger_spam,2,3600.0,fbaac9f8b3ec142d,True,synthetic_distribution,False,,2445,222,173,2223,98560.17399999998,0.027377826111111107,446,7.433333333333334,446,7.433333333333334,72,63,446,52,42,0.8076923076923077,0.1923076923076923,0.36416184971098264,42,749.2455000000399,253.86000000010245,937.172973036211,2364.6708999999914,2743.6938500001907,3083.0413999999664,139.37699999997858,3093.19299999997,446,222.30916367712277,252.82200000004377,55.049327896805764,276.1040000001667,281.8427500000689,292.0128999997862,130.0109999999404,298.8410000000149,446,223.30916367712277,253.82200000004377,55.049327896805764,277.1040000001667,282.8427500000689,293.0128999997862,131.0109999999404,299.8410000000149,0,150.0,1708.0,23.0,564.0,0.08073196986006459,0.8670520231213873,0.14771048744460857,0.7517605633802817,0.1329479768786127,0.16591928251121077,63,9,11,0.875,0.8513513513513513,0.863013698630137,0.875,0.8420851351351352,0.1094812971860634,0.12273333333333335,0.3632286995515695,0.6367713004484304,,,not_computed_no_bbox_data,13,13,13.0,0,0,2223,366.0,0,0,0,0,0,0,0,,0.16464237516869096,366,,,,,,,0.0,0,0,0,0,0,0,76.0,446,0.6631728699551571,0.6442,0.11514076623343923,0.81255,0.860175,0.9724900000000003,0.5013,1.1295,446,0.0,0.0,0.0,0.0,0.0,0.0,0.0,0.0,446,0,0,0,0,0.0,0.0,3597259.225,215835.553503,2445.0,220.05,0.0,0.0,295.775,25.14087,3501439.839,28011.518708,1338.0,200.7,62804.274,26377.795241,31560.387,13255.362573,2857.5,857.25,0.0,0.0,216080.744373,68702.626522,284783.370895,4746.3895149166665,116.47581631697342,638.5277374327354,3955.3245957638887,4520.370966587301,0.0,284783.370896,3600000.0,3600000.0000000005,trigger_spam__s02__event,event,main,,,True,,1698.0
event_no_early_exit,trigger_spam,2,3600.0,fbaac9f8b3ec142d,True,synthetic_distribution,False,,2445,222,173,2223,116493.245,0.03235923472222222,446,7.433333333333334,446,7.433333333333334,72,67,446,52,44,0.8461538461538461,0.15384615384615385,0.3872832369942196,44,799.0944318182231,274.28450000000885,928.628158022252,2367.717299999984,2925.0726000002587,3131.586720000012,236.6439999998547,3179.2290000000503,446,262.51786098653815,261.9670000000624,13.384357194949919,280.4975000000559,284.7712500001653,293.20839999986345,227.62800000002608,298.8410000000149,446,263.51786098653815,262.9670000000624,13.384357194949919,281.4975000000559,285.7712500001653,294.20839999986345,228.62800000002608,299.8410000000149,0,150.0,1708.0,23.0,564.0,0.08073196986006459,0.8670520231213873,0.14771048744460857,0.7517605633802817,0.1329479768786127,0.16591928251121077,67,5,7,0.9305555555555556,0.9054054054054054,0.9178082191780821,0.9305555555555556,0.8622202702702703,0.119830149177829,0.13001666666666667,0.0,1.0,,,not_computed_no_bbox_data,13,13,13.0,0,0,2223,366.0,0,0,0,0,0,0,0,,0.16464237516869096,366,,,,,,,0.0,0,0,0,0,0,0,76.0,446,0.6631728699551571,0.6442,0.11514076623343923,0.81255,0.860175,0.9724900000000003,0.5013,1.1295,446,0.0,0.0,0.0,0.0,0.0,0.0,0.0,0.0,446,0,0,0,0,0.0,0.0,3597259.225,215835.553503,2445.0,220.05,0.0,0.0,295.775,25.14087,3483506.763,27868.054106,1338.0,200.7,62804.274,26377.795241,49490.462,20785.994219,2860.5,858.15,0.0,0.0,216080.744373,76090.693566,292171.43793899997,4869.52396565,119.49752062944783,655.09291017713,4057.9366380416664,4360.767730432835,0.0,292171.43794,3600000.0,3599999.999,trigger_spam__s02__event_no_early_exit,event_no_early_exit,main,,,True,,1698.0
fixed_threshold,trigger_spam,2,3600.0,fbaac9f8b3ec142d,True,synthetic_distribution,False,,2445,222,173,2223,116469.394,0.032352609444444444,446,7.433333333333334,446,7.433333333333334,72,67,446,52,44,0.8461538461538461,0.15384615384615385,0.3872832369942196,44,799.0944318182231,274.28450000000885,928.628158022252,2367.717299999984,2925.0726000002587,3131.586720000012,236.6439999998547,3179.2290000000503,446,262.464127802682,261.89199999987613,13.41417740392111,280.4975000000559,284.7712500001653,293.20839999986345,227.62800000002608,298.8410000000149,446,263.464127802682,262.89199999987613,13.41417740392111,281.4975000000559,285.7712500001653,294.20839999986345,228.62800000002608,299.8410000000149,0,150.0,1709.0,23.0,563.0,0.08068854222700376,0.8670520231213873,0.14763779527559057,0.7522007042253521,0.1329479768786127,0.16591928251121077,67,5,7,0.9305555555555556,0.9054054054054054,0.9178082191780821,0.9305555555555556,0.8622202702702703,0.119830149177829,0.13001666666666667,0.0,1.0,,,not_computed_no_bbox_data,13,13,13.0,0,0,2223,366.0,0,0,0,0,0,0,0,,0.16464237516869096,366,,,,,,,0.0,0,0,0,0,0,0,76.0,446,0.6632181614349777,0.6442,0.11516237040397145,0.81255,0.860175,0.9724900000000003,0.5013,1.1295,446,0.0,0.0,0.0,0.0,0.0,0.0,0.0,0.0,446,0,0,0,0,0.0,0.0,3597259.205,215835.552287,2445.0,220.05,0.0,0.0,295.795,25.142593,3483530.614,27868.244911,1338.0,200.7,62793.987,26373.474501,49476.899,20780.297669,2860.5,858.15,0.0,0.0,216080.74487999998,76080.867081,292161.611961,4869.360199350001,119.49350182453989,655.0708788363229,4057.800166125,4360.621074044776,0.0,292161.611962,3600000.0,3600000.0000000005,trigger_spam__s02__fixed_threshold,fixed_threshold,main,,,True,,1699.0
motion_only,trigger_spam,2,3600.0,fbaac9f8b3ec142d,True,synthetic_distribution,False,,2445,222,173,2223,120791.701,0.03355325027777778,464,7.733333333333333,464,7.733333333333333,56,51,464,52,36,0.6923076923076923,0.3076923076923077,0.2947976878612717,36,1102.8414722222667,937.2094999999972,1005.173813882027,2898.8030000003055,3115.4212499999558,3282.491300000099,241.03600000000006,3296.5480000001844,464,261.65346551724764,261.37650000001304,13.273015694530036,279.4093999998877,282.2548500001547,290.7768599998974,206.39199999999255,297.24199999962,464,262.65346551724764,262.37650000001304,13.273015694530036,280.4093999998877,283.2548500001547,291.7768599998974,207.39199999999255,298.24199999962,0,114.0,2193.0,59.0,79.0,0.0494148244473342,0.6589595375722543,0.09193548387096774,0.9652288732394366,0.34104046242774566,0.1271551724137931,51,5,8,0.9107142857142857,0.864406779661017,0.8869565217391304,0.9107142857142857,0.860035593220339,0.131093212116433,0.12983333333333333,0.0,1.0,,,not_computed_no_bbox_data,10,10,10.0,0,0,2223,396.0,0,0,0,0,0,0,0,,0.17813765182186234,396,,,,,,,0.0,0,0,0,0,0,0,55.0,464,0.6583928879310345,0.63925,0.11388774404230567,0.80516,0.8588099999999999,1.0135510000000003,0.5009,1.1295,464,0.0,0.0,0.0,0.0,0.0,0.0,0.0,0.0,464,0,0,0,0,0.0,0.0,3597249.506,215834.970346,2445.0,220.05,0.0,0.0,305.494,25.96701,3479208.294,27833.666352,1392.0,208.8,65298.239,27425.260253,51179.467,21495.376256,2922.0,876.6,0.0,0.0,216080.98735599997,77839.70286100001,293920.69021699997,4898.678170283333,120.21296123394681,633.4497633987069,5248.583753874999,5763.150788568627,0.0,293920.690218,3600000.0,3600000.0000000005,trigger_spam__s02__motion_only,motion_only,main,,,True,,2175.0
secure,trigger_spam,2,3600.0,fbaac9f8b3ec142d,True,synthetic_distribution,False,,2445,222,173,2223,24295.376,0.006748715555555555,114,1.9,114,1.9,59,51,446,52,34,0.6538461538461539,0.34615384615384615,0.2947976878612717,34,565.8954411764979,175.45150000001013,784.1277011239554,1455.0864000000524,2497.4704000000065,2950.7646099999274,139.77700000000186,3068.8329999998678,114,214.8640789473502,245.4440000000177,57.948099642664864,278.0445999998134,282.25110000002314,287.93938999998255,138.77700000000186,291.22600000025705,114,215.8640789473502,246.4440000000177,57.948099642664864,279.0445999998134,283.25110000002314,288.93938999998255,139.77700000000186,292.22600000025705,0,150.0,1708.0,23.0,564.0,0.08073196986006459,0.8670520231213873,0.14771048744460857,0.7517605633802817,0.1329479768786127,0.16591928251121077,51,8,10,0.864406779661017,0.8360655737704918,0.85,0.864406779661017,0.8414147540983608,0.11496300685592384,0.12273333333333335,0.4473684210526316,0.5526315789473685,,,not_computed_no_bbox_data,2,2,2.0,0,0,2223,366.0,366,319,47,80,13,67,13,0.8715846994535519,0.02114260008996851,47,0.1625,0.17567567567567569,0.7443946188340808,0.9608433734939759,0.8715846994535519,0.9140401146131805,0.4,0,0,3,102,227,0,76.0,114,0.677909649122807,0.66405,0.11896661387046788,0.84017,0.8814299999999999,0.9826660000000002,0.5013,1.0591,114,0.0,0.0,0.0,0.0,0.0,0.0,0.0,0.0,114,0,0,0,0,0.0,0.0,3597299.319,215837.959116,2445.0,220.05,178.4,16.948,77.281,6.56892,3575704.631,28605.637044,342.0,51.3,16033.546,6734.089482,7097.823,2981.0857,822.0,246.6,0.0,0.0,216081.526036,38618.712226,254700.238262,4245.003971033333,104.17187658977505,2234.2126163333332,4316.953190881356,4994.1223188627455,16.948,254700.238262,3600000.0,3600000.0,trigger_spam__s02__secure,secure,main,,,True,,1698.0
always_on,trigger_spam,3,3600.0,279839423250c35f,True,synthetic_distribution,False,,2012,363,265,1649,3600000.0,1.0,1,0.016666666666666666,1441,24.016666666666666,260,242,0,99,98,0.98989898989899,0.010101010101010055,0.9132075471698113,98,364.1712551020384,307.70900000003166,238.4675815257328,518.7656000001822,752.9846500001115,1542.9616499996512,148.78899999987334,1599.663000000175,0,,,,,,,,,1441,321.89952879944695,319.8209999999963,88.14231572434208,435.80099999997765,473.43599999998696,522.8163999999407,123.66800000006333,743.8900000001304,0,,,,,,,,,,,242,22,23,0.9166666666666666,0.9132075471698113,0.9149338374291115,0.9307692307692308,0.8309543396226415,0.11175702705703405,0.17686145833333333,0.3830673143650243,0.6169326856349757,,,not_computed_no_bbox_data,45,41,45.0,16669,220,1649,,0,0,0,0,0,0,0,,0.6549423893268648,1080,,,,,,,0.0,0,0,0,0,0,0,,0,,,,,,,,,0,,,,,,,,,0,0,0,0,0,3600000.0,18000.0,0.0,0.0,0.0,0.0,0.0,0.0,0.0,0.0,0.0,0.0,0.0,0.0,2540144.821,1066860.824864,950101.679,399042.705136,109753.5,32926.05,0.0,0.0,18000.0,1498829.58,1516829.58,25280.493000000002,753.8914413518887,,5833.959923076924,6267.890826446282,0.0,1516829.58,3600000.0,3600000.0,trigger_spam__s03__always_on,always_on,main,,,True,,
event,trigger_spam,3,3600.0,279839423250c35f,True,synthetic_distribution,False,,2012,363,265,1649,87043.512,0.024178753333333334,406,6.766666666666667,406,6.766666666666667,114,105,406,99,80,0.8080808080808081,0.19191919191919193,0.39622641509433965,80,630.5509375000104,254.8804999999702,871.9663264954523,2230.9048000001003,2451.18159999997,3282.4772800000455,125.92900000000373,4755.4860000000335,406,215.70316256157932,247.44500000000698,55.615126126544965,274.0550000000512,279.7942499999481,287.8033999998937,124.92900000000373,303.9250000002794,406,216.7043201970478,248.44500000000698,55.61582820225202,275.0550000000512,280.7942499999481,288.8033999998937,125.92900000000373,304.9250000002794,0,241.0,1313.0,24.0,434.0,0.15508365508365507,0.909433962264151,0.2649807586586036,0.7515741270749857,0.09056603773584905,0.2832512315270936,105,10,10,0.9130434782608695,0.9130434782608695,0.9130434782608695,0.9210526315789473,0.8320078260869564,0.10159101713624343,0.20380476190476188,0.41379310344827586,0.5862068965517241,,,not_computed_no_bbox_data,11,10,11.0,0,0,1649,270.0,0,0,0,0,0,0,0,,0.1637355973317162,270,,,,,,,0.0,0,0,0,0,0,0,126.0,406,0.658206896551724,0.63645,0.11767253390775077,0.82115,0.89505,1.0070149999999998,0.5005,1.0414,406,0.0,0.0,0.0,0.0,0.0,0.0,0.0,0.0,406,0,0,0,0,0.0,0.0,3597720.767,215863.246036,2012.0,181.08,0.0,0.0,267.233,22.714782,3512956.499,28103.651992,1218.0,182.7,56875.631,23887.765121,26243.87,11022.425278,2706.0,811.8,0.0,0.0,216067.04081799998,64008.342391000006,280075.383209,4667.923053483333,139.20247674403578,689.8408453423646,2456.8016070964914,2667.3846019904763,0.0,280075.38321,3600000.0,3600000.0,trigger_spam__s03__event,event,main,,,True,,1285.0
event_no_early_exit,trigger_spam,3,3600.0,279839423250c35f,True,synthetic_distribution,False,,2012,363,265,1649,105619.91199999998,0.02933886444444444,406,6.766666666666667,406,6.766666666666667,114,108,406,99,79,0.797979797979798,0.202020202020202,0.4075471698113208,79,615.2898227848198,267.6270000003278,805.2844794037771,1612.3326000000354,2454.4589999999616,3326.2577400000696,228.1820000000298,4869.735000000102,406,261.4578645320273,260.9070000000065,13.442486140900959,278.1520000002347,283.33625000010943,292.6975000000791,227.1820000000298,321.50699999998324,406,262.4590221674958,261.9070000000065,13.44144077473743,279.1520000002347,284.33625000010943,293.6975000000791,228.1820000000298,322.50699999998324,0,241.0,1313.0,24.0,434.0,0.15508365508365507,0.909433962264151,0.2649807586586036,0.7515741270749857,0.09056603773584905,0.2832512315270936,108,7,7,0.9391304347826087,0.9391304347826087,0.9391304347826087,0.9473684210526315,0.8568539130434782,0.11513712365404004,0.19975238095238096,0.0,1.0,,,not_computed_no_bbox_data,11,10,11.0,0,0,1649,270.0,0,0,0,0,0,0,0,,0.1637355973317162,270,,,,,,,0.0,0,0,0,0,0,0,126.0,406,0.658206896551724,0.63645,0.11767253390775077,0.82115,0.89505,1.0070149999999998,0.5005,1.0414,406,0.0,0.0,0.0,0.0,0.0,0.0,0.0,0.0,406,0,0,0,0,0.0,0.0,3597720.767,215863.246036,2012.0,181.08,0.0,0.0,267.233,22.714782,3494380.098,27955.040788,1218.0,182.7,56875.631,23887.765121,44838.27,18832.073525,2688.0,806.4,0.0,0.0,216067.04081799998,71663.979434,287731.020252,4795.5170042,143.00746533399604,708.6970942167488,2523.956318,2664.1761134444446,0.0,287731.020252,3600000.0,3599999.9990000003,trigger_spam__s03__event_no_early_exit,event_no_early_exit,main,,,True,,1285.0
fixed_threshold,trigger_spam,3,3600.0,279839423250c35f,True,synthetic_distribution,False,,2012,363,265,1649,105619.91199999998,0.02933886444444444,406,6.766666666666667,406,6.766666666666667,114,108,406,99,79,0.797979797979798,0.202020202020202,0.4075471698113208,79,615.2898227848198,267.6270000003278,805.2844794037771,1612.3326000000354,2454.4589999999616,3326.2577400000696,228.1820000000298,4869.735000000102,406,261.4578645320273,260.9070000000065,13.442486140900959,278.1520000002347,283.33625000010943,292.6975000000791,227.1820000000298,321.50699999998324,406,262.4590221674958,261.9070000000065,13.44144077473743,279.1520000002347,284.33625000010943,293.6975000000791,228.1820000000298,322.50699999998324,0,241.0,1314.0,24.0,433.0,0.15498392282958198,0.909433962264151,0.26483516483516484,0.752146536920435,0.09056603773584905,0.2832512315270936,108,7,7,0.9391304347826087,0.9391304347826087,0.9391304347826087,0.9473684210526315,0.8568539130434782,0.11513712365404004,0.19975238095238096,0.0,1.0,,,not_computed_no_bbox_data,11,10,11.0,0,0,1649,270.0,0,0,0,0,0,0,0,,0.1637355973317162,270,,,,,,,0.0,0,0,0,0,0,0,126.0,406,0.658206896551724,0.63645,0.11767253390775077,0.82115,0.89505,1.0070149999999998,0.5005,1.0414,406,0.0,0.0,0.0,0.0,0.0,0.0,0.0,0.0,406,0,0,0,0,0.0,0.0,3597720.767,215863.246036,2012.0,181.08,0.0,0.0,267.233,22.714782,3494380.098,27955.040788,1218.0,182.7,56875.631,23887.765121,44838.27,18832.073525,2688.0,806.4,0.0,0.0,216067.04081799998,71663.979434,287731.020252,4795.5170042,143.00746533399604,708.6970942167488,2523.956318,2664.1761134444446,0.0,287731.020252,3600000.0,3599999.9990000003,trigger_spam__s03__fixed_threshold,fixed_threshold,main,,,True,,1286.0
motion_only,trigger_spam,3,3600.0,279839423250c35f,True,synthetic_distribution,False,,2012,363,265,1649,106175.93,0.029493313888888886,408,6.8,408,6.8,90,85,408,99,68,0.6868686868686869,0.31313131313131315,0.32075471698113206,68,832.2737941176354,271.5995000000112,1019.4513571767717,2354.476599999879,3046.8094499998256,4020.392750000069,228.1820000000298,4869.735000000102,408,261.5474362745112,261.5989999999874,12.387842228047028,276.38359999987296,280.90960000002525,290.45566000031073,227.1820000000298,303.9250000002794,408,262.5474362745112,262.5989999999874,12.387842228047028,277.38359999987296,281.90960000002525,291.45566000031073,228.1820000000298,304.9250000002794,0,187.0,1642.0,78.0,105.0,0.10224166211044286,0.7056603773584905,0.17860553963705825,0.9398969662278192,0.2943396226415094,0.22549019607843138,85,6,7,0.9340659340659341,0.9239130434782609,0.9289617486338797,0.9444444444444444,0.8362489130434784,0.1369872589684335,0.1631166666666667,0.0,1.0,,,not_computed_no_bbox_data,11,10,11.0,0,0,1649,286.0,0,0,0,0,0,0,0,,0.17343844754396603,286,,,,,,,0.0,0,0,0,0,0,0,95.0,408,0.664565931372549,0.6384,0.12232353720930314,0.84857,0.8966299999999999,1.01818,0.5005,1.1248,408,0.0,0.0,0.0,0.0,0.0,0.0,0.0,0.0,408,0,0,0,0,0.0,0.0,3597716.857,215863.011392,2012.0,181.08,0.0,0.0,271.143,23.047195,3493824.07,27950.592563,1224.0,183.6,57144.068,24000.508356,45167.862,18970.502097,2640.0,792.0,0.0,0.0,216067.13858699996,71897.203016,287964.341603,4799.4056933833335,143.12343022017893,705.7949549093138,3199.603795588889,3387.815783564706,0.0,287964.341603,3600000.0,3600000.0,trigger_spam__s03__motion_only,motion_only,main,,,True,,1602.0
secure,trigger_spam,3,3600.0,279839423250c35f,True,synthetic_distribution,False,,2012,363,265,1649,33610.132,0.009336147777777777,162,2.7,162,2.7,100,93,406,99,71,0.7171717171717171,0.2828282828282829,0.35094339622641507,71,472.5719999999944,249.2229999997653,639.1731907752159,1460.9010000000708,2337.4090000001015,2481.4940000000875,126.32900000014342,2500.723000000231,162,209.1525061728338,241.90000000002328,56.958538255813366,274.54539999999105,278.24195000000765,287.905429999975,125.32900000014342,304.32500000018626,162,210.1525061728338,242.90000000002328,56.958538255813366,275.54539999999105,279.24195000000765,288.905429999975,126.32900000014342,305.32500000018626,0,241.0,1313.0,24.0,434.0,0.15508365508365507,0.909433962264151,0.2649807586586036,0.7515741270749857,0.09056603773584905,0.2832512315270936,93,8,8,0.9207920792079208,0.9207920792079208,0.9207920792079208,0.93,0.8272960396039604,0.10340206083129298,0.20749499999999999,0.48148148148148145,0.5185185185185185,,,not_computed_no_bbox_data,3,2,3.0,0,0,1649,270.0,270,229,41,136,15,121,14,0.8481481481481481,0.024863553668890235,41,0.11029411764705882,0.12173913043478261,0.6009852216748769,0.9385245901639344,0.8481481481481481,0.8910505836575876,0.4,0,0,6,76,162,0,126.0,162,0.6404654320987653,0.6184499999999999,0.10542244938771485,0.77602,0.86503,0.9578749999999995,0.5005,0.994,162,0.0,0.0,0.0,0.0,0.0,0.0,0.0,0.0,162,0,0,0,0,0.0,0.0,3597721.844,215863.310646,2012.0,181.08,162.4,15.428,103.756,8.819251,3566389.871,28531.118965,486.0,72.9,22756.266,9557.631889,9176.863,3854.282424,1191.0,357.3,0.0,0.0,216068.637897,42373.23327800001,258441.871175,4307.364519583333,128.45023418240558,1595.3201924382718,2584.41871175,2778.944851344086,15.428,258441.871175,3600000.0,3599999.9999999995,trigger_spam__s03__secure,secure,main,,,True,,1285.0
always_on,trigger_spam,4,3600.0,bff808fa69847d8d,True,synthetic_distribution,False,,1003,301,231,702,3600000.0,1.0,1,0.016666666666666666,779,12.983333333333333,227,205,0,68,66,0.9705882352941176,0.02941176470588236,0.8874458874458875,66,404.4063787878819,320.4999999998836,345.8424253316659,632.7454999999609,1027.5640000001877,1772.1336499999234,147.01699999999255,2285.4899999999907,0,,,,,,,,,779,325.3892259306871,317.6359999999404,99.99687296551829,452.5225999999326,500.10919999992177,637.7370200000357,139.3300000000745,744.3220000001602,0,,,,,,,,,,,205,22,26,0.9030837004405287,0.8874458874458875,0.8951965065502183,0.9030837004405287,0.8501753246753246,0.09191097037588933,0.1504926470588235,0.4249037227214377,0.5750962772785623,,,not_computed_no_bbox_data,15,15,15.0,17356,241,702,,0,0,0,0,0,0,0,,0.6837606837606838,480,,,,,,,0.0,0,0,0,0,0,0,,0,,,,,,,,,0,,,,,,,,,0,0,0,0,0,3600000.0,18000.0,0.0,0.0,0.0,0.0,0.0,0.0,0.0,0.0,0.0,0.0,0.0,0.0,2547115.343,1069788.444004,943074.157,396091.145996,109810.5,32943.15,0.0,0.0,18000.0,1498822.7399999998,1516822.7399999998,25280.378999999997,1512.285882352941,,6682.038502202642,7399.13531707317,0.0,1516822.74,3600000.0,3600000.0,trigger_spam__s04__always_on,always_on,main,,,True,,
event,trigger_spam,4,3600.0,bff808fa69847d8d,True,synthetic_distribution,False,,1003,301,231,702,47835.74799999999,0.013287707777777776,228,3.8,228,3.8,95,83,228,68,54,0.7941176470588235,0.20588235294117652,0.3593073593073593,54,614.9131111111184,213.3660000000491,933.1535961143487,2118.589700000131,2607.259399999956,3673.4084500000886,130.70899999979883,4600.026000000071,228,211.13285087719166,241.85900000005495,56.43254675383533,274.34800000011455,280.4781999997329,289.6555799999088,129.16800000006333,296.9010000000708,228,212.13285087719166,242.85900000005495,56.43254675383533,275.34800000011455,281.4781999997329,290.6555799999088,130.16800000006333,297.9010000000708,0,220.0,556.0,11.0,216.0,0.28350515463917525,0.9523809523809523,0.43694141012909626,0.7202072538860104,0.047619047619047616,0.42543859649122806,83,12,14,0.8736842105263158,0.8556701030927835,0.8645833333333334,0.8736842105263158,0.8571103092783505,0.08915833350998857,0.15458,0.4517543859649123,0.5482456140350878,,,not_computed_no_bbox_data,2,2,2.0,0,0,702,121.0,0,0,0,0,0,0,0,,0.17236467236467237,121,,,,,,,0.0,0,0,0,0,0,0,123.0,228,0.6559627192982456,0.6324000000000001,0.11403901166319838,0.81963,0.85653,0.9756039999999994,0.5027,1.1107,228,0.0,0.0,0.0,0.0,0.0,0.0,0.0,0.0,228,0,0,0,0,0.0,0.0,3598847.441,215930.846436,1003.0,90.27,0.0,0.0,149.559,12.712549,3552164.253,28417.314026,684.0,102.6,31899.884,13397.951341,13685.863,5748.062318,1566.0,469.8,0.0,0.0,216033.82898499997,48135.727685000005,264169.55666999996,4402.825944499999,263.3794184147557,1158.6384064473682,2780.7321754736836,3182.7657430120476,0.0,264169.556669,3600000.0,3600000.0,trigger_spam__s04__event,event,main,,,True,,543.0
event_no_early_exit,trigger_spam,4,3600.0,bff808fa69847d8d,True,synthetic_distribution,False,,1003,301,231,702,59179.623,0.016438784166666668,228,3.8,228,3.8,95,85,228,68,55,0.8088235294117647,0.19117647058823528,0.36796536796536794,55,653.5222727272991,263.4639999996871,921.4396736397199,2181.5510000000595,2687.7747999999665,3739.5147000001434,233.0800000000745,4699.794000000227,228,260.8867412280651,260.9070000000065,14.875891510073286,279.70479999999515,284.6500499998685,300.80796000003807,219.95599999977276,328.43399999989197,228,261.8867412280651,261.9070000000065,14.875891510073286,280.70479999999515,285.6500499998685,301.80796000003807,220.95599999977276,329.43399999989197,0,220.0,556.0,11.0,216.0,0.28350515463917525,0.9523809523809523,0.43694141012909626,0.7202072538860104,0.047619047619047616,0.42543859649122806,85,10,12,0.8947368421052632,0.8762886597938144,0.8854166666666666,0.8947368421052632,0.8807123711340206,0.09911516476820029,0.14300000000000002,0.0,1.0,,,not_computed_no_bbox_data,2,2,2.0,0,0,702,121.0,0,0,0,0,0,0,0,,0.17236467236467237,121,,,,,,,0.0,0,0,0,0,0,0,123.0,228,0.6559627192982456,0.6324000000000001,0.11403901166319838,0.81963,0.85653,0.9756039999999994,0.5027,1.1107,228,0.0,0.0,0.0,0.0,0.0,0.0,0.0,0.0,228,0,0,0,0,0.0,0.0,3598847.441,215930.846436,1003.0,90.27,0.0,0.0,149.559,12.712549,3540820.372,28326.562978,684.0,102.6,31899.884,13397.951341,25041.744,10517.532315,1554.0,466.2,0.0,0.0,216033.82898499997,52810.846634,268844.675619,4480.74459365,268.0405539571286,1179.143314118421,2829.9439538842103,3162.8785366941174,0.0,268844.675618,3600000.0,3600000.0,trigger_spam__s04__event_no_early_exit,event_no_early_exit,main,,,True,,543.0
fixed_threshold,trigger_spam,4,3600.0,bff808fa69847d8d,True,synthetic_distribution,False,,1003,301,231,702,59179.623,0.016438784166666668,228,3.8,228,3.8,95,85,228,68,55,0.8088235294117647,0.19117647058823528,0.36796536796536794,55,653.5222727272991,263.4639999996871,921.4396736397199,2181.5510000000595,2687.7747999999665,3739.5147000001434,233.0800000000745,4699.794000000227,228,260.8867412280651,260.9070000000065,14.875891510073286,279.70479999999515,284.6500499998685,300.80796000003807,219.95599999977276,328.43399999989197,228,261.8867412280651,261.9070000000065,14.875891510073286,280.70479999999515,285.6500499998685,301.80796000003807,220.95599999977276,329.43399999989197,0,220.0,556.0,11.0,216.0,0.28350515463917525,0.9523809523809523,0.43694141012909626,0.7202072538860104,0.047619047619047616,0.42543859649122806,85,10,12,0.8947368421052632,0.8762886597938144,0.8854166666666666,0.8947368421052632,0.8807123711340206,0.09911516476820029,0.14300000000000002,0.0,1.0,,,not_computed_no_bbox_data,2,2,2.0,0,0,702,121.0,0,0,0,0,0,0,0,,0.17236467236467237,121,,,,,,,0.0,0,0,0,0,0,0,123.0,228,0.6559627192982456,0.6324000000000001,0.11403901166319838,0.81963,0.85653,0.9756039999999994,0.5027,1.1107,228,0.0,0.0,0.0,0.0,0.0,0.0,0.0,0.0,228,0,0,0,0,0.0,0.0,3598847.441,215930.846436,1003.0,90.27,0.0,0.0,149.559,12.712549,3540820.372,28326.562978,684.0,102.6,31899.884,13397.951341,25041.744,10517.532315,1554.0,466.2,0.0,0.0,216033.82898499997,52810.846634,268844.675619,4480.74459365,268.0405539571286,1179.143314118421,2829.9439538842103,3162.8785366941174,0.0,268844.675618,3600000.0,3600000.0,trigger_spam__s04__fixed_threshold,fixed_threshold,main,,,True,,543.0
motion_only,trigger_spam,4,3600.0,bff808fa69847d8d,True,synthetic_distribution,False,,1003,301,231,702,59092.174,0.01641449277777778,227,3.783333333333333,227,3.783333333333333,80,70,227,68,50,0.7352941176470589,0.2647058823529411,0.30303030303030304,50,767.0718400000324,265.4944999999134,987.3352665492389,2447.382800000045,2890.0854000000863,3933.918120000173,235.68999999994412,4699.794000000227,227,261.65783259912314,260.91400000010617,15.065657317412729,280.43639999988955,284.6895999999644,300.8614800000378,219.95599999977276,328.43399999989197,227,262.65783259912314,261.91400000010617,15.065657317412729,281.43639999988955,285.6895999999644,301.8614800000378,220.95599999977276,329.43399999989197,0,165.0,714.0,66.0,58.0,0.18771331058020477,0.7142857142857143,0.29729729729729726,0.9248704663212435,0.2857142857142857,0.3656387665198238,70,10,13,0.875,0.8433734939759037,0.8588957055214724,0.875,0.8725783132530119,0.11059168478444323,0.11059374999999999,0.0,1.0,,,not_computed_no_bbox_data,2,2,2.0,0,0,702,128.0,0,0,0,0,0,0,0,,0.18233618233618235,128,,,,,,,0.0,0,0,0,0,0,0,82.0,227,0.6660418502202644,0.6423,0.12310556503856433,0.84638,0.8983999999999999,0.9894400000000003,0.5022,1.1162,227,0.0,0.0,0.0,0.0,0.0,0.0,0.0,0.0,227,0,0,0,0,0.0,0.0,3598845.809,215930.748517,1003.0,90.27,0.0,0.0,151.191,12.851268,3540907.819,28327.262555,681.0,102.15,31948.973,13418.568725,24936.708,10473.417164,1525.5,457.65,0.0,0.0,216033.869785,52779.048444,268812.918229,4480.215303816667,268.00889155433697,1184.197877660793,3360.1614778625,3840.1845461285716,0.0,268812.918228,3600000.0,3600000.0000000005,trigger_spam__s04__motion_only,motion_only,main,,,True,,689.0
secure,trigger_spam,4,3600.0,bff808fa69847d8d,True,synthetic_distribution,False,,1003,301,231,702,23234.477999999996,0.006454021666666665,115,1.9166666666666667,115,1.9166666666666667,86,75,228,68,50,0.7352941176470589,0.2647058823529411,0.3246753246753247,50,487.021940000013,167.08950000000186,736.5937577310501,1755.5741999999364,2360.431650000053,2819.449650000019,131.10899999993853,2852.091000000015,115,203.76834782608393,167.5639999999985,57.300334613873304,273.10759999989534,280.5960000001593,295.04280000006315,130.10899999993853,297.30099999997765,115,204.76834782608393,168.5639999999985,57.300334613873304,274.10759999989534,281.5960000001593,296.04280000006315,131.10899999993853,298.30099999997765,0,220.0,556.0,11.0,216.0,0.28350515463917525,0.9523809523809523,0.43694141012909626,0.7202072538860104,0.047619047619047616,0.42543859649122806,75,11,13,0.872093023255814,0.8522727272727273,0.8620689655172414,0.872093023255814,0.857515909090909,0.09139056754362379,0.15458,0.5391304347826087,0.4608695652173913,,,not_computed_no_bbox_data,1,1,1.0,0,0,702,121.0,121,104,17,107,9,98,9,0.859504132231405,0.024216524216524215,17,0.08411214953271028,0.09278350515463918,0.4956140350877193,0.9203539823008849,0.859504132231405,0.888888888888889,0.4,0,0,7,26,80,0,123.0,115,0.6582721739130435,0.6382,0.12067170088448846,0.81786,0.88974,0.989462,0.5027,1.1107,115,0.0,0.0,0.0,0.0,0.0,0.0,0.0,0.0,115,0,0,0,0,0.0,0.0,3598830.099,215929.805928,1003.0,90.27,91.2,8.664,75.701,6.434601,3576765.525,28614.124202,345.0,51.75,16139.758,6778.69818,5885.717,2472.001196,864.0,259.2,0.0,0.0,216035.17452899995,38175.77357799999,254210.948107,4236.849135116667,253.45059631804585,2210.5299835391306,2955.9412570581394,3389.479308093333,8.664,254210.948108,3600000.0,3600000.0,trigger_spam__s04__secure,secure,main,,,True,,543.0
always_on,trigger_spam,5,3600.0,77c2c170b08e8c11,True,synthetic_distribution,False,,2923,392,298,2531,3600000.0,1.0,1,0.016666666666666666,2048,34.13333333333333,292,272,0,98,96,0.9795918367346939,0.020408163265306145,0.912751677852349,96,445.5383437500086,364.5474999998696,311.1552740004943,821.8525000000373,1091.3415000002133,1644.8119000000877,136.38200000021607,1738.061999999918,0,,,,,,,,,2048,329.68359472656095,327.0580000000773,91.34683437851878,446.0086000000417,480.883100000047,549.3366200000279,129.07000000000698,887.7390000000596,0,,,,,,,,,,,272,20,25,0.9315068493150684,0.9158249158249159,0.9235993208828523,0.9315068493150684,0.8413723905723904,0.10569745441721559,0.14270543478260866,0.37451171875,0.62548828125,,,not_computed_no_bbox_data,66,66,66.0,15882,187,2531,,0,0,0,0,0,0,0,,0.6554721453970762,1659,,,,,,,0.0,0,0,0,0,0,0,,0,,,,,,,,,0,,,,,,,,,0,0,0,0,0,3600000.0,18000.0,0.0,0.0,0.0,0.0,0.0,0.0,0.0,0.0,0.0,0.0,0.0,0.0,2517050.875,1057161.367695,974229.125,409176.232305,108720.0,32616.0,0.0,0.0,18000.0,1498953.6,1516953.6,25282.56,518.9714676702018,,5195.046575342466,5577.035294117647,0.0,1516953.6,3600000.0,3600000.0,trigger_spam__s05__always_on,always_on,main,,,True,,
event,trigger_spam,5,3600.0,77c2c170b08e8c11,True,synthetic_distribution,False,,2923,392,298,2531,122642.955,0.0340674875,571,9.516666666666667,571,9.516666666666667,120,110,571,98,73,0.7448979591836735,0.2551020408163265,0.3691275167785235,73,864.7116164383476,251.9989999999525,1260.5746334765795,2440.456399999931,4142.562999999941,5091.3991599999,127.15799999982119,5400.924999999814,571,216.09998073555485,247.28300000005402,55.637304674534896,274.4179999998305,278.8739999998361,290.4331999998539,113.50599999981932,298.33199999993667,571,217.09999124343585,248.28300000005402,55.63729121821026,275.4179999998305,279.8739999998361,291.4331999998539,114.50599999981932,299.33199999993667,0,276.0,1995.0,22.0,630.0,0.1215323645970938,0.9261744966442953,0.21486959906578437,0.76,0.0738255033557047,0.2136602451838879,110,10,12,0.9166666666666666,0.9016393442622951,0.9090909090909091,0.9166666666666666,0.8401352459016395,0.10719579053204596,0.14494444444444443,0.4010507880910683,0.5989492119089317,,,not_computed_no_bbox_data,22,22,22.0,0,0,2531,440.0,0,0,0,0,0,0,0,,0.17384433030422758,440,,,,,,,0.0,0,0,0,0,0,0,154.0,571,0.6596229422066551,0.6289,0.1229388984554258,0.8336,0.8908,0.990409999999999,0.5006,1.1515,571,0.0,0.0,0.0,0.0,0.0,0.0,0.0,0.0,571,0,0,0,0,0.0,0.0,3596700.355,215802.021316,2923.0,263.07,0.0,0.0,376.645,32.014802,3477357.037,27818.856292,1713.0,256.95,79567.639,33418.408555,37651.324,15813.556094,3711.0,1113.3,0.0,0.0,216097.106118,78421.070941,294518.177059,4908.636284316667,100.75887001676361,515.7936550945709,2454.3181421583336,2677.4379732636366,0.0,294518.17706,3600000.0,3600000.0,trigger_spam__s05__event,event,main,,,True,,1980.0
event_no_early_exit,trigger_spam,5,3600.0,77c2c170b08e8c11,True,synthetic_distribution,False,,2923,392,298,2531,148012.03399999999,0.04111445388888888,571,9.516666666666667,571,9.516666666666667,120,116,571,98,73,0.7448979591836735,0.2551020408163265,0.38926174496644295,73,790.7830410958832,267.7049999998417,1149.1199968138208,2302.3315999998704,3215.3329999998077,5175.906999999881,229.61500000022352,5400.924999999814,571,260.52916287215976,260.5500000002794,14.738318417952351,279.2839999999851,286.08049999992363,296.13629999995464,214.52400000020862,299.66399999987334,571,261.5291733800408,261.5500000002794,14.738314560361028,280.2839999999851,287.08049999992363,297.13629999995464,215.52400000020862,300.66399999987334,0,276.0,1995.0,22.0,630.0,0.1215323645970938,0.9261744966442953,0.21486959906578437,0.76,0.0738255033557047,0.2136602451838879,116,4,6,0.9666666666666667,0.9508196721311475,0.9586776859504132,0.9666666666666667,0.8670155737704918,0.12048034990873356,0.13999999999999999,0.0,1.0,,,not_computed_no_bbox_data,22,22,22.0,0,0,2531,440.0,0,0,0,0,0,0,0,,0.17384433030422758,440,,,,,,,0.0,0,0,0,0,0,0,154.0,571,0.6596229422066551,0.6289,0.1229388984554258,0.8336,0.8908,0.990409999999999,0.5006,1.1515,571,0.0,0.0,0.0,0.0,0.0,0.0,0.0,0.0,571,0,0,0,0,0.0,0.0,3596700.355,215802.021316,2923.0,263.07,0.0,0.0,376.645,32.014802,3451987.965,27615.903718,1713.0,256.95,79567.639,33418.408555,63011.396,26464.786225,3720.0,1116.0,0.0,0.0,216097.106118,88872.048498,304969.154616,5082.8192436,104.33429853438248,534.0965930227671,2541.4096218,2629.044436344828,0.0,304969.154617,3600000.0,3600000.0,trigger_spam__s05__event_no_early_exit,event_no_early_exit,main,,,True,,1980.0
fixed_threshold,trigger_spam,5,3600.0,77c2c170b08e8c11,True,synthetic_distribution,False,,2923,392,298,2531,148012.03399999999,0.04111445388888888,571,9.516666666666667,571,9.516666666666667,120,116,571,98,73,0.7448979591836735,0.2551020408163265,0.38926174496644295,73,790.7830410958832,267.7049999998417,1149.1199968138208,2302.3315999998704,3215.3329999998077,5175.906999999881,229.61500000022352,5400.924999999814,571,260.52916287215976,260.5500000002794,14.738318417952351,279.2839999999851,286.08049999992363,296.13629999995464,214.52400000020862,299.66399999987334,571,261.5291733800408,261.5500000002794,14.738314560361028,280.2839999999851,287.08049999992363,297.13629999995464,215.52400000020862,300.66399999987334,0,276.0,1995.0,22.0,630.0,0.1215323645970938,0.9261744966442953,0.21486959906578437,0.76,0.0738255033557047,0.2136602451838879,116,4,6,0.9666666666666667,0.9508196721311475,0.9586776859504132,0.9666666666666667,0.8670155737704918,0.12048034990873356,0.13999999999999999,0.0,1.0,,,not_computed_no_bbox_data,22,22,22.0,0,0,2531,440.0,0,0,0,0,0,0,0,,0.17384433030422758,440,,,,,,,0.0,0,0,0,0,0,0,154.0,571,0.6596229422066551,0.6289,0.1229388984554258,0.8336,0.8908,0.990409999999999,0.5006,1.1515,571,0.0,0.0,0.0,0.0,0.0,0.0,0.0,0.0,571,0,0,0,0,0.0,0.0,3596700.355,215802.021316,2923.0,263.07,0.0,0.0,376.645,32.014802,3451987.965,27615.903718,1713.0,256.95,79567.639,33418.408555,63011.396,26464.786225,3720.0,1116.0,0.0,0.0,216097.106118,88872.048498,304969.154616,5082.8192436,104.33429853438248,534.0965930227671,2541.4096218,2629.044436344828,0.0,304969.154617,3600000.0,3600000.0,trigger_spam__s05__fixed_threshold,fixed_threshold,main,,,True,,1980.0
motion_only,trigger_spam,5,3600.0,77c2c170b08e8c11,True,synthetic_distribution,False,,2923,392,298,2531,150990.03499999997,0.041941676388888884,581,9.683333333333334,581,9.683333333333334,101,98,581,98,66,0.673469387755102,0.326530612244898,0.3288590604026846,66,824.9243181818256,273.10550000012154,1016.843995591483,2203.5889999998863,2562.472249999759,4722.412299999929,229.61500000022352,5088.399999999907,581,261.2010051635166,261.14299999992363,14.66516811069993,279.3249999997206,288.09700000006706,296.88240000004885,214.52400000020862,312.97200000000885,581,262.2010051635166,262.14299999992363,14.66516811069993,280.3249999997206,289.09700000006706,297.88240000004885,215.52400000020862,313.97200000000885,0,197.0,2510.0,101.0,115.0,0.07277428888067972,0.6610738255033557,0.13111480865224626,0.9561904761904761,0.3389261744966443,0.1738382099827883,98,3,3,0.9702970297029703,0.9702970297029703,0.9702970297029703,0.9702970297029703,0.8749732673267326,0.10557834900308785,0.12462999999999999,0.0,1.0,,,not_computed_no_bbox_data,23,23,23.0,0,0,2531,460.0,0,0,0,0,0,0,0,,0.1817463453180561,460,,,,,,,0.0,0,0,0,0,0,0,96.0,581,0.6677664371772805,0.6454,0.12332115540974611,0.8395,0.8894,0.9849400000000004,0.5005,1.1515,581,0.0,0.0,0.0,0.0,0.0,0.0,0.0,0.0,581,0,0,0,0,0.0,0.0,3596689.027,215801.341635,2923.0,263.07,0.0,0.0,387.973,32.977684,3449009.966,27592.079728,1743.0,261.45,81399.309,34187.709687,64115.725,26928.604585,3732.0,1119.6,0.0,0.0,216097.389319,90089.44400000002,306186.833319,5103.11388865,104.75088379028396,526.9997131135973,3031.552805138614,3124.3554420306127,0.0,306186.833319,3600000.0,3600000.0,trigger_spam__s05__motion_only,motion_only,main,,,True,,2478.0
secure,trigger_spam,5,3600.0,77c2c170b08e8c11,True,synthetic_distribution,False,,2923,392,298,2531,36684.076,0.010190021111111112,180,3.0,180,3.0,105,96,571,98,64,0.6530612244897959,0.34693877551020413,0.3221476510067114,64,695.7020468750356,246.60100000025705,1118.956069271966,2168.1717000000303,2990.6469500002654,4824.411830000197,127.55800000019372,4971.4280000003055,180,205.52580555557356,187.06099999998696,55.63945936770236,272.766000000108,279.01489999993936,289.43906000009275,126.55800000019372,290.32500000018626,180,206.5258388889072,188.06099999998696,55.63942313090467,273.766000000108,280.01489999993936,290.43906000009275,127.55800000019372,291.32500000018626,0,276.0,1995.0,22.0,630.0,0.1215323645970938,0.9261744966442953,0.21486959906578437,0.76,0.0738255033557047,0.2136602451838879,96,9,11,0.9142857142857143,0.897196261682243,0.9056603773584906,0.9142857142857143,0.836803738317757,0.11106454941535816,0.14809999999999998,0.5055555555555555,0.49444444444444446,,,not_computed_no_bbox_data,6,6,6.0,0,0,2531,440.0,440,375,65,131,16,115,15,0.8522727272727273,0.02568154879494271,65,0.12213740458015267,0.12295081967213115,0.6847635726795096,0.959079283887468,0.8522727272727273,0.9025270758122744,0.4,0,1,8,116,266,0,154.0,180,0.6662472222222222,0.63585,0.12726108009209777,0.8240599999999999,0.9063699999999999,1.0717220000000005,0.5007,1.1515,180,0.0,0.0,0.0,0.0,0.0,0.0,0.0,0.0,180,0,0,0,0,0.0,0.0,3596728.675,215803.720529,2923.0,263.07,228.4,21.698,119.925,10.193584,3563315.921,28506.527367,540.0,81.0,25177.759,10574.658858,9668.82,4060.904357,1297.5,389.25,0.0,0.0,216098.68211300002,43612.340582,259711.02269500002,4328.517044916667,88.85084594423539,1442.8390149722222,2473.4383113809527,2705.3231530729167,21.698,259711.022695,3599999.9999999995,3600000.0,trigger_spam__s05__secure,secure,main,,,True,,1980.0
always_on,trigger_spam,6,3600.0,472b9b2a97d7188b,True,synthetic_distribution,False,,3031,365,286,2666,3600000.0,1.0,1,0.016666666666666666,2086,34.766666666666666,278,245,0,98,94,0.9591836734693877,0.04081632653061229,0.8566433566433567,94,448.09663829786217,320.3355000000156,417.0266708157383,862.6820999999945,1509.929799999998,2012.846580000178,154.5639999997802,2579.3040000000037,0,,,,,,,,,2086,328.6852339405551,327.11100000009174,88.28616503023675,444.6964999998454,471.72925000009127,534.7754999998959,132.94100000010803,829.755999999994,0,,,,,,,,,,,245,35,41,0.875,0.8566433566433567,0.8657243816254417,0.8812949640287769,0.8404622377622377,0.11965178383972168,0.16042763157894732,0.3585810162991371,0.6414189837008629,,,not_computed_no_bbox_data,77,75,77.0,15845,178,2666,,0,0,0,0,0,0,0,,0.6466616654163541,1724,,,,,,,0.0,0,0,0,0,0,0,,0,,,,,,,,,0,,,,,,,,,0,0,0,0,0,3600000.0,18000.0,0.0,0.0,0.0,0.0,0.0,0.0,0.0,0.0,0.0,0.0,0.0,0.0,2517599.431,1057391.760831,973643.069,408930.089169,108757.5,32627.25,0.0,0.0,18000.0,1498949.1,1516949.1,25282.485,500.4780930386012,,5456.651438848921,6191.628979591837,0.0,1516949.1,3600000.0,3600000.0,trigger_spam__s06__always_on,always_on,main,,,True,,
event,trigger_spam,6,3600.0,472b9b2a97d7188b,True,synthetic_distribution,False,,3031,365,286,2666,126218.237,0.035060621388888887,574,9.566666666666666,574,9.566666666666666,108,94,574,98,71,0.7244897959183674,0.2755102040816326,0.32867132867132864,71,529.3390845070203,174.33799999998882,833.6042421336512,1639.1029999996535,2359.6650000000373,3480.0900999999217,138.62800000002608,4422.616999999969,574,221.2038763066164,248.26900000008754,54.13946774427716,277.2574999999954,284.0267999999982,293.8266399999638,127.63100000005215,307.65500000002794,574,222.2038763066164,249.26900000008754,54.13946774427716,278.2574999999954,285.0267999999982,294.8266399999638,128.63100000005215,308.65500000002794,0,267.0,2095.0,19.0,650.0,0.1130397967823878,0.9335664335664335,0.2016616314199396,0.7632058287795993,0.06643356643356643,0.1986062717770035,94,14,20,0.8703703703703703,0.8245614035087719,0.8468468468468469,0.8703703703703703,0.8302868421052632,0.14541705205675673,0.10803750000000001,0.3623693379790941,0.6376306620209059,,,not_computed_no_bbox_data,17,17,17.0,0,0,2666,452.0,0,0,0,0,0,0,0,,0.1695423855963991,452,,,,,,,0.0,0,0,0,0,0,0,153.0,574,0.6530350174216027,0.6335500000000001,0.1171744586627742,0.81406,0.8789150000000001,0.996016,0.5001,1.1506,574,0.0,0.0,0.0,0.0,0.0,0.0,0.0,0.0,574,0,0,0,0,0.0,0.0,3596594.158,215795.649462,3031.0,272.79,0.0,0.0,374.842,31.861595,3473781.759,27790.254075,1722.0,258.3,80402.69,33769.129743,40388.551,16963.191309,3705.0,1111.5,0.0,0.0,216100.301057,79892.375127,295992.67618400004,4933.211269733334,97.65512246255362,515.6666832473868,2740.67292762963,3148.8582572765963,0.0,295992.676184,3600000.0,3600000.0,trigger_spam__s06__event,event,main,,,True,,2081.0
event_no_early_exit,trigger_spam,6,3600.0,472b9b2a97d7188b,True,synthetic_distribution,False,,3031,365,286,2666,149107.226,0.04141867388888889,574,9.566666666666666,574,9.566666666666666,108,100,574,98,72,0.7346938775510204,0.26530612244897955,0.34965034965034963,72,609.0788333333242,268.41849999997794,824.8361901021614,1679.9476999999954,2407.702050000057,3496.366089999935,233.06600000010803,4525.170999999973,574,261.0801585365793,260.6604999997653,15.062085017091576,280.6472000000067,288.06419999985957,294.19353999994576,223.58799999998882,307.65500000002794,574,262.0801585365793,261.6604999997653,15.062085017091576,281.6472000000067,289.06419999985957,295.19353999994576,224.58799999998882,308.65500000002794,0,267.0,2095.0,19.0,650.0,0.1130397967823878,0.9335664335664335,0.2016616314199396,0.7632058287795993,0.06643356643356643,0.1986062717770035,100,8,14,0.9259259259259259,0.8771929824561403,0.9009009009009009,0.9259259259259259,0.8472929824561403,0.15582830733293448,0.1025375,0.0,1.0,,,not_computed_no_bbox_data,17,17,17.0,0,0,2666,452.0,0,0,0,0,0,0,0,,0.1695423855963991,452,,,,,,,0.0,0,0,0,0,0,0,153.0,574,0.6530350174216027,0.6335500000000001,0.1171744586627742,0.81406,0.8789150000000001,0.996016,0.5001,1.1506,574,0.0,0.0,0.0,0.0,0.0,0.0,0.0,0.0,574,0,0,0,0,0.0,0.0,3596594.158,215795.649462,3031.0,272.79,0.0,0.0,374.842,31.861595,3450892.771,27607.142164,1722.0,258.3,80402.69,33769.129743,63291.04,26582.236639,3691.5,1107.45,0.0,0.0,216100.301057,89324.258546,305424.559603,5090.409326716666,100.76692827548663,532.0985358937282,2828.0051815092593,3054.24559603,0.0,305424.559604,3600000.0,3600000.001,trigger_spam__s06__event_no_early_exit,event_no_early_exit,main,,,True,,2081.0
fixed_threshold,trigger_spam,6,3600.0,472b9b2a97d7188b,True,synthetic_distribution,False,,3031,365,286,2666,149107.226,0.04141867388888889,574,9.566666666666666,574,9.566666666666666,108,100,574,98,72,0.7346938775510204,0.26530612244897955,0.34965034965034963,72,609.0788333333242,268.41849999997794,824.8361901021614,1679.9476999999954,2407.702050000057,3496.366089999935,233.06600000010803,4525.170999999973,574,261.0801585365793,260.6604999997653,15.062085017091576,280.6472000000067,288.06419999985957,294.19353999994576,223.58799999998882,307.65500000002794,574,262.0801585365793,261.6604999997653,15.062085017091576,281.6472000000067,289.06419999985957,295.19353999994576,224.58799999998882,308.65500000002794,0,267.0,2095.0,19.0,650.0,0.1130397967823878,0.9335664335664335,0.2016616314199396,0.7632058287795993,0.06643356643356643,0.1986062717770035,100,8,14,0.9259259259259259,0.8771929824561403,0.9009009009009009,0.9259259259259259,0.8472929824561403,0.15582830733293448,0.1025375,0.0,1.0,,,not_computed_no_bbox_data,17,17,17.0,0,0,2666,452.0,0,0,0,0,0,0,0,,0.1695423855963991,452,,,,,,,0.0,0,0,0,0,0,0,153.0,574,0.6530350174216027,0.6335500000000001,0.1171744586627742,0.81406,0.8789150000000001,0.996016,0.5001,1.1506,574,0.0,0.0,0.0,0.0,0.0,0.0,0.0,0.0,574,0,0,0,0,0.0,0.0,3596594.158,215795.649462,3031.0,272.79,0.0,0.0,374.842,31.861595,3450892.771,27607.142164,1722.0,258.3,80402.69,33769.129743,63291.04,26582.236639,3691.5,1107.45,0.0,0.0,216100.301057,89324.258546,305424.559603,5090.409326716666,100.76692827548663,532.0985358937282,2828.0051815092593,3054.24559603,0.0,305424.559604,3600000.0,3600000.001,trigger_spam__s06__fixed_threshold,fixed_threshold,main,,,True,,2081.0
motion_only,trigger_spam,6,3600.0,472b9b2a97d7188b,True,synthetic_distribution,False,,3031,365,286,2666,151986.892,0.04221858111111111,586,9.766666666666667,586,9.766666666666667,90,83,586,98,64,0.6530612244897959,0.34693877551020413,0.2902097902097902,64,842.5382031249965,278.6524999998801,972.3140088897777,1962.2289999999282,2934.111699999916,4256.642319999987,233.06600000010803,4525.170999999973,586,260.66427303753574,259.89850000001024,14.500414573512883,280.6044999998994,285.97200000000885,292.12799999981655,223.7729999999865,300.5139999999665,586,261.66427303753574,260.89850000001024,14.500414573512883,281.6044999998994,286.97200000000885,293.12799999981655,224.7729999999865,301.5139999999665,0,191.0,2649.0,95.0,96.0,0.06725352112676056,0.6678321678321678,0.12220089571337171,0.9650273224043716,0.3321678321678322,0.16040955631399317,83,7,11,0.9222222222222223,0.8829787234042553,0.9021739130434783,0.9222222222222223,0.8635372340425534,0.15104693280747802,0.10960555555555555,0.0,1.0,,,not_computed_no_bbox_data,15,15,15.0,0,0,2666,474.0,0,0,0,0,0,0,0,,0.17779444861215304,474,,,,,,,0.0,0,0,0,0,0,0,97.0,586,0.6436467576791809,0.62385,0.11065473567783227,0.8018000000000001,0.860125,0.9605199999999998,0.5001,1.0187,586,0.0,0.0,0.0,0.0,0.0,0.0,0.0,0.0,586,0,0,0,0,0.0,0.0,3596591.824,215795.50941,3031.0,272.79,0.0,0.0,377.176,32.060002,3448013.112,27584.104893,1758.0,263.7,82155.411,34505.272572,64348.977,27026.570532,3724.5,1117.35,0.0,0.0,216100.35941200002,90496.99799700001,306597.357409,5109.955956816667,101.15386255658198,523.2036815853243,3406.6373045444443,3693.9440651686746,0.0,306597.357409,3600000.0,3600000.0,trigger_spam__s06__motion_only,motion_only,main,,,True,,2620.0
secure,trigger_spam,6,3600.0,472b9b2a97d7188b,True,synthetic_distribution,False,,3031,365,286,2666,35319.139,0.009810871944444445,168,2.8,168,2.8,95,82,574,98,62,0.6326530612244898,0.36734693877551017,0.2867132867132867,62,464.0399516128817,165.2224999999744,788.4169870940736,1485.3775000002468,2025.3954999999664,3601.6721299998844,139.02799999993294,4423.016999999993,168,211.9462738095169,244.64349999993283,57.131193988578914,277.94349999986594,285.6609499999555,296.2531700001471,128.03099999995902,308.0549999999348,168,212.9462738095169,245.64349999993283,57.131193988578914,278.94349999986594,286.6609499999555,297.2531700001471,129.03099999995902,309.0549999999348,0,267.0,2095.0,19.0,650.0,0.1130397967823878,0.9335664335664335,0.2016616314199396,0.7632058287795993,0.06643356643356643,0.1986062717770035,82,13,19,0.8631578947368421,0.8118811881188119,0.8367346938775511,0.8631578947368421,0.8281683168316832,0.15288868429723182,0.10803750000000001,0.47023809523809523,0.5297619047619048,,,not_computed_no_bbox_data,1,1,1.0,0,0,2666,452.0,452,393,59,122,13,109,13,0.8694690265486725,0.02213053263315829,59,0.10655737704918032,0.11403508771929824,0.7073170731707317,0.9679802955665024,0.8694690265486725,0.9160839160839161,0.4,0,0,4,125,277,0,153.0,168,0.6543880952380952,0.6335500000000001,0.12441862396427845,0.8232700000000001,0.8938999999999999,0.9998590000000002,0.5007,1.0166,168,0.0,0.0,0.0,0.0,0.0,0.0,0.0,0.0,168,0,0,0,0,0.0,0.0,3596629.463,215797.767771,3031.0,272.79,229.6,21.812,109.937,9.344658,3564680.863,28517.446908,504.0,75.6,23703.744,9955.572286,9903.893,4159.635061,1207.5,362.25,0.0,0.0,216101.714429,43070.504255,259172.21868400002,4319.536978066667,85.50716551765095,1542.6917778809525,2728.128617726316,3160.6368132195125,21.812,259172.218684,3600000.0,3600000.0,trigger_spam__s06__secure,secure,main,,,True,,2081.0
always_on,trigger_spam,7,3600.0,fd1a7853d356670d,True,synthetic_distribution,False,,2017,392,277,1625,3600000.0,1.0,1,0.016666666666666666,1428,23.8,267,242,0,93,91,0.978494623655914,0.021505376344086002,0.8736462093862816,91,509.9798571428538,351.960999999661,448.9429521235648,1199.5849999999627,1652.2964999999385,1973.0498000000166,141.42500000004657,2025.626000000164,0,,,,,,,,,1428,337.9338165266192,331.21100000012666,103.98879257922816,458.47429999988526,501.870650000032,704.1300299999721,134.2929999998305,1015.4830000000002,0,,,,,,,,,,,242,25,33,0.9063670411985019,0.88,0.892988929889299,0.9063670411985019,0.8201894545454547,0.11922601886550986,0.15859734513274337,0.36204481792717086,0.6379551820728291,,,not_computed_no_bbox_data,41,41,41.0,16551,217,1625,,0,0,0,0,0,0,0,,0.64,1040,,,,,,,0.0,0,0,0,0,0,0,,0,,,,,,,,,0,,,,,,,,,0,0,0,0,0,3600000.0,18000.0,0.0,0.0,0.0,0.0,0.0,0.0,0.0,0.0,0.0,0.0,0.0,0.0,2528316.247,1061892.823802,962684.753,404327.596198,108999.0,32699.7,0.0,0.0,18000.0,1498920.1199999999,1516920.1199999999,25282.001999999997,752.0674863658899,,5681.348764044943,6268.264958677685,0.0,1516920.12,3600000.0,3600000.0,trigger_spam__s07__always_on,always_on,main,,,True,,
event,trigger_spam,7,3600.0,fd1a7853d356670d,True,synthetic_distribution,False,,2017,392,277,1625,87339.27100000001,0.024260908611111114,393,6.55,393,6.55,101,90,393,93,65,0.6989247311827957,0.30107526881720426,0.3249097472924188,65,559.6367230769085,173.40599999995902,816.9695551590099,1560.7486000000038,2117.983199999947,3771.060279999996,130.06899999966845,4383.987000000008,393,223.5670279898234,251.40000000002328,54.564282148351516,278.72659999988974,283.6707999999955,293.9335599999129,123.45100000011735,308.06600000010803,393,224.5670279898234,252.40000000002328,54.564282148351516,279.72659999988974,284.6707999999955,294.9335599999129,124.45100000011735,309.06600000010803,0,253.0,1274.0,24.0,466.0,0.16568434839554683,0.9133574007220217,0.28048780487804875,0.732183908045977,0.08664259927797834,0.26208651399491095,90,11,13,0.8910891089108911,0.8737864077669902,0.8823529411764707,0.8910891089108911,0.8351194174757283,0.10587192323307018,0.18299444444444443,0.356234096692112,0.6437659033078881,,,not_computed_no_bbox_data,14,14,14.0,0,0,1625,272.0,0,0,0,0,0,0,0,,0.16738461538461538,272,,,,,,,0.0,0,0,0,0,0,0,150.0,393,0.6664839694656489,0.6487,0.11804845348380229,0.8431000000000001,0.89836,0.9858319999999998,0.5002,1.0317,393,0.0,0.0,0.0,0.0,0.0,0.0,0.0,0.0,393,0,0,0,0,0.0,0.0,3597721.072,215863.264301,2017.0,181.53,0.0,0.0,261.928,22.263908,3512660.73,28101.285837,1179.0,176.85,55610.028,23356.211869,27947.742,11738.051665,2602.5,780.75,0.0,0.0,216067.05820899998,64153.149371,280220.20758,4670.3367929999995,138.92920554288546,713.0285180152672,2774.457500792079,3113.5578619999997,0.0,280220.207579,3600000.0,3600000.0,trigger_spam__s07__event,event,main,,,True,,1247.0
event_no_early_exit,trigger_spam,7,3600.0,fd1a7853d356670d,True,synthetic_distribution,False,,2017,392,277,1625,102773.55,0.028548208333333335,393,6.55,393,6.55,101,91,393,93,64,0.6881720430107527,0.31182795698924726,0.3285198555956679,64,614.6276874999903,271.96550000004936,796.9138644087495,1385.0955999999658,2238.1316999999453,3780.637259999994,230.75599999999395,4383.987000000008,393,262.8400127226465,260.719000000041,15.133766150919987,282.46100000003355,286.1337999999523,298.09891999994403,221.56200000015087,308.06600000010803,393,263.8400127226465,261.719000000041,15.133766150919987,283.46100000003355,287.1337999999523,299.09891999994403,222.56200000015087,309.06600000010803,0,253.0,1274.0,24.0,466.0,0.16568434839554683,0.9133574007220217,0.28048780487804875,0.732183908045977,0.08664259927797834,0.26208651399491095,91,10,12,0.900990099009901,0.883495145631068,0.8921568627450982,0.900990099009901,0.861090291262136,0.11990709681082522,0.16582777777777777,0.0,1.0,,,not_computed_no_bbox_data,14,14,14.0,0,0,1625,272.0,0,0,0,0,0,0,0,,0.16738461538461538,272,,,,,,,0.0,0,0,0,0,0,0,150.0,393,0.6664839694656489,0.6487,0.11804845348380229,0.8431000000000001,0.89836,0.9858319999999998,0.5002,1.0317,393,0.0,0.0,0.0,0.0,0.0,0.0,0.0,0.0,393,0,0,0,0,0.0,0.0,3597721.072,215863.264301,2017.0,181.53,0.0,0.0,261.928,22.263908,3497226.447,27977.81158,1179.0,176.85,55610.028,23356.211869,43382.024,18220.450182,2602.5,780.75,0.0,0.0,216067.05820899998,70512.073631,286579.13184,4776.318864,142.08187002478928,729.208986870229,2837.417146930693,3149.2212290109887,0.0,286579.131839,3600000.0,3599999.9990000003,trigger_spam__s07__event_no_early_exit,event_no_early_exit,main,,,True,,1247.0
fixed_threshold,trigger_spam,7,3600.0,fd1a7853d356670d,True,synthetic_distribution,False,,2017,392,277,1625,103045.792,0.028623831111111112,394,6.566666666666666,394,6.566666666666666,101,91,394,93,64,0.6881720430107527,0.31182795698924726,0.3285198555956679,64,614.6276874999903,271.96550000004936,796.9138644087495,1385.0955999999658,2238.1316999999453,3780.637259999994,230.75599999999395,4383.987000000008,394,262.8671395939087,260.93900000001304,15.124087866542192,282.4485000000335,286.124199999962,298.0879299999436,221.56200000015087,308.06600000010803,394,263.8671395939087,261.93900000001304,15.124087866542192,283.4485000000335,287.124199999962,299.0879299999436,222.56200000015087,309.06600000010803,0,253.0,1275.0,24.0,465.0,0.1655759162303665,0.9133574007220217,0.2803324099722992,0.7327586206896551,0.08664259927797834,0.2614213197969543,91,10,12,0.900990099009901,0.883495145631068,0.8921568627450982,0.900990099009901,0.861090291262136,0.11990709681082522,0.16484736842105266,0.0,1.0,,,not_computed_no_bbox_data,14,14,14.0,0,0,1625,272.0,0,0,0,0,0,0,0,,0.16738461538461538,272,,,,,,,0.0,0,0,0,0,0,0,150.0,394,0.6662157360406091,0.64855,0.11801832999518028,0.8430000000000001,0.89829,0.9856779999999999,0.5002,1.0317,394,0.0,0.0,0.0,0.0,0.0,0.0,0.0,0.0,394,0,0,0,0,0.0,0.0,3597720.511,215863.230651,2017.0,181.53,0.0,0.0,262.489,22.311578,3496954.205,27975.633641,1182.0,177.3,55762.476,23420.239844,43492.819,18266.984021,2608.5,782.55,0.0,0.0,216067.07222899998,70622.707506,286689.77973499993,4778.162995583332,142.13672768220127,727.6390348604059,2838.5126706435635,3150.4371399450542,0.0,286689.779735,3600000.0,3600000.0,trigger_spam__s07__fixed_threshold,fixed_threshold,main,,,True,,1247.0
motion_only,trigger_spam,7,3600.0,fd1a7853d356670d,True,synthetic_distribution,False,,2017,392,277,1625,104710.179,0.029086160833333333,401,6.683333333333334,401,6.683333333333334,79,75,401,93,55,0.5913978494623656,0.4086021505376344,0.27075812274368233,55,700.2931272727245,272.19900000002235,895.2775339799604,1693.2455999999772,2731.075199999986,3866.8300799999993,230.75599999999395,4383.987000000008,401,262.443962593514,261.79100000020117,14.793612835983083,281.8190000000177,285.84499999973923,298.0109999999404,217.12899999995716,300.35699999984354,401,263.44591022443717,262.79100000020117,14.793082726625398,282.8190000000177,286.84499999973923,299.0109999999404,218.12899999995716,301.35699999984354,0,181.0,1635.0,96.0,105.0,0.09966960352422907,0.6534296028880866,0.17295747730530336,0.9396551724137931,0.34657039711191334,0.20199501246882792,75,4,6,0.9493670886075949,0.9259259259259259,0.9375000000000001,0.9493670886075949,0.8494814814814816,0.12572978675627258,0.16268064516129035,0.0,1.0,,,not_computed_no_bbox_data,11,11,11.0,0,0,1625,289.0,0,0,0,0,0,0,0,,0.17784615384615385,289,,,,,,,0.0,0,0,0,0,0,0,100.0,401,0.665577306733167,0.6443,0.12519124074282587,0.8574,0.923,1.0014,0.5007,1.2359,401,0.0,0.0,0.0,0.0,0.0,0.0,0.0,0.0,401,0,0,0,0,0.0,0.0,3597716.103,215862.966204,2017.0,181.53,0.0,0.0,266.897,22.686211,3495289.82,27962.318564,1203.0,180.45,56670.366,23801.553903,44235.813,18579.0415,2601.0,780.3,0.0,0.0,216067.182415,71303.66396700001,287370.84638199996,4789.514106366666,142.47439086861675,716.635527137157,3637.605650405063,3831.6112850933328,0.0,287370.846382,3600000.0,3599999.999,trigger_spam__s07__motion_only,motion_only,main,,,True,,1591.0
secure,trigger_spam,7,3600.0,fd1a7853d356670d,True,synthetic_distribution,False,,2017,392,277,1625,32527.381999999998,0.009035383888888889,153,2.55,153,2.55,86,75,393,93,56,0.6021505376344086,0.3978494623655914,0.27075812274368233,56,425.1216071428411,168.2554999999702,694.8126863979361,1052.8120000000126,1691.4387499999139,3099.886750000024,130.46900000004098,4384.387000000002,153,214.33650980392255,246.34999999962747,56.26361737138772,278.444800000079,283.15940000004485,293.94832000009717,129.46900000004098,300.3040000000037,153,215.33650980392255,247.34999999962747,56.26361737138772,279.444800000079,284.15940000004485,294.94832000009717,130.46900000004098,301.3040000000037,0,253.0,1274.0,24.0,466.0,0.16568434839554683,0.9133574007220217,0.28048780487804875,0.732183908045977,0.08664259927797834,0.26208651399491095,75,11,13,0.872093023255814,0.8522727272727273,0.8620689655172414,0.872093023255814,0.8307045454545455,0.10805156273273615,0.18909411764705883,0.45098039215686275,0.5490196078431373,,,not_computed_no_bbox_data,2,2,2.0,0,0,1625,272.0,272,224,48,121,16,105,15,0.8235294117647058,0.029538461538461538,48,0.1322314049586777,0.14563106796116504,0.6106870229007634,0.9333333333333333,0.8235294117647058,0.8749999999999999,0.4,0,0,9,64,167,0,150.0,153,0.6781549019607843,0.6465,0.12872704544540037,0.8616800000000001,0.9217000000000001,0.9805839999999999,0.5007,1.0,153,0.0,0.0,0.0,0.0,0.0,0.0,0.0,0.0,153,0,0,0,0,0.0,0.0,3597722.043,215863.322555,2017.0,181.53,157.2,14.934,103.757,8.81938,3567472.618,28539.780944,459.0,68.85,21692.886,9111.011953,9271.496,3894.028499,1104.0,331.2,0.0,0.0,216068.605935,41944.871395999995,258013.47733100003,4300.224622183334,127.91942356519586,1686.3625969346408,3000.1567131511633,3440.179697746667,14.934,258013.477332,3600000.0000000005,3599999.9999999995,trigger_spam__s07__secure,secure,main,,,True,,1247.0
always_on,trigger_spam,8,3600.0,af44499182185c9c,True,synthetic_distribution,False,,1553,337,262,1216,3600000.0,1.0,1,0.016666666666666666,1125,18.75,258,236,0,92,90,0.9782608695652174,0.021739130434782594,0.9007633587786259,90,370.21475555556356,326.92699999990873,254.31299639062095,511.3740999998992,856.6233999999703,1459.339810000085,133.03300000028685,1754.438000000082,0,,,,,,,,,1125,325.3945395555566,319.9700000002049,89.27432328341582,447.83440000014383,474.2477999999188,521.0773600000422,131.13100000005215,673.9880000003614,0,,,,,,,,,,,236,26,26,0.9007633587786259,0.9007633587786259,0.9007633587786259,0.9147286821705426,0.8385232824427481,0.10920372237591157,0.18529199999999998,0.3857777777777778,0.6142222222222222,,,not_computed_no_bbox_data,38,34,38.0,16886,216,1216,,0,0,0,0,0,0,0,,0.6480263157894737,788,,,,,,,0.0,0,0,0,0,0,0,,0,,,,,,,,,0,,,,,,,,,0,0,0,0,0,3600000.0,18000.0,0.0,0.0,0.0,0.0,0.0,0.0,0.0,0.0,0.0,0.0,0.0,0.0,2529666.467,1062459.916299,961220.533,403712.623701,109113.0,32733.9,0.0,0.0,18000.0,1498906.44,1516906.44,25281.773999999998,976.758815196394,,5879.482325581395,6427.569661016949,0.0,1516906.44,3600000.0,3600000.0,trigger_spam__s08__always_on,always_on,main,,,True,,
event,trigger_spam,8,3600.0,af44499182185c9c,True,synthetic_distribution,False,,1553,337,262,1216,76685.518,0.021301532777777778,357,5.95,357,5.95,130,119,357,92,77,0.8369565217391305,0.1630434782608695,0.4541984732824427,77,378.8712337662301,237.96900000004098,527.9739017064238,1042.6420000001797,1664.1532000000125,2413.1821200000554,130.24900000030175,2922.771999999997,357,216.13694957982844,247.66800000006333,55.204468375136784,273.577000000095,277.84300000015645,291.6952400000114,126.38200000004144,315.2150000000838,357,217.1389579831903,248.66800000006333,55.205983601516884,274.577000000095,278.84300000015645,292.6952400000114,127.38200000004144,316.2150000000838,0,251.0,966.0,11.0,325.0,0.20624486442070666,0.9580152671755725,0.33941852603110206,0.7482571649883811,0.04198473282442748,0.3697478991596639,119,12,13,0.9083969465648855,0.9015151515151515,0.9049429657794676,0.9153846153846154,0.8421257575757576,0.10683408097700062,0.23381666666666664,0.41456582633053224,0.5854341736694678,,,not_computed_no_bbox_data,11,10,11.0,0,0,1216,213.0,0,0,0,0,0,0,0,,0.17516447368421054,213,,,,,,,0.0,0,0,0,0,0,0,119.0,357,0.6628187675070029,0.6411,0.11572836857425546,0.8168200000000002,0.8876,0.998932,0.5002,1.1234,357,0.0,0.0,0.0,0.0,0.0,0.0,0.0,0.0,357,0,0,0,0,0.0,0.0,3598210.373,215892.62239,1553.0,139.77,0.0,0.0,236.627,20.11328,3523314.48,28186.515843,1071.0,160.65,50246.871,21103.685874,22942.148,9635.702351,2425.5,727.65,0.0,0.0,216052.50566999998,59814.204068,275866.709738,4597.7784956333335,177.63471328911783,772.7358816190476,2122.051613369231,2318.207644857143,0.0,275866.709739,3600000.0,3599999.999,trigger_spam__s08__event,event,main,,,True,,953.0
event_no_early_exit,trigger_spam,8,3600.0,af44499182185c9c,True,synthetic_distribution,False,,1553,337,262,1216,92970.022,0.02582500611111111,357,5.95,357,5.95,130,124,357,92,79,0.8586956521739131,0.14130434782608692,0.4732824427480916,79,412.4276329113938,264.7150000000256,483.9986070373412,461.2950000000209,1544.782999999966,2298.1391199999734,236.00299999990966,3021.6639999999898,357,261.75180112044467,260.7379999998957,13.56401617103207,277.8840000001714,285.74319999981674,300.0705200000666,220.45799999998417,315.2150000000838,357,262.7538095238065,261.7379999998957,13.563409998788252,278.8840000001714,286.74319999981674,301.0705200000666,221.45799999998417,316.2150000000838,0,251.0,966.0,11.0,325.0,0.20624486442070666,0.9580152671755725,0.33941852603110206,0.7482571649883811,0.04198473282442748,0.3697478991596639,124,7,8,0.9465648854961832,0.9393939393939394,0.9429657794676807,0.9538461538461539,0.8660757575757576,0.1183613990364445,0.2220333333333333,0.0,1.0,,,not_computed_no_bbox_data,11,10,11.0,0,0,1216,213.0,0,0,0,0,0,0,0,,0.17516447368421054,213,,,,,,,0.0,0,0,0,0,0,0,119.0,357,0.6628187675070029,0.6411,0.11572836857425546,0.8168200000000002,0.8876,0.998932,0.5002,1.1234,357,0.0,0.0,0.0,0.0,0.0,0.0,0.0,0.0,357,0,0,0,0,0.0,0.0,3598210.373,215892.62239,1553.0,139.77,0.0,0.0,236.627,20.11328,3507029.973,28056.239782,1071.0,160.65,50246.871,21103.685874,39196.656,16462.595586,2455.5,736.65,0.0,0.0,216052.50566999998,66519.82124199999,282572.326912,4709.538781866667,181.9525607933033,791.5191230028012,2173.633283938462,2278.809088,0.0,282572.326913,3600000.0,3600000.0,trigger_spam__s08__event_no_early_exit,event_no_early_exit,main,,,True,,953.0
fixed_threshold,trigger_spam,8,3600.0,af44499182185c9c,True,synthetic_distribution,False,,1553,337,262,1216,92970.022,0.02582500611111111,357,5.95,357,5.95,130,124,357,92,79,0.8586956521739131,0.14130434782608692,0.4732824427480916,79,412.4276329113938,264.7150000000256,483.9986070373412,461.2950000000209,1544.782999999966,2298.1391199999734,236.00299999990966,3021.6639999999898,357,261.75180112044467,260.7379999998957,13.56401617103207,277.8840000001714,285.74319999981674,300.0705200000666,220.45799999998417,315.2150000000838,357,262.7538095238065,261.7379999998957,13.563409998788252,278.8840000001714,286.74319999981674,301.0705200000666,221.45799999998417,316.2150000000838,0,251.0,966.0,11.0,325.0,0.20624486442070666,0.9580152671755725,0.33941852603110206,0.7482571649883811,0.04198473282442748,0.3697478991596639,124,7,8,0.9465648854961832,0.9393939393939394,0.9429657794676807,0.9538461538461539,0.8660757575757576,0.1183613990364445,0.2220333333333333,0.0,1.0,,,not_computed_no_bbox_data,11,10,11.0,0,0,1216,213.0,0,0,0,0,0,0,0,,0.17516447368421054,213,,,,,,,0.0,0,0,0,0,0,0,119.0,357,0.6628187675070029,0.6411,0.11572836857425546,0.8168200000000002,0.8876,0.998932,0.5002,1.1234,357,0.0,0.0,0.0,0.0,0.0,0.0,0.0,0.0,357,0,0,0,0,0.0,0.0,3598210.373,215892.62239,1553.0,139.77,0.0,0.0,236.627,20.11328,3507029.973,28056.239782,1071.0,160.65,50246.871,21103.685874,39196.656,16462.595586,2455.5,736.65,0.0,0.0,216052.50566999998,66519.82124199999,282572.326912,4709.538781866667,181.9525607933033,791.5191230028012,2173.633283938462,2278.809088,0.0,282572.326913,3600000.0,3600000.0,trigger_spam__s08__fixed_threshold,fixed_threshold,main,,,True,,953.0
motion_only,trigger_spam,8,3600.0,af44499182185c9c,True,synthetic_distribution,False,,1553,337,262,1216,92608.487,0.02572457972222222,355,5.916666666666667,355,5.916666666666667,110,104,355,92,75,0.8152173913043478,0.18478260869565222,0.3969465648854962,75,557.8952266666657,266.1459999999497,632.0063108095329,1632.1958000000222,1899.8493999999362,2535.037040000042,237.96900000004098,3021.6639999999898,355,262.20316619718807,261.4350000000559,13.939762497804002,279.35420000012965,284.7471000000369,299.9928600002173,224.7320000003092,315.2150000000838,355,263.20316619718807,262.4350000000559,13.939762497804002,280.35420000012965,285.7471000000369,300.9928600002173,225.7320000003092,316.2150000000838,0,193.0,1220.0,69.0,71.0,0.13658881811748053,0.7366412213740458,0.23044776119402985,0.9450038729666925,0.2633587786259542,0.3154929577464789,104,9,8,0.9203539823008849,0.9285714285714286,0.9244444444444444,0.9454545454545454,0.8647383928571429,0.12275392087133394,0.22281428571428571,0.0,1.0,,,not_computed_no_bbox_data,14,11,14.0,0,0,1216,222.0,0,0,0,0,0,0,0,,0.1825657894736842,222,,,,,,,0.0,0,0,0,0,0,0,81.0,355,0.6665439436619719,0.6489,0.11751765072954432,0.8272,0.89268,1.00094,0.5002,1.0795,355,0.0,0.0,0.0,0.0,0.0,0.0,0.0,0.0,355,0,0,0,0,0.0,0.0,3598210.376,215892.622568,1553.0,139.77,0.0,0.0,236.624,20.113029,3507391.514,28059.132109,1065.0,159.75,50035.137,21014.757702,39108.349,16425.506569,2400.0,720.0,0.0,0.0,216052.50559699998,66379.14638,282431.651977,4707.194199616667,181.86197809207985,795.5821182450704,2567.560472518182,2715.6889613173075,0.0,282431.651977,3600000.0,3600000.0,trigger_spam__s08__motion_only,motion_only,main,,,True,,1192.0
secure,trigger_spam,8,3600.0,af44499182185c9c,True,synthetic_distribution,False,,1553,337,262,1216,32713.343,0.009087039722222223,162,2.7,162,2.7,122,111,357,92,74,0.8043478260869565,0.19565217391304346,0.42366412213740456,74,314.36763513515365,203.52549999998882,422.48169762147035,283.37919999998996,1208.811050000192,1998.5240700000024,130.64900000020862,2923.1720000000205,162,203.6652469136047,169.92250000004424,55.7781500049464,271.39619999999996,276.89944999999716,289.18638999996574,126.79900000011548,315.6149999999907,162,204.6652469136047,170.92250000004424,55.7781500049464,272.39619999999996,277.89944999999716,290.18638999996574,127.79900000011548,316.6149999999907,0,251.0,966.0,11.0,325.0,0.20624486442070666,0.9580152671755725,0.33941852603110206,0.7482571649883811,0.04198473282442748,0.3697478991596639,111,12,13,0.9024390243902439,0.8951612903225806,0.8987854251012146,0.9098360655737705,0.8392354838709677,0.10915995661886395,0.23381666666666664,0.5370370370370371,0.46296296296296297,,,not_computed_no_bbox_data,2,1,2.0,0,0,1216,213.0,213,187,26,144,8,136,8,0.8779342723004695,0.02138157894736842,26,0.05555555555555555,0.06060606060606061,0.5462184873949579,0.958974358974359,0.8779342723004695,0.9166666666666666,0.4,0,1,5,38,151,0,119.0,162,0.660308024691358,0.643,0.11729154204726559,0.80673,0.9017049999999999,0.9840989999999997,0.5003,1.0333,162,0.0,0.0,0.0,0.0,0.0,0.0,0.0,0.0,162,0,0,0,0,0.0,0.0,3598197.23,215891.833785,1553.0,139.77,142.8,13.566,106.97,9.092471,3567286.657,28538.293254,486.0,72.9,22855.869,9599.465173,8154.974,3425.088982,1216.5,364.95,0.0,0.0,216054.262256,42000.697409,258054.959665,4300.915994416667,166.1654601835158,1592.9318497839506,2115.2045874180326,2324.8194564414416,13.566,258054.959666,3600000.0,3600000.0,trigger_spam__s08__secure,secure,main,,,True,,953.0
always_on,trigger_spam,9,3600.0,079bd0db9cb6e246,True,synthetic_distribution,False,,2876,236,169,2640,3600000.0,1.0,1,0.016666666666666666,1935,32.25,167,155,0,50,50,1.0,0.0,0.9171597633136095,50,374.467620000015,319.4729999999872,279.86941174861823,470.70820000014504,711.99604999998,1591.9975699999472,148.2730000000447,1633.8469999999506,0,,,,,,,,,1935,325.2099271317842,325.1219999999739,86.71246655552979,440.9080000001006,473.0934000001055,513.6117799999735,124.89999999990687,624.6149999999907,0,,,,,,,,,,,155,13,14,0.9226190476190477,0.9171597633136095,0.9198813056379822,0.9281437125748503,0.8411704142011834,0.10537343717620402,0.15894000000000003,0.36227390180878555,0.6377260981912145,,,not_computed_no_bbox_data,61,60,61.0,16027,231,2640,,0,0,0,0,0,0,0,,0.6443181818181818,1701,,,,,,,0.0,0,0,0,0,0,0,,0,,,,,,,,,0,,,,,,,,,0,0,0,0,0,3600000.0,18000.0,0.0,0.0,0.0,0.0,0.0,0.0,0.0,0.0,0.0,0.0,0.0,0.0,2522367.6,1059394.392158,968921.4,406946.987842,108711.0,32613.3,0.0,0.0,18000.0,1498954.68,1516954.68,25282.577999999998,527.4529485396383,,9083.560958083832,9786.804387096774,0.0,1516954.68,3600000.0,3600000.0,trigger_spam__s09__always_on,always_on,main,,,True,,
event,trigger_spam,9,3600.0,079bd0db9cb6e246,True,synthetic_distribution,False,,2876,236,169,2640,113695.69,0.03158213611111111,525,8.75,525,8.75,67,63,525,50,40,0.8,0.19999999999999996,0.3727810650887574,40,720.5317750000056,252.96450000011828,1192.3068963547582,1577.5648000000517,2907.9629500000706,5216.984239999865,123.9440000000177,5983.171999999788,525,217.87644190475467,247.99599999981,55.52085650722343,275.0225999999908,281.1745999997947,290.96079999987035,122.9440000000177,313.94700000001467,525,218.87644190475467,248.99599999981,55.52085650722343,276.0225999999908,282.1745999997947,291.96079999987035,123.9440000000177,314.94700000001467,0,153.0,2080.0,16.0,627.0,0.06851768920734438,0.9053254437869822,0.1273938384679434,0.7683782785371259,0.09467455621301775,0.12761904761904763,63,5,4,0.9264705882352942,0.9402985074626866,0.9333333333333335,0.9402985074626866,0.8604880597014926,0.073387647632051,0.18241538461538462,0.38857142857142857,0.6114285714285714,,,not_computed_no_bbox_data,20,19,20.0,0,0,2640,445.0,0,0,0,0,0,0,0,,0.16856060606060605,445,,,,,,,0.0,0,0,0,0,0,0,86.0,525,0.6555072380952381,0.6377,0.11645677254318067,0.81018,0.8727599999999999,1.0005279999999999,0.5008,1.1312,525,0.0,0.0,0.0,0.0,0.0,0.0,0.0,0.0,525,0,0,0,0,0.0,0.0,3596779.858,215806.791509,2876.0,258.84,0.0,0.0,344.142,29.252029,3486304.308,27890.434463,1575.0,236.25,73133.982,30716.272291,35665.71,14979.598393,3321.0,996.3,0.0,0.0,216094.883538,74818.85514700001,290913.738685,4848.5623114166665,101.1522039933936,554.1214070190476,4341.996099776119,4617.678391825397,0.0,290913.738685,3600000.0,3600000.0,trigger_spam__s09__event,event,main,,,True,,2062.0
event_no_early_exit,trigger_spam,9,3600.0,079bd0db9cb6e246,True,synthetic_distribution,False,,2876,236,169,2640,136084.559,0.03780126638888889,525,8.75,525,8.75,67,65,525,50,41,0.82,0.18000000000000005,0.38461538461538464,41,708.7207804878267,270.5030000000261,1069.209286597143,1601.3639999999996,2165.560999999754,4836.223799999994,230.99399999994785,6081.368999999948,525,260.52191047618146,259.9110000000219,14.509974768017997,279.3594000001205,285.1651999998838,294.3908800000465,217.5910000000149,313.94700000001467,525,261.52191047618146,260.9110000000219,14.509974768017997,280.3594000001205,286.1651999998838,295.3908800000465,218.5910000000149,314.94700000001467,0,153.0,2080.0,16.0,627.0,0.06851768920734438,0.9053254437869822,0.1273938384679434,0.7683782785371259,0.09467455621301775,0.12761904761904763,65,3,2,0.9558823529411765,0.9701492537313433,0.962962962962963,0.9701492537313433,0.8866074626865671,0.08401923176928518,0.1703153846153846,0.0,1.0,,,not_computed_no_bbox_data,20,19,20.0,0,0,2640,445.0,0,0,0,0,0,0,0,,0.16856060606060605,445,,,,,,,0.0,0,0,0,0,0,0,86.0,525,0.6555072380952381,0.6377,0.11645677254318067,0.81018,0.8727599999999999,1.0005279999999999,0.5008,1.1312,525,0.0,0.0,0.0,0.0,0.0,0.0,0.0,0.0,525,0,0,0,0,0.0,0.0,3596779.858,215806.791509,2876.0,258.84,0.0,0.0,344.142,29.252029,3463915.445,27711.323557,1575.0,236.25,73133.982,30716.272291,58042.574,24377.880952,3333.0,999.9,0.0,0.0,216094.883538,84041.6268,300136.510338,5002.2751723,104.35900915785814,571.6885911200001,4479.649408029851,4617.48477443077,0.0,300136.510338,3600000.0,3600000.0009999997,trigger_spam__s09__event_no_early_exit,event_no_early_exit,main,,,True,,2062.0
fixed_threshold,trigger_spam,9,3600.0,079bd0db9cb6e246,True,synthetic_distribution,False,,2876,236,169,2640,136084.559,0.03780126638888889,525,8.75,525,8.75,67,65,525,50,41,0.82,0.18000000000000005,0.38461538461538464,41,708.7207804878267,270.5030000000261,1069.209286597143,1601.3639999999996,2165.560999999754,4836.223799999994,230.99399999994785,6081.368999999948,525,260.52191047618146,259.9110000000219,14.509974768017997,279.3594000001205,285.1651999998838,294.3908800000465,217.5910000000149,313.94700000001467,525,261.52191047618146,260.9110000000219,14.509974768017997,280.3594000001205,286.1651999998838,295.3908800000465,218.5910000000149,314.94700000001467,0,153.0,2080.0,16.0,627.0,0.06851768920734438,0.9053254437869822,0.1273938384679434,0.7683782785371259,0.09467455621301775,0.12761904761904763,65,3,2,0.9558823529411765,0.9701492537313433,0.962962962962963,0.9701492537313433,0.8866074626865671,0.08401923176928518,0.1703153846153846,0.0,1.0,,,not_computed_no_bbox_data,20,19,20.0,0,0,2640,445.0,0,0,0,0,0,0,0,,0.16856060606060605,445,,,,,,,0.0,0,0,0,0,0,0,86.0,525,0.6555072380952381,0.6377,0.11645677254318067,0.81018,0.8727599999999999,1.0005279999999999,0.5008,1.1312,525,0.0,0.0,0.0,0.0,0.0,0.0,0.0,0.0,525,0,0,0,0,0.0,0.0,3596779.858,215806.791509,2876.0,258.84,0.0,0.0,344.142,29.252029,3463915.445,27711.323557,1575.0,236.25,73133.982,30716.272291,58042.574,24377.880952,3333.0,999.9,0.0,0.0,216094.883538,84041.6268,300136.510338,5002.2751723,104.35900915785814,571.6885911200001,4479.649408029851,4617.48477443077,0.0,300136.510338,3600000.0,3600000.0009999997,trigger_spam__s09__fixed_threshold,fixed_threshold,main,,,True,,2062.0
motion_only,trigger_spam,9,3600.0,079bd0db9cb6e246,True,synthetic_distribution,False,,2876,236,169,2640,140289.537,0.03896931583333334,540,9.0,540,9.0,53,51,540,50,34,0.68,0.31999999999999995,0.30177514792899407,34,737.0229117647145,272.20149999985006,729.2695368545699,1624.2483999999865,2049.4443499999406,2703.534149999955,230.99399999994785,2968.506000000052,540,261.10238148147846,260.9365000000689,14.391672510131018,279.64089999995196,284.69629999988246,293.01231999975806,217.5910000000149,304.372999999905,540,262.10238148147846,261.9365000000689,14.391672510131018,280.64089999995196,285.69629999988246,294.01231999975806,218.5910000000149,305.372999999905,0,118.0,2613.0,51.0,94.0,0.04320761625778103,0.6982248520710059,0.08137931034482758,0.9652752124122645,0.30177514792899407,0.09814814814814815,51,3,2,0.9444444444444444,0.9622641509433962,0.9532710280373832,0.9622641509433962,0.8798358490566037,0.09946485288463153,0.1616705882352941,0.0,1.0,,,not_computed_no_bbox_data,16,15,16.0,0,0,2640,470.0,0,0,0,0,0,0,0,,0.17803030303030304,470,,,,,,,0.0,0,0,0,0,0,0,65.0,540,0.648073888888889,0.6205499999999999,0.12069829373693747,0.8106500000000001,0.8975349999999999,1.019832,0.5005,1.1042,540,0.0,0.0,0.0,0.0,0.0,0.0,0.0,0.0,540,0,0,0,0,0.0,0.0,3596774.039,215806.442369,2876.0,258.84,0.0,0.0,349.961,29.746644,3459710.463,27677.683706,1620.0,243.0,75456.09,31691.557762,59833.947,25130.257652,3379.5,1013.85,0.0,0.0,216095.029013,85756.34912,301851.378133,5030.856302216666,104.95527751495132,558.9840335796296,5695.3090213773585,5918.6544731960785,0.0,301851.378133,3600000.0,3600000.0,trigger_spam__s09__motion_only,motion_only,main,,,True,,2590.0
secure,trigger_spam,9,3600.0,079bd0db9cb6e246,True,synthetic_distribution,False,,2876,236,169,2640,26051.692,0.0072365811111111105,128,2.1333333333333333,128,2.1333333333333333,58,54,525,50,37,0.74,0.26,0.31952662721893493,37,630.2411351351361,242.52299999957904,1176.2002406677273,1502.9167999999972,2454.5936000000834,5276.32175999981,124.34400000004098,5983.5719999996945,128,205.24923437500226,173.09699999997974,57.51967822187428,274.5993999999482,282.8396500000132,289.5841099997284,123.34400000004098,291.0150000001304,128,206.24923437500226,174.09699999997974,57.51967822187428,275.5993999999482,283.8396500000132,290.5841099997284,124.34400000004098,292.0150000001304,0,153.0,2080.0,16.0,627.0,0.06851768920734438,0.9053254437869822,0.1273938384679434,0.7683782785371259,0.09467455621301775,0.12761904761904763,54,5,4,0.9152542372881356,0.9310344827586207,0.923076923076923,0.9310344827586207,0.8636758620689655,0.07643492659530567,0.17892999999999998,0.5234375,0.4765625,,,not_computed_no_bbox_data,5,4,5.0,0,0,2640,445.0,445,385,60,80,12,68,9,0.8651685393258427,0.022727272727272728,60,0.15,0.13432835820895522,0.7561904761904762,0.9697732997481109,0.8651685393258427,0.9144893111638955,0.4,0,0,5,117,275,0,86.0,128,0.662053125,0.63645,0.1238238976448115,0.82124,0.8939449999999997,1.0102680000000002,0.5023,1.1312,128,0.0,0.0,0.0,0.0,0.0,0.0,0.0,0.0,128,0,0,0,0,0.0,0.0,3596829.257,215809.755416,2876.0,258.84,210.0,19.95,84.743,7.203161,3573948.304,28591.586432,384.0,57.6,17938.456,7534.151423,6841.24,2873.320915,888.0,266.4,0.0,0.0,216095.74857700002,39323.058769999996,255418.807347,4256.98012245,88.81043370897079,1995.4594323984375,4403.7725404655175,4729.977913833333,19.95,255418.807346,3600000.0,3600000.0,trigger_spam__s09__secure,secure,main,,,True,,2062.0
always_on,trigger_spam,10,3600.0,8fc97bb437290e2f,True,synthetic_distribution,False,,1396,249,166,1147,3600000.0,1.0,1,0.016666666666666666,1018,16.966666666666665,163,152,0,56,56,1.0,0.0,0.9156626506024096,56,400.87119642855913,337.5174999999872,265.37333156816936,520.5809999999474,939.2100000000501,1482.8918500001087,175.12899999972433,1669.3379999999888,0,,,,,,,,,1018,324.4386974459718,323.02550000010524,90.99680697206787,449.9942000001204,485.30889999993957,522.9212500000443,133.91099999984726,692.6340000000782,0,,,,,,,,,,,152,13,14,0.9212121212121213,0.9156626506024096,0.918429003021148,0.9325153374233128,0.8526939759036143,0.09701869904039284,0.16934814814814816,0.3948919449901768,0.6051080550098232,,,not_computed_no_bbox_data,29,27,29.0,17012,239,1147,,0,0,0,0,0,0,0,,0.6721883173496077,771,,,,,,,0.0,0,0,0,0,0,0,,0,,,,,,,,,0,,,,,,,,,0,0,0,0,0,3600000.0,18000.0,0.0,0.0,0.0,0.0,0.0,0.0,0.0,0.0,0.0,0.0,0.0,0.0,2531844.686,1063374.768051,959058.814,402804.701949,109096.5,32728.95,0.0,0.0,18000.0,1498908.4200000002,1516908.4200000002,25281.807000000004,1086.6106160458453,,9306.186625766872,9979.660657894738,0.0,1516908.42,3600000.0,3600000.0,trigger_spam__s10__always_on,always_on,main,,,True,,
event,trigger_spam,10,3600.0,8fc97bb437290e2f,True,synthetic_distribution,False,,1396,249,166,1147,63296.184,0.017582273333333332,292,4.866666666666666,292,4.866666666666666,76,69,292,56,48,0.8571428571428571,0.1428571428571429,0.41566265060240964,48,423.69691666666887,209.04899999994086,568.0603540822136,1323.89650000005,1844.0374999999765,2262.39092999998,139.95600000023842,2389.563999999955,292,218.0729246575335,248.87599999993108,54.94565639185367,273.7771999999415,278.45715000004566,293.05260999989696,129.73600000003353,303.61999999999534,292,219.0729246575335,249.87599999993108,54.94565639185367,274.7771999999415,279.45715000004566,294.05260999989696,130.73600000003353,304.61999999999534,0,154.0,894.0,12.0,336.0,0.14694656488549618,0.927710843373494,0.25370675453047775,0.7268292682926829,0.07228915662650602,0.2636986301369863,69,8,8,0.8961038961038961,0.8961038961038961,0.8961038961038962,0.9078947368421053,0.8448883116883118,0.09245675514591725,0.21447857142857138,0.3972602739726027,0.6027397260273972,,,not_computed_no_bbox_data,6,5,6.0,0,0,1147,201.0,0,0,0,0,0,0,0,,0.17523975588491716,201,,,,,,,0.0,0,0,0,0,0,0,77.0,292,0.6509941780821916,0.6265499999999999,0.12013200242743775,0.8122700000000002,0.863545,1.0367919999999988,0.5004,1.1795,292,0.0,0.0,0.0,0.0,0.0,0.0,0.0,0.0,292,0,0,0,0,0.0,0.0,3598413.909,215904.834554,1396.0,125.64,0.0,0.0,190.091,16.157715,3536703.824,28293.630588,876.0,131.4,41154.294,17284.803334,19342.883,8124.010784,1923.0,576.9,0.0,0.0,216046.63226900002,54410.744706000005,270457.376975,4507.622949583334,193.73737605659028,926.2238937500001,3558.649697039474,3919.672130072464,0.0,270457.376976,3600000.0,3600000.001,trigger_spam__s10__event,event,main,,,True,,873.0
event_no_early_exit,trigger_spam,10,3600.0,8fc97bb437290e2f,True,synthetic_distribution,False,,1396,249,166,1147,75895.903,0.021082195277777778,292,4.866666666666666,292,4.866666666666666,76,71,292,56,48,0.8571428571428571,0.1428571428571429,0.42771084337349397,48,420.41958333334816,265.63750000001164,615.4772948539782,291.72880000000595,1367.0116000002479,3004.568759999947,246.50900000007823,4028.3190000000177,292,261.2226506849295,261.0385000000824,13.082337048379552,277.1033000001218,282.62870000002147,297.70843999999806,221.7850000000326,303.61999999999534,292,262.2226506849295,262.0385000000824,13.082337048379552,278.1033000001218,283.62870000002147,298.70843999999806,222.7850000000326,304.61999999999534,0,154.0,894.0,12.0,336.0,0.14694656488549618,0.927710843373494,0.25370675453047775,0.7268292682926829,0.07228915662650602,0.2636986301369863,71,6,6,0.922077922077922,0.922077922077922,0.922077922077922,0.9342105263157895,0.8670025974025974,0.10570933580992388,0.20387142857142854,0.0,1.0,,,not_computed_no_bbox_data,6,5,6.0,0,0,1147,201.0,0,0,0,0,0,0,0,,0.17523975588491716,201,,,,,,,0.0,0,0,0,0,0,0,77.0,292,0.6509941780821916,0.6265499999999999,0.12013200242743775,0.8122700000000002,0.863545,1.0367919999999988,0.5004,1.1795,292,0.0,0.0,0.0,0.0,0.0,0.0,0.0,0.0,292,0,0,0,0,0.0,0.0,3598413.909,215904.834554,1396.0,125.64,0.0,0.0,190.091,16.157715,3524104.099,28192.832794,876.0,131.4,41154.294,17284.803334,31927.607,13409.594958,1938.0,581.4,0.0,0.0,216046.63226900002,59600.03108600001,275646.663355,4594.111055916667,197.45462991045846,943.9954224486303,3626.9297809868426,3882.3473711971833,0.0,275646.663355,3600000.0,3600000.0,trigger_spam__s10__event_no_early_exit,event_no_early_exit,main,,,True,,873.0
fixed_threshold,trigger_spam,10,3600.0,8fc97bb437290e2f,True,synthetic_distribution,False,,1396,249,166,1147,76176.523,0.021160145277777778,293,4.883333333333334,293,4.883333333333334,77,72,293,56,48,0.8571428571428571,0.1428571428571429,0.43373493975903615,48,395.17241666668025,264.93250000005355,596.056600515666,285.27159999998406,870.4190000001969,3004.568759999947,246.50900000007823,4028.3190000000177,293,261.29490784982687,261.09900000004563,13.049444508269415,277.07360000009646,282.5554000000236,297.70027999999934,221.7850000000326,303.61999999999534,293,262.29490784982687,262.09900000004563,13.049444508269415,278.07360000009646,283.5554000000236,298.70027999999934,222.7850000000326,304.61999999999534,0,156.0,894.0,10.0,336.0,0.14857142857142858,0.9397590361445783,0.256578947368421,0.7268292682926829,0.060240963855421686,0.26621160409556316,72,6,6,0.9230769230769231,0.9230769230769231,0.9230769230769231,0.935064935064935,0.8656423076923077,0.10805697573500289,0.20387142857142854,0.0,1.0,,,not_computed_no_bbox_data,6,5,6.0,0,0,1147,201.0,0,0,0,0,0,0,0,,0.17523975588491716,201,,,,,,,0.0,0,0,0,0,0,0,78.0,293,0.6514187713310581,0.6267,0.12002842966252755,0.81174,0.8635400000000001,1.0363039999999992,0.5004,1.1795,293,0.0,0.0,0.0,0.0,0.0,0.0,0.0,0.0,293,0,0,0,0,0.0,0.0,3598413.134,215904.788033,1396.0,125.64,0.0,0.0,190.866,16.223619,3523823.48,28190.587838,879.0,131.85,41319.249,17354.084651,32031.271,13453.133855,1947.0,584.1,0.0,0.0,216046.651652,59713.756343999994,275760.40799599997,4596.006799933332,197.53610887965613,941.1618020341296,3581.3039999480516,3830.0056666111104,0.0,275760.407997,3600000.0,3600000.0,trigger_spam__s10__fixed_threshold,fixed_threshold,main,,,True,,873.0
motion_only,trigger_spam,10,3600.0,8fc97bb437290e2f,True,synthetic_distribution,False,,1396,249,166,1147,77093.811,0.0214149475,297,4.95,297,4.95,59,58,297,56,47,0.8392857142857143,0.1607142857142857,0.3493975903614458,47,581.4037446808615,268.3000000002794,636.6863386168169,1532.333200000133,2100.356000000004,2475.2789200000066,244.93499999999767,2624.8699999999953,297,260.89071717171527,260.60900000005495,13.428249617819093,277.9152000000002,281.7130000000354,294.4929199999758,231.41199999977835,302.34600000001956,297,261.89071717171527,261.60900000005495,13.428249617819093,278.9152000000002,282.7130000000354,295.4929199999758,232.41199999977835,303.34600000001956,0,120.0,1153.0,46.0,77.0,0.09426551453260015,0.7228915662650602,0.16678248783877692,0.9373983739837398,0.27710843373493976,0.2053872053872054,58,1,3,0.9830508474576272,0.9508196721311475,0.9666666666666667,0.9830508474576272,0.8518311475409837,0.12667186683314705,0.15580000000000002,0.0,1.0,,,not_computed_no_bbox_data,4,4,4.0,0,0,1147,214.0,0,0,0,0,0,0,0,,0.18657367044463818,214,,,,,,,0.0,0,0,0,0,0,0,59.0,297,0.6567683501683502,0.6293,0.1218832860314445,0.8267200000000001,0.8757199999999999,1.031344,0.5002,1.1795,297,0.0,0.0,0.0,0.0,0.0,0.0,0.0,0.0,297,0,0,0,0,0.0,0.0,3598408.94,215904.536388,1396.0,125.64,0.0,0.0,195.06,16.580117,3522906.193,28183.249541,891.0,133.65,41588.336,17467.101113,32691.471,13730.418006,1923.0,576.9,0.0,0.0,216046.75650500003,60091.318660000004,276138.07516500005,4602.3012527500005,197.8066441010029,929.757828838384,4680.306358728814,4761.0012959482765,0.0,276138.075165,3600000.0,3600000.0,trigger_spam__s10__motion_only,motion_only,main,,,True,,1123.0
secure,trigger_spam,10,3600.0,8fc97bb437290e2f,True,synthetic_distribution,False,,1396,249,166,1147,25775.523,0.0071598675,122,2.033333333333333,122,2.033333333333333,71,65,292,56,47,0.8392857142857143,0.1607142857142857,0.39156626506024095,47,406.27589361700586,171.90499999999884,560.4747623080937,1293.8556000001724,1852.048999999882,2265.4967399999487,140.3560000001453,2389.963999999978,122,212.98086885244658,245.93249999990803,56.26050994912686,272.81429999987597,284.82890000001055,300.7843899998988,139.18299999999,304.0200000000186,122,213.98086885244658,246.93249999990803,56.26050994912686,273.81429999987597,285.82890000001055,301.7843899998988,140.18299999999,305.0200000000186,0,154.0,894.0,12.0,336.0,0.14694656488549618,0.927710843373494,0.25370675453047775,0.7268292682926829,0.07228915662650602,0.2636986301369863,65,7,6,0.9027777777777778,0.9154929577464789,0.9090909090909091,0.9154929577464789,0.8469323943661974,0.0831141190939093,0.21447857142857138,0.45901639344262296,0.5409836065573771,,,not_computed_no_bbox_data,2,1,2.0,0,0,1147,201.0,201,164,37,91,6,85,6,0.8159203980099502,0.03225806451612903,37,0.06593406593406594,0.07792207792207792,0.5821917808219178,0.9647058823529412,0.8159203980099502,0.8840970350404312,0.4,0,1,3,52,114,0,77.0,122,0.6525778688524592,0.63135,0.1251644336725801,0.8305400000000001,0.864645,1.0946579999999992,0.5064,1.1795,122,0.0,0.0,0.0,0.0,0.0,0.0,0.0,0.0,122,0,0,0,0,0.0,0.0,3598407.585,215904.455107,1396.0,125.64,116.8,11.096,79.615,6.767265,3574224.483,28593.79586,366.0,54.9,17226.46,7235.113172,7299.558,3065.814164,883.5,265.05,0.0,0.0,216047.958372,39214.673196,255262.63156799998,4254.3771928,182.8528879426934,2092.316652196721,3595.248331943662,3927.117408738461,11.096,255262.631568,3600000.0,3600000.001,trigger_spam__s10__secure,secure,main,,,True,,873.0
